internal_record_id,event_time,merchant_id,customer_id,processor,channel,country,amount_cents,currency,settlement_date,reference,status
INT-HISTORICAL-000000,2026-08-01T09:00:50,MRC_002,CUST-0357,PROC_A,ach,GB,38797,USD,2026-08-01,PAY-100000,posted
INT-HISTORICAL-000001,2026-08-01T09:03:20,MRC_004,CUST-0213,PROC_A,wallet,US,39555,EUR,2026-08-01,PAY-100001,posted
INT-HISTORICAL-000002,2026-08-01T09:05:30,MRC_001,CUST-0023,PROC_A,card,US,7964,USD,2026-08-01,PAY-100002,posted
INT-HISTORICAL-000003,2026-08-01T09:08:01,MRC_005,CUST-0014,PROC_A,card,DE,9640,USD,2026-08-01,PAY-100003,posted
INT-HISTORICAL-000004,2026-08-01T09:08:56,MRC_005,CUST-0199,PROC_C,ach,US,4150,USD,2026-08-01,PAY-100004,posted
INT-HISTORICAL-000005,2026-08-01T09:09:23,MRC_004,CUST-0334,PROC_C,card,CA,6537,EUR,2026-08-01,PAY-100005,posted
INT-HISTORICAL-000006,2026-08-01T09:11:12,MRC_001,CUST-0395,PROC_A,wire,US,14159,USD,2026-08-01,PAY-100006,posted
INT-HISTORICAL-000007,2026-08-01T09:13:16,MRC_001,CUST-0205,PROC_B,card,DE,2567,EUR,2026-08-01,PAY-100007,posted
INT-HISTORICAL-000008,2026-08-01T09:16:11,MRC_003,CUST-0379,PROC_B,wallet,US,22468,USD,2026-08-01,PAY-100008,posted
INT-HISTORICAL-000009,2026-08-01T09:18:15,MRC_003,CUST-0158,PROC_A,ach,DE,6364,GBP,2026-08-01,PAY-100009,posted
INT-HISTORICAL-000010,2026-08-01T09:19:52,MRC_003,CUST-0301,PROC_B,card,US,9474,USD,2026-08-01,PAY-100010,posted
INT-HISTORICAL-000011,2026-08-01T09:22:50,MRC_005,CUST-0378,PROC_C,wallet,US,11610,USD,2026-08-01,PAY-100011,posted
INT-HISTORICAL-000012,2026-08-01T09:23:41,MRC_003,CUST-0279,PROC_B,wallet,US,10802,USD,2026-08-01,PAY-100012,posted
INT-HISTORICAL-000013,2026-08-01T09:24:11,MRC_003,CUST-0008,PROC_A,card,CA,11804,USD,2026-08-01,PAY-100013,posted
INT-HISTORICAL-000014,2026-08-01T09:25:32,MRC_002,CUST-0044,PROC_A,wallet,US,23352,GBP,2026-08-01,PAY-100014,posted
INT-HISTORICAL-000015,2026-08-01T09:27:10,MRC_002,CUST-0307,PROC_B,ach,CA,6065,USD,2026-08-01,PAY-100015,posted
INT-HISTORICAL-000016,2026-08-01T09:29:24,MRC_005,CUST-0285,PROC_C,wire,DE,12663,USD,2026-08-01,PAY-100016,posted
INT-HISTORICAL-000017,2026-08-01T09:31:10,MRC_005,CUST-0237,PROC_B,wallet,CA,7276,EUR,2026-08-01,PAY-100017,posted
INT-HISTORICAL-000018,2026-08-01T09:33:30,MRC_001,CUST-0223,PROC_C,card,US,5463,USD,2026-08-01,PAY-100018,posted
INT-HISTORICAL-000019,2026-08-01T09:34:17,MRC_002,CUST-0026,PROC_C,wallet,US,5746,GBP,2026-08-01,PAY-100019,posted
INT-HISTORICAL-000020,2026-08-01T09:37:14,MRC_005,CUST-0100,PROC_B,wallet,US,11253,USD,2026-08-01,PAY-100020,posted
INT-HISTORICAL-000021,2026-08-01T09:39:42,MRC_001,CUST-0044,PROC_C,wallet,CA,20789,USD,2026-08-01,PAY-100021,posted
INT-HISTORICAL-000022,2026-08-01T09:40:07,MRC_003,CUST-0255,PROC_A,wallet,DE,6265,USD,2026-08-01,PAY-100022,posted
INT-HISTORICAL-000023,2026-08-01T09:42:59,MRC_001,CUST-0034,PROC_A,wire,US,3507,USD,2026-08-01,PAY-100023,posted
INT-HISTORICAL-000024,2026-08-01T09:45:30,MRC_004,CUST-0354,PROC_A,wire,US,15060,GBP,2026-08-01,PAY-100024,posted
INT-HISTORICAL-000025,2026-08-01T09:48:27,MRC_001,CUST-0315,PROC_C,ach,GB,864,USD,2026-08-01,PAY-100025,posted
INT-HISTORICAL-000026,2026-08-01T09:49:43,MRC_001,CUST-0309,PROC_A,ach,US,2563,USD,2026-08-01,PAY-100026,posted
INT-HISTORICAL-000027,2026-08-01T09:52:02,MRC_003,CUST-0184,PROC_A,wallet,US,12050,EUR,2026-08-01,PAY-100027,posted
INT-HISTORICAL-000028,2026-08-01T09:54:23,MRC_001,CUST-0317,PROC_C,card,DE,16809,GBP,2026-08-01,PAY-100028,posted
INT-HISTORICAL-000029,2026-08-01T09:55:45,MRC_004,CUST-0041,PROC_A,ach,US,17340,USD,2026-08-01,PAY-100029,posted
INT-HISTORICAL-000030,2026-08-01T09:56:23,MRC_003,CUST-0209,PROC_C,wire,CA,5590,USD,2026-08-01,PAY-100030,posted
INT-HISTORICAL-000031,2026-08-01T09:57:34,MRC_003,CUST-0233,PROC_C,card,CA,34796,USD,2026-08-01,PAY-100031,posted
INT-HISTORICAL-000032,2026-08-01T09:59:57,MRC_005,CUST-0301,PROC_A,wire,DE,3498,EUR,2026-08-01,PAY-100032,posted
INT-HISTORICAL-000033,2026-08-01T10:00:27,MRC_005,CUST-0398,PROC_A,wallet,US,21875,USD,2026-08-01,PAY-100033,posted
INT-HISTORICAL-000034,2026-08-01T10:02:32,MRC_005,CUST-0003,PROC_A,card,GB,5041,USD,2026-08-01,PAY-100034,posted
INT-HISTORICAL-000035,2026-08-01T10:04:13,MRC_001,CUST-0350,PROC_C,wire,DE,11125,USD,2026-08-01,PAY-100035,posted
INT-HISTORICAL-000036,2026-08-01T10:07:02,MRC_005,CUST-0011,PROC_B,wire,DE,5458,USD,2026-08-01,PAY-100036,posted
INT-HISTORICAL-000037,2026-08-01T10:09:14,MRC_001,CUST-0020,PROC_A,wallet,CA,4781,EUR,2026-08-01,PAY-100037,posted
INT-HISTORICAL-000038,2026-08-01T10:09:43,MRC_001,CUST-0050,PROC_C,wallet,US,14823,USD,2026-08-01,PAY-100038,posted
INT-HISTORICAL-000039,2026-08-01T10:11:31,MRC_003,CUST-0242,PROC_C,ach,DE,23483,USD,2026-08-01,PAY-100039,posted
INT-HISTORICAL-000040,2026-08-01T10:12:42,MRC_004,CUST-0383,PROC_C,wallet,CA,7773,USD,2026-08-01,PAY-100040,posted
INT-HISTORICAL-000041,2026-08-01T10:13:31,MRC_005,CUST-0241,PROC_B,ach,US,54070,EUR,2026-08-01,PAY-100041,posted
INT-HISTORICAL-000042,2026-08-01T10:16:30,MRC_004,CUST-0161,PROC_B,wallet,US,12103,EUR,2026-08-01,PAY-100042,posted
INT-HISTORICAL-000043,2026-08-01T10:19:02,MRC_002,CUST-0020,PROC_C,ach,GB,65841,USD,2026-08-01,PAY-100043,posted
INT-HISTORICAL-000044,2026-08-01T10:20:59,MRC_005,CUST-0361,PROC_B,card,GB,10611,USD,2026-08-01,PAY-100044,posted
INT-HISTORICAL-000045,2026-08-01T10:23:24,MRC_002,CUST-0072,PROC_C,wire,CA,21186,USD,2026-08-01,PAY-100045,posted
INT-HISTORICAL-000046,2026-08-01T10:26:18,MRC_003,CUST-0334,PROC_B,wallet,US,8762,USD,2026-08-01,PAY-100046,posted
INT-HISTORICAL-000047,2026-08-01T10:26:54,MRC_001,CUST-0282,PROC_C,ach,CA,56505,USD,2026-08-01,PAY-100047,posted
INT-HISTORICAL-000048,2026-08-01T10:29:41,MRC_004,CUST-0090,PROC_B,wallet,DE,12958,USD,2026-08-01,PAY-100048,posted
INT-HISTORICAL-000049,2026-08-01T10:32:18,MRC_003,CUST-0128,PROC_A,card,DE,95049,USD,2026-08-01,PAY-100049,posted
INT-HISTORICAL-000050,2026-08-01T10:33:37,MRC_003,CUST-0116,PROC_C,wire,US,65432,USD,2026-08-01,PAY-100050,posted
INT-HISTORICAL-000051,2026-08-01T10:35:18,MRC_005,CUST-0232,PROC_A,wire,US,7767,USD,2026-08-01,PAY-100051,posted
INT-HISTORICAL-000052,2026-08-01T10:37:07,MRC_002,CUST-0203,PROC_B,wire,US,1706,USD,2026-08-01,PAY-100052,posted
INT-HISTORICAL-000053,2026-08-01T10:38:20,MRC_004,CUST-0208,PROC_A,ach,CA,9184,USD,2026-08-01,PAY-100053,posted
INT-HISTORICAL-000054,2026-08-01T10:40:13,MRC_005,CUST-0135,PROC_A,ach,US,43222,EUR,2026-08-01,PAY-100054,posted
INT-HISTORICAL-000055,2026-08-01T10:43:04,MRC_001,CUST-0056,PROC_A,ach,DE,16254,USD,2026-08-01,PAY-100055,posted
INT-HISTORICAL-000056,2026-08-01T10:45:51,MRC_002,CUST-0206,PROC_C,card,CA,5167,GBP,2026-08-01,PAY-100056,posted
INT-HISTORICAL-000057,2026-08-01T10:47:38,MRC_003,CUST-0255,PROC_A,card,GB,7940,USD,2026-08-01,PAY-100057,posted
INT-HISTORICAL-000058,2026-08-01T10:48:14,MRC_003,CUST-0294,PROC_C,wire,US,6008,EUR,2026-08-01,PAY-100058,posted
INT-HISTORICAL-000059,2026-08-01T10:50:00,MRC_001,CUST-0152,PROC_B,wire,US,11838,USD,2026-08-01,PAY-100059,posted
INT-HISTORICAL-000060,2026-08-01T10:50:28,MRC_004,CUST-0322,PROC_B,ach,US,9837,USD,2026-08-01,PAY-100060,posted
INT-HISTORICAL-000061,2026-08-01T10:50:51,MRC_004,CUST-0050,PROC_C,ach,US,16467,USD,2026-08-01,PAY-100061,posted
INT-HISTORICAL-000062,2026-08-01T10:53:19,MRC_005,CUST-0073,PROC_B,wallet,US,59759,USD,2026-08-01,PAY-100062,posted
INT-HISTORICAL-000063,2026-08-01T10:55:18,MRC_004,CUST-0249,PROC_A,wire,US,3589,USD,2026-08-01,PAY-100063,posted
INT-HISTORICAL-000064,2026-08-01T10:58:00,MRC_003,CUST-0138,PROC_B,wire,US,40592,USD,2026-08-01,PAY-100064,posted
INT-HISTORICAL-000065,2026-08-01T11:00:54,MRC_005,CUST-0272,PROC_B,wire,US,126456,USD,2026-08-01,PAY-100065,posted
INT-HISTORICAL-000066,2026-08-01T11:03:44,MRC_004,CUST-0386,PROC_A,card,CA,22130,GBP,2026-08-01,PAY-100066,posted
INT-HISTORICAL-000067,2026-08-01T11:06:02,MRC_001,CUST-0092,PROC_A,wallet,US,39036,USD,2026-08-01,PAY-100067,posted
INT-HISTORICAL-000068,2026-08-01T11:08:31,MRC_002,CUST-0303,PROC_C,wallet,US,219023,USD,2026-08-01,PAY-100068,posted
INT-HISTORICAL-000069,2026-08-01T11:09:16,MRC_002,CUST-0375,PROC_C,wallet,DE,10309,USD,2026-08-01,PAY-100069,posted
INT-HISTORICAL-000070,2026-08-01T11:10:24,MRC_001,CUST-0159,PROC_C,ach,GB,24312,USD,2026-08-01,PAY-100070,posted
INT-HISTORICAL-000071,2026-08-01T11:12:46,MRC_002,CUST-0037,PROC_C,card,US,22269,EUR,2026-08-01,PAY-100071,posted
INT-HISTORICAL-000072,2026-08-01T11:13:56,MRC_002,CUST-0309,PROC_C,card,US,3166,USD,2026-08-01,PAY-100072,posted
INT-HISTORICAL-000073,2026-08-01T11:14:58,MRC_001,CUST-0133,PROC_C,wallet,DE,40765,EUR,2026-08-01,PAY-100073,posted
INT-HISTORICAL-000074,2026-08-01T11:15:32,MRC_004,CUST-0319,PROC_C,wallet,GB,16803,USD,2026-08-01,PAY-100074,posted
INT-HISTORICAL-000075,2026-08-01T11:18:29,MRC_001,CUST-0132,PROC_C,card,DE,8847,EUR,2026-08-01,PAY-100075,posted
INT-HISTORICAL-000076,2026-08-01T11:20:01,MRC_002,CUST-0218,PROC_C,ach,DE,18511,USD,2026-08-01,PAY-100076,posted
INT-HISTORICAL-000077,2026-08-01T11:20:53,MRC_005,CUST-0035,PROC_A,ach,DE,8047,GBP,2026-08-01,PAY-100077,posted
INT-HISTORICAL-000078,2026-08-01T11:21:40,MRC_004,CUST-0051,PROC_C,wire,GB,2269,USD,2026-08-01,PAY-100078,posted
INT-HISTORICAL-000079,2026-08-01T11:23:33,MRC_005,CUST-0283,PROC_A,card,GB,6531,USD,2026-08-01,PAY-100079,posted
INT-HISTORICAL-000080,2026-08-01T11:24:53,MRC_005,CUST-0042,PROC_B,wallet,US,16851,USD,2026-08-01,PAY-100080,posted
INT-HISTORICAL-000081,2026-08-01T11:26:49,MRC_003,CUST-0172,PROC_B,ach,US,28932,GBP,2026-08-01,PAY-100081,posted
INT-HISTORICAL-000082,2026-08-01T11:28:12,MRC_002,CUST-0221,PROC_C,wire,DE,27491,EUR,2026-08-01,PAY-100082,posted
INT-HISTORICAL-000083,2026-08-01T11:30:22,MRC_004,CUST-0395,PROC_B,ach,DE,21587,USD,2026-08-01,PAY-100083,posted
INT-HISTORICAL-000084,2026-08-01T11:33:08,MRC_003,CUST-0100,PROC_A,ach,GB,13728,USD,2026-08-01,PAY-100084,posted
INT-HISTORICAL-000085,2026-08-01T11:35:20,MRC_003,CUST-0269,PROC_C,ach,US,2772,USD,2026-08-01,PAY-100085,posted
INT-HISTORICAL-000086,2026-08-01T11:37:42,MRC_005,CUST-0243,PROC_A,ach,US,4557,USD,2026-08-01,PAY-100086,posted
INT-HISTORICAL-000087,2026-08-01T11:40:20,MRC_004,CUST-0272,PROC_B,ach,GB,10352,EUR,2026-08-01,PAY-100087,posted
INT-HISTORICAL-000088,2026-08-01T11:42:56,MRC_002,CUST-0123,PROC_C,wallet,US,9431,USD,2026-08-01,PAY-100088,posted
INT-HISTORICAL-000089,2026-08-01T11:44:14,MRC_004,CUST-0215,PROC_A,card,US,29713,USD,2026-08-01,PAY-100089,posted
INT-HISTORICAL-000090,2026-08-01T11:46:21,MRC_001,CUST-0270,PROC_A,wire,GB,10793,GBP,2026-08-01,PAY-100090,posted
INT-HISTORICAL-000091,2026-08-01T11:49:00,MRC_002,CUST-0213,PROC_B,card,DE,9478,USD,2026-08-01,PAY-100091,posted
INT-HISTORICAL-000092,2026-08-01T11:49:30,MRC_005,CUST-0044,PROC_A,wallet,US,208331,USD,2026-08-01,PAY-100092,posted
INT-HISTORICAL-000093,2026-08-01T11:51:51,MRC_002,CUST-0376,PROC_B,card,US,11292,EUR,2026-08-01,PAY-100093,posted
INT-HISTORICAL-000094,2026-08-01T11:52:35,MRC_002,CUST-0351,PROC_B,card,GB,27414,GBP,2026-08-01,PAY-100094,posted
INT-HISTORICAL-000095,2026-08-01T11:53:13,MRC_001,CUST-0114,PROC_C,wire,CA,120647,USD,2026-08-01,PAY-100095,posted
INT-HISTORICAL-000096,2026-08-01T11:54:21,MRC_004,CUST-0285,PROC_B,wire,GB,6693,USD,2026-08-01,PAY-100096,posted
INT-HISTORICAL-000097,2026-08-01T11:56:57,MRC_001,CUST-0053,PROC_B,wallet,GB,6831,GBP,2026-08-01,PAY-100097,posted
INT-HISTORICAL-000098,2026-08-01T11:58:29,MRC_001,CUST-0158,PROC_C,card,CA,18713,EUR,2026-08-01,PAY-100098,posted
INT-HISTORICAL-000099,2026-08-01T12:00:41,MRC_003,CUST-0269,PROC_A,ach,US,9447,EUR,2026-08-01,PAY-100099,posted
INT-HISTORICAL-000100,2026-08-01T12:02:47,MRC_003,CUST-0098,PROC_A,wallet,CA,7677,USD,2026-08-01,PAY-100100,posted
INT-HISTORICAL-000101,2026-08-01T12:04:32,MRC_004,CUST-0280,PROC_C,card,US,80612,USD,2026-08-01,PAY-100101,posted
INT-HISTORICAL-000102,2026-08-01T12:05:44,MRC_004,CUST-0317,PROC_C,ach,GB,12610,USD,2026-08-01,PAY-100102,posted
INT-HISTORICAL-000103,2026-08-01T12:08:06,MRC_003,CUST-0318,PROC_C,wallet,US,5195,GBP,2026-08-01,PAY-100103,posted
INT-HISTORICAL-000104,2026-08-01T12:08:45,MRC_004,CUST-0166,PROC_C,wallet,US,14439,EUR,2026-08-01,PAY-100104,posted
INT-HISTORICAL-000105,2026-08-01T12:10:11,MRC_002,CUST-0141,PROC_C,ach,US,24066,USD,2026-08-01,PAY-100105,posted
INT-HISTORICAL-000106,2026-08-01T12:13:02,MRC_005,CUST-0180,PROC_B,card,US,21546,USD,2026-08-01,PAY-100106,posted
INT-HISTORICAL-000107,2026-08-01T12:15:21,MRC_004,CUST-0365,PROC_B,card,DE,7477,USD,2026-08-01,PAY-100107,posted
INT-HISTORICAL-000108,2026-08-01T12:16:47,MRC_001,CUST-0149,PROC_C,ach,US,29241,USD,2026-08-01,PAY-100108,posted
INT-HISTORICAL-000109,2026-08-01T12:17:15,MRC_003,CUST-0202,PROC_C,wire,GB,10455,USD,2026-08-01,PAY-100109,posted
INT-HISTORICAL-000110,2026-08-01T12:19:36,MRC_004,CUST-0308,PROC_A,wallet,GB,25632,USD,2026-08-01,PAY-100110,posted
INT-HISTORICAL-000111,2026-08-01T12:22:03,MRC_005,CUST-0123,PROC_A,wallet,US,32123,USD,2026-08-01,PAY-100111,posted
INT-HISTORICAL-000112,2026-08-01T12:22:47,MRC_002,CUST-0365,PROC_B,ach,US,1042,GBP,2026-08-01,PAY-100112,posted
INT-HISTORICAL-000113,2026-08-01T12:23:17,MRC_002,CUST-0384,PROC_C,wallet,US,9493,GBP,2026-08-01,PAY-100113,posted
INT-HISTORICAL-000114,2026-08-01T12:26:15,MRC_004,CUST-0175,PROC_B,wire,CA,25905,USD,2026-08-01,PAY-100114,posted
INT-HISTORICAL-000115,2026-08-01T12:28:22,MRC_003,CUST-0373,PROC_A,wallet,GB,9358,USD,2026-08-01,PAY-100115,posted
INT-HISTORICAL-000116,2026-08-01T12:29:21,MRC_005,CUST-0117,PROC_A,wire,US,5479,USD,2026-08-01,PAY-100116,posted
INT-HISTORICAL-000117,2026-08-01T12:31:46,MRC_005,CUST-0336,PROC_C,wire,CA,2906,USD,2026-08-01,PAY-100117,posted
INT-HISTORICAL-000118,2026-08-01T12:34:19,MRC_003,CUST-0307,PROC_C,wallet,US,14356,USD,2026-08-01,PAY-100118,posted
INT-HISTORICAL-000119,2026-08-01T12:36:10,MRC_001,CUST-0249,PROC_C,wire,DE,6436,USD,2026-08-01,PAY-100119,posted
INT-HISTORICAL-000120,2026-08-01T12:37:53,MRC_003,CUST-0286,PROC_C,card,US,9535,USD,2026-08-01,PAY-100120,posted
INT-HISTORICAL-000121,2026-08-01T12:38:53,MRC_003,CUST-0377,PROC_B,wallet,US,11230,USD,2026-08-01,PAY-100121,posted
INT-HISTORICAL-000122,2026-08-01T12:41:39,MRC_004,CUST-0060,PROC_B,ach,US,11003,USD,2026-08-01,PAY-100122,posted
INT-HISTORICAL-000123,2026-08-01T12:42:56,MRC_005,CUST-0172,PROC_C,card,GB,33022,USD,2026-08-01,PAY-100123,posted
INT-HISTORICAL-000124,2026-08-01T12:45:05,MRC_004,CUST-0206,PROC_C,wallet,CA,17736,GBP,2026-08-01,PAY-100124,posted
INT-HISTORICAL-000125,2026-08-01T12:47:04,MRC_001,CUST-0326,PROC_B,ach,DE,920,USD,2026-08-01,PAY-100125,posted
INT-HISTORICAL-000126,2026-08-01T12:48:08,MRC_005,CUST-0308,PROC_A,card,US,15856,USD,2026-08-01,PAY-100126,posted
INT-HISTORICAL-000127,2026-08-01T12:50:17,MRC_003,CUST-0379,PROC_A,wallet,GB,11491,USD,2026-08-01,PAY-100127,posted
INT-HISTORICAL-000128,2026-08-01T12:52:40,MRC_001,CUST-0161,PROC_C,wallet,US,32427,USD,2026-08-01,PAY-100128,posted
INT-HISTORICAL-000129,2026-08-01T12:53:44,MRC_001,CUST-0063,PROC_B,wire,CA,20987,GBP,2026-08-01,PAY-100129,posted
INT-HISTORICAL-000130,2026-08-01T12:56:35,MRC_004,CUST-0124,PROC_B,card,DE,20699,USD,2026-08-01,PAY-100130,posted
INT-HISTORICAL-000131,2026-08-01T12:58:43,MRC_005,CUST-0154,PROC_B,wallet,US,3872,USD,2026-08-01,PAY-100131,posted
INT-HISTORICAL-000132,2026-08-01T13:00:13,MRC_002,CUST-0013,PROC_A,ach,US,23452,GBP,2026-08-01,PAY-100132,posted
INT-HISTORICAL-000133,2026-08-01T13:01:47,MRC_001,CUST-0303,PROC_C,ach,CA,3775,USD,2026-08-01,PAY-100133,posted
INT-HISTORICAL-000134,2026-08-01T13:02:46,MRC_002,CUST-0129,PROC_C,wallet,CA,10967,USD,2026-08-01,PAY-100134,posted
INT-HISTORICAL-000135,2026-08-01T13:05:22,MRC_001,CUST-0022,PROC_A,ach,US,2569,GBP,2026-08-01,PAY-100135,posted
INT-HISTORICAL-000136,2026-08-01T13:07:49,MRC_002,CUST-0205,PROC_B,wire,US,6171,USD,2026-08-01,PAY-100136,posted
INT-HISTORICAL-000137,2026-08-01T13:09:36,MRC_003,CUST-0005,PROC_B,wire,GB,5536,USD,2026-08-01,PAY-100137,posted
INT-HISTORICAL-000138,2026-08-01T13:12:01,MRC_005,CUST-0169,PROC_B,wire,US,2824,USD,2026-08-01,PAY-100138,posted
INT-HISTORICAL-000139,2026-08-01T13:13:10,MRC_004,CUST-0228,PROC_C,wallet,GB,36003,USD,2026-08-01,PAY-100139,posted
INT-HISTORICAL-000140,2026-08-01T13:15:08,MRC_005,CUST-0214,PROC_C,wire,US,2843,USD,2026-08-01,PAY-100140,posted
INT-HISTORICAL-000141,2026-08-01T13:16:32,MRC_004,CUST-0245,PROC_B,wallet,US,4766,EUR,2026-08-01,PAY-100141,posted
INT-HISTORICAL-000142,2026-08-01T13:19:14,MRC_004,CUST-0233,PROC_C,wire,US,6277,EUR,2026-08-01,PAY-100142,posted
INT-HISTORICAL-000143,2026-08-01T13:21:37,MRC_003,CUST-0258,PROC_B,wire,CA,55539,USD,2026-08-01,PAY-100143,posted
INT-HISTORICAL-000144,2026-08-01T13:24:28,MRC_002,CUST-0129,PROC_B,card,CA,10539,USD,2026-08-01,PAY-100144,posted
INT-HISTORICAL-000145,2026-08-01T13:26:03,MRC_005,CUST-0267,PROC_B,ach,US,4583,GBP,2026-08-01,PAY-100145,posted
INT-HISTORICAL-000146,2026-08-01T13:27:58,MRC_003,CUST-0195,PROC_C,wire,US,4293,GBP,2026-08-01,PAY-100146,posted
INT-HISTORICAL-000147,2026-08-01T13:30:19,MRC_001,CUST-0340,PROC_A,ach,US,12036,USD,2026-08-01,PAY-100147,posted
INT-HISTORICAL-000148,2026-08-01T13:31:56,MRC_005,CUST-0286,PROC_B,card,US,43082,USD,2026-08-01,PAY-100148,posted
INT-HISTORICAL-000149,2026-08-01T13:34:20,MRC_002,CUST-0187,PROC_C,card,US,38319,USD,2026-08-01,PAY-100149,posted
INT-HISTORICAL-000150,2026-08-01T13:35:11,MRC_003,CUST-0031,PROC_B,ach,US,41560,USD,2026-08-01,PAY-100150,posted
INT-HISTORICAL-000151,2026-08-01T13:37:41,MRC_004,CUST-0119,PROC_B,wallet,DE,12311,USD,2026-08-01,PAY-100151,posted
INT-HISTORICAL-000152,2026-08-01T13:38:45,MRC_002,CUST-0038,PROC_C,ach,CA,6970,EUR,2026-08-01,PAY-100152,posted
INT-HISTORICAL-000153,2026-08-01T13:41:02,MRC_003,CUST-0090,PROC_C,wallet,DE,32442,USD,2026-08-01,PAY-100153,posted
INT-HISTORICAL-000154,2026-08-01T13:41:36,MRC_004,CUST-0335,PROC_C,wire,US,3786,GBP,2026-08-01,PAY-100154,posted
INT-HISTORICAL-000155,2026-08-01T13:42:58,MRC_004,CUST-0033,PROC_A,ach,DE,6872,USD,2026-08-01,PAY-100155,posted
INT-HISTORICAL-000156,2026-08-01T13:44:05,MRC_005,CUST-0005,PROC_C,card,US,14126,USD,2026-08-01,PAY-100156,posted
INT-HISTORICAL-000157,2026-08-01T13:45:04,MRC_002,CUST-0166,PROC_C,ach,CA,13254,USD,2026-08-01,PAY-100157,posted
INT-HISTORICAL-000158,2026-08-01T13:46:47,MRC_003,CUST-0270,PROC_B,wire,US,6114,EUR,2026-08-01,PAY-100158,posted
INT-HISTORICAL-000159,2026-08-01T13:47:23,MRC_005,CUST-0227,PROC_B,card,GB,11992,USD,2026-08-01,PAY-100159,posted
INT-HISTORICAL-000160,2026-08-01T13:49:38,MRC_003,CUST-0216,PROC_B,wire,GB,6942,GBP,2026-08-01,PAY-100160,posted
INT-HISTORICAL-000161,2026-08-01T13:51:50,MRC_002,CUST-0306,PROC_C,wire,US,22784,USD,2026-08-01,PAY-100161,posted
INT-HISTORICAL-000162,2026-08-01T13:52:17,MRC_005,CUST-0273,PROC_A,wire,US,10350,USD,2026-08-01,PAY-100162,posted
INT-HISTORICAL-000163,2026-08-01T13:53:29,MRC_003,CUST-0183,PROC_B,ach,DE,29380,EUR,2026-08-01,PAY-100163,posted
INT-HISTORICAL-000164,2026-08-01T13:55:26,MRC_001,CUST-0139,PROC_B,wire,GB,8817,USD,2026-08-01,PAY-100164,posted
INT-HISTORICAL-000165,2026-08-01T13:56:45,MRC_004,CUST-0396,PROC_B,ach,US,15641,USD,2026-08-01,PAY-100165,posted
INT-HISTORICAL-000166,2026-08-01T13:57:51,MRC_004,CUST-0019,PROC_C,wallet,US,9847,USD,2026-08-01,PAY-100166,posted
INT-HISTORICAL-000167,2026-08-01T14:00:24,MRC_002,CUST-0177,PROC_C,wire,CA,4267,GBP,2026-08-01,PAY-100167,posted
INT-HISTORICAL-000168,2026-08-01T14:02:20,MRC_003,CUST-0291,PROC_C,card,US,6332,GBP,2026-08-01,PAY-100168,posted
INT-HISTORICAL-000169,2026-08-01T14:04:27,MRC_004,CUST-0070,PROC_A,wire,GB,39408,USD,2026-08-01,PAY-100169,posted
INT-HISTORICAL-000170,2026-08-01T14:06:06,MRC_003,CUST-0080,PROC_C,ach,DE,19733,GBP,2026-08-01,PAY-100170,posted
INT-HISTORICAL-000171,2026-08-01T14:08:00,MRC_001,CUST-0341,PROC_C,wallet,US,5954,USD,2026-08-01,PAY-100171,posted
INT-HISTORICAL-000172,2026-08-01T14:09:09,MRC_001,CUST-0050,PROC_C,wire,GB,11109,GBP,2026-08-01,PAY-100172,posted
INT-HISTORICAL-000173,2026-08-01T14:10:56,MRC_001,CUST-0323,PROC_C,card,GB,8770,GBP,2026-08-01,PAY-100173,posted
INT-HISTORICAL-000174,2026-08-01T14:12:47,MRC_002,CUST-0060,PROC_B,ach,CA,6483,USD,2026-08-01,PAY-100174,posted
INT-HISTORICAL-000175,2026-08-01T14:14:20,MRC_002,CUST-0322,PROC_A,ach,US,3289,USD,2026-08-01,PAY-100175,posted
INT-HISTORICAL-000176,2026-08-01T14:16:08,MRC_005,CUST-0169,PROC_A,wallet,US,1885,USD,2026-08-01,PAY-100176,posted
INT-HISTORICAL-000177,2026-08-01T14:16:58,MRC_003,CUST-0078,PROC_B,card,GB,10406,USD,2026-08-01,PAY-100177,posted
INT-HISTORICAL-000178,2026-08-01T14:17:55,MRC_003,CUST-0117,PROC_A,wire,US,5672,USD,2026-08-01,PAY-100178,posted
INT-HISTORICAL-000179,2026-08-01T14:19:05,MRC_003,CUST-0204,PROC_A,card,CA,68060,USD,2026-08-01,PAY-100179,posted
INT-HISTORICAL-000180,2026-08-01T14:21:10,MRC_002,CUST-0286,PROC_A,wire,GB,9089,USD,2026-08-01,PAY-100180,posted
INT-HISTORICAL-000181,2026-08-01T14:23:16,MRC_001,CUST-0299,PROC_C,wire,GB,42587,EUR,2026-08-01,PAY-100181,posted
INT-HISTORICAL-000182,2026-08-01T14:24:20,MRC_005,CUST-0372,PROC_B,wallet,DE,17207,USD,2026-08-01,PAY-100182,posted
INT-HISTORICAL-000183,2026-08-01T14:24:43,MRC_001,CUST-0003,PROC_C,card,US,10605,USD,2026-08-01,PAY-100183,posted
INT-HISTORICAL-000184,2026-08-01T14:27:24,MRC_004,CUST-0310,PROC_C,wallet,GB,61818,USD,2026-08-01,PAY-100184,posted
INT-HISTORICAL-000185,2026-08-01T14:27:55,MRC_003,CUST-0264,PROC_B,wire,US,76158,USD,2026-08-01,PAY-100185,posted
INT-HISTORICAL-000186,2026-08-01T14:30:03,MRC_003,CUST-0130,PROC_B,card,US,40249,USD,2026-08-01,PAY-100186,posted
INT-HISTORICAL-000187,2026-08-01T14:31:05,MRC_002,CUST-0029,PROC_B,card,US,18485,USD,2026-08-01,PAY-100187,posted
INT-HISTORICAL-000188,2026-08-01T14:32:41,MRC_004,CUST-0024,PROC_B,wallet,US,37784,USD,2026-08-01,PAY-100188,posted
INT-HISTORICAL-000189,2026-08-01T14:34:31,MRC_001,CUST-0323,PROC_A,wallet,US,78054,USD,2026-08-01,PAY-100189,posted
INT-HISTORICAL-000190,2026-08-01T14:37:01,MRC_001,CUST-0038,PROC_C,card,DE,5359,GBP,2026-08-01,PAY-100190,posted
INT-HISTORICAL-000191,2026-08-01T14:38:59,MRC_005,CUST-0126,PROC_A,wire,GB,10023,USD,2026-08-01,PAY-100191,posted
INT-HISTORICAL-000192,2026-08-01T14:41:57,MRC_003,CUST-0045,PROC_B,wire,DE,19835,USD,2026-08-01,PAY-100192,posted
INT-HISTORICAL-000193,2026-08-01T14:42:50,MRC_003,CUST-0163,PROC_B,ach,US,12374,EUR,2026-08-01,PAY-100193,posted
INT-HISTORICAL-000194,2026-08-01T14:45:24,MRC_001,CUST-0137,PROC_C,ach,GB,64266,EUR,2026-08-01,PAY-100194,posted
INT-HISTORICAL-000195,2026-08-01T14:47:14,MRC_005,CUST-0350,PROC_C,wallet,GB,15879,USD,2026-08-01,PAY-100195,posted
INT-HISTORICAL-000196,2026-08-01T14:49:02,MRC_004,CUST-0023,PROC_A,ach,DE,3298,EUR,2026-08-01,PAY-100196,posted
INT-HISTORICAL-000197,2026-08-01T14:50:15,MRC_005,CUST-0014,PROC_B,ach,US,9896,USD,2026-08-01,PAY-100197,posted
INT-HISTORICAL-000198,2026-08-01T14:52:15,MRC_005,CUST-0275,PROC_B,wire,DE,34491,EUR,2026-08-01,PAY-100198,posted
INT-HISTORICAL-000199,2026-08-01T14:55:05,MRC_003,CUST-0041,PROC_C,ach,CA,25819,USD,2026-08-01,PAY-100199,posted
INT-HISTORICAL-000200,2026-08-01T14:56:08,MRC_004,CUST-0394,PROC_A,wire,GB,30180,USD,2026-08-01,PAY-100200,posted
INT-HISTORICAL-000201,2026-08-01T14:57:07,MRC_002,CUST-0188,PROC_C,wire,US,39174,USD,2026-08-01,PAY-100201,posted
INT-HISTORICAL-000202,2026-08-01T14:58:12,MRC_004,CUST-0193,PROC_A,card,US,9111,USD,2026-08-01,PAY-100202,posted
INT-HISTORICAL-000203,2026-08-01T15:00:24,MRC_002,CUST-0324,PROC_C,wallet,CA,5323,EUR,2026-08-01,PAY-100203,posted
INT-HISTORICAL-000204,2026-08-01T15:01:11,MRC_005,CUST-0360,PROC_C,wallet,US,33536,USD,2026-08-01,PAY-100204,posted
INT-HISTORICAL-000205,2026-08-01T15:03:19,MRC_005,CUST-0097,PROC_A,card,DE,19654,GBP,2026-08-01,PAY-100205,posted
INT-HISTORICAL-000206,2026-08-01T15:04:15,MRC_004,CUST-0296,PROC_B,wire,US,6391,USD,2026-08-01,PAY-100206,posted
INT-HISTORICAL-000207,2026-08-01T15:04:38,MRC_002,CUST-0150,PROC_A,wire,DE,2826,USD,2026-08-01,PAY-100207,posted
INT-HISTORICAL-000208,2026-08-01T15:06:40,MRC_005,CUST-0074,PROC_C,ach,US,8583,EUR,2026-08-01,PAY-100208,posted
INT-HISTORICAL-000209,2026-08-01T15:07:39,MRC_001,CUST-0135,PROC_A,ach,US,50550,USD,2026-08-01,PAY-100209,posted
INT-HISTORICAL-000210,2026-08-01T15:08:20,MRC_003,CUST-0179,PROC_B,wallet,US,17811,EUR,2026-08-01,PAY-100210,posted
INT-HISTORICAL-000211,2026-08-01T15:09:12,MRC_005,CUST-0223,PROC_B,wallet,CA,5792,USD,2026-08-01,PAY-100211,posted
INT-HISTORICAL-000212,2026-08-01T15:11:28,MRC_004,CUST-0301,PROC_C,wallet,CA,18826,GBP,2026-08-01,PAY-100212,posted
INT-HISTORICAL-000213,2026-08-01T15:14:00,MRC_004,CUST-0396,PROC_B,wallet,DE,27981,USD,2026-08-01,PAY-100213,posted
INT-HISTORICAL-000214,2026-08-01T15:16:53,MRC_002,CUST-0140,PROC_C,ach,US,5538,USD,2026-08-01,PAY-100214,posted
INT-HISTORICAL-000215,2026-08-01T15:18:01,MRC_002,CUST-0067,PROC_C,ach,DE,79712,GBP,2026-08-01,PAY-100215,posted
INT-HISTORICAL-000216,2026-08-01T15:19:44,MRC_001,CUST-0397,PROC_C,wallet,US,8757,USD,2026-08-01,PAY-100216,posted
INT-HISTORICAL-000217,2026-08-01T15:21:54,MRC_003,CUST-0250,PROC_A,ach,GB,7345,EUR,2026-08-01,PAY-100217,posted
INT-HISTORICAL-000218,2026-08-01T15:22:19,MRC_002,CUST-0074,PROC_B,wire,GB,18495,USD,2026-08-01,PAY-100218,posted
INT-HISTORICAL-000219,2026-08-01T15:24:23,MRC_002,CUST-0396,PROC_B,wire,US,28169,USD,2026-08-01,PAY-100219,posted
INT-HISTORICAL-000220,2026-08-01T15:26:46,MRC_004,CUST-0247,PROC_B,card,CA,11104,USD,2026-08-01,PAY-100220,posted
INT-HISTORICAL-000221,2026-08-01T15:27:06,MRC_003,CUST-0082,PROC_C,ach,CA,2050,GBP,2026-08-01,PAY-100221,posted
INT-HISTORICAL-000222,2026-08-01T15:29:17,MRC_002,CUST-0163,PROC_B,ach,GB,12606,EUR,2026-08-01,PAY-100222,posted
INT-HISTORICAL-000223,2026-08-01T15:31:46,MRC_002,CUST-0308,PROC_C,wallet,CA,55374,GBP,2026-08-01,PAY-100223,posted
INT-HISTORICAL-000224,2026-08-01T15:33:25,MRC_005,CUST-0215,PROC_C,wire,CA,17588,USD,2026-08-01,PAY-100224,posted
INT-HISTORICAL-000225,2026-08-01T15:36:15,MRC_002,CUST-0380,PROC_A,wallet,US,31047,USD,2026-08-01,PAY-100225,posted
INT-HISTORICAL-000226,2026-08-01T15:36:48,MRC_004,CUST-0364,PROC_C,card,US,17512,EUR,2026-08-01,PAY-100226,posted
INT-HISTORICAL-000227,2026-08-01T15:37:17,MRC_002,CUST-0224,PROC_B,wallet,US,47157,USD,2026-08-01,PAY-100227,posted
INT-HISTORICAL-000228,2026-08-01T15:38:17,MRC_004,CUST-0120,PROC_A,wire,CA,12533,USD,2026-08-01,PAY-100228,posted
INT-HISTORICAL-000229,2026-08-01T15:38:45,MRC_002,CUST-0039,PROC_C,ach,US,8197,EUR,2026-08-01,PAY-100229,posted
INT-HISTORICAL-000230,2026-08-01T15:40:00,MRC_003,CUST-0069,PROC_A,card,CA,1336,USD,2026-08-01,PAY-100230,posted
INT-HISTORICAL-000231,2026-08-01T15:40:52,MRC_003,CUST-0041,PROC_C,card,US,132601,USD,2026-08-01,PAY-100231,posted
INT-HISTORICAL-000232,2026-08-01T15:42:22,MRC_002,CUST-0229,PROC_A,wallet,US,9166,EUR,2026-08-01,PAY-100232,posted
INT-HISTORICAL-000233,2026-08-01T15:43:45,MRC_002,CUST-0235,PROC_C,wallet,CA,2637,GBP,2026-08-01,PAY-100233,posted
INT-HISTORICAL-000234,2026-08-01T15:44:31,MRC_005,CUST-0223,PROC_B,wallet,GB,4886,USD,2026-08-01,PAY-100234,posted
INT-HISTORICAL-000235,2026-08-01T15:46:12,MRC_001,CUST-0004,PROC_B,ach,US,12736,GBP,2026-08-01,PAY-100235,posted
INT-HISTORICAL-000236,2026-08-01T15:48:52,MRC_002,CUST-0369,PROC_A,wire,US,10876,USD,2026-08-01,PAY-100236,posted
INT-HISTORICAL-000237,2026-08-01T15:51:17,MRC_001,CUST-0119,PROC_C,wire,US,20008,USD,2026-08-01,PAY-100237,posted
INT-HISTORICAL-000238,2026-08-01T15:53:04,MRC_001,CUST-0328,PROC_B,card,US,6407,USD,2026-08-01,PAY-100238,posted
INT-HISTORICAL-000239,2026-08-01T15:55:36,MRC_002,CUST-0097,PROC_A,ach,CA,6907,USD,2026-08-01,PAY-100239,posted
INT-HISTORICAL-000240,2026-08-01T15:58:32,MRC_005,CUST-0262,PROC_A,ach,GB,8507,USD,2026-08-01,PAY-100240,posted
INT-HISTORICAL-000241,2026-08-01T16:00:30,MRC_004,CUST-0368,PROC_C,wallet,DE,5798,USD,2026-08-01,PAY-100241,posted
INT-HISTORICAL-000242,2026-08-01T16:00:59,MRC_002,CUST-0337,PROC_A,card,CA,28268,USD,2026-08-01,PAY-100242,posted
INT-HISTORICAL-000243,2026-08-01T16:02:50,MRC_001,CUST-0344,PROC_B,ach,US,7203,EUR,2026-08-01,PAY-100243,posted
INT-HISTORICAL-000244,2026-08-01T16:04:33,MRC_002,CUST-0048,PROC_B,wire,US,22234,USD,2026-08-01,PAY-100244,posted
INT-HISTORICAL-000245,2026-08-01T16:06:04,MRC_001,CUST-0380,PROC_B,wallet,CA,14534,GBP,2026-08-01,PAY-100245,posted
INT-HISTORICAL-000246,2026-08-01T16:07:24,MRC_002,CUST-0133,PROC_B,ach,US,12066,USD,2026-08-01,PAY-100246,posted
INT-HISTORICAL-000247,2026-08-01T16:08:01,MRC_003,CUST-0120,PROC_C,ach,US,25391,EUR,2026-08-01,PAY-100247,posted
INT-HISTORICAL-000248,2026-08-01T16:10:51,MRC_005,CUST-0365,PROC_B,wallet,US,1260,USD,2026-08-01,PAY-100248,posted
INT-HISTORICAL-000249,2026-08-01T16:12:02,MRC_001,CUST-0327,PROC_B,ach,US,12911,USD,2026-08-01,PAY-100249,posted
INT-HISTORICAL-000250,2026-08-01T16:14:05,MRC_002,CUST-0059,PROC_B,wire,US,34854,EUR,2026-08-01,PAY-100250,posted
INT-HISTORICAL-000251,2026-08-01T16:14:34,MRC_004,CUST-0019,PROC_A,card,US,4351,USD,2026-08-01,PAY-100251,posted
INT-HISTORICAL-000252,2026-08-01T16:15:23,MRC_005,CUST-0087,PROC_A,wire,GB,61924,USD,2026-08-01,PAY-100252,posted
INT-HISTORICAL-000253,2026-08-01T16:15:50,MRC_004,CUST-0308,PROC_C,ach,GB,10571,USD,2026-08-01,PAY-100253,posted
INT-HISTORICAL-000254,2026-08-01T16:17:41,MRC_003,CUST-0351,PROC_C,wire,US,7216,EUR,2026-08-01,PAY-100254,posted
INT-HISTORICAL-000255,2026-08-01T16:19:45,MRC_004,CUST-0227,PROC_A,wallet,GB,22208,USD,2026-08-01,PAY-100255,posted
INT-HISTORICAL-000256,2026-08-01T16:22:00,MRC_005,CUST-0339,PROC_A,ach,US,10798,USD,2026-08-01,PAY-100256,posted
INT-HISTORICAL-000257,2026-08-01T16:23:16,MRC_004,CUST-0193,PROC_B,wire,US,22677,USD,2026-08-01,PAY-100257,posted
INT-HISTORICAL-000258,2026-08-01T16:23:39,MRC_003,CUST-0206,PROC_A,ach,CA,5121,USD,2026-08-01,PAY-100258,posted
INT-HISTORICAL-000259,2026-08-01T16:24:48,MRC_005,CUST-0317,PROC_B,wallet,CA,2834,EUR,2026-08-01,PAY-100259,posted
INT-HISTORICAL-000260,2026-08-01T16:27:17,MRC_004,CUST-0361,PROC_A,card,US,8748,EUR,2026-08-01,PAY-100260,posted
INT-HISTORICAL-000261,2026-08-01T16:28:06,MRC_004,CUST-0354,PROC_B,ach,GB,49768,EUR,2026-08-01,PAY-100261,posted
INT-HISTORICAL-000262,2026-08-01T16:30:11,MRC_003,CUST-0171,PROC_B,wire,DE,27522,EUR,2026-08-01,PAY-100262,posted
INT-HISTORICAL-000263,2026-08-01T16:31:34,MRC_004,CUST-0008,PROC_A,ach,CA,11745,USD,2026-08-01,PAY-100263,posted
INT-HISTORICAL-000264,2026-08-01T16:32:52,MRC_001,CUST-0002,PROC_C,wallet,DE,7795,USD,2026-08-01,PAY-100264,posted
INT-HISTORICAL-000265,2026-08-01T16:34:19,MRC_001,CUST-0256,PROC_C,card,DE,11732,USD,2026-08-01,PAY-100265,posted
INT-HISTORICAL-000266,2026-08-01T16:34:59,MRC_002,CUST-0055,PROC_A,ach,US,246303,GBP,2026-08-01,PAY-100266,posted
INT-HISTORICAL-000267,2026-08-01T16:35:56,MRC_001,CUST-0075,PROC_A,ach,US,65519,USD,2026-08-01,PAY-100267,posted
INT-HISTORICAL-000268,2026-08-01T16:38:02,MRC_004,CUST-0259,PROC_B,card,GB,3835,USD,2026-08-01,PAY-100268,posted
INT-HISTORICAL-000269,2026-08-01T16:41:02,MRC_005,CUST-0075,PROC_B,card,US,11503,GBP,2026-08-01,PAY-100269,posted
INT-HISTORICAL-000270,2026-08-01T16:43:06,MRC_003,CUST-0238,PROC_A,ach,US,9354,USD,2026-08-01,PAY-100270,posted
INT-HISTORICAL-000271,2026-08-01T16:43:56,MRC_005,CUST-0345,PROC_C,card,US,4865,USD,2026-08-01,PAY-100271,posted
INT-HISTORICAL-000272,2026-08-01T16:45:49,MRC_003,CUST-0241,PROC_A,card,US,4973,USD,2026-08-01,PAY-100272,posted
INT-HISTORICAL-000273,2026-08-01T16:46:44,MRC_001,CUST-0163,PROC_C,wallet,US,25759,USD,2026-08-01,PAY-100273,posted
INT-HISTORICAL-000274,2026-08-01T16:48:00,MRC_002,CUST-0096,PROC_B,card,US,22928,USD,2026-08-01,PAY-100274,posted
INT-HISTORICAL-000275,2026-08-01T16:49:13,MRC_002,CUST-0249,PROC_B,ach,DE,6947,USD,2026-08-01,PAY-100275,posted
INT-HISTORICAL-000276,2026-08-01T16:50:49,MRC_001,CUST-0045,PROC_C,wallet,CA,7046,EUR,2026-08-01,PAY-100276,posted
INT-HISTORICAL-000277,2026-08-01T16:52:53,MRC_001,CUST-0221,PROC_B,wallet,CA,25106,USD,2026-08-01,PAY-100277,posted
INT-HISTORICAL-000278,2026-08-01T16:54:56,MRC_003,CUST-0187,PROC_C,card,US,50456,EUR,2026-08-01,PAY-100278,posted
INT-HISTORICAL-000279,2026-08-01T16:56:14,MRC_004,CUST-0263,PROC_B,wallet,GB,26994,EUR,2026-08-01,PAY-100279,posted
INT-HISTORICAL-000280,2026-08-01T16:58:13,MRC_003,CUST-0030,PROC_C,wallet,US,1128,USD,2026-08-01,PAY-100280,posted
INT-HISTORICAL-000281,2026-08-01T17:00:41,MRC_004,CUST-0243,PROC_C,card,GB,5276,USD,2026-08-01,PAY-100281,posted
INT-HISTORICAL-000282,2026-08-01T17:02:50,MRC_002,CUST-0122,PROC_B,card,US,2501,EUR,2026-08-01,PAY-100282,posted
INT-HISTORICAL-000283,2026-08-01T17:03:41,MRC_003,CUST-0076,PROC_A,card,CA,4070,USD,2026-08-01,PAY-100283,posted
INT-HISTORICAL-000284,2026-08-01T17:06:09,MRC_004,CUST-0078,PROC_C,wire,DE,17421,GBP,2026-08-01,PAY-100284,posted
INT-HISTORICAL-000285,2026-08-01T17:08:54,MRC_005,CUST-0319,PROC_C,card,US,31762,USD,2026-08-01,PAY-100285,posted
INT-HISTORICAL-000286,2026-08-01T17:11:44,MRC_002,CUST-0047,PROC_B,card,US,9663,EUR,2026-08-01,PAY-100286,posted
INT-HISTORICAL-000287,2026-08-01T17:12:55,MRC_004,CUST-0267,PROC_A,wallet,US,9153,USD,2026-08-01,PAY-100287,posted
INT-HISTORICAL-000288,2026-08-01T17:13:21,MRC_005,CUST-0114,PROC_A,wire,US,25568,USD,2026-08-01,PAY-100288,posted
INT-HISTORICAL-000289,2026-08-01T17:15:31,MRC_001,CUST-0336,PROC_C,wire,US,8988,USD,2026-08-01,PAY-100289,posted
INT-HISTORICAL-000290,2026-08-01T17:16:45,MRC_004,CUST-0308,PROC_A,wire,US,13830,USD,2026-08-01,PAY-100290,posted
INT-HISTORICAL-000291,2026-08-01T17:17:38,MRC_003,CUST-0038,PROC_A,wire,US,3481,USD,2026-08-01,PAY-100291,posted
INT-HISTORICAL-000292,2026-08-01T17:20:24,MRC_005,CUST-0138,PROC_A,wire,GB,103596,USD,2026-08-01,PAY-100292,posted
INT-HISTORICAL-000293,2026-08-01T17:22:24,MRC_002,CUST-0158,PROC_A,wire,US,37541,USD,2026-08-01,PAY-100293,posted
INT-HISTORICAL-000294,2026-08-01T17:22:47,MRC_003,CUST-0369,PROC_B,ach,GB,5377,USD,2026-08-01,PAY-100294,posted
INT-HISTORICAL-000295,2026-08-01T17:25:22,MRC_002,CUST-0361,PROC_C,ach,US,67661,USD,2026-08-01,PAY-100295,posted
INT-HISTORICAL-000296,2026-08-01T17:27:47,MRC_003,CUST-0036,PROC_A,card,US,1786,USD,2026-08-01,PAY-100296,posted
INT-HISTORICAL-000297,2026-08-01T17:28:52,MRC_004,CUST-0372,PROC_B,wallet,DE,12524,USD,2026-08-01,PAY-100297,posted
INT-HISTORICAL-000298,2026-08-01T17:31:07,MRC_004,CUST-0221,PROC_A,wallet,GB,10724,GBP,2026-08-01,PAY-100298,posted
INT-HISTORICAL-000299,2026-08-01T17:32:06,MRC_002,CUST-0333,PROC_C,ach,US,9314,USD,2026-08-01,PAY-100299,posted
INT-HISTORICAL-000300,2026-08-01T17:32:29,MRC_004,CUST-0267,PROC_B,card,US,9561,GBP,2026-08-01,PAY-100300,posted
INT-HISTORICAL-000301,2026-08-01T17:34:20,MRC_005,CUST-0292,PROC_A,wire,GB,14143,EUR,2026-08-01,PAY-100301,posted
INT-HISTORICAL-000302,2026-08-01T17:34:48,MRC_002,CUST-0285,PROC_B,wallet,US,23307,USD,2026-08-01,PAY-100302,posted
INT-HISTORICAL-000303,2026-08-01T17:36:57,MRC_001,CUST-0034,PROC_B,wallet,US,19695,USD,2026-08-01,PAY-100303,posted
INT-HISTORICAL-000304,2026-08-01T17:38:54,MRC_005,CUST-0297,PROC_B,wallet,US,10561,USD,2026-08-01,PAY-100304,posted
INT-HISTORICAL-000305,2026-08-01T17:40:29,MRC_004,CUST-0152,PROC_A,card,US,9577,USD,2026-08-01,PAY-100305,posted
INT-HISTORICAL-000306,2026-08-01T17:43:15,MRC_003,CUST-0202,PROC_C,wire,CA,19638,EUR,2026-08-01,PAY-100306,posted
INT-HISTORICAL-000307,2026-08-01T17:44:09,MRC_001,CUST-0072,PROC_A,card,US,92072,GBP,2026-08-01,PAY-100307,posted
INT-HISTORICAL-000308,2026-08-01T17:45:17,MRC_002,CUST-0223,PROC_C,card,CA,26352,EUR,2026-08-01,PAY-100308,posted
INT-HISTORICAL-000309,2026-08-01T17:47:48,MRC_004,CUST-0199,PROC_C,wire,US,9570,USD,2026-08-01,PAY-100309,posted
INT-HISTORICAL-000310,2026-08-01T17:48:52,MRC_004,CUST-0396,PROC_A,ach,CA,2985,GBP,2026-08-01,PAY-100310,posted
INT-HISTORICAL-000311,2026-08-01T17:49:21,MRC_003,CUST-0254,PROC_B,wallet,US,8873,USD,2026-08-01,PAY-100311,posted
INT-HISTORICAL-000312,2026-08-01T17:51:19,MRC_004,CUST-0253,PROC_C,card,DE,52541,USD,2026-08-01,PAY-100312,posted
INT-HISTORICAL-000313,2026-08-01T17:53:51,MRC_002,CUST-0038,PROC_B,ach,DE,44862,USD,2026-08-01,PAY-100313,posted
INT-HISTORICAL-000314,2026-08-01T17:56:06,MRC_003,CUST-0081,PROC_A,ach,DE,5459,GBP,2026-08-01,PAY-100314,posted
INT-HISTORICAL-000315,2026-08-01T17:57:05,MRC_001,CUST-0358,PROC_C,card,US,8437,EUR,2026-08-01,PAY-100315,posted
INT-HISTORICAL-000316,2026-08-01T17:57:41,MRC_003,CUST-0114,PROC_A,ach,US,2772,EUR,2026-08-01,PAY-100316,posted
INT-HISTORICAL-000317,2026-08-01T17:58:23,MRC_005,CUST-0302,PROC_A,ach,GB,13091,USD,2026-08-01,PAY-100317,posted
INT-HISTORICAL-000318,2026-08-01T18:00:54,MRC_001,CUST-0174,PROC_A,wallet,CA,4747,USD,2026-08-01,PAY-100318,posted
INT-HISTORICAL-000319,2026-08-01T18:02:12,MRC_002,CUST-0289,PROC_C,wire,US,11128,GBP,2026-08-01,PAY-100319,posted
INT-HISTORICAL-000320,2026-08-01T18:03:58,MRC_004,CUST-0299,PROC_B,wallet,DE,11106,USD,2026-08-01,PAY-100320,posted
INT-HISTORICAL-000321,2026-08-01T18:05:26,MRC_003,CUST-0369,PROC_B,wire,US,14690,USD,2026-08-01,PAY-100321,posted
INT-HISTORICAL-000322,2026-08-01T18:07:10,MRC_002,CUST-0351,PROC_A,card,US,4658,USD,2026-08-01,PAY-100322,posted
INT-HISTORICAL-000323,2026-08-01T18:07:52,MRC_005,CUST-0382,PROC_C,card,CA,12965,USD,2026-08-01,PAY-100323,posted
INT-HISTORICAL-000324,2026-08-01T18:08:30,MRC_003,CUST-0285,PROC_C,card,DE,24166,USD,2026-08-01,PAY-100324,posted
INT-HISTORICAL-000325,2026-08-01T18:09:28,MRC_004,CUST-0370,PROC_C,wire,GB,11586,USD,2026-08-01,PAY-100325,posted
INT-HISTORICAL-000326,2026-08-01T18:10:39,MRC_002,CUST-0143,PROC_C,wallet,US,16210,USD,2026-08-01,PAY-100326,posted
INT-HISTORICAL-000327,2026-08-01T18:12:35,MRC_003,CUST-0376,PROC_A,wallet,CA,7952,USD,2026-08-01,PAY-100327,posted
INT-HISTORICAL-000328,2026-08-01T18:13:52,MRC_003,CUST-0052,PROC_A,card,US,53598,USD,2026-08-01,PAY-100328,posted
INT-HISTORICAL-000329,2026-08-01T18:16:44,MRC_005,CUST-0008,PROC_A,ach,US,6905,USD,2026-08-01,PAY-100329,posted
INT-HISTORICAL-000330,2026-08-01T18:19:40,MRC_003,CUST-0215,PROC_C,wire,DE,10966,GBP,2026-08-01,PAY-100330,posted
INT-HISTORICAL-000331,2026-08-01T18:22:05,MRC_001,CUST-0175,PROC_A,wallet,US,25093,GBP,2026-08-01,PAY-100331,posted
INT-HISTORICAL-000332,2026-08-01T18:23:30,MRC_002,CUST-0311,PROC_B,wire,GB,28420,USD,2026-08-01,PAY-100332,posted
INT-HISTORICAL-000333,2026-08-01T18:25:39,MRC_003,CUST-0193,PROC_C,card,US,2367,USD,2026-08-01,PAY-100333,posted
INT-HISTORICAL-000334,2026-08-01T18:28:27,MRC_002,CUST-0001,PROC_B,ach,US,15313,USD,2026-08-01,PAY-100334,posted
INT-HISTORICAL-000335,2026-08-01T18:29:33,MRC_001,CUST-0265,PROC_A,wire,GB,3180,USD,2026-08-01,PAY-100335,posted
INT-HISTORICAL-000336,2026-08-01T18:31:15,MRC_005,CUST-0242,PROC_B,wallet,CA,23471,GBP,2026-08-01,PAY-100336,posted
INT-HISTORICAL-000337,2026-08-01T18:32:27,MRC_004,CUST-0353,PROC_B,ach,US,7347,USD,2026-08-01,PAY-100337,posted
INT-HISTORICAL-000338,2026-08-01T18:34:50,MRC_005,CUST-0013,PROC_B,wire,US,53214,USD,2026-08-01,PAY-100338,posted
INT-HISTORICAL-000339,2026-08-01T18:37:22,MRC_002,CUST-0292,PROC_B,wire,US,45855,USD,2026-08-01,PAY-100339,posted
INT-HISTORICAL-000340,2026-08-01T18:39:12,MRC_001,CUST-0277,PROC_C,wire,US,7560,USD,2026-08-01,PAY-100340,posted
INT-HISTORICAL-000341,2026-08-01T18:40:57,MRC_001,CUST-0266,PROC_C,wallet,US,2503,EUR,2026-08-01,PAY-100341,posted
INT-HISTORICAL-000342,2026-08-01T18:43:28,MRC_003,CUST-0071,PROC_B,ach,US,25347,USD,2026-08-01,PAY-100342,posted
INT-HISTORICAL-000343,2026-08-01T18:45:05,MRC_001,CUST-0154,PROC_C,wire,US,28660,USD,2026-08-01,PAY-100343,posted
INT-HISTORICAL-000344,2026-08-01T18:46:00,MRC_002,CUST-0097,PROC_B,wire,DE,17101,USD,2026-08-01,PAY-100344,posted
INT-HISTORICAL-000345,2026-08-01T18:46:48,MRC_003,CUST-0231,PROC_B,card,DE,21375,USD,2026-08-01,PAY-100345,posted
INT-HISTORICAL-000346,2026-08-01T18:48:32,MRC_003,CUST-0100,PROC_B,wire,US,17235,USD,2026-08-01,PAY-100346,posted
INT-HISTORICAL-000347,2026-08-01T18:49:30,MRC_001,CUST-0255,PROC_C,wallet,US,35358,USD,2026-08-01,PAY-100347,posted
INT-HISTORICAL-000348,2026-08-01T18:51:53,MRC_002,CUST-0078,PROC_A,wire,US,9452,GBP,2026-08-01,PAY-100348,posted
INT-HISTORICAL-000349,2026-08-01T18:54:09,MRC_002,CUST-0163,PROC_C,wallet,US,46768,USD,2026-08-01,PAY-100349,posted
INT-HISTORICAL-000350,2026-08-01T18:57:08,MRC_005,CUST-0083,PROC_C,card,CA,2852,USD,2026-08-01,PAY-100350,posted
INT-HISTORICAL-000351,2026-08-01T18:59:51,MRC_003,CUST-0269,PROC_B,ach,DE,9223,USD,2026-08-01,PAY-100351,posted
INT-HISTORICAL-000352,2026-08-01T19:01:45,MRC_003,CUST-0089,PROC_B,card,GB,6923,USD,2026-08-01,PAY-100352,posted
INT-HISTORICAL-000353,2026-08-01T19:03:49,MRC_004,CUST-0328,PROC_B,wire,US,6276,USD,2026-08-01,PAY-100353,posted
INT-HISTORICAL-000354,2026-08-01T19:04:44,MRC_003,CUST-0393,PROC_B,wallet,GB,10219,USD,2026-08-01,PAY-100354,posted
INT-HISTORICAL-000355,2026-08-01T19:07:02,MRC_004,CUST-0366,PROC_B,ach,US,23270,USD,2026-08-01,PAY-100355,posted
INT-HISTORICAL-000356,2026-08-01T19:07:36,MRC_002,CUST-0381,PROC_A,ach,US,5249,EUR,2026-08-01,PAY-100356,posted
INT-HISTORICAL-000357,2026-08-01T19:10:14,MRC_001,CUST-0352,PROC_A,ach,US,7198,USD,2026-08-01,PAY-100357,posted
INT-HISTORICAL-000358,2026-08-01T19:12:43,MRC_004,CUST-0139,PROC_A,ach,US,1054,EUR,2026-08-01,PAY-100358,posted
INT-HISTORICAL-000359,2026-08-01T19:13:39,MRC_003,CUST-0182,PROC_B,ach,US,11949,USD,2026-08-01,PAY-100359,posted
INT-HISTORICAL-000360,2026-08-01T19:15:49,MRC_003,CUST-0356,PROC_C,card,US,16948,USD,2026-08-01,PAY-100360,posted
INT-HISTORICAL-000361,2026-08-01T19:18:41,MRC_001,CUST-0105,PROC_B,wire,US,137805,GBP,2026-08-01,PAY-100361,posted
INT-HISTORICAL-000362,2026-08-01T19:19:23,MRC_002,CUST-0220,PROC_B,wire,DE,13300,USD,2026-08-01,PAY-100362,posted
INT-HISTORICAL-000363,2026-08-01T19:21:01,MRC_001,CUST-0385,PROC_C,ach,US,34219,USD,2026-08-01,PAY-100363,posted
INT-HISTORICAL-000364,2026-08-01T19:22:24,MRC_003,CUST-0021,PROC_A,card,US,26029,USD,2026-08-01,PAY-100364,posted
INT-HISTORICAL-000365,2026-08-01T19:24:40,MRC_001,CUST-0069,PROC_B,wallet,US,7147,USD,2026-08-01,PAY-100365,posted
INT-HISTORICAL-000366,2026-08-01T19:27:36,MRC_002,CUST-0112,PROC_B,card,US,3231,GBP,2026-08-01,PAY-100366,posted
INT-HISTORICAL-000367,2026-08-01T19:29:05,MRC_001,CUST-0123,PROC_A,ach,US,9618,USD,2026-08-01,PAY-100367,posted
INT-HISTORICAL-000368,2026-08-01T19:31:22,MRC_002,CUST-0208,PROC_B,wire,DE,8232,EUR,2026-08-01,PAY-100368,posted
INT-HISTORICAL-000369,2026-08-01T19:31:44,MRC_001,CUST-0261,PROC_C,wallet,CA,15207,EUR,2026-08-01,PAY-100369,posted
INT-HISTORICAL-000370,2026-08-01T19:32:30,MRC_004,CUST-0016,PROC_B,card,US,55619,USD,2026-08-01,PAY-100370,posted
INT-HISTORICAL-000371,2026-08-01T19:34:08,MRC_001,CUST-0243,PROC_C,wallet,DE,25973,EUR,2026-08-01,PAY-100371,posted
INT-HISTORICAL-000372,2026-08-01T19:36:16,MRC_001,CUST-0338,PROC_B,wire,US,17288,EUR,2026-08-01,PAY-100372,posted
INT-HISTORICAL-000373,2026-08-01T19:37:27,MRC_003,CUST-0031,PROC_C,wire,DE,64613,USD,2026-08-01,PAY-100373,posted
INT-HISTORICAL-000374,2026-08-01T19:39:06,MRC_005,CUST-0292,PROC_B,wire,US,7428,EUR,2026-08-01,PAY-100374,posted
INT-HISTORICAL-000375,2026-08-01T19:39:57,MRC_005,CUST-0343,PROC_B,card,CA,65142,USD,2026-08-01,PAY-100375,posted
INT-HISTORICAL-000376,2026-08-01T19:41:20,MRC_003,CUST-0011,PROC_A,ach,GB,8524,USD,2026-08-01,PAY-100376,posted
INT-HISTORICAL-000377,2026-08-01T19:42:55,MRC_003,CUST-0235,PROC_A,ach,US,26687,USD,2026-08-01,PAY-100377,posted
INT-HISTORICAL-000378,2026-08-01T19:44:30,MRC_004,CUST-0291,PROC_C,card,CA,35809,GBP,2026-08-01,PAY-100378,posted
INT-HISTORICAL-000379,2026-08-01T19:45:22,MRC_002,CUST-0267,PROC_C,wire,DE,12734,EUR,2026-08-01,PAY-100379,posted
INT-HISTORICAL-000380,2026-08-01T19:47:26,MRC_005,CUST-0029,PROC_A,card,CA,18090,GBP,2026-08-01,PAY-100380,posted
INT-HISTORICAL-000381,2026-08-01T19:48:20,MRC_005,CUST-0321,PROC_C,wallet,GB,4063,USD,2026-08-01,PAY-100381,posted
INT-HISTORICAL-000382,2026-08-01T19:50:34,MRC_004,CUST-0045,PROC_A,wallet,DE,2259,GBP,2026-08-01,PAY-100382,posted
INT-HISTORICAL-000383,2026-08-01T19:51:59,MRC_004,CUST-0295,PROC_A,wire,US,5502,USD,2026-08-01,PAY-100383,posted
INT-HISTORICAL-000384,2026-08-01T19:53:42,MRC_001,CUST-0364,PROC_A,wallet,US,6282,USD,2026-08-01,PAY-100384,posted
INT-HISTORICAL-000385,2026-08-01T19:55:32,MRC_002,CUST-0400,PROC_C,ach,CA,37642,USD,2026-08-01,PAY-100385,posted
INT-HISTORICAL-000386,2026-08-01T19:58:32,MRC_005,CUST-0048,PROC_C,card,GB,4081,USD,2026-08-01,PAY-100386,posted
INT-HISTORICAL-000387,2026-08-01T19:59:24,MRC_003,CUST-0174,PROC_B,ach,DE,10741,USD,2026-08-01,PAY-100387,posted
INT-HISTORICAL-000388,2026-08-01T20:01:10,MRC_004,CUST-0187,PROC_B,card,US,55680,USD,2026-08-01,PAY-100388,posted
INT-HISTORICAL-000389,2026-08-01T20:02:41,MRC_005,CUST-0332,PROC_B,wallet,US,3127,USD,2026-08-01,PAY-100389,posted
INT-HISTORICAL-000390,2026-08-01T20:05:36,MRC_002,CUST-0032,PROC_C,wallet,US,21781,EUR,2026-08-01,PAY-100390,posted
INT-HISTORICAL-000391,2026-08-01T20:06:32,MRC_005,CUST-0123,PROC_B,wire,GB,12495,USD,2026-08-01,PAY-100391,posted
INT-HISTORICAL-000392,2026-08-01T20:07:01,MRC_001,CUST-0255,PROC_A,ach,CA,3359,USD,2026-08-01,PAY-100392,posted
INT-HISTORICAL-000393,2026-08-01T20:09:08,MRC_003,CUST-0364,PROC_C,wallet,CA,19420,GBP,2026-08-01,PAY-100393,posted
INT-HISTORICAL-000394,2026-08-01T20:11:02,MRC_005,CUST-0326,PROC_B,wire,US,12285,USD,2026-08-01,PAY-100394,posted
INT-HISTORICAL-000395,2026-08-01T20:12:48,MRC_004,CUST-0243,PROC_C,ach,US,13825,USD,2026-08-01,PAY-100395,posted
INT-HISTORICAL-000396,2026-08-01T20:14:13,MRC_005,CUST-0329,PROC_B,ach,GB,6126,GBP,2026-08-01,PAY-100396,posted
INT-HISTORICAL-000397,2026-08-01T20:16:58,MRC_005,CUST-0006,PROC_A,ach,GB,15934,EUR,2026-08-01,PAY-100397,posted
INT-HISTORICAL-000398,2026-08-01T20:18:50,MRC_005,CUST-0013,PROC_B,ach,US,2864,USD,2026-08-01,PAY-100398,posted
INT-HISTORICAL-000399,2026-08-01T20:19:55,MRC_004,CUST-0185,PROC_B,wire,US,87761,EUR,2026-08-01,PAY-100399,posted
INT-HISTORICAL-000400,2026-08-01T20:20:37,MRC_001,CUST-0008,PROC_B,wallet,DE,5523,USD,2026-08-01,PAY-100400,posted
INT-HISTORICAL-000401,2026-08-01T20:21:27,MRC_002,CUST-0103,PROC_C,wire,US,10622,USD,2026-08-01,PAY-100401,posted
INT-HISTORICAL-000402,2026-08-01T20:21:48,MRC_002,CUST-0256,PROC_A,ach,DE,3754,GBP,2026-08-01,PAY-100402,posted
INT-HISTORICAL-000403,2026-08-01T20:23:57,MRC_001,CUST-0220,PROC_C,card,US,85588,EUR,2026-08-01,PAY-100403,posted
INT-HISTORICAL-000404,2026-08-01T20:24:38,MRC_005,CUST-0064,PROC_B,card,DE,6294,USD,2026-08-01,PAY-100404,posted
INT-HISTORICAL-000405,2026-08-01T20:27:11,MRC_004,CUST-0207,PROC_C,ach,DE,21969,USD,2026-08-01,PAY-100405,posted
INT-HISTORICAL-000406,2026-08-01T20:29:59,MRC_003,CUST-0224,PROC_C,ach,GB,16207,EUR,2026-08-01,PAY-100406,posted
INT-HISTORICAL-000407,2026-08-01T20:32:46,MRC_005,CUST-0131,PROC_A,ach,US,4618,GBP,2026-08-01,PAY-100407,posted
INT-HISTORICAL-000408,2026-08-01T20:33:38,MRC_005,CUST-0369,PROC_C,wire,DE,8139,GBP,2026-08-01,PAY-100408,posted
INT-HISTORICAL-000409,2026-08-01T20:34:17,MRC_002,CUST-0311,PROC_C,ach,US,34192,USD,2026-08-01,PAY-100409,posted
INT-HISTORICAL-000410,2026-08-01T20:35:13,MRC_001,CUST-0242,PROC_C,wallet,US,7379,USD,2026-08-01,PAY-100410,posted
INT-HISTORICAL-000411,2026-08-01T20:37:09,MRC_003,CUST-0119,PROC_A,card,US,16110,USD,2026-08-01,PAY-100411,posted
INT-HISTORICAL-000412,2026-08-01T20:38:34,MRC_003,CUST-0013,PROC_B,card,US,8190,USD,2026-08-01,PAY-100412,posted
INT-HISTORICAL-000413,2026-08-01T20:41:28,MRC_003,CUST-0397,PROC_A,card,DE,2736,USD,2026-08-01,PAY-100413,posted
INT-HISTORICAL-000414,2026-08-01T20:44:23,MRC_001,CUST-0345,PROC_C,card,DE,37583,GBP,2026-08-01,PAY-100414,posted
INT-HISTORICAL-000415,2026-08-01T20:47:12,MRC_003,CUST-0053,PROC_C,card,US,7029,USD,2026-08-01,PAY-100415,posted
INT-HISTORICAL-000416,2026-08-01T20:48:52,MRC_001,CUST-0122,PROC_B,card,DE,14151,EUR,2026-08-01,PAY-100416,posted
INT-HISTORICAL-000417,2026-08-01T20:49:22,MRC_002,CUST-0125,PROC_C,wallet,GB,2864,USD,2026-08-01,PAY-100417,posted
INT-HISTORICAL-000418,2026-08-01T20:50:46,MRC_002,CUST-0009,PROC_A,card,DE,6093,EUR,2026-08-01,PAY-100418,posted
INT-HISTORICAL-000419,2026-08-01T20:51:21,MRC_003,CUST-0255,PROC_A,wallet,US,20483,USD,2026-08-01,PAY-100419,posted
INT-HISTORICAL-000420,2026-08-01T20:53:39,MRC_004,CUST-0120,PROC_B,card,DE,7056,USD,2026-08-01,PAY-100420,posted
INT-HISTORICAL-000421,2026-08-01T20:56:01,MRC_002,CUST-0140,PROC_B,card,GB,25585,EUR,2026-08-01,PAY-100421,posted
INT-HISTORICAL-000422,2026-08-01T20:58:43,MRC_005,CUST-0142,PROC_B,ach,DE,42369,GBP,2026-08-01,PAY-100422,posted
INT-HISTORICAL-000423,2026-08-01T21:01:33,MRC_004,CUST-0318,PROC_A,ach,US,25509,USD,2026-08-01,PAY-100423,posted
INT-HISTORICAL-000424,2026-08-01T21:02:20,MRC_001,CUST-0058,PROC_B,wallet,US,18825,GBP,2026-08-01,PAY-100424,posted
INT-HISTORICAL-000425,2026-08-01T21:04:53,MRC_005,CUST-0230,PROC_A,wire,DE,54021,USD,2026-08-01,PAY-100425,posted
INT-HISTORICAL-000426,2026-08-01T21:07:40,MRC_005,CUST-0016,PROC_C,ach,GB,21729,USD,2026-08-01,PAY-100426,posted
INT-HISTORICAL-000427,2026-08-01T21:10:10,MRC_005,CUST-0353,PROC_A,wallet,US,6455,GBP,2026-08-01,PAY-100427,posted
INT-HISTORICAL-000428,2026-08-01T21:13:00,MRC_005,CUST-0372,PROC_B,card,DE,11325,GBP,2026-08-01,PAY-100428,posted
INT-HISTORICAL-000429,2026-08-01T21:13:57,MRC_004,CUST-0157,PROC_C,wire,US,33694,GBP,2026-08-01,PAY-100429,posted
INT-HISTORICAL-000430,2026-08-01T21:16:52,MRC_002,CUST-0221,PROC_C,wallet,DE,60611,USD,2026-08-01,PAY-100430,posted
INT-HISTORICAL-000431,2026-08-01T21:18:36,MRC_001,CUST-0243,PROC_A,ach,US,16263,EUR,2026-08-01,PAY-100431,posted
INT-HISTORICAL-000432,2026-08-01T21:21:14,MRC_001,CUST-0391,PROC_B,wallet,DE,8126,EUR,2026-08-01,PAY-100432,posted
INT-HISTORICAL-000433,2026-08-01T21:21:52,MRC_004,CUST-0199,PROC_C,card,GB,8855,USD,2026-08-01,PAY-100433,posted
INT-HISTORICAL-000434,2026-08-01T21:23:37,MRC_005,CUST-0096,PROC_C,ach,US,4909,USD,2026-08-01,PAY-100434,posted
INT-HISTORICAL-000435,2026-08-01T21:24:31,MRC_001,CUST-0346,PROC_C,wire,US,11699,GBP,2026-08-01,PAY-100435,posted
INT-HISTORICAL-000436,2026-08-01T21:26:01,MRC_004,CUST-0270,PROC_C,card,US,42845,EUR,2026-08-01,PAY-100436,posted
INT-HISTORICAL-000437,2026-08-01T21:26:29,MRC_005,CUST-0093,PROC_B,wire,CA,5759,USD,2026-08-01,PAY-100437,posted
INT-HISTORICAL-000438,2026-08-01T21:27:14,MRC_002,CUST-0265,PROC_A,ach,US,36969,EUR,2026-08-01,PAY-100438,posted
INT-HISTORICAL-000439,2026-08-01T21:29:04,MRC_004,CUST-0359,PROC_A,card,CA,16335,USD,2026-08-01,PAY-100439,posted
INT-HISTORICAL-000440,2026-08-01T21:30:11,MRC_005,CUST-0162,PROC_B,card,US,4906,USD,2026-08-01,PAY-100440,posted
INT-HISTORICAL-000441,2026-08-01T21:32:07,MRC_005,CUST-0200,PROC_B,ach,CA,4897,USD,2026-08-01,PAY-100441,posted
INT-HISTORICAL-000442,2026-08-01T21:34:57,MRC_001,CUST-0155,PROC_C,wallet,US,3679,USD,2026-08-01,PAY-100442,posted
INT-HISTORICAL-000443,2026-08-01T21:36:23,MRC_003,CUST-0146,PROC_A,card,CA,3997,USD,2026-08-01,PAY-100443,posted
INT-HISTORICAL-000444,2026-08-01T21:37:55,MRC_003,CUST-0122,PROC_B,card,US,10297,GBP,2026-08-01,PAY-100444,posted
INT-HISTORICAL-000445,2026-08-01T21:38:38,MRC_001,CUST-0236,PROC_C,ach,US,140747,GBP,2026-08-01,PAY-100445,posted
INT-HISTORICAL-000446,2026-08-01T21:39:49,MRC_001,CUST-0230,PROC_C,wire,US,3520,GBP,2026-08-01,PAY-100446,posted
INT-HISTORICAL-000447,2026-08-01T21:41:27,MRC_001,CUST-0236,PROC_C,wire,US,10706,USD,2026-08-01,PAY-100447,posted
INT-HISTORICAL-000448,2026-08-01T21:42:46,MRC_005,CUST-0033,PROC_C,wire,GB,69889,USD,2026-08-01,PAY-100448,posted
INT-HISTORICAL-000449,2026-08-01T21:44:56,MRC_004,CUST-0030,PROC_C,wallet,US,6457,USD,2026-08-01,PAY-100449,posted
INT-HISTORICAL-000450,2026-08-01T21:46:53,MRC_005,CUST-0070,PROC_A,card,GB,5214,USD,2026-08-01,PAY-100450,posted
INT-HISTORICAL-000451,2026-08-01T21:47:52,MRC_002,CUST-0359,PROC_A,ach,US,5465,EUR,2026-08-01,PAY-100451,posted
INT-HISTORICAL-000452,2026-08-01T21:50:09,MRC_003,CUST-0190,PROC_B,card,US,6451,USD,2026-08-01,PAY-100452,posted
INT-HISTORICAL-000453,2026-08-01T21:51:55,MRC_002,CUST-0220,PROC_A,wire,US,29768,USD,2026-08-01,PAY-100453,posted
INT-HISTORICAL-000454,2026-08-01T21:52:41,MRC_002,CUST-0040,PROC_C,wire,US,11686,USD,2026-08-01,PAY-100454,posted
INT-HISTORICAL-000455,2026-08-01T21:54:40,MRC_005,CUST-0061,PROC_B,ach,US,13423,USD,2026-08-01,PAY-100455,posted
INT-HISTORICAL-000456,2026-08-01T21:55:04,MRC_002,CUST-0123,PROC_A,wallet,US,9336,USD,2026-08-01,PAY-100456,posted
INT-HISTORICAL-000457,2026-08-01T21:56:32,MRC_001,CUST-0034,PROC_B,card,GB,58742,USD,2026-08-01,PAY-100457,posted
INT-HISTORICAL-000458,2026-08-01T21:58:36,MRC_003,CUST-0282,PROC_A,wire,CA,2619,USD,2026-08-01,PAY-100458,posted
INT-HISTORICAL-000459,2026-08-01T21:59:31,MRC_005,CUST-0109,PROC_B,wallet,US,22480,USD,2026-08-01,PAY-100459,posted
INT-HISTORICAL-000460,2026-08-01T22:00:27,MRC_003,CUST-0199,PROC_B,ach,DE,14780,USD,2026-08-01,PAY-100460,posted
INT-HISTORICAL-000461,2026-08-01T22:02:14,MRC_003,CUST-0379,PROC_B,wire,DE,4411,USD,2026-08-01,PAY-100461,posted
INT-HISTORICAL-000462,2026-08-01T22:05:06,MRC_003,CUST-0317,PROC_B,ach,US,22502,USD,2026-08-01,PAY-100462,posted
INT-HISTORICAL-000463,2026-08-01T22:07:33,MRC_004,CUST-0233,PROC_C,card,US,3450,USD,2026-08-01,PAY-100463,posted
INT-HISTORICAL-000464,2026-08-01T22:10:08,MRC_001,CUST-0235,PROC_A,wire,US,20383,USD,2026-08-01,PAY-100464,posted
INT-HISTORICAL-000465,2026-08-01T22:12:07,MRC_004,CUST-0035,PROC_B,wire,GB,1512,EUR,2026-08-01,PAY-100465,posted
INT-HISTORICAL-000466,2026-08-01T22:12:58,MRC_001,CUST-0236,PROC_A,wallet,US,36482,USD,2026-08-01,PAY-100466,posted
INT-HISTORICAL-000467,2026-08-01T22:14:02,MRC_003,CUST-0323,PROC_A,card,US,9445,USD,2026-08-01,PAY-100467,posted
INT-HISTORICAL-000468,2026-08-01T22:16:27,MRC_005,CUST-0387,PROC_B,wire,US,18635,GBP,2026-08-01,PAY-100468,posted
INT-HISTORICAL-000469,2026-08-01T22:18:32,MRC_004,CUST-0282,PROC_C,wire,GB,25458,USD,2026-08-01,PAY-100469,posted
INT-HISTORICAL-000470,2026-08-01T22:20:20,MRC_001,CUST-0265,PROC_A,ach,CA,2431,GBP,2026-08-01,PAY-100470,posted
INT-HISTORICAL-000471,2026-08-01T22:21:46,MRC_003,CUST-0366,PROC_A,card,CA,12096,USD,2026-08-01,PAY-100471,posted
INT-HISTORICAL-000472,2026-08-01T22:22:37,MRC_005,CUST-0265,PROC_A,wire,GB,14081,USD,2026-08-01,PAY-100472,posted
INT-HISTORICAL-000473,2026-08-01T22:23:45,MRC_004,CUST-0306,PROC_C,card,US,2178,USD,2026-08-01,PAY-100473,posted
INT-HISTORICAL-000474,2026-08-01T22:24:29,MRC_004,CUST-0183,PROC_B,card,US,46923,GBP,2026-08-01,PAY-100474,posted
INT-HISTORICAL-000475,2026-08-01T22:25:54,MRC_004,CUST-0142,PROC_C,card,CA,20953,GBP,2026-08-01,PAY-100475,posted
INT-HISTORICAL-000476,2026-08-01T22:27:33,MRC_005,CUST-0267,PROC_A,card,US,7815,EUR,2026-08-01,PAY-100476,posted
INT-HISTORICAL-000477,2026-08-01T22:30:02,MRC_003,CUST-0199,PROC_C,wallet,CA,19803,USD,2026-08-01,PAY-100477,posted
INT-HISTORICAL-000478,2026-08-01T22:32:37,MRC_001,CUST-0228,PROC_C,card,GB,27321,USD,2026-08-01,PAY-100478,posted
INT-HISTORICAL-000479,2026-08-01T22:34:28,MRC_002,CUST-0171,PROC_A,card,DE,8885,USD,2026-08-01,PAY-100479,posted
INT-HISTORICAL-000480,2026-08-01T22:36:13,MRC_001,CUST-0314,PROC_C,card,GB,3151,USD,2026-08-01,PAY-100480,posted
INT-HISTORICAL-000481,2026-08-01T22:38:49,MRC_001,CUST-0353,PROC_C,wallet,US,51134,USD,2026-08-01,PAY-100481,posted
INT-HISTORICAL-000482,2026-08-01T22:40:23,MRC_005,CUST-0357,PROC_B,ach,US,7099,USD,2026-08-01,PAY-100482,posted
INT-HISTORICAL-000483,2026-08-01T22:41:01,MRC_004,CUST-0152,PROC_A,wire,DE,3427,USD,2026-08-01,PAY-100483,posted
INT-HISTORICAL-000484,2026-08-01T22:43:55,MRC_003,CUST-0360,PROC_B,wallet,GB,18173,GBP,2026-08-01,PAY-100484,posted
INT-HISTORICAL-000485,2026-08-01T22:44:54,MRC_005,CUST-0217,PROC_B,card,US,4658,USD,2026-08-01,PAY-100485,posted
INT-HISTORICAL-000486,2026-08-01T22:47:47,MRC_001,CUST-0027,PROC_A,wallet,US,8370,USD,2026-08-01,PAY-100486,posted
INT-HISTORICAL-000487,2026-08-01T22:49:21,MRC_001,CUST-0200,PROC_B,wallet,CA,36723,EUR,2026-08-01,PAY-100487,posted
INT-HISTORICAL-000488,2026-08-01T22:52:07,MRC_005,CUST-0355,PROC_A,card,DE,7371,USD,2026-08-01,PAY-100488,posted
INT-HISTORICAL-000489,2026-08-01T22:54:35,MRC_002,CUST-0147,PROC_C,wire,CA,9859,USD,2026-08-01,PAY-100489,posted
INT-HISTORICAL-000490,2026-08-01T22:56:57,MRC_005,CUST-0023,PROC_C,card,CA,214206,USD,2026-08-01,PAY-100490,posted
INT-HISTORICAL-000491,2026-08-01T22:59:56,MRC_004,CUST-0128,PROC_A,wallet,US,18208,USD,2026-08-01,PAY-100491,posted
INT-HISTORICAL-000492,2026-08-01T23:00:40,MRC_002,CUST-0278,PROC_A,wallet,US,15686,USD,2026-08-01,PAY-100492,posted
INT-HISTORICAL-000493,2026-08-01T23:02:05,MRC_001,CUST-0359,PROC_C,card,US,3330,USD,2026-08-01,PAY-100493,posted
INT-HISTORICAL-000494,2026-08-01T23:04:50,MRC_004,CUST-0074,PROC_B,card,US,5662,USD,2026-08-01,PAY-100494,posted
INT-HISTORICAL-000495,2026-08-01T23:06:56,MRC_003,CUST-0196,PROC_C,wallet,US,1880,USD,2026-08-01,PAY-100495,posted
INT-HISTORICAL-000496,2026-08-01T23:08:11,MRC_005,CUST-0181,PROC_A,wallet,CA,7221,USD,2026-08-01,PAY-100496,posted
INT-HISTORICAL-000497,2026-08-01T23:08:52,MRC_003,CUST-0378,PROC_C,ach,US,14988,USD,2026-08-01,PAY-100497,posted
INT-HISTORICAL-000498,2026-08-01T23:11:03,MRC_004,CUST-0101,PROC_C,wallet,DE,29627,EUR,2026-08-01,PAY-100498,posted
INT-HISTORICAL-000499,2026-08-01T23:11:24,MRC_001,CUST-0046,PROC_A,card,GB,24614,EUR,2026-08-01,PAY-100499,posted
INT-HISTORICAL-000500,2026-08-01T23:13:41,MRC_002,CUST-0039,PROC_A,wire,US,7101,USD,2026-08-01,PAY-100500,posted
INT-HISTORICAL-000501,2026-08-01T23:16:18,MRC_004,CUST-0389,PROC_C,card,US,4735,USD,2026-08-01,PAY-100501,posted
INT-HISTORICAL-000502,2026-08-01T23:17:27,MRC_003,CUST-0142,PROC_B,wire,CA,20314,USD,2026-08-01,PAY-100502,posted
INT-HISTORICAL-000503,2026-08-01T23:20:23,MRC_003,CUST-0343,PROC_A,wire,DE,22685,GBP,2026-08-01,PAY-100503,posted
INT-HISTORICAL-000504,2026-08-01T23:20:48,MRC_005,CUST-0231,PROC_C,wallet,US,7507,USD,2026-08-01,PAY-100504,posted
INT-HISTORICAL-000505,2026-08-01T23:23:30,MRC_005,CUST-0152,PROC_A,card,US,9005,USD,2026-08-01,PAY-100505,posted
INT-HISTORICAL-000506,2026-08-01T23:25:13,MRC_005,CUST-0146,PROC_B,wallet,DE,10827,USD,2026-08-01,PAY-100506,posted
INT-HISTORICAL-000507,2026-08-01T23:25:58,MRC_005,CUST-0135,PROC_C,ach,CA,2697,USD,2026-08-01,PAY-100507,posted
INT-HISTORICAL-000508,2026-08-01T23:27:32,MRC_001,CUST-0109,PROC_A,ach,DE,46611,USD,2026-08-01,PAY-100508,posted
INT-HISTORICAL-000509,2026-08-01T23:29:55,MRC_005,CUST-0149,PROC_B,card,GB,4198,GBP,2026-08-01,PAY-100509,posted
INT-HISTORICAL-000510,2026-08-01T23:31:33,MRC_005,CUST-0208,PROC_B,wire,GB,43671,USD,2026-08-01,PAY-100510,posted
INT-HISTORICAL-000511,2026-08-01T23:34:04,MRC_001,CUST-0183,PROC_B,card,GB,17700,GBP,2026-08-01,PAY-100511,posted
INT-HISTORICAL-000512,2026-08-01T23:36:41,MRC_001,CUST-0252,PROC_A,ach,US,7632,USD,2026-08-01,PAY-100512,posted
INT-HISTORICAL-000513,2026-08-01T23:38:17,MRC_003,CUST-0026,PROC_C,card,DE,16689,USD,2026-08-01,PAY-100513,posted
INT-HISTORICAL-000514,2026-08-01T23:39:34,MRC_005,CUST-0397,PROC_A,ach,US,14373,USD,2026-08-01,PAY-100514,posted
INT-HISTORICAL-000515,2026-08-01T23:40:43,MRC_004,CUST-0306,PROC_B,card,CA,14777,EUR,2026-08-01,PAY-100515,posted
INT-HISTORICAL-000516,2026-08-01T23:42:15,MRC_001,CUST-0380,PROC_B,ach,US,7463,USD,2026-08-01,PAY-100516,posted
INT-HISTORICAL-000517,2026-08-01T23:44:55,MRC_005,CUST-0357,PROC_C,wire,DE,7036,USD,2026-08-01,PAY-100517,posted
INT-HISTORICAL-000518,2026-08-01T23:45:20,MRC_002,CUST-0211,PROC_A,wallet,DE,39683,USD,2026-08-01,PAY-100518,posted
INT-HISTORICAL-000519,2026-08-01T23:48:12,MRC_005,CUST-0272,PROC_B,ach,US,1409,EUR,2026-08-01,PAY-100519,posted
INT-HISTORICAL-000520,2026-08-01T23:49:09,MRC_005,CUST-0056,PROC_C,ach,US,2874,USD,2026-08-01,PAY-100520,posted
INT-HISTORICAL-000521,2026-08-01T23:50:57,MRC_003,CUST-0134,PROC_C,wallet,GB,124862,GBP,2026-08-01,PAY-100521,posted
INT-HISTORICAL-000522,2026-08-01T23:52:26,MRC_001,CUST-0368,PROC_A,wallet,US,2740,USD,2026-08-01,PAY-100522,posted
INT-HISTORICAL-000523,2026-08-01T23:53:27,MRC_002,CUST-0121,PROC_A,ach,US,961,USD,2026-08-01,PAY-100523,posted
INT-HISTORICAL-000524,2026-08-01T23:54:18,MRC_002,CUST-0351,PROC_A,card,US,9035,USD,2026-08-01,PAY-100524,posted
INT-HISTORICAL-000525,2026-08-01T23:55:49,MRC_003,CUST-0120,PROC_B,wallet,US,13570,GBP,2026-08-01,PAY-100525,posted
INT-HISTORICAL-000526,2026-08-01T23:58:49,MRC_005,CUST-0264,PROC_C,wallet,US,52014,USD,2026-08-01,PAY-100526,posted
INT-HISTORICAL-000527,2026-08-02T00:00:56,MRC_002,CUST-0262,PROC_B,wire,DE,30700,USD,2026-08-02,PAY-100527,posted
INT-HISTORICAL-000528,2026-08-02T00:03:31,MRC_002,CUST-0149,PROC_A,wallet,DE,12937,USD,2026-08-02,PAY-100528,posted
INT-HISTORICAL-000529,2026-08-02T00:04:52,MRC_001,CUST-0096,PROC_B,wallet,GB,12790,EUR,2026-08-02,PAY-100529,posted
INT-HISTORICAL-000530,2026-08-02T00:07:09,MRC_002,CUST-0016,PROC_B,ach,US,3281,USD,2026-08-02,PAY-100530,posted
INT-HISTORICAL-000531,2026-08-02T00:09:21,MRC_002,CUST-0264,PROC_A,wallet,GB,15543,USD,2026-08-02,PAY-100531,posted
INT-HISTORICAL-000532,2026-08-02T00:11:03,MRC_005,CUST-0375,PROC_C,ach,DE,13832,USD,2026-08-02,PAY-100532,posted
INT-HISTORICAL-000533,2026-08-02T00:12:50,MRC_005,CUST-0111,PROC_A,wire,DE,12447,USD,2026-08-02,PAY-100533,posted
INT-HISTORICAL-000534,2026-08-02T00:14:54,MRC_001,CUST-0053,PROC_A,wallet,US,63847,USD,2026-08-02,PAY-100534,posted
INT-HISTORICAL-000535,2026-08-02T00:16:26,MRC_005,CUST-0284,PROC_A,ach,GB,15548,USD,2026-08-02,PAY-100535,posted
INT-HISTORICAL-000536,2026-08-02T00:18:24,MRC_002,CUST-0310,PROC_A,wire,DE,26272,USD,2026-08-02,PAY-100536,posted
INT-HISTORICAL-000537,2026-08-02T00:19:17,MRC_003,CUST-0319,PROC_C,wire,US,5083,USD,2026-08-02,PAY-100537,posted
INT-HISTORICAL-000538,2026-08-02T00:21:21,MRC_002,CUST-0045,PROC_C,card,GB,42786,USD,2026-08-02,PAY-100538,posted
INT-HISTORICAL-000539,2026-08-02T00:21:46,MRC_003,CUST-0094,PROC_C,ach,US,2192,GBP,2026-08-02,PAY-100539,posted
INT-HISTORICAL-000540,2026-08-02T00:22:35,MRC_004,CUST-0371,PROC_C,ach,DE,7167,USD,2026-08-02,PAY-100540,posted
INT-HISTORICAL-000541,2026-08-02T00:25:05,MRC_005,CUST-0207,PROC_B,ach,US,11595,EUR,2026-08-02,PAY-100541,posted
INT-HISTORICAL-000542,2026-08-02T00:27:32,MRC_002,CUST-0362,PROC_C,card,US,4312,USD,2026-08-02,PAY-100542,posted
INT-HISTORICAL-000543,2026-08-02T00:29:30,MRC_005,CUST-0257,PROC_A,card,DE,5684,GBP,2026-08-02,PAY-100543,posted
INT-HISTORICAL-000544,2026-08-02T00:32:02,MRC_004,CUST-0338,PROC_A,wallet,GB,20148,USD,2026-08-02,PAY-100544,posted
INT-HISTORICAL-000545,2026-08-02T00:33:03,MRC_001,CUST-0180,PROC_B,card,DE,12890,USD,2026-08-02,PAY-100545,posted
INT-HISTORICAL-000546,2026-08-02T00:35:27,MRC_005,CUST-0367,PROC_A,wire,DE,15589,GBP,2026-08-02,PAY-100546,posted
INT-HISTORICAL-000547,2026-08-02T00:35:47,MRC_002,CUST-0061,PROC_C,wallet,US,2130,USD,2026-08-02,PAY-100547,posted
INT-HISTORICAL-000548,2026-08-02T00:36:22,MRC_002,CUST-0117,PROC_A,wire,CA,8252,GBP,2026-08-02,PAY-100548,posted
INT-HISTORICAL-000549,2026-08-02T00:38:03,MRC_002,CUST-0317,PROC_B,ach,GB,3463,USD,2026-08-02,PAY-100549,posted
INT-HISTORICAL-000550,2026-08-02T00:40:41,MRC_002,CUST-0008,PROC_B,ach,US,84059,USD,2026-08-02,PAY-100550,posted
INT-HISTORICAL-000551,2026-08-02T00:42:25,MRC_004,CUST-0070,PROC_A,wire,CA,4106,EUR,2026-08-02,PAY-100551,posted
INT-HISTORICAL-000552,2026-08-02T00:44:06,MRC_003,CUST-0111,PROC_C,wallet,US,152297,USD,2026-08-02,PAY-100552,posted
INT-HISTORICAL-000553,2026-08-02T00:45:25,MRC_004,CUST-0094,PROC_B,wire,US,22051,USD,2026-08-02,PAY-100553,posted
INT-HISTORICAL-000554,2026-08-02T00:46:10,MRC_005,CUST-0094,PROC_B,wallet,US,8688,USD,2026-08-02,PAY-100554,posted
INT-HISTORICAL-000555,2026-08-02T00:49:00,MRC_001,CUST-0226,PROC_C,ach,US,8745,USD,2026-08-02,PAY-100555,posted
INT-HISTORICAL-000556,2026-08-02T00:50:30,MRC_002,CUST-0189,PROC_C,card,DE,4967,EUR,2026-08-02,PAY-100556,posted
INT-HISTORICAL-000557,2026-08-02T00:51:16,MRC_002,CUST-0142,PROC_C,ach,US,2097,EUR,2026-08-02,PAY-100557,posted
INT-HISTORICAL-000558,2026-08-02T00:53:42,MRC_005,CUST-0371,PROC_B,wire,US,14091,USD,2026-08-02,PAY-100558,posted
INT-HISTORICAL-000559,2026-08-02T00:54:26,MRC_004,CUST-0014,PROC_C,wire,CA,12182,USD,2026-08-02,PAY-100559,posted
INT-HISTORICAL-000560,2026-08-02T00:56:24,MRC_005,CUST-0198,PROC_A,wallet,GB,7176,USD,2026-08-02,PAY-100560,posted
INT-HISTORICAL-000561,2026-08-02T00:57:15,MRC_001,CUST-0080,PROC_C,ach,US,9427,USD,2026-08-02,PAY-100561,posted
INT-HISTORICAL-000562,2026-08-02T00:58:30,MRC_003,CUST-0019,PROC_A,ach,US,14843,USD,2026-08-02,PAY-100562,posted
INT-HISTORICAL-000563,2026-08-02T01:00:06,MRC_002,CUST-0096,PROC_A,wire,CA,20661,USD,2026-08-02,PAY-100563,posted
INT-HISTORICAL-000564,2026-08-02T01:02:31,MRC_004,CUST-0258,PROC_B,wire,GB,20456,EUR,2026-08-02,PAY-100564,posted
INT-HISTORICAL-000565,2026-08-02T01:05:04,MRC_001,CUST-0087,PROC_A,wire,CA,29211,GBP,2026-08-02,PAY-100565,posted
INT-HISTORICAL-000566,2026-08-02T01:05:34,MRC_003,CUST-0217,PROC_C,ach,US,23283,USD,2026-08-02,PAY-100566,posted
INT-HISTORICAL-000567,2026-08-02T01:06:21,MRC_002,CUST-0351,PROC_A,wallet,GB,13692,USD,2026-08-02,PAY-100567,posted
INT-HISTORICAL-000568,2026-08-02T01:08:40,MRC_005,CUST-0121,PROC_B,ach,US,16509,GBP,2026-08-02,PAY-100568,posted
INT-HISTORICAL-000569,2026-08-02T01:10:19,MRC_005,CUST-0376,PROC_C,card,CA,3464,USD,2026-08-02,PAY-100569,posted
INT-HISTORICAL-000570,2026-08-02T01:12:36,MRC_005,CUST-0254,PROC_A,wallet,CA,26963,EUR,2026-08-02,PAY-100570,posted
INT-HISTORICAL-000571,2026-08-02T01:13:24,MRC_002,CUST-0198,PROC_B,wallet,US,8314,EUR,2026-08-02,PAY-100571,posted
INT-HISTORICAL-000572,2026-08-02T01:16:15,MRC_001,CUST-0275,PROC_B,wallet,US,14693,USD,2026-08-02,PAY-100572,posted
INT-HISTORICAL-000573,2026-08-02T01:19:05,MRC_003,CUST-0016,PROC_A,ach,US,2103,GBP,2026-08-02,PAY-100573,posted
INT-HISTORICAL-000574,2026-08-02T01:20:33,MRC_001,CUST-0123,PROC_A,wallet,US,3608,USD,2026-08-02,PAY-100574,posted
INT-HISTORICAL-000575,2026-08-02T01:22:41,MRC_001,CUST-0387,PROC_C,card,US,13394,USD,2026-08-02,PAY-100575,posted
INT-HISTORICAL-000576,2026-08-02T01:25:32,MRC_004,CUST-0017,PROC_C,card,GB,30776,USD,2026-08-02,PAY-100576,posted
INT-HISTORICAL-000577,2026-08-02T01:27:21,MRC_003,CUST-0138,PROC_A,ach,US,13778,EUR,2026-08-02,PAY-100577,posted
INT-HISTORICAL-000578,2026-08-02T01:28:13,MRC_001,CUST-0347,PROC_B,wire,US,15446,GBP,2026-08-02,PAY-100578,posted
INT-HISTORICAL-000579,2026-08-02T01:30:22,MRC_004,CUST-0316,PROC_B,wallet,US,5053,USD,2026-08-02,PAY-100579,posted
INT-HISTORICAL-000580,2026-08-02T01:33:08,MRC_005,CUST-0256,PROC_A,wire,GB,17118,EUR,2026-08-02,PAY-100580,posted
INT-HISTORICAL-000581,2026-08-02T01:34:04,MRC_003,CUST-0290,PROC_A,card,US,18095,USD,2026-08-02,PAY-100581,posted
INT-HISTORICAL-000582,2026-08-02T01:36:46,MRC_005,CUST-0296,PROC_B,wire,DE,15360,GBP,2026-08-02,PAY-100582,posted
INT-HISTORICAL-000583,2026-08-02T01:37:55,MRC_002,CUST-0373,PROC_B,card,DE,7556,USD,2026-08-02,PAY-100583,posted
INT-HISTORICAL-000584,2026-08-02T01:39:13,MRC_002,CUST-0332,PROC_C,ach,DE,26034,USD,2026-08-02,PAY-100584,posted
INT-HISTORICAL-000585,2026-08-02T01:39:45,MRC_001,CUST-0159,PROC_C,ach,US,18462,GBP,2026-08-02,PAY-100585,posted
INT-HISTORICAL-000586,2026-08-02T01:41:14,MRC_003,CUST-0101,PROC_B,card,CA,17833,EUR,2026-08-02,PAY-100586,posted
INT-HISTORICAL-000587,2026-08-02T01:43:01,MRC_005,CUST-0334,PROC_A,ach,DE,44968,USD,2026-08-02,PAY-100587,posted
INT-HISTORICAL-000588,2026-08-02T01:45:05,MRC_005,CUST-0353,PROC_C,wallet,US,9231,USD,2026-08-02,PAY-100588,posted
INT-HISTORICAL-000589,2026-08-02T01:47:17,MRC_004,CUST-0349,PROC_C,ach,US,4071,USD,2026-08-02,PAY-100589,posted
INT-HISTORICAL-000590,2026-08-02T01:49:24,MRC_004,CUST-0094,PROC_C,card,US,63751,EUR,2026-08-02,PAY-100590,posted
INT-HISTORICAL-000591,2026-08-02T01:51:09,MRC_004,CUST-0055,PROC_C,wallet,US,10420,GBP,2026-08-02,PAY-100591,posted
INT-HISTORICAL-000592,2026-08-02T01:53:31,MRC_003,CUST-0008,PROC_B,card,US,3323,USD,2026-08-02,PAY-100592,posted
INT-HISTORICAL-000593,2026-08-02T01:55:40,MRC_002,CUST-0324,PROC_B,card,US,12930,USD,2026-08-02,PAY-100593,posted
INT-HISTORICAL-000594,2026-08-02T01:56:03,MRC_001,CUST-0100,PROC_A,ach,US,13174,USD,2026-08-02,PAY-100594,posted
INT-HISTORICAL-000595,2026-08-02T01:57:38,MRC_004,CUST-0017,PROC_C,ach,DE,4102,GBP,2026-08-02,PAY-100595,posted
INT-HISTORICAL-000596,2026-08-02T01:59:22,MRC_003,CUST-0090,PROC_B,ach,US,10446,USD,2026-08-02,PAY-100596,posted
INT-HISTORICAL-000597,2026-08-02T02:00:34,MRC_001,CUST-0335,PROC_B,card,US,22710,USD,2026-08-02,PAY-100597,posted
INT-HISTORICAL-000598,2026-08-02T02:03:23,MRC_005,CUST-0154,PROC_B,wallet,GB,3173,USD,2026-08-02,PAY-100598,posted
INT-HISTORICAL-000599,2026-08-02T02:04:23,MRC_004,CUST-0096,PROC_C,wire,DE,6922,USD,2026-08-02,PAY-100599,posted
INT-HISTORICAL-000600,2026-08-02T02:05:26,MRC_002,CUST-0171,PROC_C,wire,US,37717,USD,2026-08-02,PAY-100600,posted
INT-HISTORICAL-000601,2026-08-02T02:06:39,MRC_002,CUST-0086,PROC_A,wire,US,8191,USD,2026-08-02,PAY-100601,posted
INT-HISTORICAL-000602,2026-08-02T02:08:36,MRC_002,CUST-0006,PROC_C,card,US,4530,EUR,2026-08-02,PAY-100602,posted
INT-HISTORICAL-000603,2026-08-02T02:10:48,MRC_005,CUST-0052,PROC_A,wire,US,7611,EUR,2026-08-02,PAY-100603,posted
INT-HISTORICAL-000604,2026-08-02T02:13:19,MRC_004,CUST-0182,PROC_B,wire,US,21291,USD,2026-08-02,PAY-100604,posted
INT-HISTORICAL-000605,2026-08-02T02:15:19,MRC_002,CUST-0070,PROC_C,wallet,CA,7529,EUR,2026-08-02,PAY-100605,posted
INT-HISTORICAL-000606,2026-08-02T02:17:20,MRC_001,CUST-0215,PROC_A,wire,US,3853,EUR,2026-08-02,PAY-100606,posted
INT-HISTORICAL-000607,2026-08-02T02:18:22,MRC_001,CUST-0132,PROC_B,wire,US,9908,EUR,2026-08-02,PAY-100607,posted
INT-HISTORICAL-000608,2026-08-02T02:19:08,MRC_004,CUST-0376,PROC_C,ach,CA,5955,USD,2026-08-02,PAY-100608,posted
INT-HISTORICAL-000609,2026-08-02T02:19:49,MRC_005,CUST-0215,PROC_B,wallet,US,4514,USD,2026-08-02,PAY-100609,posted
INT-HISTORICAL-000610,2026-08-02T02:21:49,MRC_002,CUST-0107,PROC_C,wire,US,30282,EUR,2026-08-02,PAY-100610,posted
INT-HISTORICAL-000611,2026-08-02T02:22:32,MRC_005,CUST-0217,PROC_A,card,DE,15814,USD,2026-08-02,PAY-100611,posted
INT-HISTORICAL-000612,2026-08-02T02:23:03,MRC_004,CUST-0155,PROC_A,ach,CA,6958,USD,2026-08-02,PAY-100612,posted
INT-HISTORICAL-000613,2026-08-02T02:23:57,MRC_004,CUST-0218,PROC_C,wire,CA,6660,USD,2026-08-02,PAY-100613,posted
INT-HISTORICAL-000614,2026-08-02T02:24:54,MRC_005,CUST-0272,PROC_C,ach,US,8456,USD,2026-08-02,PAY-100614,posted
INT-HISTORICAL-000615,2026-08-02T02:27:43,MRC_005,CUST-0101,PROC_B,ach,US,5273,USD,2026-08-02,PAY-100615,posted
INT-HISTORICAL-000616,2026-08-02T02:30:36,MRC_005,CUST-0305,PROC_B,card,GB,2627,USD,2026-08-02,PAY-100616,posted
INT-HISTORICAL-000617,2026-08-02T02:32:23,MRC_003,CUST-0295,PROC_A,wire,CA,2366,USD,2026-08-02,PAY-100617,posted
INT-HISTORICAL-000618,2026-08-02T02:32:50,MRC_004,CUST-0040,PROC_B,card,US,17124,USD,2026-08-02,PAY-100618,posted
INT-HISTORICAL-000619,2026-08-02T02:35:49,MRC_003,CUST-0249,PROC_A,wire,GB,30102,USD,2026-08-02,PAY-100619,posted
INT-HISTORICAL-000620,2026-08-02T02:38:14,MRC_004,CUST-0399,PROC_C,wire,CA,10694,USD,2026-08-02,PAY-100620,posted
INT-HISTORICAL-000621,2026-08-02T02:39:15,MRC_001,CUST-0067,PROC_A,card,US,7827,USD,2026-08-02,PAY-100621,posted
INT-HISTORICAL-000622,2026-08-02T02:39:36,MRC_005,CUST-0160,PROC_A,card,CA,4617,USD,2026-08-02,PAY-100622,posted
INT-HISTORICAL-000623,2026-08-02T02:42:12,MRC_005,CUST-0142,PROC_B,wire,GB,9632,EUR,2026-08-02,PAY-100623,posted
INT-HISTORICAL-000624,2026-08-02T02:42:44,MRC_001,CUST-0104,PROC_A,wallet,US,6858,EUR,2026-08-02,PAY-100624,posted
INT-HISTORICAL-000625,2026-08-02T02:44:58,MRC_002,CUST-0359,PROC_B,wallet,US,6437,USD,2026-08-02,PAY-100625,posted
INT-HISTORICAL-000626,2026-08-02T02:47:06,MRC_005,CUST-0201,PROC_A,wallet,GB,4042,USD,2026-08-02,PAY-100626,posted
INT-HISTORICAL-000627,2026-08-02T02:49:07,MRC_001,CUST-0393,PROC_C,card,CA,3253,EUR,2026-08-02,PAY-100627,posted
INT-HISTORICAL-000628,2026-08-02T02:49:56,MRC_003,CUST-0091,PROC_B,ach,US,17721,USD,2026-08-02,PAY-100628,posted
INT-HISTORICAL-000629,2026-08-02T02:52:20,MRC_002,CUST-0065,PROC_A,wire,CA,16015,GBP,2026-08-02,PAY-100629,posted
INT-HISTORICAL-000630,2026-08-02T02:54:38,MRC_003,CUST-0280,PROC_C,card,US,54064,USD,2026-08-02,PAY-100630,posted
INT-HISTORICAL-000631,2026-08-02T02:56:05,MRC_002,CUST-0007,PROC_A,ach,DE,9676,USD,2026-08-02,PAY-100631,posted
INT-HISTORICAL-000632,2026-08-02T02:56:58,MRC_005,CUST-0177,PROC_C,card,DE,34469,USD,2026-08-02,PAY-100632,posted
INT-HISTORICAL-000633,2026-08-02T02:59:49,MRC_002,CUST-0180,PROC_A,card,US,24185,GBP,2026-08-02,PAY-100633,posted
INT-HISTORICAL-000634,2026-08-02T03:02:23,MRC_001,CUST-0189,PROC_C,card,US,22075,GBP,2026-08-02,PAY-100634,posted
INT-HISTORICAL-000635,2026-08-02T03:03:59,MRC_001,CUST-0275,PROC_C,card,US,3425,USD,2026-08-02,PAY-100635,posted
INT-HISTORICAL-000636,2026-08-02T03:04:31,MRC_001,CUST-0190,PROC_C,card,US,2672,USD,2026-08-02,PAY-100636,posted
INT-HISTORICAL-000637,2026-08-02T03:07:25,MRC_002,CUST-0024,PROC_B,wallet,DE,12169,USD,2026-08-02,PAY-100637,posted
INT-HISTORICAL-000638,2026-08-02T03:09:55,MRC_002,CUST-0296,PROC_B,wallet,GB,2650,USD,2026-08-02,PAY-100638,posted
INT-HISTORICAL-000639,2026-08-02T03:11:55,MRC_004,CUST-0085,PROC_A,wallet,GB,5511,USD,2026-08-02,PAY-100639,posted
INT-HISTORICAL-000640,2026-08-02T03:12:36,MRC_001,CUST-0330,PROC_A,ach,CA,38176,USD,2026-08-02,PAY-100640,posted
INT-HISTORICAL-000641,2026-08-02T03:13:19,MRC_003,CUST-0291,PROC_A,wallet,GB,15267,USD,2026-08-02,PAY-100641,posted
INT-HISTORICAL-000642,2026-08-02T03:14:22,MRC_005,CUST-0241,PROC_B,wallet,CA,4447,EUR,2026-08-02,PAY-100642,posted
INT-HISTORICAL-000643,2026-08-02T03:15:22,MRC_004,CUST-0300,PROC_B,ach,GB,2425,USD,2026-08-02,PAY-100643,posted
INT-HISTORICAL-000644,2026-08-02T03:18:06,MRC_001,CUST-0361,PROC_A,wallet,US,14799,EUR,2026-08-02,PAY-100644,posted
INT-HISTORICAL-000645,2026-08-02T03:19:27,MRC_005,CUST-0114,PROC_A,wallet,CA,22368,USD,2026-08-02,PAY-100645,posted
INT-HISTORICAL-000646,2026-08-02T03:21:25,MRC_001,CUST-0207,PROC_B,card,DE,28437,EUR,2026-08-02,PAY-100646,posted
INT-HISTORICAL-000647,2026-08-02T03:22:27,MRC_002,CUST-0047,PROC_A,wire,GB,7632,USD,2026-08-02,PAY-100647,posted
INT-HISTORICAL-000648,2026-08-02T03:24:51,MRC_001,CUST-0002,PROC_B,wallet,DE,5915,GBP,2026-08-02,PAY-100648,posted
INT-HISTORICAL-000649,2026-08-02T03:26:11,MRC_004,CUST-0330,PROC_A,card,US,17465,USD,2026-08-02,PAY-100649,posted
INT-HISTORICAL-000650,2026-08-02T03:27:30,MRC_004,CUST-0281,PROC_B,card,US,38822,USD,2026-08-02,PAY-100650,posted
INT-HISTORICAL-000651,2026-08-02T03:28:45,MRC_001,CUST-0225,PROC_A,wire,CA,61284,USD,2026-08-02,PAY-100651,posted
INT-HISTORICAL-000652,2026-08-02T03:30:56,MRC_005,CUST-0037,PROC_A,wire,CA,18521,USD,2026-08-02,PAY-100652,posted
INT-HISTORICAL-000653,2026-08-02T03:32:18,MRC_003,CUST-0078,PROC_B,wallet,US,3937,EUR,2026-08-02,PAY-100653,posted
INT-HISTORICAL-000654,2026-08-02T03:32:42,MRC_001,CUST-0241,PROC_B,wire,US,27055,USD,2026-08-02,PAY-100654,posted
INT-HISTORICAL-000655,2026-08-02T03:33:49,MRC_002,CUST-0109,PROC_C,wallet,DE,3560,EUR,2026-08-02,PAY-100655,posted
INT-HISTORICAL-000656,2026-08-02T03:35:55,MRC_002,CUST-0077,PROC_A,wire,CA,4982,USD,2026-08-02,PAY-100656,posted
INT-HISTORICAL-000657,2026-08-02T03:36:50,MRC_004,CUST-0126,PROC_C,wallet,CA,12025,USD,2026-08-02,PAY-100657,posted
INT-HISTORICAL-000658,2026-08-02T03:39:41,MRC_005,CUST-0240,PROC_A,wallet,DE,5359,USD,2026-08-02,PAY-100658,posted
INT-HISTORICAL-000659,2026-08-02T03:41:33,MRC_002,CUST-0160,PROC_B,wire,CA,49116,USD,2026-08-02,PAY-100659,posted
INT-HISTORICAL-000660,2026-08-02T03:42:46,MRC_001,CUST-0342,PROC_A,ach,GB,14787,USD,2026-08-02,PAY-100660,posted
INT-HISTORICAL-000661,2026-08-02T03:43:41,MRC_003,CUST-0129,PROC_B,wire,CA,39712,EUR,2026-08-02,PAY-100661,posted
INT-HISTORICAL-000662,2026-08-02T03:44:09,MRC_005,CUST-0103,PROC_B,wire,US,10091,USD,2026-08-02,PAY-100662,posted
INT-HISTORICAL-000663,2026-08-02T03:45:07,MRC_001,CUST-0140,PROC_C,wallet,US,5833,USD,2026-08-02,PAY-100663,posted
INT-HISTORICAL-000664,2026-08-02T03:47:33,MRC_002,CUST-0173,PROC_A,card,US,6705,USD,2026-08-02,PAY-100664,posted
INT-HISTORICAL-000665,2026-08-02T03:47:54,MRC_003,CUST-0354,PROC_C,wire,GB,4124,EUR,2026-08-02,PAY-100665,posted
INT-HISTORICAL-000666,2026-08-02T03:49:57,MRC_004,CUST-0083,PROC_C,wire,US,20261,USD,2026-08-02,PAY-100666,posted
INT-HISTORICAL-000667,2026-08-02T03:52:45,MRC_001,CUST-0209,PROC_A,card,CA,73086,USD,2026-08-02,PAY-100667,posted
INT-HISTORICAL-000668,2026-08-02T03:54:14,MRC_001,CUST-0336,PROC_B,wallet,US,3544,USD,2026-08-02,PAY-100668,posted
INT-HISTORICAL-000669,2026-08-02T03:55:06,MRC_003,CUST-0208,PROC_B,card,GB,2086,USD,2026-08-02,PAY-100669,posted
INT-HISTORICAL-000670,2026-08-02T03:55:33,MRC_003,CUST-0133,PROC_A,card,US,19146,USD,2026-08-02,PAY-100670,posted
INT-HISTORICAL-000671,2026-08-02T03:56:26,MRC_005,CUST-0285,PROC_C,ach,GB,17819,USD,2026-08-02,PAY-100671,posted
INT-HISTORICAL-000672,2026-08-02T03:58:55,MRC_005,CUST-0244,PROC_B,wallet,US,4047,USD,2026-08-02,PAY-100672,posted
INT-HISTORICAL-000673,2026-08-02T03:59:29,MRC_003,CUST-0080,PROC_B,wire,CA,8097,USD,2026-08-02,PAY-100673,posted
INT-HISTORICAL-000674,2026-08-02T03:59:55,MRC_002,CUST-0319,PROC_B,wire,US,9385,USD,2026-08-02,PAY-100674,posted
INT-HISTORICAL-000675,2026-08-02T04:02:53,MRC_001,CUST-0275,PROC_A,wallet,US,2272,USD,2026-08-02,PAY-100675,posted
INT-HISTORICAL-000676,2026-08-02T04:03:16,MRC_005,CUST-0146,PROC_A,wire,CA,12488,USD,2026-08-02,PAY-100676,posted
INT-HISTORICAL-000677,2026-08-02T04:05:31,MRC_004,CUST-0234,PROC_B,wire,CA,2657,USD,2026-08-02,PAY-100677,posted
INT-HISTORICAL-000678,2026-08-02T04:08:03,MRC_001,CUST-0032,PROC_B,card,US,8873,USD,2026-08-02,PAY-100678,posted
INT-HISTORICAL-000679,2026-08-02T04:10:09,MRC_003,CUST-0216,PROC_C,wire,DE,23071,GBP,2026-08-02,PAY-100679,posted
INT-HISTORICAL-000680,2026-08-02T04:11:05,MRC_001,CUST-0192,PROC_C,card,US,63660,USD,2026-08-02,PAY-100680,posted
INT-HISTORICAL-000681,2026-08-02T04:11:42,MRC_001,CUST-0120,PROC_A,ach,DE,3112,USD,2026-08-02,PAY-100681,posted
INT-HISTORICAL-000682,2026-08-02T04:14:33,MRC_005,CUST-0064,PROC_A,ach,US,32987,USD,2026-08-02,PAY-100682,posted
INT-HISTORICAL-000683,2026-08-02T04:15:11,MRC_004,CUST-0193,PROC_C,card,DE,19098,USD,2026-08-02,PAY-100683,posted
INT-HISTORICAL-000684,2026-08-02T04:18:06,MRC_002,CUST-0239,PROC_B,ach,US,18964,EUR,2026-08-02,PAY-100684,posted
INT-HISTORICAL-000685,2026-08-02T04:19:28,MRC_003,CUST-0398,PROC_A,wire,CA,26386,USD,2026-08-02,PAY-100685,posted
INT-HISTORICAL-000686,2026-08-02T04:20:48,MRC_004,CUST-0121,PROC_C,wallet,US,35360,USD,2026-08-02,PAY-100686,posted
INT-HISTORICAL-000687,2026-08-02T04:22:07,MRC_005,CUST-0365,PROC_B,wallet,US,3346,USD,2026-08-02,PAY-100687,posted
INT-HISTORICAL-000688,2026-08-02T04:24:38,MRC_004,CUST-0240,PROC_A,ach,US,4987,USD,2026-08-02,PAY-100688,posted
INT-HISTORICAL-000689,2026-08-02T04:27:05,MRC_005,CUST-0362,PROC_A,card,US,11088,USD,2026-08-02,PAY-100689,posted
INT-HISTORICAL-000690,2026-08-02T04:29:32,MRC_001,CUST-0313,PROC_A,wallet,DE,5197,USD,2026-08-02,PAY-100690,posted
INT-HISTORICAL-000691,2026-08-02T04:30:08,MRC_003,CUST-0368,PROC_B,wire,US,28088,USD,2026-08-02,PAY-100691,posted
INT-HISTORICAL-000692,2026-08-02T04:31:21,MRC_001,CUST-0057,PROC_C,card,US,13991,EUR,2026-08-02,PAY-100692,posted
INT-HISTORICAL-000693,2026-08-02T04:33:59,MRC_003,CUST-0390,PROC_A,ach,US,6187,USD,2026-08-02,PAY-100693,posted
INT-HISTORICAL-000694,2026-08-02T04:35:54,MRC_002,CUST-0381,PROC_A,card,GB,15414,USD,2026-08-02,PAY-100694,posted
INT-HISTORICAL-000695,2026-08-02T04:37:59,MRC_005,CUST-0251,PROC_B,wire,US,4243,GBP,2026-08-02,PAY-100695,posted
INT-HISTORICAL-000696,2026-08-02T04:38:37,MRC_001,CUST-0058,PROC_C,wallet,US,4339,USD,2026-08-02,PAY-100696,posted
INT-HISTORICAL-000697,2026-08-02T04:39:52,MRC_003,CUST-0400,PROC_A,wallet,US,43338,EUR,2026-08-02,PAY-100697,posted
INT-HISTORICAL-000698,2026-08-02T04:41:13,MRC_004,CUST-0131,PROC_A,wire,US,40235,USD,2026-08-02,PAY-100698,posted
INT-HISTORICAL-000699,2026-08-02T04:43:08,MRC_003,CUST-0168,PROC_B,wire,US,4524,USD,2026-08-02,PAY-100699,posted
INT-HISTORICAL-000700,2026-08-02T04:43:29,MRC_001,CUST-0099,PROC_C,ach,CA,11283,USD,2026-08-02,PAY-100700,posted
INT-HISTORICAL-000701,2026-08-02T04:43:51,MRC_005,CUST-0123,PROC_A,wallet,CA,4661,EUR,2026-08-02,PAY-100701,posted
INT-HISTORICAL-000702,2026-08-02T04:44:47,MRC_003,CUST-0168,PROC_A,wallet,DE,7057,USD,2026-08-02,PAY-100702,posted
INT-HISTORICAL-000703,2026-08-02T04:46:55,MRC_005,CUST-0180,PROC_B,card,US,1117,USD,2026-08-02,PAY-100703,posted
INT-HISTORICAL-000704,2026-08-02T04:49:43,MRC_004,CUST-0030,PROC_A,card,GB,7498,USD,2026-08-02,PAY-100704,posted
INT-HISTORICAL-000705,2026-08-02T04:51:38,MRC_004,CUST-0053,PROC_C,wallet,DE,19393,USD,2026-08-02,PAY-100705,posted
INT-HISTORICAL-000706,2026-08-02T04:53:00,MRC_004,CUST-0322,PROC_C,wire,US,23075,USD,2026-08-02,PAY-100706,posted
INT-HISTORICAL-000707,2026-08-02T04:55:46,MRC_005,CUST-0121,PROC_B,ach,DE,3047,EUR,2026-08-02,PAY-100707,posted
INT-HISTORICAL-000708,2026-08-02T04:56:33,MRC_003,CUST-0039,PROC_A,wallet,DE,3625,USD,2026-08-02,PAY-100708,posted
INT-HISTORICAL-000709,2026-08-02T04:59:19,MRC_003,CUST-0299,PROC_C,card,US,11536,USD,2026-08-02,PAY-100709,posted
INT-HISTORICAL-000710,2026-08-02T04:59:57,MRC_004,CUST-0157,PROC_C,wallet,US,8213,USD,2026-08-02,PAY-100710,posted
INT-HISTORICAL-000711,2026-08-02T05:02:48,MRC_003,CUST-0208,PROC_B,ach,GB,3127,USD,2026-08-02,PAY-100711,posted
INT-HISTORICAL-000712,2026-08-02T05:04:42,MRC_002,CUST-0169,PROC_B,wallet,GB,4008,USD,2026-08-02,PAY-100712,posted
INT-HISTORICAL-000713,2026-08-02T05:06:09,MRC_001,CUST-0052,PROC_C,ach,US,16625,GBP,2026-08-02,PAY-100713,posted
INT-HISTORICAL-000714,2026-08-02T05:08:48,MRC_001,CUST-0062,PROC_B,ach,GB,1630,USD,2026-08-02,PAY-100714,posted
INT-HISTORICAL-000715,2026-08-02T05:11:32,MRC_001,CUST-0181,PROC_C,wallet,DE,14486,EUR,2026-08-02,PAY-100715,posted
INT-HISTORICAL-000716,2026-08-02T05:14:23,MRC_003,CUST-0273,PROC_B,wallet,DE,6877,USD,2026-08-02,PAY-100716,posted
INT-HISTORICAL-000717,2026-08-02T05:14:46,MRC_001,CUST-0270,PROC_B,card,US,81878,USD,2026-08-02,PAY-100717,posted
INT-HISTORICAL-000718,2026-08-02T05:17:22,MRC_002,CUST-0347,PROC_B,wire,US,46386,USD,2026-08-02,PAY-100718,posted
INT-HISTORICAL-000719,2026-08-02T05:19:32,MRC_004,CUST-0367,PROC_A,ach,US,38166,USD,2026-08-02,PAY-100719,posted
INT-HISTORICAL-000720,2026-08-02T05:22:21,MRC_003,CUST-0206,PROC_A,ach,US,12707,USD,2026-08-02,PAY-100720,posted
INT-HISTORICAL-000721,2026-08-02T05:23:23,MRC_001,CUST-0318,PROC_B,wire,CA,1136,GBP,2026-08-02,PAY-100721,posted
INT-HISTORICAL-000722,2026-08-02T05:25:43,MRC_004,CUST-0130,PROC_A,card,DE,6759,USD,2026-08-02,PAY-100722,posted
INT-HISTORICAL-000723,2026-08-02T05:28:30,MRC_003,CUST-0273,PROC_A,wire,GB,14407,USD,2026-08-02,PAY-100723,posted
INT-HISTORICAL-000724,2026-08-02T05:30:39,MRC_005,CUST-0192,PROC_C,wallet,US,15934,USD,2026-08-02,PAY-100724,posted
INT-HISTORICAL-000725,2026-08-02T05:31:34,MRC_002,CUST-0098,PROC_C,wallet,US,23038,GBP,2026-08-02,PAY-100725,posted
INT-HISTORICAL-000726,2026-08-02T05:32:25,MRC_004,CUST-0105,PROC_B,ach,GB,8246,USD,2026-08-02,PAY-100726,posted
INT-HISTORICAL-000727,2026-08-02T05:33:50,MRC_005,CUST-0274,PROC_C,ach,US,6696,GBP,2026-08-02,PAY-100727,posted
INT-HISTORICAL-000728,2026-08-02T05:36:47,MRC_001,CUST-0069,PROC_C,wire,GB,5945,USD,2026-08-02,PAY-100728,posted
INT-HISTORICAL-000729,2026-08-02T05:39:28,MRC_005,CUST-0286,PROC_C,wallet,US,5102,USD,2026-08-02,PAY-100729,posted
INT-HISTORICAL-000730,2026-08-02T05:40:10,MRC_002,CUST-0378,PROC_B,wallet,US,176439,USD,2026-08-02,PAY-100730,posted
INT-HISTORICAL-000731,2026-08-02T05:40:37,MRC_004,CUST-0067,PROC_A,wire,GB,4356,USD,2026-08-02,PAY-100731,posted
INT-HISTORICAL-000732,2026-08-02T05:41:42,MRC_005,CUST-0233,PROC_A,card,US,19282,USD,2026-08-02,PAY-100732,posted
INT-HISTORICAL-000733,2026-08-02T05:44:33,MRC_004,CUST-0246,PROC_A,wire,CA,40511,USD,2026-08-02,PAY-100733,posted
INT-HISTORICAL-000734,2026-08-02T05:46:28,MRC_002,CUST-0223,PROC_C,wire,US,16072,USD,2026-08-02,PAY-100734,posted
INT-HISTORICAL-000735,2026-08-02T05:48:17,MRC_004,CUST-0302,PROC_A,wallet,DE,12758,USD,2026-08-02,PAY-100735,posted
INT-HISTORICAL-000736,2026-08-02T05:49:25,MRC_004,CUST-0375,PROC_B,wire,US,148279,GBP,2026-08-02,PAY-100736,posted
INT-HISTORICAL-000737,2026-08-02T05:52:14,MRC_002,CUST-0373,PROC_B,wire,DE,6524,USD,2026-08-02,PAY-100737,posted
INT-HISTORICAL-000738,2026-08-02T05:54:37,MRC_004,CUST-0299,PROC_C,card,DE,1325,EUR,2026-08-02,PAY-100738,posted
INT-HISTORICAL-000739,2026-08-02T05:56:15,MRC_005,CUST-0371,PROC_C,ach,GB,13783,GBP,2026-08-02,PAY-100739,posted
INT-HISTORICAL-000740,2026-08-02T05:57:41,MRC_003,CUST-0276,PROC_A,wire,US,6863,GBP,2026-08-02,PAY-100740,posted
INT-HISTORICAL-000741,2026-08-02T05:59:57,MRC_002,CUST-0012,PROC_A,wallet,GB,10785,USD,2026-08-02,PAY-100741,posted
INT-HISTORICAL-000742,2026-08-02T06:02:26,MRC_002,CUST-0220,PROC_C,ach,US,28059,USD,2026-08-02,PAY-100742,posted
INT-HISTORICAL-000743,2026-08-02T06:05:02,MRC_005,CUST-0259,PROC_B,wire,US,34485,USD,2026-08-02,PAY-100743,posted
INT-HISTORICAL-000744,2026-08-02T06:07:27,MRC_002,CUST-0014,PROC_A,card,US,9474,GBP,2026-08-02,PAY-100744,posted
INT-HISTORICAL-000745,2026-08-02T06:07:50,MRC_005,CUST-0318,PROC_B,wallet,US,7112,USD,2026-08-02,PAY-100745,posted
INT-HISTORICAL-000746,2026-08-02T06:09:15,MRC_002,CUST-0234,PROC_C,wire,GB,21931,USD,2026-08-02,PAY-100746,posted
INT-HISTORICAL-000747,2026-08-02T06:09:56,MRC_004,CUST-0037,PROC_A,ach,US,3312,EUR,2026-08-02,PAY-100747,posted
INT-HISTORICAL-000748,2026-08-02T06:11:40,MRC_002,CUST-0355,PROC_A,ach,US,2957,USD,2026-08-02,PAY-100748,posted
INT-HISTORICAL-000749,2026-08-02T06:13:12,MRC_005,CUST-0257,PROC_C,wire,US,63246,USD,2026-08-02,PAY-100749,posted
INT-HISTORICAL-000750,2026-08-02T06:13:43,MRC_003,CUST-0321,PROC_A,wire,US,16308,USD,2026-08-02,PAY-100750,posted
INT-HISTORICAL-000751,2026-08-02T06:16:26,MRC_003,CUST-0275,PROC_B,ach,US,68443,USD,2026-08-02,PAY-100751,posted
INT-HISTORICAL-000752,2026-08-02T06:18:32,MRC_004,CUST-0188,PROC_C,card,US,6067,USD,2026-08-02,PAY-100752,posted
INT-HISTORICAL-000753,2026-08-02T06:19:28,MRC_005,CUST-0097,PROC_C,wire,US,19094,GBP,2026-08-02,PAY-100753,posted
INT-HISTORICAL-000754,2026-08-02T06:21:28,MRC_002,CUST-0002,PROC_B,ach,US,2776,GBP,2026-08-02,PAY-100754,posted
INT-HISTORICAL-000755,2026-08-02T06:22:43,MRC_001,CUST-0014,PROC_C,wallet,DE,65807,USD,2026-08-02,PAY-100755,posted
INT-HISTORICAL-000756,2026-08-02T06:24:16,MRC_005,CUST-0273,PROC_C,wire,GB,12708,GBP,2026-08-02,PAY-100756,posted
INT-HISTORICAL-000757,2026-08-02T06:24:44,MRC_004,CUST-0245,PROC_A,wire,DE,22965,USD,2026-08-02,PAY-100757,posted
INT-HISTORICAL-000758,2026-08-02T06:26:43,MRC_003,CUST-0328,PROC_B,wallet,GB,40213,USD,2026-08-02,PAY-100758,posted
INT-HISTORICAL-000759,2026-08-02T06:27:44,MRC_004,CUST-0163,PROC_A,wallet,US,20930,USD,2026-08-02,PAY-100759,posted
INT-HISTORICAL-000760,2026-08-02T06:28:49,MRC_001,CUST-0040,PROC_C,card,CA,36837,USD,2026-08-02,PAY-100760,posted
INT-HISTORICAL-000761,2026-08-02T06:31:07,MRC_003,CUST-0352,PROC_A,card,US,5386,USD,2026-08-02,PAY-100761,posted
INT-HISTORICAL-000762,2026-08-02T06:32:12,MRC_003,CUST-0377,PROC_A,wire,DE,26413,USD,2026-08-02,PAY-100762,posted
INT-HISTORICAL-000763,2026-08-02T06:33:53,MRC_001,CUST-0126,PROC_B,ach,DE,6620,GBP,2026-08-02,PAY-100763,posted
INT-HISTORICAL-000764,2026-08-02T06:35:35,MRC_002,CUST-0089,PROC_A,card,CA,11602,USD,2026-08-02,PAY-100764,posted
INT-HISTORICAL-000765,2026-08-02T06:38:32,MRC_001,CUST-0110,PROC_A,ach,US,3976,USD,2026-08-02,PAY-100765,posted
INT-HISTORICAL-000766,2026-08-02T06:39:54,MRC_003,CUST-0338,PROC_B,card,US,4803,USD,2026-08-02,PAY-100766,posted
INT-HISTORICAL-000767,2026-08-02T06:42:34,MRC_002,CUST-0378,PROC_C,card,GB,43684,USD,2026-08-02,PAY-100767,posted
INT-HISTORICAL-000768,2026-08-02T06:43:14,MRC_001,CUST-0119,PROC_C,wire,DE,25635,USD,2026-08-02,PAY-100768,posted
INT-HISTORICAL-000769,2026-08-02T06:45:32,MRC_005,CUST-0194,PROC_B,ach,US,33231,USD,2026-08-02,PAY-100769,posted
INT-HISTORICAL-000770,2026-08-02T06:47:30,MRC_003,CUST-0293,PROC_A,wire,GB,49916,GBP,2026-08-02,PAY-100770,posted
INT-HISTORICAL-000771,2026-08-02T06:50:16,MRC_004,CUST-0310,PROC_C,wallet,GB,7687,USD,2026-08-02,PAY-100771,posted
INT-HISTORICAL-000772,2026-08-02T06:50:57,MRC_005,CUST-0099,PROC_C,wire,US,10370,EUR,2026-08-02,PAY-100772,posted
INT-HISTORICAL-000773,2026-08-02T06:53:28,MRC_004,CUST-0235,PROC_A,wire,US,6911,EUR,2026-08-02,PAY-100773,posted
INT-HISTORICAL-000774,2026-08-02T06:54:29,MRC_004,CUST-0177,PROC_A,card,US,30565,EUR,2026-08-02,PAY-100774,posted
INT-HISTORICAL-000775,2026-08-02T06:57:21,MRC_002,CUST-0321,PROC_C,wire,US,3608,USD,2026-08-02,PAY-100775,posted
INT-HISTORICAL-000776,2026-08-02T07:00:20,MRC_001,CUST-0128,PROC_A,wallet,GB,13210,USD,2026-08-02,PAY-100776,posted
INT-HISTORICAL-000777,2026-08-02T07:02:34,MRC_002,CUST-0270,PROC_C,wallet,US,13782,USD,2026-08-02,PAY-100777,posted
INT-HISTORICAL-000778,2026-08-02T07:03:07,MRC_002,CUST-0302,PROC_C,wire,US,13958,USD,2026-08-02,PAY-100778,posted
INT-HISTORICAL-000779,2026-08-02T07:05:35,MRC_004,CUST-0088,PROC_B,wire,CA,18532,GBP,2026-08-02,PAY-100779,posted
INT-HISTORICAL-000780,2026-08-02T07:07:46,MRC_002,CUST-0166,PROC_C,ach,US,56143,GBP,2026-08-02,PAY-100780,posted
INT-HISTORICAL-000781,2026-08-02T07:09:47,MRC_005,CUST-0342,PROC_B,ach,US,9205,USD,2026-08-02,PAY-100781,posted
INT-HISTORICAL-000782,2026-08-02T07:12:07,MRC_001,CUST-0197,PROC_A,card,CA,21185,GBP,2026-08-02,PAY-100782,posted
INT-HISTORICAL-000783,2026-08-02T07:12:32,MRC_002,CUST-0098,PROC_B,wallet,CA,12201,GBP,2026-08-02,PAY-100783,posted
INT-HISTORICAL-000784,2026-08-02T07:14:43,MRC_002,CUST-0216,PROC_C,wallet,US,8670,GBP,2026-08-02,PAY-100784,posted
INT-HISTORICAL-000785,2026-08-02T07:15:48,MRC_004,CUST-0347,PROC_B,wire,GB,39057,USD,2026-08-02,PAY-100785,posted
INT-HISTORICAL-000786,2026-08-02T07:17:43,MRC_004,CUST-0199,PROC_C,wallet,GB,6581,USD,2026-08-02,PAY-100786,posted
INT-HISTORICAL-000787,2026-08-02T07:19:34,MRC_003,CUST-0115,PROC_B,wire,US,3611,USD,2026-08-02,PAY-100787,posted
INT-HISTORICAL-000788,2026-08-02T07:20:42,MRC_002,CUST-0098,PROC_C,wire,US,51608,USD,2026-08-02,PAY-100788,posted
INT-HISTORICAL-000789,2026-08-02T07:21:33,MRC_004,CUST-0397,PROC_A,card,DE,11628,USD,2026-08-02,PAY-100789,posted
INT-HISTORICAL-000790,2026-08-02T07:23:00,MRC_005,CUST-0106,PROC_C,ach,CA,5994,USD,2026-08-02,PAY-100790,posted
INT-HISTORICAL-000791,2026-08-02T07:24:22,MRC_005,CUST-0268,PROC_A,wallet,DE,2048,GBP,2026-08-02,PAY-100791,posted
INT-HISTORICAL-000792,2026-08-02T07:26:12,MRC_002,CUST-0103,PROC_A,wallet,CA,5648,USD,2026-08-02,PAY-100792,posted
INT-HISTORICAL-000793,2026-08-02T07:26:33,MRC_001,CUST-0059,PROC_B,wallet,GB,18065,USD,2026-08-02,PAY-100793,posted
INT-HISTORICAL-000794,2026-08-02T07:27:17,MRC_001,CUST-0074,PROC_C,wallet,US,11909,USD,2026-08-02,PAY-100794,posted
INT-HISTORICAL-000795,2026-08-02T07:27:57,MRC_002,CUST-0310,PROC_C,wallet,US,20853,USD,2026-08-02,PAY-100795,posted
INT-HISTORICAL-000796,2026-08-02T07:28:38,MRC_003,CUST-0230,PROC_A,wire,US,6324,USD,2026-08-02,PAY-100796,posted
INT-HISTORICAL-000797,2026-08-02T07:30:42,MRC_003,CUST-0372,PROC_C,card,US,10298,EUR,2026-08-02,PAY-100797,posted
INT-HISTORICAL-000798,2026-08-02T07:33:12,MRC_005,CUST-0249,PROC_A,card,US,4065,GBP,2026-08-02,PAY-100798,posted
INT-HISTORICAL-000799,2026-08-02T07:34:42,MRC_003,CUST-0141,PROC_C,wallet,DE,5757,USD,2026-08-02,PAY-100799,posted
INT-HISTORICAL-000800,2026-08-02T07:35:40,MRC_005,CUST-0145,PROC_A,ach,US,54366,USD,2026-08-02,PAY-100800,posted
INT-HISTORICAL-000801,2026-08-02T07:36:49,MRC_002,CUST-0121,PROC_B,ach,US,19535,USD,2026-08-02,PAY-100801,posted
INT-HISTORICAL-000802,2026-08-02T07:38:40,MRC_001,CUST-0326,PROC_C,ach,GB,70947,GBP,2026-08-02,PAY-100802,posted
INT-HISTORICAL-000803,2026-08-02T07:39:38,MRC_005,CUST-0350,PROC_B,wallet,DE,10599,USD,2026-08-02,PAY-100803,posted
INT-HISTORICAL-000804,2026-08-02T07:40:46,MRC_003,CUST-0222,PROC_B,wire,CA,11699,USD,2026-08-02,PAY-100804,posted
INT-HISTORICAL-000805,2026-08-02T07:41:23,MRC_003,CUST-0032,PROC_A,ach,DE,9169,USD,2026-08-02,PAY-100805,posted
INT-HISTORICAL-000806,2026-08-02T07:42:50,MRC_004,CUST-0237,PROC_C,card,US,7476,USD,2026-08-02,PAY-100806,posted
INT-HISTORICAL-000807,2026-08-02T07:44:06,MRC_005,CUST-0335,PROC_C,card,GB,7096,EUR,2026-08-02,PAY-100807,posted
INT-HISTORICAL-000808,2026-08-02T07:44:56,MRC_001,CUST-0047,PROC_B,ach,CA,21982,USD,2026-08-02,PAY-100808,posted
INT-HISTORICAL-000809,2026-08-02T07:46:14,MRC_005,CUST-0115,PROC_C,ach,US,2387,USD,2026-08-02,PAY-100809,posted
INT-HISTORICAL-000810,2026-08-02T07:47:20,MRC_002,CUST-0016,PROC_C,card,US,20087,GBP,2026-08-02,PAY-100810,posted
INT-HISTORICAL-000811,2026-08-02T07:48:54,MRC_002,CUST-0269,PROC_A,wallet,GB,14400,GBP,2026-08-02,PAY-100811,posted
INT-HISTORICAL-000812,2026-08-02T07:51:44,MRC_005,CUST-0139,PROC_B,card,CA,14401,USD,2026-08-02,PAY-100812,posted
INT-HISTORICAL-000813,2026-08-02T07:53:43,MRC_005,CUST-0102,PROC_C,ach,US,10417,USD,2026-08-02,PAY-100813,posted
INT-HISTORICAL-000814,2026-08-02T07:55:34,MRC_001,CUST-0007,PROC_A,card,CA,32060,USD,2026-08-02,PAY-100814,posted
INT-HISTORICAL-000815,2026-08-02T07:56:57,MRC_001,CUST-0028,PROC_C,card,US,14534,GBP,2026-08-02,PAY-100815,posted
INT-HISTORICAL-000816,2026-08-02T07:57:47,MRC_003,CUST-0308,PROC_C,wire,DE,16025,USD,2026-08-02,PAY-100816,posted
INT-HISTORICAL-000817,2026-08-02T08:00:25,MRC_003,CUST-0178,PROC_A,ach,US,17686,USD,2026-08-02,PAY-100817,posted
INT-HISTORICAL-000818,2026-08-02T08:01:15,MRC_002,CUST-0292,PROC_A,ach,DE,50188,USD,2026-08-02,PAY-100818,posted
INT-HISTORICAL-000819,2026-08-02T08:03:29,MRC_003,CUST-0334,PROC_A,wire,CA,16352,USD,2026-08-02,PAY-100819,posted
INT-HISTORICAL-000820,2026-08-02T08:04:06,MRC_003,CUST-0126,PROC_C,wire,CA,4267,USD,2026-08-02,PAY-100820,posted
INT-HISTORICAL-000821,2026-08-02T08:06:08,MRC_005,CUST-0131,PROC_B,ach,GB,16447,GBP,2026-08-02,PAY-100821,posted
INT-HISTORICAL-000822,2026-08-02T08:08:53,MRC_003,CUST-0174,PROC_B,wallet,US,2822,USD,2026-08-02,PAY-100822,posted
INT-HISTORICAL-000823,2026-08-02T08:11:53,MRC_003,CUST-0323,PROC_C,wallet,US,14095,GBP,2026-08-02,PAY-100823,posted
INT-HISTORICAL-000824,2026-08-02T08:13:37,MRC_003,CUST-0128,PROC_A,wire,US,28088,USD,2026-08-02,PAY-100824,posted
INT-HISTORICAL-000825,2026-08-02T08:15:36,MRC_001,CUST-0137,PROC_B,ach,US,1833,USD,2026-08-02,PAY-100825,posted
INT-HISTORICAL-000826,2026-08-02T08:16:42,MRC_002,CUST-0237,PROC_A,wallet,GB,10569,USD,2026-08-02,PAY-100826,posted
INT-HISTORICAL-000827,2026-08-02T08:19:29,MRC_002,CUST-0079,PROC_C,ach,CA,2776,GBP,2026-08-02,PAY-100827,posted
INT-HISTORICAL-000828,2026-08-02T08:22:23,MRC_005,CUST-0008,PROC_A,card,GB,8177,USD,2026-08-02,PAY-100828,posted
INT-HISTORICAL-000829,2026-08-02T08:23:37,MRC_001,CUST-0339,PROC_B,card,US,3065,USD,2026-08-02,PAY-100829,posted
INT-HISTORICAL-000830,2026-08-02T08:25:27,MRC_003,CUST-0313,PROC_B,wallet,GB,20851,USD,2026-08-02,PAY-100830,posted
INT-HISTORICAL-000831,2026-08-02T08:26:22,MRC_005,CUST-0221,PROC_B,wallet,GB,18689,USD,2026-08-02,PAY-100831,posted
INT-HISTORICAL-000832,2026-08-02T08:27:50,MRC_005,CUST-0378,PROC_C,wallet,DE,6304,GBP,2026-08-02,PAY-100832,posted
INT-HISTORICAL-000833,2026-08-02T08:29:53,MRC_002,CUST-0197,PROC_A,wallet,DE,16748,USD,2026-08-02,PAY-100833,posted
INT-HISTORICAL-000834,2026-08-02T08:31:15,MRC_002,CUST-0389,PROC_C,wallet,GB,146522,USD,2026-08-02,PAY-100834,posted
INT-HISTORICAL-000835,2026-08-02T08:33:18,MRC_001,CUST-0012,PROC_A,wallet,GB,3674,USD,2026-08-02,PAY-100835,posted
INT-HISTORICAL-000836,2026-08-02T08:34:58,MRC_004,CUST-0278,PROC_C,wire,US,13610,USD,2026-08-02,PAY-100836,posted
INT-HISTORICAL-000837,2026-08-02T08:35:41,MRC_003,CUST-0207,PROC_C,wallet,US,6044,USD,2026-08-02,PAY-100837,posted
INT-HISTORICAL-000838,2026-08-02T08:37:21,MRC_003,CUST-0383,PROC_A,wire,US,7180,EUR,2026-08-02,PAY-100838,posted
INT-HISTORICAL-000839,2026-08-02T08:39:03,MRC_004,CUST-0209,PROC_A,card,GB,63678,USD,2026-08-02,PAY-100839,posted
INT-HISTORICAL-000840,2026-08-02T08:39:43,MRC_002,CUST-0157,PROC_C,wire,US,4651,GBP,2026-08-02,PAY-100840,posted
INT-HISTORICAL-000841,2026-08-02T08:41:25,MRC_004,CUST-0195,PROC_C,wire,GB,5523,USD,2026-08-02,PAY-100841,posted
INT-HISTORICAL-000842,2026-08-02T08:43:47,MRC_004,CUST-0220,PROC_B,wire,US,31481,USD,2026-08-02,PAY-100842,posted
INT-HISTORICAL-000843,2026-08-02T08:44:56,MRC_002,CUST-0253,PROC_C,card,DE,18765,EUR,2026-08-02,PAY-100843,posted
INT-HISTORICAL-000844,2026-08-02T08:46:32,MRC_003,CUST-0325,PROC_B,wire,DE,37492,USD,2026-08-02,PAY-100844,posted
INT-HISTORICAL-000845,2026-08-02T08:47:01,MRC_003,CUST-0352,PROC_C,card,GB,7640,USD,2026-08-02,PAY-100845,posted
INT-HISTORICAL-000846,2026-08-02T08:47:37,MRC_005,CUST-0330,PROC_C,wire,DE,16344,GBP,2026-08-02,PAY-100846,posted
INT-HISTORICAL-000847,2026-08-02T08:49:49,MRC_003,CUST-0340,PROC_B,card,CA,14957,USD,2026-08-02,PAY-100847,posted
INT-HISTORICAL-000848,2026-08-02T08:50:17,MRC_002,CUST-0121,PROC_B,card,DE,18850,USD,2026-08-02,PAY-100848,posted
INT-HISTORICAL-000849,2026-08-02T08:52:12,MRC_004,CUST-0293,PROC_C,ach,GB,11936,GBP,2026-08-02,PAY-100849,posted
INT-HISTORICAL-000850,2026-08-02T08:55:00,MRC_001,CUST-0244,PROC_A,wire,DE,8109,EUR,2026-08-02,PAY-100850,posted
INT-HISTORICAL-000851,2026-08-02T08:56:39,MRC_003,CUST-0264,PROC_A,card,DE,3106,GBP,2026-08-02,PAY-100851,posted
INT-HISTORICAL-000852,2026-08-02T08:57:51,MRC_003,CUST-0244,PROC_A,wire,US,3351,USD,2026-08-02,PAY-100852,posted
INT-HISTORICAL-000853,2026-08-02T08:59:24,MRC_001,CUST-0102,PROC_C,card,US,3064,GBP,2026-08-02,PAY-100853,posted
INT-HISTORICAL-000854,2026-08-02T09:00:59,MRC_001,CUST-0191,PROC_B,wire,US,4013,USD,2026-08-02,PAY-100854,posted
INT-HISTORICAL-000855,2026-08-02T09:01:53,MRC_003,CUST-0074,PROC_C,wallet,CA,18252,USD,2026-08-02,PAY-100855,posted
INT-HISTORICAL-000856,2026-08-02T09:03:02,MRC_001,CUST-0350,PROC_A,wallet,US,113429,USD,2026-08-02,PAY-100856,posted
INT-HISTORICAL-000857,2026-08-02T09:04:58,MRC_001,CUST-0082,PROC_C,ach,US,10741,USD,2026-08-02,PAY-100857,posted
INT-HISTORICAL-000858,2026-08-02T09:06:25,MRC_001,CUST-0114,PROC_B,wire,GB,18701,GBP,2026-08-02,PAY-100858,posted
INT-HISTORICAL-000859,2026-08-02T09:09:03,MRC_005,CUST-0238,PROC_A,wire,DE,51210,USD,2026-08-02,PAY-100859,posted
INT-HISTORICAL-000860,2026-08-02T09:10:07,MRC_001,CUST-0055,PROC_A,wire,US,47453,EUR,2026-08-02,PAY-100860,posted
INT-HISTORICAL-000861,2026-08-02T09:10:41,MRC_004,CUST-0023,PROC_C,ach,CA,7137,USD,2026-08-02,PAY-100861,posted
INT-HISTORICAL-000862,2026-08-02T09:12:37,MRC_004,CUST-0062,PROC_C,ach,DE,1592,USD,2026-08-02,PAY-100862,posted
INT-HISTORICAL-000863,2026-08-02T09:14:44,MRC_004,CUST-0081,PROC_B,wire,US,2557,USD,2026-08-02,PAY-100863,posted
INT-HISTORICAL-000864,2026-08-02T09:17:36,MRC_001,CUST-0032,PROC_A,wallet,GB,4966,USD,2026-08-02,PAY-100864,posted
INT-HISTORICAL-000865,2026-08-02T09:18:59,MRC_001,CUST-0258,PROC_A,wallet,US,5041,GBP,2026-08-02,PAY-100865,posted
INT-HISTORICAL-000866,2026-08-02T09:20:54,MRC_003,CUST-0152,PROC_C,wire,US,8672,EUR,2026-08-02,PAY-100866,posted
INT-HISTORICAL-000867,2026-08-02T09:21:40,MRC_002,CUST-0382,PROC_A,wallet,DE,118211,EUR,2026-08-02,PAY-100867,posted
INT-HISTORICAL-000868,2026-08-02T09:22:59,MRC_001,CUST-0069,PROC_C,ach,US,7441,GBP,2026-08-02,PAY-100868,posted
INT-HISTORICAL-000869,2026-08-02T09:23:35,MRC_005,CUST-0074,PROC_C,card,CA,40401,GBP,2026-08-02,PAY-100869,posted
INT-HISTORICAL-000870,2026-08-02T09:24:02,MRC_003,CUST-0286,PROC_C,wallet,GB,1216,EUR,2026-08-02,PAY-100870,posted
INT-HISTORICAL-000871,2026-08-02T09:24:45,MRC_005,CUST-0354,PROC_A,ach,CA,7408,GBP,2026-08-02,PAY-100871,posted
INT-HISTORICAL-000872,2026-08-02T09:27:38,MRC_001,CUST-0117,PROC_A,card,US,42233,EUR,2026-08-02,PAY-100872,posted
INT-HISTORICAL-000873,2026-08-02T09:30:12,MRC_003,CUST-0252,PROC_C,wallet,GB,15209,USD,2026-08-02,PAY-100873,posted
INT-HISTORICAL-000874,2026-08-02T09:31:47,MRC_005,CUST-0111,PROC_A,card,US,69712,EUR,2026-08-02,PAY-100874,posted
INT-HISTORICAL-000875,2026-08-02T09:32:28,MRC_004,CUST-0065,PROC_A,wire,US,7518,EUR,2026-08-02,PAY-100875,posted
INT-HISTORICAL-000876,2026-08-02T09:34:08,MRC_005,CUST-0201,PROC_A,card,GB,1402,EUR,2026-08-02,PAY-100876,posted
INT-HISTORICAL-000877,2026-08-02T09:37:02,MRC_002,CUST-0033,PROC_C,wallet,US,2229,EUR,2026-08-02,PAY-100877,posted
INT-HISTORICAL-000878,2026-08-02T09:37:25,MRC_002,CUST-0162,PROC_B,wallet,US,3115,USD,2026-08-02,PAY-100878,posted
INT-HISTORICAL-000879,2026-08-02T09:38:23,MRC_001,CUST-0080,PROC_B,card,DE,7996,USD,2026-08-02,PAY-100879,posted
INT-HISTORICAL-000880,2026-08-02T09:40:04,MRC_002,CUST-0037,PROC_B,wire,US,3929,USD,2026-08-02,PAY-100880,posted
INT-HISTORICAL-000881,2026-08-02T09:40:44,MRC_004,CUST-0097,PROC_C,wallet,US,13630,USD,2026-08-02,PAY-100881,posted
INT-HISTORICAL-000882,2026-08-02T09:42:23,MRC_005,CUST-0164,PROC_A,ach,US,9971,USD,2026-08-02,PAY-100882,posted
INT-HISTORICAL-000883,2026-08-02T09:43:08,MRC_003,CUST-0198,PROC_B,wallet,CA,15968,USD,2026-08-02,PAY-100883,posted
INT-HISTORICAL-000884,2026-08-02T09:44:59,MRC_002,CUST-0038,PROC_A,wallet,GB,20202,GBP,2026-08-02,PAY-100884,posted
INT-HISTORICAL-000885,2026-08-02T09:46:12,MRC_005,CUST-0122,PROC_A,ach,GB,15537,USD,2026-08-02,PAY-100885,posted
INT-HISTORICAL-000886,2026-08-02T09:47:07,MRC_004,CUST-0252,PROC_A,ach,US,40166,EUR,2026-08-02,PAY-100886,posted
INT-HISTORICAL-000887,2026-08-02T09:47:59,MRC_005,CUST-0316,PROC_A,card,US,43624,USD,2026-08-02,PAY-100887,posted
INT-HISTORICAL-000888,2026-08-02T09:48:34,MRC_005,CUST-0166,PROC_C,card,US,6787,USD,2026-08-02,PAY-100888,posted
INT-HISTORICAL-000889,2026-08-02T09:50:13,MRC_002,CUST-0190,PROC_C,ach,CA,6985,USD,2026-08-02,PAY-100889,posted
INT-HISTORICAL-000890,2026-08-02T09:51:19,MRC_004,CUST-0204,PROC_C,ach,DE,48299,USD,2026-08-02,PAY-100890,posted
INT-HISTORICAL-000891,2026-08-02T09:53:18,MRC_004,CUST-0005,PROC_A,card,US,4435,USD,2026-08-02,PAY-100891,posted
INT-HISTORICAL-000892,2026-08-02T09:54:28,MRC_003,CUST-0015,PROC_C,card,GB,39349,USD,2026-08-02,PAY-100892,posted
INT-HISTORICAL-000893,2026-08-02T09:55:26,MRC_001,CUST-0321,PROC_A,wire,CA,18482,USD,2026-08-02,PAY-100893,posted
INT-HISTORICAL-000894,2026-08-02T09:57:13,MRC_002,CUST-0218,PROC_B,wire,US,4265,USD,2026-08-02,PAY-100894,posted
INT-HISTORICAL-000895,2026-08-02T09:58:26,MRC_005,CUST-0186,PROC_C,wallet,CA,11818,USD,2026-08-02,PAY-100895,posted
INT-HISTORICAL-000896,2026-08-02T09:59:51,MRC_004,CUST-0310,PROC_A,wire,US,11854,EUR,2026-08-02,PAY-100896,posted
INT-HISTORICAL-000897,2026-08-02T10:01:47,MRC_002,CUST-0012,PROC_A,ach,US,2670,USD,2026-08-02,PAY-100897,posted
INT-HISTORICAL-000898,2026-08-02T10:03:46,MRC_003,CUST-0359,PROC_C,wire,US,40024,USD,2026-08-02,PAY-100898,posted
INT-HISTORICAL-000899,2026-08-02T10:04:23,MRC_005,CUST-0322,PROC_B,wallet,US,8959,USD,2026-08-02,PAY-100899,posted
INT-HISTORICAL-000900,2026-08-02T10:05:24,MRC_002,CUST-0077,PROC_C,card,DE,9952,USD,2026-08-02,PAY-100900,posted
INT-HISTORICAL-000901,2026-08-02T10:07:48,MRC_001,CUST-0036,PROC_A,wire,US,4050,USD,2026-08-02,PAY-100901,posted
INT-HISTORICAL-000902,2026-08-02T10:09:46,MRC_004,CUST-0052,PROC_B,wallet,CA,46754,USD,2026-08-02,PAY-100902,posted
INT-HISTORICAL-000903,2026-08-02T10:12:05,MRC_005,CUST-0395,PROC_A,ach,US,20796,USD,2026-08-02,PAY-100903,posted
INT-HISTORICAL-000904,2026-08-02T10:14:08,MRC_003,CUST-0165,PROC_B,wire,GB,9646,USD,2026-08-02,PAY-100904,posted
INT-HISTORICAL-000905,2026-08-02T10:16:44,MRC_003,CUST-0347,PROC_C,wire,GB,13350,EUR,2026-08-02,PAY-100905,posted
INT-HISTORICAL-000906,2026-08-02T10:17:16,MRC_001,CUST-0219,PROC_B,card,US,11440,EUR,2026-08-02,PAY-100906,posted
INT-HISTORICAL-000907,2026-08-02T10:20:05,MRC_001,CUST-0240,PROC_A,ach,CA,8422,USD,2026-08-02,PAY-100907,posted
INT-HISTORICAL-000908,2026-08-02T10:22:26,MRC_004,CUST-0307,PROC_A,wire,US,11629,USD,2026-08-02,PAY-100908,posted
INT-HISTORICAL-000909,2026-08-02T10:23:24,MRC_005,CUST-0105,PROC_C,wallet,US,16533,USD,2026-08-02,PAY-100909,posted
INT-HISTORICAL-000910,2026-08-02T10:24:20,MRC_003,CUST-0326,PROC_A,wallet,US,42465,USD,2026-08-02,PAY-100910,posted
INT-HISTORICAL-000911,2026-08-02T10:26:14,MRC_003,CUST-0161,PROC_A,ach,GB,14431,USD,2026-08-02,PAY-100911,posted
INT-HISTORICAL-000912,2026-08-02T10:27:55,MRC_005,CUST-0125,PROC_A,wallet,US,14252,USD,2026-08-02,PAY-100912,posted
INT-HISTORICAL-000913,2026-08-02T10:29:18,MRC_002,CUST-0299,PROC_C,wire,GB,6951,USD,2026-08-02,PAY-100913,posted
INT-HISTORICAL-000914,2026-08-02T10:31:50,MRC_004,CUST-0033,PROC_B,wallet,US,17555,EUR,2026-08-02,PAY-100914,posted
INT-HISTORICAL-000915,2026-08-02T10:33:22,MRC_002,CUST-0231,PROC_A,wire,US,2368,USD,2026-08-02,PAY-100915,posted
INT-HISTORICAL-000916,2026-08-02T10:34:32,MRC_002,CUST-0209,PROC_C,wire,CA,4373,USD,2026-08-02,PAY-100916,posted
INT-HISTORICAL-000917,2026-08-02T10:36:06,MRC_003,CUST-0308,PROC_A,ach,DE,22842,USD,2026-08-02,PAY-100917,posted
INT-HISTORICAL-000918,2026-08-02T10:37:25,MRC_003,CUST-0344,PROC_C,wallet,US,8013,USD,2026-08-02,PAY-100918,posted
INT-HISTORICAL-000919,2026-08-02T10:39:19,MRC_004,CUST-0292,PROC_B,wallet,DE,5784,EUR,2026-08-02,PAY-100919,posted
INT-HISTORICAL-000920,2026-08-02T10:40:58,MRC_004,CUST-0362,PROC_A,card,US,11935,USD,2026-08-02,PAY-100920,posted
INT-HISTORICAL-000921,2026-08-02T10:42:55,MRC_003,CUST-0251,PROC_A,wallet,US,20383,USD,2026-08-02,PAY-100921,posted
INT-HISTORICAL-000922,2026-08-02T10:44:34,MRC_002,CUST-0215,PROC_C,wallet,US,26077,USD,2026-08-02,PAY-100922,posted
INT-HISTORICAL-000923,2026-08-02T10:47:13,MRC_004,CUST-0314,PROC_B,wallet,US,5885,GBP,2026-08-02,PAY-100923,posted
INT-HISTORICAL-000924,2026-08-02T10:49:36,MRC_004,CUST-0368,PROC_A,wallet,GB,10789,USD,2026-08-02,PAY-100924,posted
INT-HISTORICAL-000925,2026-08-02T10:50:15,MRC_001,CUST-0312,PROC_B,wire,DE,22900,USD,2026-08-02,PAY-100925,posted
INT-HISTORICAL-000926,2026-08-02T10:53:09,MRC_004,CUST-0222,PROC_C,ach,US,81022,GBP,2026-08-02,PAY-100926,posted
INT-HISTORICAL-000927,2026-08-02T10:54:09,MRC_001,CUST-0345,PROC_B,wallet,GB,15721,USD,2026-08-02,PAY-100927,posted
INT-HISTORICAL-000928,2026-08-02T10:56:34,MRC_002,CUST-0270,PROC_A,ach,CA,25120,USD,2026-08-02,PAY-100928,posted
INT-HISTORICAL-000929,2026-08-02T10:57:24,MRC_004,CUST-0089,PROC_A,wallet,DE,10516,USD,2026-08-02,PAY-100929,posted
INT-HISTORICAL-000930,2026-08-02T11:00:21,MRC_005,CUST-0344,PROC_B,wallet,US,4552,EUR,2026-08-02,PAY-100930,posted
INT-HISTORICAL-000931,2026-08-02T11:01:57,MRC_005,CUST-0177,PROC_B,wallet,CA,6075,USD,2026-08-02,PAY-100931,posted
INT-HISTORICAL-000932,2026-08-02T11:03:39,MRC_001,CUST-0207,PROC_A,ach,US,44779,GBP,2026-08-02,PAY-100932,posted
INT-HISTORICAL-000933,2026-08-02T11:04:32,MRC_004,CUST-0088,PROC_B,wallet,US,58777,USD,2026-08-02,PAY-100933,posted
INT-HISTORICAL-000934,2026-08-02T11:05:51,MRC_004,CUST-0368,PROC_B,wallet,GB,30501,USD,2026-08-02,PAY-100934,posted
INT-HISTORICAL-000935,2026-08-02T11:07:21,MRC_002,CUST-0044,PROC_C,wallet,US,23064,GBP,2026-08-02,PAY-100935,posted
INT-HISTORICAL-000936,2026-08-02T11:07:49,MRC_002,CUST-0251,PROC_A,wire,DE,39644,USD,2026-08-02,PAY-100936,posted
INT-HISTORICAL-000937,2026-08-02T11:08:12,MRC_003,CUST-0391,PROC_B,wallet,US,7900,EUR,2026-08-02,PAY-100937,posted
INT-HISTORICAL-000938,2026-08-02T11:09:20,MRC_001,CUST-0396,PROC_C,ach,US,57936,USD,2026-08-02,PAY-100938,posted
INT-HISTORICAL-000939,2026-08-02T11:10:25,MRC_003,CUST-0324,PROC_A,ach,US,11587,EUR,2026-08-02,PAY-100939,posted
INT-HISTORICAL-000940,2026-08-02T11:11:42,MRC_003,CUST-0109,PROC_A,ach,US,58142,USD,2026-08-02,PAY-100940,posted
INT-HISTORICAL-000941,2026-08-02T11:13:08,MRC_005,CUST-0083,PROC_B,ach,DE,6602,GBP,2026-08-02,PAY-100941,posted
INT-HISTORICAL-000942,2026-08-02T11:14:36,MRC_005,CUST-0068,PROC_B,ach,DE,24676,EUR,2026-08-02,PAY-100942,posted
INT-HISTORICAL-000943,2026-08-02T11:15:40,MRC_002,CUST-0063,PROC_A,wire,US,9582,USD,2026-08-02,PAY-100943,posted
INT-HISTORICAL-000944,2026-08-02T11:17:16,MRC_002,CUST-0257,PROC_C,ach,GB,5765,GBP,2026-08-02,PAY-100944,posted
INT-HISTORICAL-000945,2026-08-02T11:19:51,MRC_004,CUST-0131,PROC_C,card,GB,10362,USD,2026-08-02,PAY-100945,posted
INT-HISTORICAL-000946,2026-08-02T11:21:27,MRC_001,CUST-0394,PROC_B,ach,US,9924,GBP,2026-08-02,PAY-100946,posted
INT-HISTORICAL-000947,2026-08-02T11:23:34,MRC_002,CUST-0058,PROC_C,wire,US,5386,USD,2026-08-02,PAY-100947,posted
INT-HISTORICAL-000948,2026-08-02T11:25:27,MRC_002,CUST-0233,PROC_C,ach,GB,21581,GBP,2026-08-02,PAY-100948,posted
INT-HISTORICAL-000949,2026-08-02T11:27:08,MRC_003,CUST-0371,PROC_B,card,US,18556,EUR,2026-08-02,PAY-100949,posted
INT-HISTORICAL-000950,2026-08-02T11:28:00,MRC_005,CUST-0248,PROC_A,card,US,7560,EUR,2026-08-02,PAY-100950,posted
INT-HISTORICAL-000951,2026-08-02T11:30:53,MRC_005,CUST-0354,PROC_A,card,CA,53192,GBP,2026-08-02,PAY-100951,posted
INT-HISTORICAL-000952,2026-08-02T11:32:26,MRC_002,CUST-0078,PROC_B,wire,DE,8539,EUR,2026-08-02,PAY-100952,posted
INT-HISTORICAL-000953,2026-08-02T11:33:02,MRC_005,CUST-0102,PROC_C,card,US,2875,USD,2026-08-02,PAY-100953,posted
INT-HISTORICAL-000954,2026-08-02T11:35:05,MRC_004,CUST-0090,PROC_B,ach,US,3589,USD,2026-08-02,PAY-100954,posted
INT-HISTORICAL-000955,2026-08-02T11:35:39,MRC_001,CUST-0396,PROC_A,wallet,US,21274,EUR,2026-08-02,PAY-100955,posted
INT-HISTORICAL-000956,2026-08-02T11:37:06,MRC_003,CUST-0167,PROC_C,wire,US,8440,USD,2026-08-02,PAY-100956,posted
INT-HISTORICAL-000957,2026-08-02T11:40:06,MRC_003,CUST-0250,PROC_C,card,GB,21940,EUR,2026-08-02,PAY-100957,posted
INT-HISTORICAL-000958,2026-08-02T11:41:03,MRC_005,CUST-0222,PROC_B,wallet,US,78444,EUR,2026-08-02,PAY-100958,posted
INT-HISTORICAL-000959,2026-08-02T11:41:37,MRC_003,CUST-0140,PROC_B,card,US,16415,GBP,2026-08-02,PAY-100959,posted
INT-HISTORICAL-000960,2026-08-02T11:42:06,MRC_004,CUST-0104,PROC_A,wallet,US,1121,USD,2026-08-02,PAY-100960,posted
INT-HISTORICAL-000961,2026-08-02T11:44:39,MRC_003,CUST-0174,PROC_A,card,US,17469,USD,2026-08-02,PAY-100961,posted
INT-HISTORICAL-000962,2026-08-02T11:47:17,MRC_001,CUST-0359,PROC_C,ach,US,1463,USD,2026-08-02,PAY-100962,posted
INT-HISTORICAL-000963,2026-08-02T11:49:57,MRC_003,CUST-0135,PROC_A,card,GB,13854,USD,2026-08-02,PAY-100963,posted
INT-HISTORICAL-000964,2026-08-02T11:52:47,MRC_003,CUST-0397,PROC_B,ach,US,7798,USD,2026-08-02,PAY-100964,posted
INT-HISTORICAL-000965,2026-08-02T11:55:31,MRC_002,CUST-0056,PROC_B,ach,US,34617,USD,2026-08-02,PAY-100965,posted
INT-HISTORICAL-000966,2026-08-02T11:57:58,MRC_004,CUST-0258,PROC_A,wallet,GB,5667,USD,2026-08-02,PAY-100966,posted
INT-HISTORICAL-000967,2026-08-02T12:00:13,MRC_001,CUST-0367,PROC_A,wire,GB,32709,USD,2026-08-02,PAY-100967,posted
INT-HISTORICAL-000968,2026-08-02T12:03:02,MRC_005,CUST-0073,PROC_B,wire,US,48319,USD,2026-08-02,PAY-100968,posted
INT-HISTORICAL-000969,2026-08-02T12:04:14,MRC_003,CUST-0172,PROC_A,card,US,7856,USD,2026-08-02,PAY-100969,posted
INT-HISTORICAL-000970,2026-08-02T12:04:58,MRC_001,CUST-0178,PROC_A,card,DE,20203,USD,2026-08-02,PAY-100970,posted
INT-HISTORICAL-000971,2026-08-02T12:07:36,MRC_003,CUST-0263,PROC_A,card,DE,3220,USD,2026-08-02,PAY-100971,posted
INT-HISTORICAL-000972,2026-08-02T12:08:37,MRC_003,CUST-0257,PROC_C,wire,DE,6314,USD,2026-08-02,PAY-100972,posted
INT-HISTORICAL-000973,2026-08-02T12:08:59,MRC_005,CUST-0142,PROC_A,wallet,CA,6710,USD,2026-08-02,PAY-100973,posted
INT-HISTORICAL-000974,2026-08-02T12:10:11,MRC_002,CUST-0317,PROC_C,wallet,GB,16298,EUR,2026-08-02,PAY-100974,posted
INT-HISTORICAL-000975,2026-08-02T12:11:38,MRC_001,CUST-0207,PROC_C,wallet,US,6375,GBP,2026-08-02,PAY-100975,posted
INT-HISTORICAL-000976,2026-08-02T12:13:20,MRC_001,CUST-0374,PROC_C,wire,DE,6133,USD,2026-08-02,PAY-100976,posted
INT-HISTORICAL-000977,2026-08-02T12:15:43,MRC_004,CUST-0112,PROC_B,wire,GB,17262,USD,2026-08-02,PAY-100977,posted
INT-HISTORICAL-000978,2026-08-02T12:16:14,MRC_005,CUST-0317,PROC_A,wire,US,75162,USD,2026-08-02,PAY-100978,posted
INT-HISTORICAL-000979,2026-08-02T12:18:12,MRC_003,CUST-0295,PROC_B,ach,GB,9318,USD,2026-08-02,PAY-100979,posted
INT-HISTORICAL-000980,2026-08-02T12:20:13,MRC_002,CUST-0121,PROC_C,wire,US,1651,USD,2026-08-02,PAY-100980,posted
INT-HISTORICAL-000981,2026-08-02T12:20:44,MRC_005,CUST-0123,PROC_C,card,GB,9286,USD,2026-08-02,PAY-100981,posted
INT-HISTORICAL-000982,2026-08-02T12:22:43,MRC_003,CUST-0365,PROC_A,wallet,US,80555,USD,2026-08-02,PAY-100982,posted
INT-HISTORICAL-000983,2026-08-02T12:23:26,MRC_004,CUST-0228,PROC_A,wallet,DE,29474,EUR,2026-08-02,PAY-100983,posted
INT-HISTORICAL-000984,2026-08-02T12:24:43,MRC_005,CUST-0321,PROC_C,wallet,GB,8917,EUR,2026-08-02,PAY-100984,posted
INT-HISTORICAL-000985,2026-08-02T12:25:30,MRC_001,CUST-0109,PROC_B,wire,DE,21347,EUR,2026-08-02,PAY-100985,posted
INT-HISTORICAL-000986,2026-08-02T12:26:25,MRC_005,CUST-0041,PROC_A,ach,DE,16453,USD,2026-08-02,PAY-100986,posted
INT-HISTORICAL-000987,2026-08-02T12:26:55,MRC_001,CUST-0307,PROC_A,card,CA,7910,USD,2026-08-02,PAY-100987,posted
INT-HISTORICAL-000988,2026-08-02T12:27:35,MRC_002,CUST-0345,PROC_A,wire,GB,4492,USD,2026-08-02,PAY-100988,posted
INT-HISTORICAL-000989,2026-08-02T12:28:36,MRC_004,CUST-0227,PROC_A,ach,US,15625,USD,2026-08-02,PAY-100989,posted
INT-HISTORICAL-000990,2026-08-02T12:30:54,MRC_005,CUST-0104,PROC_B,wire,US,4031,EUR,2026-08-02,PAY-100990,posted
INT-HISTORICAL-000991,2026-08-02T12:32:41,MRC_002,CUST-0202,PROC_C,card,CA,55700,EUR,2026-08-02,PAY-100991,posted
INT-HISTORICAL-000992,2026-08-02T12:33:22,MRC_001,CUST-0313,PROC_A,wallet,US,44307,GBP,2026-08-02,PAY-100992,posted
INT-HISTORICAL-000993,2026-08-02T12:35:12,MRC_002,CUST-0277,PROC_C,wire,CA,6510,EUR,2026-08-02,PAY-100993,posted
INT-HISTORICAL-000994,2026-08-02T12:35:33,MRC_005,CUST-0052,PROC_A,wire,US,12013,USD,2026-08-02,PAY-100994,posted
INT-HISTORICAL-000995,2026-08-02T12:35:56,MRC_002,CUST-0368,PROC_B,card,US,27201,GBP,2026-08-02,PAY-100995,posted
INT-HISTORICAL-000996,2026-08-02T12:37:25,MRC_005,CUST-0101,PROC_A,ach,GB,7338,EUR,2026-08-02,PAY-100996,posted
INT-HISTORICAL-000997,2026-08-02T12:39:37,MRC_002,CUST-0078,PROC_A,card,US,2086,USD,2026-08-02,PAY-100997,posted
INT-HISTORICAL-000998,2026-08-02T12:42:06,MRC_003,CUST-0278,PROC_C,wallet,GB,2146,GBP,2026-08-02,PAY-100998,posted
INT-HISTORICAL-000999,2026-08-02T12:43:27,MRC_003,CUST-0181,PROC_A,ach,US,9657,GBP,2026-08-02,PAY-100999,posted
INT-HISTORICAL-001000,2026-08-02T12:45:50,MRC_002,CUST-0245,PROC_A,wallet,US,41234,USD,2026-08-02,PAY-101000,posted
INT-HISTORICAL-001001,2026-08-02T12:47:06,MRC_001,CUST-0167,PROC_B,wallet,US,30832,USD,2026-08-02,PAY-101001,posted
INT-HISTORICAL-001002,2026-08-02T12:48:00,MRC_001,CUST-0358,PROC_B,wallet,DE,35740,EUR,2026-08-02,PAY-101002,posted
INT-HISTORICAL-001003,2026-08-02T12:49:06,MRC_001,CUST-0281,PROC_C,card,US,3077,USD,2026-08-02,PAY-101003,posted
INT-HISTORICAL-001004,2026-08-02T12:51:50,MRC_002,CUST-0330,PROC_A,wallet,US,2688,USD,2026-08-02,PAY-101004,posted
INT-HISTORICAL-001005,2026-08-02T12:54:27,MRC_004,CUST-0326,PROC_C,card,US,15950,USD,2026-08-02,PAY-101005,posted
INT-HISTORICAL-001006,2026-08-02T12:56:07,MRC_002,CUST-0143,PROC_B,card,DE,3167,USD,2026-08-02,PAY-101006,posted
INT-HISTORICAL-001007,2026-08-02T12:59:07,MRC_001,CUST-0145,PROC_B,wire,US,6997,USD,2026-08-02,PAY-101007,posted
INT-HISTORICAL-001008,2026-08-02T13:00:58,MRC_001,CUST-0114,PROC_A,wallet,CA,8015,GBP,2026-08-02,PAY-101008,posted
INT-HISTORICAL-001009,2026-08-02T13:03:04,MRC_001,CUST-0308,PROC_B,card,GB,6834,USD,2026-08-02,PAY-101009,posted
INT-HISTORICAL-001010,2026-08-02T13:04:40,MRC_004,CUST-0001,PROC_C,wallet,US,33455,USD,2026-08-02,PAY-101010,posted
INT-HISTORICAL-001011,2026-08-02T13:06:55,MRC_004,CUST-0039,PROC_C,wallet,GB,22685,USD,2026-08-02,PAY-101011,posted
INT-HISTORICAL-001012,2026-08-02T13:08:26,MRC_005,CUST-0351,PROC_B,wire,US,2810,EUR,2026-08-02,PAY-101012,posted
INT-HISTORICAL-001013,2026-08-02T13:09:24,MRC_004,CUST-0351,PROC_A,ach,US,8525,USD,2026-08-02,PAY-101013,posted
INT-HISTORICAL-001014,2026-08-02T13:11:31,MRC_005,CUST-0148,PROC_A,card,GB,45453,GBP,2026-08-02,PAY-101014,posted
INT-HISTORICAL-001015,2026-08-02T13:14:03,MRC_004,CUST-0111,PROC_A,ach,DE,14212,USD,2026-08-02,PAY-101015,posted
INT-HISTORICAL-001016,2026-08-02T13:15:10,MRC_004,CUST-0360,PROC_A,wallet,US,3320,EUR,2026-08-02,PAY-101016,posted
INT-HISTORICAL-001017,2026-08-02T13:15:54,MRC_002,CUST-0382,PROC_A,wire,US,33715,GBP,2026-08-02,PAY-101017,posted
INT-HISTORICAL-001018,2026-08-02T13:18:54,MRC_005,CUST-0083,PROC_C,wallet,GB,83739,USD,2026-08-02,PAY-101018,posted
INT-HISTORICAL-001019,2026-08-02T13:21:04,MRC_005,CUST-0368,PROC_C,card,US,28117,EUR,2026-08-02,PAY-101019,posted
INT-HISTORICAL-001020,2026-08-02T13:21:36,MRC_003,CUST-0050,PROC_A,ach,US,11499,GBP,2026-08-02,PAY-101020,posted
INT-HISTORICAL-001021,2026-08-02T13:23:17,MRC_002,CUST-0318,PROC_B,card,DE,24077,GBP,2026-08-02,PAY-101021,posted
INT-HISTORICAL-001022,2026-08-02T13:24:46,MRC_002,CUST-0389,PROC_B,wallet,GB,43086,USD,2026-08-02,PAY-101022,posted
INT-HISTORICAL-001023,2026-08-02T13:26:35,MRC_001,CUST-0033,PROC_A,card,US,11296,EUR,2026-08-02,PAY-101023,posted
INT-HISTORICAL-001024,2026-08-02T13:26:55,MRC_004,CUST-0263,PROC_C,wire,US,10326,EUR,2026-08-02,PAY-101024,posted
INT-HISTORICAL-001025,2026-08-02T13:28:32,MRC_005,CUST-0275,PROC_A,ach,GB,22357,USD,2026-08-02,PAY-101025,posted
INT-HISTORICAL-001026,2026-08-02T13:30:39,MRC_003,CUST-0097,PROC_B,wire,US,25907,USD,2026-08-02,PAY-101026,posted
INT-HISTORICAL-001027,2026-08-02T13:32:58,MRC_004,CUST-0395,PROC_C,wallet,US,10850,USD,2026-08-02,PAY-101027,posted
INT-HISTORICAL-001028,2026-08-02T13:35:57,MRC_005,CUST-0061,PROC_B,wallet,GB,53052,USD,2026-08-02,PAY-101028,posted
INT-HISTORICAL-001029,2026-08-02T13:38:36,MRC_003,CUST-0135,PROC_A,card,DE,6936,USD,2026-08-02,PAY-101029,posted
INT-HISTORICAL-001030,2026-08-02T13:39:16,MRC_001,CUST-0110,PROC_A,wallet,GB,4948,USD,2026-08-02,PAY-101030,posted
INT-HISTORICAL-001031,2026-08-02T13:41:48,MRC_004,CUST-0373,PROC_C,wallet,DE,54033,USD,2026-08-02,PAY-101031,posted
INT-HISTORICAL-001032,2026-08-02T13:42:18,MRC_001,CUST-0373,PROC_B,wire,GB,51890,EUR,2026-08-02,PAY-101032,posted
INT-HISTORICAL-001033,2026-08-02T13:42:48,MRC_002,CUST-0147,PROC_B,wire,US,52766,USD,2026-08-02,PAY-101033,posted
INT-HISTORICAL-001034,2026-08-02T13:44:51,MRC_002,CUST-0242,PROC_A,card,GB,21659,EUR,2026-08-02,PAY-101034,posted
INT-HISTORICAL-001035,2026-08-02T13:45:57,MRC_004,CUST-0124,PROC_C,wallet,US,20850,EUR,2026-08-02,PAY-101035,posted
INT-HISTORICAL-001036,2026-08-02T13:48:10,MRC_003,CUST-0188,PROC_A,card,GB,18073,EUR,2026-08-02,PAY-101036,posted
INT-HISTORICAL-001037,2026-08-02T13:50:26,MRC_004,CUST-0158,PROC_A,wallet,GB,2432,USD,2026-08-02,PAY-101037,posted
INT-HISTORICAL-001038,2026-08-02T13:51:24,MRC_004,CUST-0252,PROC_B,ach,DE,14154,GBP,2026-08-02,PAY-101038,posted
INT-HISTORICAL-001039,2026-08-02T13:51:50,MRC_005,CUST-0211,PROC_A,wire,US,10654,USD,2026-08-02,PAY-101039,posted
INT-HISTORICAL-001040,2026-08-02T13:52:21,MRC_004,CUST-0193,PROC_C,wallet,US,2353,USD,2026-08-02,PAY-101040,posted
INT-HISTORICAL-001041,2026-08-02T13:53:50,MRC_005,CUST-0074,PROC_C,card,US,8902,EUR,2026-08-02,PAY-101041,posted
INT-HISTORICAL-001042,2026-08-02T13:55:25,MRC_005,CUST-0048,PROC_B,wallet,US,2516,GBP,2026-08-02,PAY-101042,posted
INT-HISTORICAL-001043,2026-08-02T13:55:52,MRC_002,CUST-0292,PROC_A,wire,US,2072,USD,2026-08-02,PAY-101043,posted
INT-HISTORICAL-001044,2026-08-02T13:58:23,MRC_001,CUST-0158,PROC_C,card,US,1905,EUR,2026-08-02,PAY-101044,posted
INT-HISTORICAL-001045,2026-08-02T13:59:02,MRC_003,CUST-0024,PROC_C,ach,DE,25538,GBP,2026-08-02,PAY-101045,posted
INT-HISTORICAL-001046,2026-08-02T14:00:00,MRC_005,CUST-0210,PROC_B,ach,US,6981,EUR,2026-08-02,PAY-101046,posted
INT-HISTORICAL-001047,2026-08-02T14:01:46,MRC_001,CUST-0315,PROC_A,ach,US,21221,USD,2026-08-02,PAY-101047,posted
INT-HISTORICAL-001048,2026-08-02T14:04:39,MRC_002,CUST-0230,PROC_A,ach,US,6821,GBP,2026-08-02,PAY-101048,posted
INT-HISTORICAL-001049,2026-08-02T14:06:14,MRC_005,CUST-0164,PROC_B,card,GB,3664,GBP,2026-08-02,PAY-101049,posted
INT-HISTORICAL-001050,2026-08-02T14:07:13,MRC_003,CUST-0105,PROC_B,wire,CA,2501,GBP,2026-08-02,PAY-101050,posted
INT-HISTORICAL-001051,2026-08-02T14:09:46,MRC_003,CUST-0113,PROC_A,wire,US,21868,USD,2026-08-02,PAY-101051,posted
INT-HISTORICAL-001052,2026-08-02T14:12:09,MRC_001,CUST-0147,PROC_C,card,US,15728,EUR,2026-08-02,PAY-101052,posted
INT-HISTORICAL-001053,2026-08-02T14:12:33,MRC_005,CUST-0211,PROC_C,ach,US,13741,EUR,2026-08-02,PAY-101053,posted
INT-HISTORICAL-001054,2026-08-02T14:14:58,MRC_002,CUST-0333,PROC_A,card,CA,6924,USD,2026-08-02,PAY-101054,posted
INT-HISTORICAL-001055,2026-08-02T14:16:38,MRC_003,CUST-0007,PROC_A,ach,US,5093,USD,2026-08-02,PAY-101055,posted
INT-HISTORICAL-001056,2026-08-02T14:19:28,MRC_005,CUST-0368,PROC_B,ach,CA,5740,GBP,2026-08-02,PAY-101056,posted
INT-HISTORICAL-001057,2026-08-02T14:20:18,MRC_002,CUST-0201,PROC_A,wallet,US,4821,EUR,2026-08-02,PAY-101057,posted
INT-HISTORICAL-001058,2026-08-02T14:22:23,MRC_002,CUST-0108,PROC_B,wallet,US,2080,USD,2026-08-02,PAY-101058,posted
INT-HISTORICAL-001059,2026-08-02T14:25:13,MRC_003,CUST-0052,PROC_A,wire,DE,6171,EUR,2026-08-02,PAY-101059,posted
INT-HISTORICAL-001060,2026-08-02T14:27:29,MRC_005,CUST-0208,PROC_B,card,CA,13466,USD,2026-08-02,PAY-101060,posted
INT-HISTORICAL-001061,2026-08-02T14:29:00,MRC_005,CUST-0071,PROC_B,card,CA,17225,USD,2026-08-02,PAY-101061,posted
INT-HISTORICAL-001062,2026-08-02T14:30:05,MRC_002,CUST-0154,PROC_C,ach,CA,10322,USD,2026-08-02,PAY-101062,posted
INT-HISTORICAL-001063,2026-08-02T14:32:54,MRC_005,CUST-0004,PROC_C,wire,CA,23507,USD,2026-08-02,PAY-101063,posted
INT-HISTORICAL-001064,2026-08-02T14:33:21,MRC_004,CUST-0170,PROC_A,ach,GB,30623,EUR,2026-08-02,PAY-101064,posted
INT-HISTORICAL-001065,2026-08-02T14:35:39,MRC_004,CUST-0020,PROC_C,ach,US,8024,USD,2026-08-02,PAY-101065,posted
INT-HISTORICAL-001066,2026-08-02T14:36:38,MRC_003,CUST-0216,PROC_A,card,DE,1663,USD,2026-08-02,PAY-101066,posted
INT-HISTORICAL-001067,2026-08-02T14:37:06,MRC_005,CUST-0308,PROC_C,card,US,3422,USD,2026-08-02,PAY-101067,posted
INT-HISTORICAL-001068,2026-08-02T14:39:38,MRC_004,CUST-0018,PROC_A,card,US,7548,USD,2026-08-02,PAY-101068,posted
INT-HISTORICAL-001069,2026-08-02T14:41:22,MRC_004,CUST-0026,PROC_B,ach,US,18399,GBP,2026-08-02,PAY-101069,posted
INT-HISTORICAL-001070,2026-08-02T14:41:46,MRC_001,CUST-0061,PROC_B,wire,US,5436,USD,2026-08-02,PAY-101070,posted
INT-HISTORICAL-001071,2026-08-02T14:43:59,MRC_002,CUST-0223,PROC_A,card,US,25562,USD,2026-08-02,PAY-101071,posted
INT-HISTORICAL-001072,2026-08-02T14:44:27,MRC_004,CUST-0397,PROC_A,ach,US,10709,USD,2026-08-02,PAY-101072,posted
INT-HISTORICAL-001073,2026-08-02T14:46:58,MRC_004,CUST-0207,PROC_A,card,DE,7043,USD,2026-08-02,PAY-101073,posted
INT-HISTORICAL-001074,2026-08-02T14:48:28,MRC_002,CUST-0149,PROC_B,wallet,US,1754,USD,2026-08-02,PAY-101074,posted
INT-HISTORICAL-001075,2026-08-02T14:50:38,MRC_005,CUST-0270,PROC_C,wallet,GB,35201,USD,2026-08-02,PAY-101075,posted
INT-HISTORICAL-001076,2026-08-02T14:52:16,MRC_002,CUST-0189,PROC_A,card,CA,25414,USD,2026-08-02,PAY-101076,posted
INT-HISTORICAL-001077,2026-08-02T14:53:23,MRC_005,CUST-0284,PROC_C,wallet,US,17833,EUR,2026-08-02,PAY-101077,posted
INT-HISTORICAL-001078,2026-08-02T14:54:09,MRC_003,CUST-0068,PROC_C,card,US,7105,USD,2026-08-02,PAY-101078,posted
INT-HISTORICAL-001079,2026-08-02T14:55:02,MRC_005,CUST-0368,PROC_C,card,DE,28932,USD,2026-08-02,PAY-101079,posted
INT-HISTORICAL-001080,2026-08-02T14:56:43,MRC_003,CUST-0326,PROC_C,wire,US,6622,USD,2026-08-02,PAY-101080,posted
INT-HISTORICAL-001081,2026-08-02T14:58:22,MRC_003,CUST-0245,PROC_B,wire,US,18518,EUR,2026-08-02,PAY-101081,posted
INT-HISTORICAL-001082,2026-08-02T14:59:57,MRC_001,CUST-0126,PROC_B,card,GB,14220,USD,2026-08-02,PAY-101082,posted
INT-HISTORICAL-001083,2026-08-02T15:01:25,MRC_004,CUST-0270,PROC_C,wire,US,12680,EUR,2026-08-02,PAY-101083,posted
INT-HISTORICAL-001084,2026-08-02T15:03:25,MRC_003,CUST-0187,PROC_A,wire,US,2489,USD,2026-08-02,PAY-101084,posted
INT-HISTORICAL-001085,2026-08-02T15:06:13,MRC_001,CUST-0117,PROC_B,ach,US,10798,EUR,2026-08-02,PAY-101085,posted
INT-HISTORICAL-001086,2026-08-02T15:08:12,MRC_005,CUST-0003,PROC_C,wire,GB,8210,EUR,2026-08-02,PAY-101086,posted
INT-HISTORICAL-001087,2026-08-02T15:10:21,MRC_005,CUST-0120,PROC_C,wire,US,7584,USD,2026-08-02,PAY-101087,posted
INT-HISTORICAL-001088,2026-08-02T15:11:55,MRC_004,CUST-0353,PROC_C,ach,US,16422,USD,2026-08-02,PAY-101088,posted
INT-HISTORICAL-001089,2026-08-02T15:13:05,MRC_002,CUST-0330,PROC_A,wire,US,27867,GBP,2026-08-02,PAY-101089,posted
INT-HISTORICAL-001090,2026-08-02T15:14:53,MRC_005,CUST-0093,PROC_C,wallet,DE,19229,EUR,2026-08-02,PAY-101090,posted
INT-HISTORICAL-001091,2026-08-02T15:17:02,MRC_003,CUST-0263,PROC_C,ach,US,9130,GBP,2026-08-02,PAY-101091,posted
INT-HISTORICAL-001092,2026-08-02T15:18:28,MRC_004,CUST-0275,PROC_C,wallet,US,24058,GBP,2026-08-02,PAY-101092,posted
INT-HISTORICAL-001093,2026-08-02T15:20:57,MRC_005,CUST-0179,PROC_B,card,CA,38741,USD,2026-08-02,PAY-101093,posted
INT-HISTORICAL-001094,2026-08-02T15:23:14,MRC_002,CUST-0301,PROC_B,wire,GB,12300,USD,2026-08-02,PAY-101094,posted
INT-HISTORICAL-001095,2026-08-02T15:24:55,MRC_001,CUST-0227,PROC_A,card,GB,21611,EUR,2026-08-02,PAY-101095,posted
INT-HISTORICAL-001096,2026-08-02T15:27:15,MRC_005,CUST-0101,PROC_C,wire,DE,14590,USD,2026-08-02,PAY-101096,posted
INT-HISTORICAL-001097,2026-08-02T15:30:00,MRC_001,CUST-0021,PROC_B,wallet,GB,18865,USD,2026-08-02,PAY-101097,posted
INT-HISTORICAL-001098,2026-08-02T15:31:39,MRC_003,CUST-0044,PROC_B,ach,DE,3286,USD,2026-08-02,PAY-101098,posted
INT-HISTORICAL-001099,2026-08-02T15:31:59,MRC_003,CUST-0292,PROC_C,ach,US,26848,USD,2026-08-02,PAY-101099,posted
INT-HISTORICAL-001100,2026-08-02T15:33:40,MRC_001,CUST-0142,PROC_C,card,US,5829,GBP,2026-08-02,PAY-101100,posted
INT-HISTORICAL-001101,2026-08-02T15:35:48,MRC_001,CUST-0026,PROC_B,wallet,US,2445,USD,2026-08-02,PAY-101101,posted
INT-HISTORICAL-001102,2026-08-02T15:38:43,MRC_003,CUST-0058,PROC_B,ach,CA,6216,GBP,2026-08-02,PAY-101102,posted
INT-HISTORICAL-001103,2026-08-02T15:39:34,MRC_001,CUST-0215,PROC_C,wallet,GB,40928,USD,2026-08-02,PAY-101103,posted
INT-HISTORICAL-001104,2026-08-02T15:42:03,MRC_001,CUST-0304,PROC_C,card,US,73160,USD,2026-08-02,PAY-101104,posted
INT-HISTORICAL-001105,2026-08-02T15:43:02,MRC_003,CUST-0113,PROC_C,wallet,US,27224,EUR,2026-08-02,PAY-101105,posted
INT-HISTORICAL-001106,2026-08-02T15:44:07,MRC_001,CUST-0287,PROC_B,card,US,5288,EUR,2026-08-02,PAY-101106,posted
INT-HISTORICAL-001107,2026-08-02T15:45:17,MRC_004,CUST-0379,PROC_A,wallet,DE,107919,USD,2026-08-02,PAY-101107,posted
INT-HISTORICAL-001108,2026-08-02T15:47:14,MRC_004,CUST-0013,PROC_C,wallet,DE,25545,USD,2026-08-02,PAY-101108,posted
INT-HISTORICAL-001109,2026-08-02T15:49:31,MRC_005,CUST-0112,PROC_A,wallet,US,8617,USD,2026-08-02,PAY-101109,posted
INT-HISTORICAL-001110,2026-08-02T15:52:23,MRC_001,CUST-0075,PROC_A,card,US,6396,GBP,2026-08-02,PAY-101110,posted
INT-HISTORICAL-001111,2026-08-02T15:54:13,MRC_005,CUST-0177,PROC_A,wire,US,2322,USD,2026-08-02,PAY-101111,posted
INT-HISTORICAL-001112,2026-08-02T15:55:38,MRC_002,CUST-0313,PROC_B,ach,GB,3326,USD,2026-08-02,PAY-101112,posted
INT-HISTORICAL-001113,2026-08-02T15:57:19,MRC_002,CUST-0397,PROC_A,card,GB,13522,GBP,2026-08-02,PAY-101113,posted
INT-HISTORICAL-001114,2026-08-02T16:00:03,MRC_003,CUST-0197,PROC_C,card,US,14165,USD,2026-08-02,PAY-101114,posted
INT-HISTORICAL-001115,2026-08-02T16:00:59,MRC_002,CUST-0108,PROC_B,card,DE,30520,EUR,2026-08-02,PAY-101115,posted
INT-HISTORICAL-001116,2026-08-02T16:02:24,MRC_004,CUST-0185,PROC_A,card,GB,71669,USD,2026-08-02,PAY-101116,posted
INT-HISTORICAL-001117,2026-08-02T16:03:25,MRC_005,CUST-0319,PROC_B,card,DE,28181,GBP,2026-08-02,PAY-101117,posted
INT-HISTORICAL-001118,2026-08-02T16:05:43,MRC_004,CUST-0126,PROC_C,card,US,2665,USD,2026-08-02,PAY-101118,posted
INT-HISTORICAL-001119,2026-08-02T16:06:57,MRC_002,CUST-0055,PROC_A,ach,US,5451,USD,2026-08-02,PAY-101119,posted
INT-HISTORICAL-001120,2026-08-02T16:09:34,MRC_001,CUST-0038,PROC_A,wire,GB,27298,GBP,2026-08-02,PAY-101120,posted
INT-HISTORICAL-001121,2026-08-02T16:10:51,MRC_002,CUST-0156,PROC_C,wallet,US,31847,USD,2026-08-02,PAY-101121,posted
INT-HISTORICAL-001122,2026-08-02T16:11:20,MRC_002,CUST-0309,PROC_C,wire,US,2448,GBP,2026-08-02,PAY-101122,posted
INT-HISTORICAL-001123,2026-08-02T16:13:06,MRC_002,CUST-0346,PROC_B,ach,US,29364,GBP,2026-08-02,PAY-101123,posted
INT-HISTORICAL-001124,2026-08-02T16:15:10,MRC_004,CUST-0191,PROC_C,card,GB,37501,USD,2026-08-02,PAY-101124,posted
INT-HISTORICAL-001125,2026-08-02T16:16:26,MRC_005,CUST-0120,PROC_A,card,US,18038,USD,2026-08-02,PAY-101125,posted
INT-HISTORICAL-001126,2026-08-02T16:16:55,MRC_005,CUST-0056,PROC_A,card,CA,16363,EUR,2026-08-02,PAY-101126,posted
INT-HISTORICAL-001127,2026-08-02T16:18:51,MRC_003,CUST-0052,PROC_A,ach,DE,7200,GBP,2026-08-02,PAY-101127,posted
INT-HISTORICAL-001128,2026-08-02T16:19:50,MRC_001,CUST-0230,PROC_B,card,CA,11963,USD,2026-08-02,PAY-101128,posted
INT-HISTORICAL-001129,2026-08-02T16:22:28,MRC_002,CUST-0133,PROC_B,ach,US,44843,GBP,2026-08-02,PAY-101129,posted
INT-HISTORICAL-001130,2026-08-02T16:25:22,MRC_002,CUST-0016,PROC_A,card,US,59479,GBP,2026-08-02,PAY-101130,posted
INT-HISTORICAL-001131,2026-08-02T16:27:01,MRC_004,CUST-0087,PROC_C,card,US,25435,USD,2026-08-02,PAY-101131,posted
INT-HISTORICAL-001132,2026-08-02T16:28:06,MRC_004,CUST-0042,PROC_C,ach,CA,65702,USD,2026-08-02,PAY-101132,posted
INT-HISTORICAL-001133,2026-08-02T16:30:17,MRC_002,CUST-0199,PROC_C,wallet,US,22610,USD,2026-08-02,PAY-101133,posted
INT-HISTORICAL-001134,2026-08-02T16:31:37,MRC_004,CUST-0065,PROC_A,card,GB,676,USD,2026-08-02,PAY-101134,posted
INT-HISTORICAL-001135,2026-08-02T16:33:07,MRC_003,CUST-0026,PROC_A,wallet,DE,34789,EUR,2026-08-02,PAY-101135,posted
INT-HISTORICAL-001136,2026-08-02T16:35:54,MRC_004,CUST-0095,PROC_C,card,GB,3213,GBP,2026-08-02,PAY-101136,posted
INT-HISTORICAL-001137,2026-08-02T16:37:43,MRC_002,CUST-0353,PROC_A,wallet,US,10080,EUR,2026-08-02,PAY-101137,posted
INT-HISTORICAL-001138,2026-08-02T16:39:03,MRC_003,CUST-0181,PROC_A,wire,US,7930,EUR,2026-08-02,PAY-101138,posted
INT-HISTORICAL-001139,2026-08-02T16:39:35,MRC_003,CUST-0317,PROC_C,ach,US,4001,USD,2026-08-02,PAY-101139,posted
INT-HISTORICAL-001140,2026-08-02T16:40:13,MRC_004,CUST-0050,PROC_B,ach,US,93318,USD,2026-08-02,PAY-101140,posted
INT-HISTORICAL-001141,2026-08-02T16:42:38,MRC_002,CUST-0338,PROC_C,card,US,21505,USD,2026-08-02,PAY-101141,posted
INT-HISTORICAL-001142,2026-08-02T16:43:43,MRC_002,CUST-0304,PROC_A,ach,CA,33614,EUR,2026-08-02,PAY-101142,posted
INT-HISTORICAL-001143,2026-08-02T16:46:08,MRC_001,CUST-0241,PROC_A,wallet,US,86905,USD,2026-08-02,PAY-101143,posted
INT-HISTORICAL-001144,2026-08-02T16:48:24,MRC_005,CUST-0048,PROC_A,ach,US,34723,USD,2026-08-02,PAY-101144,posted
INT-HISTORICAL-001145,2026-08-02T16:51:06,MRC_001,CUST-0369,PROC_B,card,GB,139289,USD,2026-08-02,PAY-101145,posted
INT-HISTORICAL-001146,2026-08-02T16:52:31,MRC_001,CUST-0096,PROC_A,wallet,US,10807,GBP,2026-08-02,PAY-101146,posted
INT-HISTORICAL-001147,2026-08-02T16:53:44,MRC_002,CUST-0027,PROC_C,wallet,CA,7461,USD,2026-08-02,PAY-101147,posted
INT-HISTORICAL-001148,2026-08-02T16:56:42,MRC_005,CUST-0106,PROC_C,ach,US,25672,EUR,2026-08-02,PAY-101148,posted
INT-HISTORICAL-001149,2026-08-02T16:58:59,MRC_004,CUST-0390,PROC_C,wallet,US,19532,USD,2026-08-02,PAY-101149,posted
INT-HISTORICAL-001150,2026-08-02T16:59:43,MRC_001,CUST-0180,PROC_A,card,DE,20929,USD,2026-08-02,PAY-101150,posted
INT-HISTORICAL-001151,2026-08-02T17:01:15,MRC_004,CUST-0085,PROC_C,wallet,US,28870,EUR,2026-08-02,PAY-101151,posted
INT-HISTORICAL-001152,2026-08-02T17:03:26,MRC_001,CUST-0090,PROC_A,ach,US,7528,EUR,2026-08-02,PAY-101152,posted
INT-HISTORICAL-001153,2026-08-02T17:05:30,MRC_003,CUST-0193,PROC_B,wallet,GB,5945,USD,2026-08-02,PAY-101153,posted
INT-HISTORICAL-001154,2026-08-02T17:06:51,MRC_004,CUST-0067,PROC_A,wallet,US,5340,GBP,2026-08-02,PAY-101154,posted
INT-HISTORICAL-001155,2026-08-02T17:08:48,MRC_004,CUST-0139,PROC_B,wire,CA,11770,USD,2026-08-02,PAY-101155,posted
INT-HISTORICAL-001156,2026-08-02T17:10:22,MRC_001,CUST-0032,PROC_A,wallet,DE,27542,USD,2026-08-02,PAY-101156,posted
INT-HISTORICAL-001157,2026-08-02T17:10:52,MRC_004,CUST-0025,PROC_C,wallet,CA,55325,USD,2026-08-02,PAY-101157,posted
INT-HISTORICAL-001158,2026-08-02T17:13:37,MRC_004,CUST-0376,PROC_A,wire,US,28040,USD,2026-08-02,PAY-101158,posted
INT-HISTORICAL-001159,2026-08-02T17:15:41,MRC_005,CUST-0055,PROC_B,card,US,3670,USD,2026-08-02,PAY-101159,posted
INT-HISTORICAL-001160,2026-08-02T17:18:12,MRC_003,CUST-0179,PROC_C,card,GB,9980,USD,2026-08-02,PAY-101160,posted
INT-HISTORICAL-001161,2026-08-02T17:19:58,MRC_005,CUST-0355,PROC_A,wire,US,7907,USD,2026-08-02,PAY-101161,posted
INT-HISTORICAL-001162,2026-08-02T17:20:46,MRC_003,CUST-0323,PROC_B,wallet,US,16736,USD,2026-08-02,PAY-101162,posted
INT-HISTORICAL-001163,2026-08-02T17:22:43,MRC_003,CUST-0309,PROC_A,card,US,32119,USD,2026-08-02,PAY-101163,posted
INT-HISTORICAL-001164,2026-08-02T17:25:27,MRC_004,CUST-0230,PROC_B,ach,DE,1184,USD,2026-08-02,PAY-101164,posted
INT-HISTORICAL-001165,2026-08-02T17:26:10,MRC_004,CUST-0082,PROC_A,wallet,GB,10310,USD,2026-08-02,PAY-101165,posted
INT-HISTORICAL-001166,2026-08-02T17:28:59,MRC_002,CUST-0064,PROC_B,wire,DE,20896,USD,2026-08-02,PAY-101166,posted
INT-HISTORICAL-001167,2026-08-02T17:31:23,MRC_004,CUST-0374,PROC_A,wire,US,10070,GBP,2026-08-02,PAY-101167,posted
INT-HISTORICAL-001168,2026-08-02T17:33:54,MRC_003,CUST-0136,PROC_C,wallet,CA,4642,USD,2026-08-02,PAY-101168,posted
INT-HISTORICAL-001169,2026-08-02T17:34:39,MRC_005,CUST-0329,PROC_C,ach,US,3863,EUR,2026-08-02,PAY-101169,posted
INT-HISTORICAL-001170,2026-08-02T17:37:20,MRC_001,CUST-0293,PROC_C,wallet,DE,6187,USD,2026-08-02,PAY-101170,posted
INT-HISTORICAL-001171,2026-08-02T17:38:32,MRC_002,CUST-0292,PROC_A,card,DE,8886,USD,2026-08-02,PAY-101171,posted
INT-HISTORICAL-001172,2026-08-02T17:41:19,MRC_003,CUST-0394,PROC_C,card,US,43420,USD,2026-08-02,PAY-101172,posted
INT-HISTORICAL-001173,2026-08-02T17:43:47,MRC_004,CUST-0183,PROC_C,ach,US,1716,USD,2026-08-02,PAY-101173,posted
INT-HISTORICAL-001174,2026-08-02T17:46:37,MRC_001,CUST-0051,PROC_C,wire,US,19230,USD,2026-08-02,PAY-101174,posted
INT-HISTORICAL-001175,2026-08-02T17:48:04,MRC_002,CUST-0341,PROC_C,ach,US,31247,GBP,2026-08-02,PAY-101175,posted
INT-HISTORICAL-001176,2026-08-02T17:49:16,MRC_001,CUST-0375,PROC_C,wire,US,2684,EUR,2026-08-02,PAY-101176,posted
INT-HISTORICAL-001177,2026-08-02T17:50:34,MRC_001,CUST-0199,PROC_A,card,CA,7998,USD,2026-08-02,PAY-101177,posted
INT-HISTORICAL-001178,2026-08-02T17:51:56,MRC_003,CUST-0311,PROC_C,wire,US,18300,EUR,2026-08-02,PAY-101178,posted
INT-HISTORICAL-001179,2026-08-02T17:52:31,MRC_005,CUST-0020,PROC_C,ach,US,13220,USD,2026-08-02,PAY-101179,posted
INT-HISTORICAL-001180,2026-08-02T17:53:29,MRC_002,CUST-0214,PROC_A,ach,US,9728,USD,2026-08-02,PAY-101180,posted
INT-HISTORICAL-001181,2026-08-02T17:54:05,MRC_002,CUST-0208,PROC_A,wire,GB,40123,USD,2026-08-02,PAY-101181,posted
INT-HISTORICAL-001182,2026-08-02T17:56:17,MRC_002,CUST-0222,PROC_C,wallet,GB,6916,USD,2026-08-02,PAY-101182,posted
INT-HISTORICAL-001183,2026-08-02T17:57:35,MRC_004,CUST-0308,PROC_C,wire,GB,1860,EUR,2026-08-02,PAY-101183,posted
INT-HISTORICAL-001184,2026-08-02T17:59:06,MRC_004,CUST-0347,PROC_B,wire,US,6657,USD,2026-08-02,PAY-101184,posted
INT-HISTORICAL-001185,2026-08-02T18:00:09,MRC_002,CUST-0226,PROC_A,ach,DE,8957,USD,2026-08-02,PAY-101185,posted
INT-HISTORICAL-001186,2026-08-02T18:01:36,MRC_001,CUST-0040,PROC_B,ach,CA,5190,USD,2026-08-02,PAY-101186,posted
INT-HISTORICAL-001187,2026-08-02T18:03:48,MRC_004,CUST-0382,PROC_C,wire,US,13538,USD,2026-08-02,PAY-101187,posted
INT-HISTORICAL-001188,2026-08-02T18:04:42,MRC_005,CUST-0005,PROC_C,card,US,33387,USD,2026-08-02,PAY-101188,posted
INT-HISTORICAL-001189,2026-08-02T18:07:10,MRC_002,CUST-0004,PROC_B,wallet,GB,27061,GBP,2026-08-02,PAY-101189,posted
INT-HISTORICAL-001190,2026-08-02T18:07:39,MRC_003,CUST-0077,PROC_C,wallet,GB,9834,USD,2026-08-02,PAY-101190,posted
INT-HISTORICAL-001191,2026-08-02T18:08:18,MRC_001,CUST-0148,PROC_C,wallet,US,4033,USD,2026-08-02,PAY-101191,posted
INT-HISTORICAL-001192,2026-08-02T18:10:14,MRC_003,CUST-0287,PROC_A,card,US,11262,USD,2026-08-02,PAY-101192,posted
INT-HISTORICAL-001193,2026-08-02T18:11:26,MRC_004,CUST-0110,PROC_C,wire,GB,28812,EUR,2026-08-02,PAY-101193,posted
INT-HISTORICAL-001194,2026-08-02T18:12:41,MRC_004,CUST-0010,PROC_A,ach,CA,5297,USD,2026-08-02,PAY-101194,posted
INT-HISTORICAL-001195,2026-08-02T18:13:07,MRC_004,CUST-0222,PROC_B,card,CA,36542,USD,2026-08-02,PAY-101195,posted
INT-HISTORICAL-001196,2026-08-02T18:15:27,MRC_001,CUST-0297,PROC_A,ach,CA,5618,GBP,2026-08-02,PAY-101196,posted
INT-HISTORICAL-001197,2026-08-02T18:16:59,MRC_004,CUST-0006,PROC_A,wire,US,6009,USD,2026-08-02,PAY-101197,posted
INT-HISTORICAL-001198,2026-08-02T18:17:37,MRC_004,CUST-0224,PROC_C,wallet,GB,6776,USD,2026-08-02,PAY-101198,posted
INT-HISTORICAL-001199,2026-08-02T18:18:07,MRC_005,CUST-0250,PROC_B,wire,CA,8232,GBP,2026-08-02,PAY-101199,posted
INT-HISTORICAL-001200,2026-08-02T18:19:02,MRC_002,CUST-0399,PROC_C,wire,US,6782,EUR,2026-08-02,PAY-101200,posted
INT-HISTORICAL-001201,2026-08-02T18:21:18,MRC_005,CUST-0231,PROC_C,ach,GB,51024,USD,2026-08-02,PAY-101201,posted
INT-HISTORICAL-001202,2026-08-02T18:24:17,MRC_001,CUST-0363,PROC_A,wallet,US,5364,USD,2026-08-02,PAY-101202,posted
INT-HISTORICAL-001203,2026-08-02T18:26:18,MRC_003,CUST-0105,PROC_C,ach,GB,14325,USD,2026-08-02,PAY-101203,posted
INT-HISTORICAL-001204,2026-08-02T18:27:07,MRC_005,CUST-0398,PROC_B,wallet,US,12110,GBP,2026-08-02,PAY-101204,posted
INT-HISTORICAL-001205,2026-08-02T18:29:14,MRC_003,CUST-0148,PROC_A,wire,US,10770,EUR,2026-08-02,PAY-101205,posted
INT-HISTORICAL-001206,2026-08-02T18:32:02,MRC_003,CUST-0270,PROC_B,ach,CA,4765,USD,2026-08-02,PAY-101206,posted
INT-HISTORICAL-001207,2026-08-02T18:33:41,MRC_004,CUST-0343,PROC_B,ach,CA,9106,USD,2026-08-02,PAY-101207,posted
INT-HISTORICAL-001208,2026-08-02T18:35:18,MRC_002,CUST-0032,PROC_B,card,US,35390,EUR,2026-08-02,PAY-101208,posted
INT-HISTORICAL-001209,2026-08-02T18:37:00,MRC_003,CUST-0224,PROC_B,wallet,GB,10766,USD,2026-08-02,PAY-101209,posted
INT-HISTORICAL-001210,2026-08-02T18:39:37,MRC_004,CUST-0125,PROC_B,wallet,US,8178,USD,2026-08-02,PAY-101210,posted
INT-HISTORICAL-001211,2026-08-02T18:40:02,MRC_005,CUST-0153,PROC_C,wire,CA,5078,GBP,2026-08-02,PAY-101211,posted
INT-HISTORICAL-001212,2026-08-02T18:41:49,MRC_003,CUST-0369,PROC_C,wallet,US,2745,GBP,2026-08-02,PAY-101212,posted
INT-HISTORICAL-001213,2026-08-02T18:43:46,MRC_003,CUST-0341,PROC_B,card,US,21472,USD,2026-08-02,PAY-101213,posted
INT-HISTORICAL-001214,2026-08-02T18:44:53,MRC_002,CUST-0060,PROC_C,wallet,US,14280,GBP,2026-08-02,PAY-101214,posted
INT-HISTORICAL-001215,2026-08-02T18:46:34,MRC_001,CUST-0377,PROC_C,ach,US,3476,USD,2026-08-02,PAY-101215,posted
INT-HISTORICAL-001216,2026-08-02T18:47:08,MRC_001,CUST-0343,PROC_C,wallet,US,7994,USD,2026-08-02,PAY-101216,posted
INT-HISTORICAL-001217,2026-08-02T18:48:32,MRC_005,CUST-0145,PROC_C,wallet,DE,21898,USD,2026-08-02,PAY-101217,posted
INT-HISTORICAL-001218,2026-08-02T18:49:29,MRC_005,CUST-0336,PROC_C,card,CA,5885,USD,2026-08-02,PAY-101218,posted
INT-HISTORICAL-001219,2026-08-02T18:50:49,MRC_002,CUST-0335,PROC_B,ach,DE,10236,USD,2026-08-02,PAY-101219,posted
INT-HISTORICAL-001220,2026-08-02T18:52:51,MRC_001,CUST-0028,PROC_B,card,US,30951,GBP,2026-08-02,PAY-101220,posted
INT-HISTORICAL-001221,2026-08-02T18:53:14,MRC_004,CUST-0054,PROC_A,wire,US,7930,USD,2026-08-02,PAY-101221,posted
INT-HISTORICAL-001222,2026-08-02T18:54:01,MRC_002,CUST-0390,PROC_B,wire,GB,5198,EUR,2026-08-02,PAY-101222,posted
INT-HISTORICAL-001223,2026-08-02T18:56:38,MRC_002,CUST-0359,PROC_A,ach,US,8359,GBP,2026-08-02,PAY-101223,posted
INT-HISTORICAL-001224,2026-08-02T18:59:27,MRC_002,CUST-0037,PROC_C,ach,DE,26057,USD,2026-08-02,PAY-101224,posted
INT-HISTORICAL-001225,2026-08-02T19:01:48,MRC_003,CUST-0393,PROC_A,wallet,US,4421,USD,2026-08-02,PAY-101225,posted
INT-HISTORICAL-001226,2026-08-02T19:04:35,MRC_001,CUST-0049,PROC_C,wire,US,3801,USD,2026-08-02,PAY-101226,posted
INT-HISTORICAL-001227,2026-08-02T19:05:37,MRC_003,CUST-0251,PROC_A,card,US,7548,USD,2026-08-02,PAY-101227,posted
INT-HISTORICAL-001228,2026-08-02T19:07:10,MRC_004,CUST-0082,PROC_A,wallet,CA,54661,EUR,2026-08-02,PAY-101228,posted
INT-HISTORICAL-001229,2026-08-02T19:08:05,MRC_004,CUST-0172,PROC_C,ach,DE,8910,USD,2026-08-02,PAY-101229,posted
INT-HISTORICAL-001230,2026-08-02T19:09:11,MRC_005,CUST-0347,PROC_B,wire,US,7589,EUR,2026-08-02,PAY-101230,posted
INT-HISTORICAL-001231,2026-08-02T19:11:03,MRC_003,CUST-0148,PROC_A,ach,US,18289,USD,2026-08-02,PAY-101231,posted
INT-HISTORICAL-001232,2026-08-02T19:11:33,MRC_001,CUST-0247,PROC_C,wire,US,3286,USD,2026-08-02,PAY-101232,posted
INT-HISTORICAL-001233,2026-08-02T19:13:41,MRC_005,CUST-0396,PROC_B,wallet,GB,9110,USD,2026-08-02,PAY-101233,posted
INT-HISTORICAL-001234,2026-08-02T19:15:26,MRC_003,CUST-0104,PROC_A,ach,CA,9894,GBP,2026-08-02,PAY-101234,posted
INT-HISTORICAL-001235,2026-08-02T19:17:28,MRC_002,CUST-0363,PROC_C,card,US,2665,GBP,2026-08-02,PAY-101235,posted
INT-HISTORICAL-001236,2026-08-02T19:18:58,MRC_002,CUST-0179,PROC_A,card,US,17645,USD,2026-08-02,PAY-101236,posted
INT-HISTORICAL-001237,2026-08-02T19:19:19,MRC_003,CUST-0079,PROC_C,ach,CA,35017,EUR,2026-08-02,PAY-101237,posted
INT-HISTORICAL-001238,2026-08-02T19:20:21,MRC_005,CUST-0385,PROC_A,ach,CA,17106,USD,2026-08-02,PAY-101238,posted
INT-HISTORICAL-001239,2026-08-02T19:21:49,MRC_005,CUST-0324,PROC_B,wire,US,13717,USD,2026-08-02,PAY-101239,posted
INT-HISTORICAL-001240,2026-08-02T19:23:33,MRC_004,CUST-0345,PROC_B,card,US,3799,USD,2026-08-02,PAY-101240,posted
INT-HISTORICAL-001241,2026-08-02T19:25:41,MRC_003,CUST-0247,PROC_C,wallet,GB,29592,GBP,2026-08-02,PAY-101241,posted
INT-HISTORICAL-001242,2026-08-02T19:27:37,MRC_003,CUST-0155,PROC_B,card,US,12588,EUR,2026-08-02,PAY-101242,posted
INT-HISTORICAL-001243,2026-08-02T19:29:11,MRC_005,CUST-0242,PROC_A,wallet,DE,5239,USD,2026-08-02,PAY-101243,posted
INT-HISTORICAL-001244,2026-08-02T19:30:44,MRC_001,CUST-0270,PROC_B,wallet,US,20301,USD,2026-08-02,PAY-101244,posted
INT-HISTORICAL-001245,2026-08-02T19:31:59,MRC_004,CUST-0111,PROC_C,wallet,US,13988,USD,2026-08-02,PAY-101245,posted
INT-HISTORICAL-001246,2026-08-02T19:33:07,MRC_005,CUST-0016,PROC_C,card,DE,8189,GBP,2026-08-02,PAY-101246,posted
INT-HISTORICAL-001247,2026-08-02T19:33:46,MRC_005,CUST-0248,PROC_B,wallet,DE,10478,USD,2026-08-02,PAY-101247,posted
INT-HISTORICAL-001248,2026-08-02T19:35:31,MRC_004,CUST-0292,PROC_B,wire,GB,11028,USD,2026-08-02,PAY-101248,posted
INT-HISTORICAL-001249,2026-08-02T19:37:54,MRC_001,CUST-0344,PROC_A,wallet,US,5095,USD,2026-08-02,PAY-101249,posted
INT-HISTORICAL-001250,2026-08-02T19:38:20,MRC_004,CUST-0036,PROC_A,wire,US,34908,GBP,2026-08-02,PAY-101250,posted
INT-HISTORICAL-001251,2026-08-02T19:38:56,MRC_002,CUST-0114,PROC_B,wallet,US,11325,EUR,2026-08-02,PAY-101251,posted
INT-HISTORICAL-001252,2026-08-02T19:41:42,MRC_005,CUST-0066,PROC_A,card,US,39345,GBP,2026-08-02,PAY-101252,posted
INT-HISTORICAL-001253,2026-08-02T19:43:49,MRC_001,CUST-0350,PROC_A,wallet,GB,16281,USD,2026-08-02,PAY-101253,posted
INT-HISTORICAL-001254,2026-08-02T19:45:45,MRC_002,CUST-0365,PROC_A,ach,US,15105,GBP,2026-08-02,PAY-101254,posted
INT-HISTORICAL-001255,2026-08-02T19:47:54,MRC_005,CUST-0352,PROC_C,ach,US,2245,EUR,2026-08-02,PAY-101255,posted
INT-HISTORICAL-001256,2026-08-02T19:49:27,MRC_002,CUST-0187,PROC_B,card,US,4745,USD,2026-08-02,PAY-101256,posted
INT-HISTORICAL-001257,2026-08-02T19:52:17,MRC_001,CUST-0392,PROC_B,ach,DE,22817,USD,2026-08-02,PAY-101257,posted
INT-HISTORICAL-001258,2026-08-02T19:54:11,MRC_005,CUST-0309,PROC_A,card,CA,42587,USD,2026-08-02,PAY-101258,posted
INT-HISTORICAL-001259,2026-08-02T19:54:50,MRC_004,CUST-0317,PROC_B,ach,US,10630,USD,2026-08-02,PAY-101259,posted
INT-HISTORICAL-001260,2026-08-02T19:56:05,MRC_005,CUST-0003,PROC_C,wallet,GB,23876,USD,2026-08-02,PAY-101260,posted
INT-HISTORICAL-001261,2026-08-02T19:56:48,MRC_004,CUST-0177,PROC_C,wire,US,3046,USD,2026-08-02,PAY-101261,posted
INT-HISTORICAL-001262,2026-08-02T19:58:39,MRC_004,CUST-0364,PROC_B,ach,US,39521,USD,2026-08-02,PAY-101262,posted
INT-HISTORICAL-001263,2026-08-02T20:00:41,MRC_002,CUST-0117,PROC_C,wire,US,13489,USD,2026-08-02,PAY-101263,posted
INT-HISTORICAL-001264,2026-08-02T20:03:23,MRC_005,CUST-0396,PROC_B,card,CA,10078,USD,2026-08-02,PAY-101264,posted
INT-HISTORICAL-001265,2026-08-02T20:05:51,MRC_003,CUST-0208,PROC_A,wire,CA,7133,USD,2026-08-02,PAY-101265,posted
INT-HISTORICAL-001266,2026-08-02T20:08:47,MRC_001,CUST-0397,PROC_C,wire,US,10959,GBP,2026-08-02,PAY-101266,posted
INT-HISTORICAL-001267,2026-08-02T20:11:16,MRC_005,CUST-0075,PROC_A,ach,DE,40064,USD,2026-08-02,PAY-101267,posted
INT-HISTORICAL-001268,2026-08-02T20:12:57,MRC_002,CUST-0211,PROC_C,wire,GB,43922,USD,2026-08-02,PAY-101268,posted
INT-HISTORICAL-001269,2026-08-02T20:13:48,MRC_005,CUST-0231,PROC_C,wallet,US,81026,USD,2026-08-02,PAY-101269,posted
INT-HISTORICAL-001270,2026-08-02T20:14:23,MRC_001,CUST-0161,PROC_A,card,DE,16731,USD,2026-08-02,PAY-101270,posted
INT-HISTORICAL-001271,2026-08-02T20:17:23,MRC_003,CUST-0232,PROC_C,wallet,US,8829,USD,2026-08-02,PAY-101271,posted
INT-HISTORICAL-001272,2026-08-02T20:19:19,MRC_001,CUST-0092,PROC_C,wire,GB,12667,USD,2026-08-02,PAY-101272,posted
INT-HISTORICAL-001273,2026-08-02T20:21:59,MRC_004,CUST-0162,PROC_B,wallet,GB,27081,GBP,2026-08-02,PAY-101273,posted
INT-HISTORICAL-001274,2026-08-02T20:22:57,MRC_004,CUST-0070,PROC_A,wallet,DE,10196,GBP,2026-08-02,PAY-101274,posted
INT-HISTORICAL-001275,2026-08-02T20:24:11,MRC_004,CUST-0186,PROC_B,wire,GB,3678,EUR,2026-08-02,PAY-101275,posted
INT-HISTORICAL-001276,2026-08-02T20:25:43,MRC_004,CUST-0227,PROC_B,ach,US,180854,GBP,2026-08-02,PAY-101276,posted
INT-HISTORICAL-001277,2026-08-02T20:28:10,MRC_002,CUST-0214,PROC_C,card,US,12722,USD,2026-08-02,PAY-101277,posted
INT-HISTORICAL-001278,2026-08-02T20:29:44,MRC_002,CUST-0030,PROC_C,card,GB,6859,USD,2026-08-02,PAY-101278,posted
INT-HISTORICAL-001279,2026-08-02T20:30:25,MRC_003,CUST-0205,PROC_C,card,US,7444,USD,2026-08-02,PAY-101279,posted
INT-HISTORICAL-001280,2026-08-02T20:33:02,MRC_005,CUST-0269,PROC_C,wire,US,4880,USD,2026-08-02,PAY-101280,posted
INT-HISTORICAL-001281,2026-08-02T20:35:22,MRC_002,CUST-0084,PROC_A,wallet,DE,5196,GBP,2026-08-02,PAY-101281,posted
INT-HISTORICAL-001282,2026-08-02T20:37:15,MRC_003,CUST-0196,PROC_C,wire,US,29024,USD,2026-08-02,PAY-101282,posted
INT-HISTORICAL-001283,2026-08-02T20:40:14,MRC_002,CUST-0094,PROC_C,wire,DE,149483,USD,2026-08-02,PAY-101283,posted
INT-HISTORICAL-001284,2026-08-02T20:41:52,MRC_003,CUST-0014,PROC_A,wire,GB,15067,USD,2026-08-02,PAY-101284,posted
INT-HISTORICAL-001285,2026-08-02T20:44:27,MRC_003,CUST-0149,PROC_A,wire,DE,22798,USD,2026-08-02,PAY-101285,posted
INT-HISTORICAL-001286,2026-08-02T20:45:14,MRC_003,CUST-0342,PROC_C,wallet,US,33282,USD,2026-08-02,PAY-101286,posted
INT-HISTORICAL-001287,2026-08-02T20:46:00,MRC_003,CUST-0194,PROC_C,wire,US,6937,GBP,2026-08-02,PAY-101287,posted
INT-HISTORICAL-001288,2026-08-02T20:48:56,MRC_005,CUST-0127,PROC_C,ach,US,13714,USD,2026-08-02,PAY-101288,posted
INT-HISTORICAL-001289,2026-08-02T20:50:29,MRC_001,CUST-0318,PROC_C,ach,DE,20357,GBP,2026-08-02,PAY-101289,posted
INT-HISTORICAL-001290,2026-08-02T20:51:05,MRC_004,CUST-0018,PROC_B,wallet,DE,6752,USD,2026-08-02,PAY-101290,posted
INT-HISTORICAL-001291,2026-08-02T20:53:21,MRC_002,CUST-0050,PROC_B,card,DE,38464,GBP,2026-08-02,PAY-101291,posted
INT-HISTORICAL-001292,2026-08-02T20:55:34,MRC_004,CUST-0175,PROC_C,ach,US,8867,GBP,2026-08-02,PAY-101292,posted
INT-HISTORICAL-001293,2026-08-02T20:56:21,MRC_002,CUST-0238,PROC_C,wallet,US,22634,USD,2026-08-02,PAY-101293,posted
INT-HISTORICAL-001294,2026-08-02T20:59:21,MRC_001,CUST-0391,PROC_C,wallet,US,40185,USD,2026-08-02,PAY-101294,posted
INT-HISTORICAL-001295,2026-08-02T21:00:53,MRC_002,CUST-0311,PROC_B,wallet,US,8319,USD,2026-08-02,PAY-101295,posted
INT-HISTORICAL-001296,2026-08-02T21:02:23,MRC_004,CUST-0368,PROC_B,wallet,DE,21596,USD,2026-08-02,PAY-101296,posted
INT-HISTORICAL-001297,2026-08-02T21:03:24,MRC_004,CUST-0072,PROC_C,wallet,GB,3033,USD,2026-08-02,PAY-101297,posted
INT-HISTORICAL-001298,2026-08-02T21:04:08,MRC_004,CUST-0016,PROC_A,wallet,GB,9917,USD,2026-08-02,PAY-101298,posted
INT-HISTORICAL-001299,2026-08-02T21:05:21,MRC_004,CUST-0207,PROC_C,ach,CA,25516,USD,2026-08-02,PAY-101299,posted
INT-HISTORICAL-001300,2026-08-02T21:07:06,MRC_005,CUST-0215,PROC_A,wallet,US,2161,USD,2026-08-02,PAY-101300,posted
INT-HISTORICAL-001301,2026-08-02T21:07:27,MRC_004,CUST-0216,PROC_B,wallet,US,4109,USD,2026-08-02,PAY-101301,posted
INT-HISTORICAL-001302,2026-08-02T21:09:55,MRC_003,CUST-0322,PROC_C,wallet,GB,18792,USD,2026-08-02,PAY-101302,posted
INT-HISTORICAL-001303,2026-08-02T21:11:00,MRC_004,CUST-0326,PROC_C,wallet,GB,7172,USD,2026-08-02,PAY-101303,posted
INT-HISTORICAL-001304,2026-08-02T21:12:32,MRC_001,CUST-0379,PROC_B,wallet,US,10533,USD,2026-08-02,PAY-101304,posted
INT-HISTORICAL-001305,2026-08-02T21:15:11,MRC_005,CUST-0241,PROC_B,ach,US,41074,USD,2026-08-02,PAY-101305,posted
INT-HISTORICAL-001306,2026-08-02T21:18:04,MRC_003,CUST-0245,PROC_C,ach,US,9386,GBP,2026-08-02,PAY-101306,posted
INT-HISTORICAL-001307,2026-08-02T21:18:28,MRC_002,CUST-0031,PROC_B,wallet,US,1471,GBP,2026-08-02,PAY-101307,posted
INT-HISTORICAL-001308,2026-08-02T21:21:10,MRC_002,CUST-0357,PROC_C,wallet,GB,16215,EUR,2026-08-02,PAY-101308,posted
INT-HISTORICAL-001309,2026-08-02T21:22:48,MRC_002,CUST-0229,PROC_B,wire,GB,10856,EUR,2026-08-02,PAY-101309,posted
INT-HISTORICAL-001310,2026-08-02T21:23:55,MRC_002,CUST-0391,PROC_B,card,US,8502,EUR,2026-08-02,PAY-101310,posted
INT-HISTORICAL-001311,2026-08-02T21:24:57,MRC_003,CUST-0356,PROC_B,ach,US,124987,GBP,2026-08-02,PAY-101311,posted
INT-HISTORICAL-001312,2026-08-02T21:26:20,MRC_004,CUST-0279,PROC_C,wire,US,5174,USD,2026-08-02,PAY-101312,posted
INT-HISTORICAL-001313,2026-08-02T21:28:19,MRC_005,CUST-0311,PROC_B,wire,DE,40233,EUR,2026-08-02,PAY-101313,posted
INT-HISTORICAL-001314,2026-08-02T21:30:38,MRC_003,CUST-0354,PROC_B,card,US,24409,USD,2026-08-02,PAY-101314,posted
INT-HISTORICAL-001315,2026-08-02T21:33:34,MRC_003,CUST-0239,PROC_C,wire,CA,15085,USD,2026-08-02,PAY-101315,posted
INT-HISTORICAL-001316,2026-08-02T21:36:03,MRC_001,CUST-0151,PROC_A,wire,US,2522,GBP,2026-08-02,PAY-101316,posted
INT-HISTORICAL-001317,2026-08-02T21:37:24,MRC_004,CUST-0067,PROC_B,wallet,US,4968,USD,2026-08-02,PAY-101317,posted
INT-HISTORICAL-001318,2026-08-02T21:38:40,MRC_002,CUST-0199,PROC_B,wallet,US,11808,USD,2026-08-02,PAY-101318,posted
INT-HISTORICAL-001319,2026-08-02T21:41:40,MRC_004,CUST-0282,PROC_B,wallet,DE,95110,EUR,2026-08-02,PAY-101319,posted
INT-HISTORICAL-001320,2026-08-02T21:44:34,MRC_003,CUST-0242,PROC_B,wire,DE,7311,EUR,2026-08-02,PAY-101320,posted
INT-HISTORICAL-001321,2026-08-02T21:46:24,MRC_002,CUST-0015,PROC_C,wallet,US,7993,GBP,2026-08-02,PAY-101321,posted
INT-HISTORICAL-001322,2026-08-02T21:48:12,MRC_004,CUST-0339,PROC_A,card,GB,10147,USD,2026-08-02,PAY-101322,posted
INT-HISTORICAL-001323,2026-08-02T21:50:05,MRC_003,CUST-0167,PROC_B,wire,US,22453,EUR,2026-08-02,PAY-101323,posted
INT-HISTORICAL-001324,2026-08-02T21:52:52,MRC_001,CUST-0314,PROC_C,ach,GB,4276,USD,2026-08-02,PAY-101324,posted
INT-HISTORICAL-001325,2026-08-02T21:53:57,MRC_002,CUST-0324,PROC_C,ach,DE,34001,EUR,2026-08-02,PAY-101325,posted
INT-HISTORICAL-001326,2026-08-02T21:54:28,MRC_005,CUST-0088,PROC_B,card,US,1399,GBP,2026-08-02,PAY-101326,posted
INT-HISTORICAL-001327,2026-08-02T21:56:29,MRC_003,CUST-0267,PROC_A,card,DE,6395,USD,2026-08-02,PAY-101327,posted
INT-HISTORICAL-001328,2026-08-02T21:59:10,MRC_004,CUST-0129,PROC_C,wire,DE,10957,USD,2026-08-02,PAY-101328,posted
INT-HISTORICAL-001329,2026-08-02T22:00:49,MRC_004,CUST-0028,PROC_C,card,DE,11474,USD,2026-08-02,PAY-101329,posted
INT-HISTORICAL-001330,2026-08-02T22:02:31,MRC_003,CUST-0136,PROC_C,wire,US,7710,EUR,2026-08-02,PAY-101330,posted
INT-HISTORICAL-001331,2026-08-02T22:05:11,MRC_005,CUST-0363,PROC_B,ach,US,33667,USD,2026-08-02,PAY-101331,posted
INT-HISTORICAL-001332,2026-08-02T22:08:01,MRC_004,CUST-0246,PROC_C,wallet,CA,16254,USD,2026-08-02,PAY-101332,posted
INT-HISTORICAL-001333,2026-08-02T22:09:26,MRC_001,CUST-0344,PROC_C,wallet,CA,5115,GBP,2026-08-02,PAY-101333,posted
INT-HISTORICAL-001334,2026-08-02T22:11:08,MRC_003,CUST-0061,PROC_A,ach,US,46404,GBP,2026-08-02,PAY-101334,posted
INT-HISTORICAL-001335,2026-08-02T22:13:20,MRC_002,CUST-0302,PROC_A,ach,US,4881,EUR,2026-08-02,PAY-101335,posted
INT-HISTORICAL-001336,2026-08-02T22:16:05,MRC_005,CUST-0400,PROC_A,ach,CA,29408,USD,2026-08-02,PAY-101336,posted
INT-HISTORICAL-001337,2026-08-02T22:17:23,MRC_003,CUST-0039,PROC_B,ach,DE,14251,GBP,2026-08-02,PAY-101337,posted
INT-HISTORICAL-001338,2026-08-02T22:18:38,MRC_004,CUST-0171,PROC_A,card,US,6560,USD,2026-08-02,PAY-101338,posted
INT-HISTORICAL-001339,2026-08-02T22:20:58,MRC_005,CUST-0365,PROC_C,wire,GB,51182,GBP,2026-08-02,PAY-101339,posted
INT-HISTORICAL-001340,2026-08-02T22:22:02,MRC_002,CUST-0201,PROC_A,card,DE,11694,USD,2026-08-02,PAY-101340,posted
INT-HISTORICAL-001341,2026-08-02T22:24:38,MRC_005,CUST-0045,PROC_C,wire,DE,1848,EUR,2026-08-02,PAY-101341,posted
INT-HISTORICAL-001342,2026-08-02T22:27:20,MRC_005,CUST-0208,PROC_A,wallet,US,4126,USD,2026-08-02,PAY-101342,posted
INT-HISTORICAL-001343,2026-08-02T22:30:20,MRC_001,CUST-0345,PROC_A,ach,US,9151,USD,2026-08-02,PAY-101343,posted
INT-HISTORICAL-001344,2026-08-02T22:32:51,MRC_001,CUST-0237,PROC_A,ach,US,36218,GBP,2026-08-02,PAY-101344,posted
INT-HISTORICAL-001345,2026-08-02T22:35:33,MRC_003,CUST-0216,PROC_B,card,GB,30607,GBP,2026-08-02,PAY-101345,posted
INT-HISTORICAL-001346,2026-08-02T22:36:50,MRC_003,CUST-0121,PROC_B,wire,US,3458,EUR,2026-08-02,PAY-101346,posted
INT-HISTORICAL-001347,2026-08-02T22:38:06,MRC_002,CUST-0353,PROC_A,wallet,US,12369,GBP,2026-08-02,PAY-101347,posted
INT-HISTORICAL-001348,2026-08-02T22:40:36,MRC_003,CUST-0064,PROC_A,wallet,US,5090,USD,2026-08-02,PAY-101348,posted
INT-HISTORICAL-001349,2026-08-02T22:41:55,MRC_002,CUST-0097,PROC_A,wallet,US,40132,EUR,2026-08-02,PAY-101349,posted
INT-HISTORICAL-001350,2026-08-02T22:43:24,MRC_003,CUST-0121,PROC_C,wallet,GB,15298,USD,2026-08-02,PAY-101350,posted
INT-HISTORICAL-001351,2026-08-02T22:44:12,MRC_001,CUST-0091,PROC_C,ach,CA,4119,USD,2026-08-02,PAY-101351,posted
INT-HISTORICAL-001352,2026-08-02T22:46:01,MRC_005,CUST-0366,PROC_B,wallet,US,9003,USD,2026-08-02,PAY-101352,posted
INT-HISTORICAL-001353,2026-08-02T22:48:37,MRC_001,CUST-0140,PROC_A,card,GB,27579,USD,2026-08-02,PAY-101353,posted
INT-HISTORICAL-001354,2026-08-02T22:50:04,MRC_003,CUST-0219,PROC_C,wire,GB,15599,USD,2026-08-02,PAY-101354,posted
INT-HISTORICAL-001355,2026-08-02T22:52:33,MRC_004,CUST-0044,PROC_C,ach,DE,2579,USD,2026-08-02,PAY-101355,posted
INT-HISTORICAL-001356,2026-08-02T22:54:29,MRC_003,CUST-0130,PROC_B,wallet,US,40053,USD,2026-08-02,PAY-101356,posted
INT-HISTORICAL-001357,2026-08-02T22:57:14,MRC_002,CUST-0051,PROC_B,wallet,US,35967,USD,2026-08-02,PAY-101357,posted
INT-HISTORICAL-001358,2026-08-02T22:59:07,MRC_005,CUST-0294,PROC_A,card,GB,8640,EUR,2026-08-02,PAY-101358,posted
INT-HISTORICAL-001359,2026-08-02T23:00:11,MRC_003,CUST-0059,PROC_B,ach,US,7144,USD,2026-08-02,PAY-101359,posted
INT-HISTORICAL-001360,2026-08-02T23:01:54,MRC_005,CUST-0328,PROC_B,wire,CA,10709,USD,2026-08-02,PAY-101360,posted
INT-HISTORICAL-001361,2026-08-02T23:04:44,MRC_005,CUST-0103,PROC_A,wire,GB,9395,GBP,2026-08-02,PAY-101361,posted
INT-HISTORICAL-001362,2026-08-02T23:06:18,MRC_005,CUST-0368,PROC_A,wire,GB,32442,USD,2026-08-02,PAY-101362,posted
INT-HISTORICAL-001363,2026-08-02T23:08:12,MRC_003,CUST-0088,PROC_A,ach,US,72105,GBP,2026-08-02,PAY-101363,posted
INT-HISTORICAL-001364,2026-08-02T23:09:25,MRC_004,CUST-0123,PROC_B,wallet,US,1998,USD,2026-08-02,PAY-101364,posted
INT-HISTORICAL-001365,2026-08-02T23:11:13,MRC_004,CUST-0390,PROC_B,ach,GB,2570,EUR,2026-08-02,PAY-101365,posted
INT-HISTORICAL-001366,2026-08-02T23:12:07,MRC_001,CUST-0008,PROC_B,wallet,CA,8478,USD,2026-08-02,PAY-101366,posted
INT-HISTORICAL-001367,2026-08-02T23:14:31,MRC_003,CUST-0253,PROC_C,ach,US,2222,EUR,2026-08-02,PAY-101367,posted
INT-HISTORICAL-001368,2026-08-02T23:15:05,MRC_004,CUST-0017,PROC_A,ach,DE,20521,USD,2026-08-02,PAY-101368,posted
INT-HISTORICAL-001369,2026-08-02T23:16:56,MRC_003,CUST-0028,PROC_B,wire,US,7654,USD,2026-08-02,PAY-101369,posted
INT-HISTORICAL-001370,2026-08-02T23:18:16,MRC_002,CUST-0400,PROC_A,card,GB,35441,GBP,2026-08-02,PAY-101370,posted
INT-HISTORICAL-001371,2026-08-02T23:18:53,MRC_001,CUST-0393,PROC_C,wallet,US,85038,GBP,2026-08-02,PAY-101371,posted
INT-HISTORICAL-001372,2026-08-02T23:21:10,MRC_004,CUST-0053,PROC_C,ach,US,46800,USD,2026-08-02,PAY-101372,posted
INT-HISTORICAL-001373,2026-08-02T23:21:40,MRC_002,CUST-0176,PROC_C,ach,US,6668,EUR,2026-08-02,PAY-101373,posted
INT-HISTORICAL-001374,2026-08-02T23:22:56,MRC_002,CUST-0341,PROC_A,ach,CA,19870,USD,2026-08-02,PAY-101374,posted
INT-HISTORICAL-001375,2026-08-02T23:24:47,MRC_005,CUST-0108,PROC_B,card,DE,49677,USD,2026-08-02,PAY-101375,posted
INT-HISTORICAL-001376,2026-08-02T23:26:42,MRC_005,CUST-0370,PROC_A,card,GB,22202,USD,2026-08-02,PAY-101376,posted
INT-HISTORICAL-001377,2026-08-02T23:27:12,MRC_004,CUST-0342,PROC_C,wire,GB,9274,EUR,2026-08-02,PAY-101377,posted
INT-HISTORICAL-001378,2026-08-02T23:28:13,MRC_004,CUST-0400,PROC_A,ach,DE,5240,USD,2026-08-02,PAY-101378,posted
INT-HISTORICAL-001379,2026-08-02T23:30:16,MRC_004,CUST-0358,PROC_C,wire,US,26606,USD,2026-08-02,PAY-101379,posted
INT-HISTORICAL-001380,2026-08-02T23:31:16,MRC_001,CUST-0380,PROC_C,wallet,GB,4629,USD,2026-08-02,PAY-101380,posted
INT-HISTORICAL-001381,2026-08-02T23:32:41,MRC_005,CUST-0028,PROC_B,wallet,CA,18158,GBP,2026-08-02,PAY-101381,posted
INT-HISTORICAL-001382,2026-08-02T23:33:57,MRC_002,CUST-0271,PROC_A,ach,DE,8282,USD,2026-08-02,PAY-101382,posted
INT-HISTORICAL-001383,2026-08-02T23:34:24,MRC_003,CUST-0350,PROC_A,ach,US,8029,GBP,2026-08-02,PAY-101383,posted
INT-HISTORICAL-001384,2026-08-02T23:36:06,MRC_002,CUST-0058,PROC_C,card,US,6138,EUR,2026-08-02,PAY-101384,posted
INT-HISTORICAL-001385,2026-08-02T23:38:17,MRC_005,CUST-0383,PROC_A,wire,CA,6885,USD,2026-08-02,PAY-101385,posted
INT-HISTORICAL-001386,2026-08-02T23:39:02,MRC_001,CUST-0048,PROC_B,ach,US,5994,USD,2026-08-02,PAY-101386,posted
INT-HISTORICAL-001387,2026-08-02T23:41:54,MRC_002,CUST-0364,PROC_B,card,US,16297,USD,2026-08-02,PAY-101387,posted
INT-HISTORICAL-001388,2026-08-02T23:42:59,MRC_001,CUST-0059,PROC_A,wire,CA,8402,USD,2026-08-02,PAY-101388,posted
INT-HISTORICAL-001389,2026-08-02T23:45:01,MRC_003,CUST-0238,PROC_C,card,US,7627,USD,2026-08-02,PAY-101389,posted
INT-HISTORICAL-001390,2026-08-02T23:46:30,MRC_001,CUST-0004,PROC_C,card,US,10040,USD,2026-08-02,PAY-101390,posted
INT-HISTORICAL-001391,2026-08-02T23:49:14,MRC_003,CUST-0073,PROC_B,wire,US,26321,EUR,2026-08-02,PAY-101391,posted
INT-HISTORICAL-001392,2026-08-02T23:49:56,MRC_005,CUST-0301,PROC_C,wire,US,17503,GBP,2026-08-02,PAY-101392,posted
INT-HISTORICAL-001393,2026-08-02T23:51:04,MRC_004,CUST-0208,PROC_B,wire,CA,20118,USD,2026-08-02,PAY-101393,posted
INT-HISTORICAL-001394,2026-08-02T23:52:15,MRC_002,CUST-0300,PROC_A,card,CA,11269,USD,2026-08-02,PAY-101394,posted
INT-HISTORICAL-001395,2026-08-02T23:53:56,MRC_002,CUST-0153,PROC_B,wallet,DE,14238,USD,2026-08-02,PAY-101395,posted
INT-HISTORICAL-001396,2026-08-02T23:56:16,MRC_003,CUST-0075,PROC_B,ach,US,8360,USD,2026-08-02,PAY-101396,posted
INT-HISTORICAL-001397,2026-08-02T23:57:28,MRC_002,CUST-0319,PROC_C,ach,GB,31681,USD,2026-08-02,PAY-101397,posted
INT-HISTORICAL-001398,2026-08-02T23:58:33,MRC_003,CUST-0160,PROC_B,ach,GB,8967,USD,2026-08-02,PAY-101398,posted
INT-HISTORICAL-001399,2026-08-02T23:59:13,MRC_001,CUST-0129,PROC_A,wire,GB,62838,EUR,2026-08-02,PAY-101399,posted
INT-HISTORICAL-001400,2026-08-03T00:01:05,MRC_003,CUST-0221,PROC_A,ach,US,11600,USD,2026-08-03,PAY-101400,posted
INT-HISTORICAL-001401,2026-08-03T00:02:05,MRC_003,CUST-0004,PROC_A,card,CA,4876,EUR,2026-08-03,PAY-101401,posted
INT-HISTORICAL-001402,2026-08-03T00:04:38,MRC_005,CUST-0239,PROC_C,ach,US,4631,EUR,2026-08-03,PAY-101402,posted
INT-HISTORICAL-001403,2026-08-03T00:07:26,MRC_002,CUST-0340,PROC_B,wallet,DE,31646,USD,2026-08-03,PAY-101403,posted
INT-HISTORICAL-001404,2026-08-03T00:09:34,MRC_004,CUST-0275,PROC_B,wallet,US,6499,GBP,2026-08-03,PAY-101404,posted
INT-HISTORICAL-001405,2026-08-03T00:11:05,MRC_002,CUST-0351,PROC_C,ach,US,4701,USD,2026-08-03,PAY-101405,posted
INT-HISTORICAL-001406,2026-08-03T00:13:51,MRC_004,CUST-0368,PROC_C,wallet,GB,9074,USD,2026-08-03,PAY-101406,posted
INT-HISTORICAL-001407,2026-08-03T00:14:46,MRC_005,CUST-0086,PROC_A,wire,US,11028,USD,2026-08-03,PAY-101407,posted
INT-HISTORICAL-001408,2026-08-03T00:15:50,MRC_004,CUST-0366,PROC_A,card,US,4318,USD,2026-08-03,PAY-101408,posted
INT-HISTORICAL-001409,2026-08-03T00:16:32,MRC_002,CUST-0071,PROC_C,wire,DE,20642,USD,2026-08-03,PAY-101409,posted
INT-HISTORICAL-001410,2026-08-03T00:17:27,MRC_001,CUST-0019,PROC_B,wallet,CA,2189,USD,2026-08-03,PAY-101410,posted
INT-HISTORICAL-001411,2026-08-03T00:18:56,MRC_001,CUST-0331,PROC_A,ach,DE,12102,USD,2026-08-03,PAY-101411,posted
INT-HISTORICAL-001412,2026-08-03T00:20:39,MRC_003,CUST-0081,PROC_A,ach,GB,50335,USD,2026-08-03,PAY-101412,posted
INT-HISTORICAL-001413,2026-08-03T00:23:26,MRC_005,CUST-0121,PROC_C,ach,US,19343,GBP,2026-08-03,PAY-101413,posted
INT-HISTORICAL-001414,2026-08-03T00:26:04,MRC_003,CUST-0197,PROC_A,ach,US,10744,USD,2026-08-03,PAY-101414,posted
INT-HISTORICAL-001415,2026-08-03T00:27:32,MRC_005,CUST-0040,PROC_A,ach,US,9542,EUR,2026-08-03,PAY-101415,posted
INT-HISTORICAL-001416,2026-08-03T00:28:02,MRC_005,CUST-0272,PROC_A,ach,DE,35380,USD,2026-08-03,PAY-101416,posted
INT-HISTORICAL-001417,2026-08-03T00:30:23,MRC_004,CUST-0183,PROC_A,card,US,8661,USD,2026-08-03,PAY-101417,posted
INT-HISTORICAL-001418,2026-08-03T00:33:08,MRC_003,CUST-0149,PROC_B,wire,US,20501,USD,2026-08-03,PAY-101418,posted
INT-HISTORICAL-001419,2026-08-03T00:33:49,MRC_001,CUST-0123,PROC_C,ach,US,4918,USD,2026-08-03,PAY-101419,posted
INT-HISTORICAL-001420,2026-08-03T00:35:17,MRC_003,CUST-0035,PROC_B,wallet,GB,22446,USD,2026-08-03,PAY-101420,posted
INT-HISTORICAL-001421,2026-08-03T00:36:32,MRC_001,CUST-0216,PROC_C,ach,US,3740,USD,2026-08-03,PAY-101421,posted
INT-HISTORICAL-001422,2026-08-03T00:37:56,MRC_003,CUST-0097,PROC_C,wire,US,2551,USD,2026-08-03,PAY-101422,posted
INT-HISTORICAL-001423,2026-08-03T00:39:46,MRC_002,CUST-0273,PROC_A,wire,US,3146,USD,2026-08-03,PAY-101423,posted
INT-HISTORICAL-001424,2026-08-03T00:41:23,MRC_001,CUST-0260,PROC_C,card,US,21052,USD,2026-08-03,PAY-101424,posted
INT-HISTORICAL-001425,2026-08-03T00:43:44,MRC_003,CUST-0068,PROC_C,wallet,US,15127,USD,2026-08-03,PAY-101425,posted
INT-HISTORICAL-001426,2026-08-03T00:45:35,MRC_001,CUST-0171,PROC_A,ach,US,20602,USD,2026-08-03,PAY-101426,posted
INT-HISTORICAL-001427,2026-08-03T00:45:56,MRC_001,CUST-0291,PROC_B,card,DE,34438,USD,2026-08-03,PAY-101427,posted
INT-HISTORICAL-001428,2026-08-03T00:46:52,MRC_001,CUST-0336,PROC_B,wire,US,10254,USD,2026-08-03,PAY-101428,posted
INT-HISTORICAL-001429,2026-08-03T00:49:28,MRC_003,CUST-0028,PROC_C,wallet,US,9684,USD,2026-08-03,PAY-101429,posted
INT-HISTORICAL-001430,2026-08-03T00:51:33,MRC_005,CUST-0244,PROC_A,wire,US,46774,USD,2026-08-03,PAY-101430,posted
INT-HISTORICAL-001431,2026-08-03T00:54:03,MRC_004,CUST-0106,PROC_C,ach,US,15132,USD,2026-08-03,PAY-101431,posted
INT-HISTORICAL-001432,2026-08-03T00:56:31,MRC_004,CUST-0208,PROC_B,wallet,US,21287,GBP,2026-08-03,PAY-101432,posted
INT-HISTORICAL-001433,2026-08-03T00:57:43,MRC_005,CUST-0078,PROC_B,ach,CA,14899,GBP,2026-08-03,PAY-101433,posted
INT-HISTORICAL-001434,2026-08-03T00:59:02,MRC_002,CUST-0343,PROC_B,card,CA,31555,USD,2026-08-03,PAY-101434,posted
INT-HISTORICAL-001435,2026-08-03T00:59:45,MRC_003,CUST-0112,PROC_B,ach,US,15875,USD,2026-08-03,PAY-101435,posted
INT-HISTORICAL-001436,2026-08-03T01:00:09,MRC_004,CUST-0073,PROC_C,card,DE,17080,GBP,2026-08-03,PAY-101436,posted
INT-HISTORICAL-001437,2026-08-03T01:02:39,MRC_002,CUST-0329,PROC_C,card,CA,7979,USD,2026-08-03,PAY-101437,posted
INT-HISTORICAL-001438,2026-08-03T01:03:50,MRC_001,CUST-0074,PROC_C,wallet,US,28498,GBP,2026-08-03,PAY-101438,posted
INT-HISTORICAL-001439,2026-08-03T01:06:10,MRC_002,CUST-0231,PROC_B,card,US,45560,USD,2026-08-03,PAY-101439,posted
INT-HISTORICAL-001440,2026-08-03T01:07:04,MRC_005,CUST-0025,PROC_B,wire,US,7496,USD,2026-08-03,PAY-101440,posted
INT-HISTORICAL-001441,2026-08-03T01:09:21,MRC_002,CUST-0055,PROC_A,card,US,19408,USD,2026-08-03,PAY-101441,posted
INT-HISTORICAL-001442,2026-08-03T01:11:53,MRC_004,CUST-0132,PROC_B,card,DE,22121,USD,2026-08-03,PAY-101442,posted
INT-HISTORICAL-001443,2026-08-03T01:14:06,MRC_001,CUST-0031,PROC_B,wallet,US,4904,USD,2026-08-03,PAY-101443,posted
INT-HISTORICAL-001444,2026-08-03T01:16:36,MRC_002,CUST-0359,PROC_B,wallet,US,21802,GBP,2026-08-03,PAY-101444,posted
INT-HISTORICAL-001445,2026-08-03T01:18:21,MRC_005,CUST-0398,PROC_B,wallet,US,2427,USD,2026-08-03,PAY-101445,posted
INT-HISTORICAL-001446,2026-08-03T01:20:24,MRC_003,CUST-0201,PROC_A,card,US,25210,GBP,2026-08-03,PAY-101446,posted
INT-HISTORICAL-001447,2026-08-03T01:22:05,MRC_002,CUST-0372,PROC_C,ach,US,7262,USD,2026-08-03,PAY-101447,posted
INT-HISTORICAL-001448,2026-08-03T01:24:00,MRC_003,CUST-0388,PROC_B,wire,CA,26865,GBP,2026-08-03,PAY-101448,posted
INT-HISTORICAL-001449,2026-08-03T01:24:20,MRC_004,CUST-0228,PROC_A,wire,US,9431,USD,2026-08-03,PAY-101449,posted
INT-HISTORICAL-001450,2026-08-03T01:25:36,MRC_003,CUST-0278,PROC_B,wallet,US,6250,USD,2026-08-03,PAY-101450,posted
INT-HISTORICAL-001451,2026-08-03T01:28:34,MRC_001,CUST-0359,PROC_A,wire,GB,4905,EUR,2026-08-03,PAY-101451,posted
INT-HISTORICAL-001452,2026-08-03T01:30:45,MRC_003,CUST-0396,PROC_A,ach,DE,84946,USD,2026-08-03,PAY-101452,posted
INT-HISTORICAL-001453,2026-08-03T01:31:15,MRC_005,CUST-0073,PROC_B,card,US,25102,USD,2026-08-03,PAY-101453,posted
INT-HISTORICAL-001454,2026-08-03T01:32:33,MRC_003,CUST-0301,PROC_B,wire,US,57743,USD,2026-08-03,PAY-101454,posted
INT-HISTORICAL-001455,2026-08-03T01:33:19,MRC_001,CUST-0321,PROC_B,ach,CA,4054,GBP,2026-08-03,PAY-101455,posted
INT-HISTORICAL-001456,2026-08-03T01:35:59,MRC_002,CUST-0057,PROC_C,wire,CA,42154,USD,2026-08-03,PAY-101456,posted
INT-HISTORICAL-001457,2026-08-03T01:36:41,MRC_003,CUST-0386,PROC_C,wallet,DE,9064,GBP,2026-08-03,PAY-101457,posted
INT-HISTORICAL-001458,2026-08-03T01:38:49,MRC_003,CUST-0333,PROC_C,wallet,GB,7837,USD,2026-08-03,PAY-101458,posted
INT-HISTORICAL-001459,2026-08-03T01:41:29,MRC_003,CUST-0122,PROC_C,card,CA,29944,USD,2026-08-03,PAY-101459,posted
INT-HISTORICAL-001460,2026-08-03T01:44:29,MRC_004,CUST-0160,PROC_C,ach,GB,44675,GBP,2026-08-03,PAY-101460,posted
INT-HISTORICAL-001461,2026-08-03T01:46:31,MRC_004,CUST-0055,PROC_C,ach,US,3330,USD,2026-08-03,PAY-101461,posted
INT-HISTORICAL-001462,2026-08-03T01:47:35,MRC_004,CUST-0387,PROC_B,ach,US,8950,USD,2026-08-03,PAY-101462,posted
INT-HISTORICAL-001463,2026-08-03T01:48:48,MRC_003,CUST-0156,PROC_B,ach,GB,6733,USD,2026-08-03,PAY-101463,posted
INT-HISTORICAL-001464,2026-08-03T01:49:20,MRC_003,CUST-0225,PROC_A,wire,DE,26272,USD,2026-08-03,PAY-101464,posted
INT-HISTORICAL-001465,2026-08-03T01:51:48,MRC_002,CUST-0273,PROC_B,wire,US,4601,USD,2026-08-03,PAY-101465,posted
INT-HISTORICAL-001466,2026-08-03T01:53:58,MRC_002,CUST-0162,PROC_C,wire,US,14435,USD,2026-08-03,PAY-101466,posted
INT-HISTORICAL-001467,2026-08-03T01:54:42,MRC_003,CUST-0079,PROC_C,ach,US,21782,USD,2026-08-03,PAY-101467,posted
INT-HISTORICAL-001468,2026-08-03T01:55:08,MRC_005,CUST-0254,PROC_B,ach,US,6021,USD,2026-08-03,PAY-101468,posted
INT-HISTORICAL-001469,2026-08-03T01:55:47,MRC_003,CUST-0036,PROC_C,card,DE,6454,USD,2026-08-03,PAY-101469,posted
INT-HISTORICAL-001470,2026-08-03T01:58:36,MRC_005,CUST-0042,PROC_B,card,US,8298,USD,2026-08-03,PAY-101470,posted
INT-HISTORICAL-001471,2026-08-03T01:59:25,MRC_001,CUST-0228,PROC_A,card,DE,14515,GBP,2026-08-03,PAY-101471,posted
INT-HISTORICAL-001472,2026-08-03T02:00:45,MRC_004,CUST-0226,PROC_C,card,US,12535,USD,2026-08-03,PAY-101472,posted
INT-HISTORICAL-001473,2026-08-03T02:01:12,MRC_005,CUST-0024,PROC_A,wire,CA,10458,USD,2026-08-03,PAY-101473,posted
INT-HISTORICAL-001474,2026-08-03T02:03:58,MRC_003,CUST-0304,PROC_C,card,DE,34799,USD,2026-08-03,PAY-101474,posted
INT-HISTORICAL-001475,2026-08-03T02:05:35,MRC_003,CUST-0268,PROC_C,wallet,GB,17129,USD,2026-08-03,PAY-101475,posted
INT-HISTORICAL-001476,2026-08-03T02:06:49,MRC_003,CUST-0042,PROC_B,card,DE,28714,USD,2026-08-03,PAY-101476,posted
INT-HISTORICAL-001477,2026-08-03T02:08:40,MRC_004,CUST-0030,PROC_A,wire,US,22427,USD,2026-08-03,PAY-101477,posted
INT-HISTORICAL-001478,2026-08-03T02:10:19,MRC_001,CUST-0058,PROC_A,wire,DE,18221,USD,2026-08-03,PAY-101478,posted
INT-HISTORICAL-001479,2026-08-03T02:11:29,MRC_005,CUST-0239,PROC_A,wallet,CA,4387,USD,2026-08-03,PAY-101479,posted
INT-HISTORICAL-001480,2026-08-03T02:14:28,MRC_001,CUST-0400,PROC_A,wire,US,8375,USD,2026-08-03,PAY-101480,posted
INT-HISTORICAL-001481,2026-08-03T02:17:21,MRC_005,CUST-0018,PROC_C,ach,GB,8122,GBP,2026-08-03,PAY-101481,posted
INT-HISTORICAL-001482,2026-08-03T02:18:03,MRC_004,CUST-0123,PROC_C,wallet,US,57301,USD,2026-08-03,PAY-101482,posted
INT-HISTORICAL-001483,2026-08-03T02:18:25,MRC_002,CUST-0070,PROC_C,ach,GB,2672,USD,2026-08-03,PAY-101483,posted
INT-HISTORICAL-001484,2026-08-03T02:19:29,MRC_003,CUST-0195,PROC_C,card,US,11103,USD,2026-08-03,PAY-101484,posted
INT-HISTORICAL-001485,2026-08-03T02:22:28,MRC_001,CUST-0054,PROC_C,card,DE,19214,EUR,2026-08-03,PAY-101485,posted
INT-HISTORICAL-001486,2026-08-03T02:23:34,MRC_004,CUST-0210,PROC_B,card,CA,15421,USD,2026-08-03,PAY-101486,posted
INT-HISTORICAL-001487,2026-08-03T02:25:31,MRC_003,CUST-0113,PROC_B,wire,DE,23625,EUR,2026-08-03,PAY-101487,posted
INT-HISTORICAL-001488,2026-08-03T02:26:48,MRC_003,CUST-0250,PROC_B,ach,US,17883,GBP,2026-08-03,PAY-101488,posted
INT-HISTORICAL-001489,2026-08-03T02:29:36,MRC_002,CUST-0253,PROC_B,ach,DE,1892,USD,2026-08-03,PAY-101489,posted
INT-HISTORICAL-001490,2026-08-03T02:31:53,MRC_002,CUST-0246,PROC_B,card,DE,6644,USD,2026-08-03,PAY-101490,posted
INT-HISTORICAL-001491,2026-08-03T02:33:48,MRC_002,CUST-0209,PROC_C,wire,CA,10650,USD,2026-08-03,PAY-101491,posted
INT-HISTORICAL-001492,2026-08-03T02:34:20,MRC_003,CUST-0266,PROC_B,wire,GB,3741,USD,2026-08-03,PAY-101492,posted
INT-HISTORICAL-001493,2026-08-03T02:35:40,MRC_003,CUST-0064,PROC_B,wire,CA,122049,USD,2026-08-03,PAY-101493,posted
INT-HISTORICAL-001494,2026-08-03T02:36:12,MRC_002,CUST-0277,PROC_B,wallet,CA,8839,USD,2026-08-03,PAY-101494,posted
INT-HISTORICAL-001495,2026-08-03T02:36:46,MRC_003,CUST-0035,PROC_A,card,CA,15844,GBP,2026-08-03,PAY-101495,posted
INT-HISTORICAL-001496,2026-08-03T02:38:29,MRC_005,CUST-0212,PROC_B,wire,US,22641,USD,2026-08-03,PAY-101496,posted
INT-HISTORICAL-001497,2026-08-03T02:39:31,MRC_003,CUST-0324,PROC_C,ach,DE,33664,EUR,2026-08-03,PAY-101497,posted
INT-HISTORICAL-001498,2026-08-03T02:40:59,MRC_005,CUST-0339,PROC_C,wire,US,40121,USD,2026-08-03,PAY-101498,posted
INT-HISTORICAL-001499,2026-08-03T02:41:52,MRC_005,CUST-0024,PROC_C,ach,US,2102,USD,2026-08-03,PAY-101499,posted
INT-HISTORICAL-001500,2026-08-03T02:42:51,MRC_002,CUST-0018,PROC_B,ach,CA,9188,EUR,2026-08-03,PAY-101500,posted
INT-HISTORICAL-001501,2026-08-03T02:45:29,MRC_005,CUST-0284,PROC_A,wire,US,3858,USD,2026-08-03,PAY-101501,posted
INT-HISTORICAL-001502,2026-08-03T02:46:05,MRC_005,CUST-0218,PROC_C,wire,CA,27296,USD,2026-08-03,PAY-101502,posted
INT-HISTORICAL-001503,2026-08-03T02:46:57,MRC_004,CUST-0293,PROC_A,wallet,GB,5123,EUR,2026-08-03,PAY-101503,posted
INT-HISTORICAL-001504,2026-08-03T02:47:41,MRC_002,CUST-0252,PROC_B,ach,US,41101,USD,2026-08-03,PAY-101504,posted
INT-HISTORICAL-001505,2026-08-03T02:48:27,MRC_002,CUST-0103,PROC_A,wire,US,14073,USD,2026-08-03,PAY-101505,posted
INT-HISTORICAL-001506,2026-08-03T02:50:53,MRC_002,CUST-0085,PROC_A,wire,US,8677,GBP,2026-08-03,PAY-101506,posted
INT-HISTORICAL-001507,2026-08-03T02:51:15,MRC_001,CUST-0225,PROC_B,wallet,CA,23537,USD,2026-08-03,PAY-101507,posted
INT-HISTORICAL-001508,2026-08-03T02:52:17,MRC_003,CUST-0384,PROC_C,wallet,CA,42250,USD,2026-08-03,PAY-101508,posted
INT-HISTORICAL-001509,2026-08-03T02:54:23,MRC_003,CUST-0013,PROC_B,wire,US,3683,USD,2026-08-03,PAY-101509,posted
INT-HISTORICAL-001510,2026-08-03T02:55:20,MRC_005,CUST-0077,PROC_A,card,DE,6245,USD,2026-08-03,PAY-101510,posted
INT-HISTORICAL-001511,2026-08-03T02:57:25,MRC_004,CUST-0218,PROC_B,wallet,US,2354,USD,2026-08-03,PAY-101511,posted
INT-HISTORICAL-001512,2026-08-03T02:58:45,MRC_002,CUST-0153,PROC_C,card,GB,5472,GBP,2026-08-03,PAY-101512,posted
INT-HISTORICAL-001513,2026-08-03T02:59:52,MRC_003,CUST-0308,PROC_B,card,US,3848,EUR,2026-08-03,PAY-101513,posted
INT-HISTORICAL-001514,2026-08-03T03:01:10,MRC_001,CUST-0030,PROC_C,card,US,16006,GBP,2026-08-03,PAY-101514,posted
INT-HISTORICAL-001515,2026-08-03T03:01:53,MRC_005,CUST-0338,PROC_A,wire,CA,13265,USD,2026-08-03,PAY-101515,posted
INT-HISTORICAL-001516,2026-08-03T03:02:57,MRC_005,CUST-0079,PROC_A,ach,CA,18156,GBP,2026-08-03,PAY-101516,posted
INT-HISTORICAL-001517,2026-08-03T03:03:23,MRC_002,CUST-0308,PROC_C,card,US,19277,USD,2026-08-03,PAY-101517,posted
INT-HISTORICAL-001518,2026-08-03T03:05:15,MRC_002,CUST-0316,PROC_C,wallet,US,10972,EUR,2026-08-03,PAY-101518,posted
INT-HISTORICAL-001519,2026-08-03T03:07:44,MRC_005,CUST-0115,PROC_A,ach,DE,17649,USD,2026-08-03,PAY-101519,posted
INT-HISTORICAL-001520,2026-08-03T03:10:26,MRC_001,CUST-0086,PROC_C,wallet,US,34786,USD,2026-08-03,PAY-101520,posted
INT-HISTORICAL-001521,2026-08-03T03:12:19,MRC_005,CUST-0268,PROC_B,wire,GB,11423,USD,2026-08-03,PAY-101521,posted
INT-HISTORICAL-001522,2026-08-03T03:14:55,MRC_001,CUST-0192,PROC_B,wallet,DE,23103,GBP,2026-08-03,PAY-101522,posted
INT-HISTORICAL-001523,2026-08-03T03:15:55,MRC_004,CUST-0048,PROC_B,wallet,US,518,GBP,2026-08-03,PAY-101523,posted
INT-HISTORICAL-001524,2026-08-03T03:17:46,MRC_001,CUST-0330,PROC_A,ach,US,17240,USD,2026-08-03,PAY-101524,posted
INT-HISTORICAL-001525,2026-08-03T03:20:29,MRC_001,CUST-0291,PROC_A,wallet,US,39988,GBP,2026-08-03,PAY-101525,posted
INT-HISTORICAL-001526,2026-08-03T03:22:33,MRC_005,CUST-0139,PROC_C,wallet,US,18633,USD,2026-08-03,PAY-101526,posted
INT-HISTORICAL-001527,2026-08-03T03:24:25,MRC_005,CUST-0170,PROC_C,ach,US,52235,EUR,2026-08-03,PAY-101527,posted
INT-HISTORICAL-001528,2026-08-03T03:26:42,MRC_003,CUST-0384,PROC_B,card,US,9156,USD,2026-08-03,PAY-101528,posted
INT-HISTORICAL-001529,2026-08-03T03:29:25,MRC_004,CUST-0019,PROC_C,wire,US,28551,USD,2026-08-03,PAY-101529,posted
INT-HISTORICAL-001530,2026-08-03T03:31:01,MRC_004,CUST-0091,PROC_A,card,US,17459,EUR,2026-08-03,PAY-101530,posted
INT-HISTORICAL-001531,2026-08-03T03:32:20,MRC_002,CUST-0346,PROC_C,card,US,15834,USD,2026-08-03,PAY-101531,posted
INT-HISTORICAL-001532,2026-08-03T03:34:06,MRC_001,CUST-0301,PROC_B,ach,US,32461,EUR,2026-08-03,PAY-101532,posted
INT-HISTORICAL-001533,2026-08-03T03:34:55,MRC_002,CUST-0363,PROC_C,ach,US,6923,USD,2026-08-03,PAY-101533,posted
INT-HISTORICAL-001534,2026-08-03T03:37:40,MRC_003,CUST-0238,PROC_B,wallet,GB,8576,USD,2026-08-03,PAY-101534,posted
INT-HISTORICAL-001535,2026-08-03T03:39:29,MRC_002,CUST-0262,PROC_A,wallet,US,4365,EUR,2026-08-03,PAY-101535,posted
INT-HISTORICAL-001536,2026-08-03T03:42:22,MRC_003,CUST-0014,PROC_A,wire,US,19677,USD,2026-08-03,PAY-101536,posted
INT-HISTORICAL-001537,2026-08-03T03:43:05,MRC_004,CUST-0071,PROC_A,wallet,US,4576,USD,2026-08-03,PAY-101537,posted
INT-HISTORICAL-001538,2026-08-03T03:45:16,MRC_002,CUST-0102,PROC_C,wire,DE,12798,USD,2026-08-03,PAY-101538,posted
INT-HISTORICAL-001539,2026-08-03T03:46:58,MRC_001,CUST-0016,PROC_C,wallet,US,30205,USD,2026-08-03,PAY-101539,posted
INT-HISTORICAL-001540,2026-08-03T03:48:47,MRC_004,CUST-0112,PROC_C,ach,DE,8124,EUR,2026-08-03,PAY-101540,posted
INT-HISTORICAL-001541,2026-08-03T03:49:48,MRC_003,CUST-0021,PROC_B,card,US,52013,USD,2026-08-03,PAY-101541,posted
INT-HISTORICAL-001542,2026-08-03T03:52:26,MRC_005,CUST-0319,PROC_B,wallet,GB,833,USD,2026-08-03,PAY-101542,posted
INT-HISTORICAL-001543,2026-08-03T03:55:19,MRC_004,CUST-0122,PROC_C,card,US,11850,USD,2026-08-03,PAY-101543,posted
INT-HISTORICAL-001544,2026-08-03T03:56:58,MRC_003,CUST-0130,PROC_B,card,US,7794,USD,2026-08-03,PAY-101544,posted
INT-HISTORICAL-001545,2026-08-03T03:58:12,MRC_001,CUST-0105,PROC_C,wallet,US,60155,USD,2026-08-03,PAY-101545,posted
INT-HISTORICAL-001546,2026-08-03T03:59:42,MRC_004,CUST-0021,PROC_A,ach,US,17258,USD,2026-08-03,PAY-101546,posted
INT-HISTORICAL-001547,2026-08-03T04:00:13,MRC_005,CUST-0041,PROC_B,card,US,74052,GBP,2026-08-03,PAY-101547,posted
INT-HISTORICAL-001548,2026-08-03T04:00:58,MRC_005,CUST-0041,PROC_C,card,DE,17247,USD,2026-08-03,PAY-101548,posted
INT-HISTORICAL-001549,2026-08-03T04:02:50,MRC_005,CUST-0165,PROC_C,card,US,7546,EUR,2026-08-03,PAY-101549,posted
INT-HISTORICAL-001550,2026-08-03T04:04:28,MRC_005,CUST-0212,PROC_C,card,DE,8246,USD,2026-08-03,PAY-101550,posted
INT-HISTORICAL-001551,2026-08-03T04:07:17,MRC_001,CUST-0391,PROC_B,wallet,CA,66644,USD,2026-08-03,PAY-101551,posted
INT-HISTORICAL-001552,2026-08-03T04:08:15,MRC_003,CUST-0302,PROC_B,card,US,3747,EUR,2026-08-03,PAY-101552,posted
INT-HISTORICAL-001553,2026-08-03T04:10:15,MRC_005,CUST-0080,PROC_A,card,US,79929,USD,2026-08-03,PAY-101553,posted
INT-HISTORICAL-001554,2026-08-03T04:12:13,MRC_002,CUST-0051,PROC_B,wire,US,11774,USD,2026-08-03,PAY-101554,posted
INT-HISTORICAL-001555,2026-08-03T04:15:09,MRC_002,CUST-0307,PROC_B,wire,US,4222,USD,2026-08-03,PAY-101555,posted
INT-HISTORICAL-001556,2026-08-03T04:17:24,MRC_005,CUST-0053,PROC_C,wallet,US,3732,USD,2026-08-03,PAY-101556,posted
INT-HISTORICAL-001557,2026-08-03T04:17:44,MRC_003,CUST-0278,PROC_B,wallet,US,9980,EUR,2026-08-03,PAY-101557,posted
INT-HISTORICAL-001558,2026-08-03T04:18:51,MRC_001,CUST-0192,PROC_B,ach,US,3038,GBP,2026-08-03,PAY-101558,posted
INT-HISTORICAL-001559,2026-08-03T04:20:10,MRC_003,CUST-0062,PROC_B,card,CA,16156,USD,2026-08-03,PAY-101559,posted
INT-HISTORICAL-001560,2026-08-03T04:22:36,MRC_001,CUST-0273,PROC_A,card,CA,24495,USD,2026-08-03,PAY-101560,posted
INT-HISTORICAL-001561,2026-08-03T04:25:26,MRC_003,CUST-0345,PROC_B,ach,US,9434,USD,2026-08-03,PAY-101561,posted
INT-HISTORICAL-001562,2026-08-03T04:27:37,MRC_005,CUST-0110,PROC_B,ach,US,7222,USD,2026-08-03,PAY-101562,posted
INT-HISTORICAL-001563,2026-08-03T04:28:51,MRC_003,CUST-0068,PROC_B,wallet,US,8201,EUR,2026-08-03,PAY-101563,posted
INT-HISTORICAL-001564,2026-08-03T04:30:27,MRC_004,CUST-0124,PROC_B,card,US,11580,GBP,2026-08-03,PAY-101564,posted
INT-HISTORICAL-001565,2026-08-03T04:33:21,MRC_001,CUST-0176,PROC_A,wire,GB,31006,EUR,2026-08-03,PAY-101565,posted
INT-HISTORICAL-001566,2026-08-03T04:35:01,MRC_003,CUST-0025,PROC_B,ach,US,23339,GBP,2026-08-03,PAY-101566,posted
INT-HISTORICAL-001567,2026-08-03T04:35:35,MRC_003,CUST-0345,PROC_C,ach,CA,3031,USD,2026-08-03,PAY-101567,posted
INT-HISTORICAL-001568,2026-08-03T04:37:18,MRC_001,CUST-0337,PROC_A,wire,US,8829,GBP,2026-08-03,PAY-101568,posted
INT-HISTORICAL-001569,2026-08-03T04:37:39,MRC_002,CUST-0359,PROC_B,card,US,24309,USD,2026-08-03,PAY-101569,posted
INT-HISTORICAL-001570,2026-08-03T04:39:30,MRC_001,CUST-0053,PROC_B,wire,DE,4806,USD,2026-08-03,PAY-101570,posted
INT-HISTORICAL-001571,2026-08-03T04:41:25,MRC_002,CUST-0086,PROC_A,wire,DE,31907,USD,2026-08-03,PAY-101571,posted
INT-HISTORICAL-001572,2026-08-03T04:43:50,MRC_001,CUST-0037,PROC_C,ach,GB,18215,EUR,2026-08-03,PAY-101572,posted
INT-HISTORICAL-001573,2026-08-03T04:46:00,MRC_002,CUST-0075,PROC_C,ach,DE,7120,USD,2026-08-03,PAY-101573,posted
INT-HISTORICAL-001574,2026-08-03T04:47:12,MRC_005,CUST-0007,PROC_C,card,US,8643,USD,2026-08-03,PAY-101574,posted
INT-HISTORICAL-001575,2026-08-03T04:50:11,MRC_003,CUST-0033,PROC_A,wire,DE,52242,USD,2026-08-03,PAY-101575,posted
INT-HISTORICAL-001576,2026-08-03T04:53:07,MRC_002,CUST-0213,PROC_B,wire,US,8140,EUR,2026-08-03,PAY-101576,posted
INT-HISTORICAL-001577,2026-08-03T04:56:04,MRC_002,CUST-0008,PROC_B,ach,GB,17820,USD,2026-08-03,PAY-101577,posted
INT-HISTORICAL-001578,2026-08-03T04:57:28,MRC_001,CUST-0344,PROC_B,card,US,12392,USD,2026-08-03,PAY-101578,posted
INT-HISTORICAL-001579,2026-08-03T04:57:49,MRC_002,CUST-0158,PROC_C,wire,DE,13256,USD,2026-08-03,PAY-101579,posted
INT-HISTORICAL-001580,2026-08-03T04:59:43,MRC_002,CUST-0031,PROC_A,wire,US,4190,EUR,2026-08-03,PAY-101580,posted
INT-HISTORICAL-001581,2026-08-03T05:00:42,MRC_004,CUST-0266,PROC_B,ach,US,5383,GBP,2026-08-03,PAY-101581,posted
INT-HISTORICAL-001582,2026-08-03T05:02:39,MRC_001,CUST-0376,PROC_B,card,US,43801,USD,2026-08-03,PAY-101582,posted
INT-HISTORICAL-001583,2026-08-03T05:04:01,MRC_004,CUST-0025,PROC_C,wallet,US,17300,EUR,2026-08-03,PAY-101583,posted
INT-HISTORICAL-001584,2026-08-03T05:04:44,MRC_005,CUST-0283,PROC_B,wire,US,2055,USD,2026-08-03,PAY-101584,posted
INT-HISTORICAL-001585,2026-08-03T05:05:57,MRC_003,CUST-0309,PROC_C,wallet,US,11175,GBP,2026-08-03,PAY-101585,posted
INT-HISTORICAL-001586,2026-08-03T05:07:37,MRC_004,CUST-0370,PROC_A,wallet,US,7766,USD,2026-08-03,PAY-101586,posted
INT-HISTORICAL-001587,2026-08-03T05:09:39,MRC_001,CUST-0071,PROC_B,ach,US,5531,USD,2026-08-03,PAY-101587,posted
INT-HISTORICAL-001588,2026-08-03T05:12:12,MRC_005,CUST-0251,PROC_B,wallet,US,6283,EUR,2026-08-03,PAY-101588,posted
INT-HISTORICAL-001589,2026-08-03T05:12:37,MRC_004,CUST-0123,PROC_B,wire,GB,12174,USD,2026-08-03,PAY-101589,posted
INT-HISTORICAL-001590,2026-08-03T05:14:50,MRC_004,CUST-0362,PROC_C,wire,GB,29074,USD,2026-08-03,PAY-101590,posted
INT-HISTORICAL-001591,2026-08-03T05:17:14,MRC_003,CUST-0256,PROC_A,ach,US,4372,USD,2026-08-03,PAY-101591,posted
INT-HISTORICAL-001592,2026-08-03T05:18:42,MRC_004,CUST-0117,PROC_C,ach,US,22661,EUR,2026-08-03,PAY-101592,posted
INT-HISTORICAL-001593,2026-08-03T05:20:37,MRC_004,CUST-0046,PROC_C,wire,US,39695,USD,2026-08-03,PAY-101593,posted
INT-HISTORICAL-001594,2026-08-03T05:23:16,MRC_005,CUST-0349,PROC_A,wire,CA,12042,USD,2026-08-03,PAY-101594,posted
INT-HISTORICAL-001595,2026-08-03T05:23:57,MRC_004,CUST-0270,PROC_C,ach,CA,22064,USD,2026-08-03,PAY-101595,posted
INT-HISTORICAL-001596,2026-08-03T05:25:13,MRC_003,CUST-0192,PROC_A,wire,US,4863,USD,2026-08-03,PAY-101596,posted
INT-HISTORICAL-001597,2026-08-03T05:25:45,MRC_004,CUST-0335,PROC_A,wallet,US,9153,USD,2026-08-03,PAY-101597,posted
INT-HISTORICAL-001598,2026-08-03T05:28:37,MRC_004,CUST-0247,PROC_B,ach,US,7267,EUR,2026-08-03,PAY-101598,posted
INT-HISTORICAL-001599,2026-08-03T05:30:01,MRC_003,CUST-0060,PROC_B,card,US,13032,USD,2026-08-03,PAY-101599,posted
INT-HISTORICAL-001600,2026-08-03T05:31:41,MRC_005,CUST-0199,PROC_B,wallet,GB,10190,USD,2026-08-03,PAY-101600,posted
INT-HISTORICAL-001601,2026-08-03T05:33:51,MRC_001,CUST-0172,PROC_A,ach,US,4708,USD,2026-08-03,PAY-101601,posted
INT-HISTORICAL-001602,2026-08-03T05:34:14,MRC_005,CUST-0209,PROC_A,ach,CA,4312,GBP,2026-08-03,PAY-101602,posted
INT-HISTORICAL-001603,2026-08-03T05:35:38,MRC_004,CUST-0222,PROC_C,ach,CA,9744,GBP,2026-08-03,PAY-101603,posted
INT-HISTORICAL-001604,2026-08-03T05:36:08,MRC_001,CUST-0266,PROC_C,wallet,US,17007,USD,2026-08-03,PAY-101604,posted
INT-HISTORICAL-001605,2026-08-03T05:37:24,MRC_003,CUST-0120,PROC_C,ach,US,18057,USD,2026-08-03,PAY-101605,posted
INT-HISTORICAL-001606,2026-08-03T05:39:14,MRC_005,CUST-0196,PROC_B,card,US,7330,GBP,2026-08-03,PAY-101606,posted
INT-HISTORICAL-001607,2026-08-03T05:41:34,MRC_001,CUST-0344,PROC_C,wallet,GB,26692,USD,2026-08-03,PAY-101607,posted
INT-HISTORICAL-001608,2026-08-03T05:42:41,MRC_002,CUST-0036,PROC_C,wire,CA,3739,USD,2026-08-03,PAY-101608,posted
INT-HISTORICAL-001609,2026-08-03T05:45:05,MRC_002,CUST-0361,PROC_C,card,US,13123,GBP,2026-08-03,PAY-101609,posted
INT-HISTORICAL-001610,2026-08-03T05:46:47,MRC_002,CUST-0343,PROC_C,ach,US,14949,USD,2026-08-03,PAY-101610,posted
INT-HISTORICAL-001611,2026-08-03T05:48:44,MRC_002,CUST-0111,PROC_C,wire,DE,12438,USD,2026-08-03,PAY-101611,posted
INT-HISTORICAL-001612,2026-08-03T05:50:44,MRC_002,CUST-0384,PROC_C,wallet,US,30056,USD,2026-08-03,PAY-101612,posted
INT-HISTORICAL-001613,2026-08-03T05:51:15,MRC_002,CUST-0195,PROC_A,ach,US,11807,USD,2026-08-03,PAY-101613,posted
INT-HISTORICAL-001614,2026-08-03T05:51:46,MRC_001,CUST-0396,PROC_C,wire,US,11571,USD,2026-08-03,PAY-101614,posted
INT-HISTORICAL-001615,2026-08-03T05:54:06,MRC_004,CUST-0040,PROC_A,ach,CA,8768,EUR,2026-08-03,PAY-101615,posted
INT-HISTORICAL-001616,2026-08-03T05:54:41,MRC_003,CUST-0360,PROC_C,wire,US,6813,USD,2026-08-03,PAY-101616,posted
INT-HISTORICAL-001617,2026-08-03T05:55:11,MRC_002,CUST-0183,PROC_B,ach,US,4525,USD,2026-08-03,PAY-101617,posted
INT-HISTORICAL-001618,2026-08-03T05:55:38,MRC_001,CUST-0102,PROC_B,wire,GB,9124,GBP,2026-08-03,PAY-101618,posted
INT-HISTORICAL-001619,2026-08-03T05:56:03,MRC_005,CUST-0261,PROC_A,ach,US,12252,USD,2026-08-03,PAY-101619,posted
INT-HISTORICAL-001620,2026-08-03T05:58:14,MRC_001,CUST-0397,PROC_A,card,CA,4849,GBP,2026-08-03,PAY-101620,posted
INT-HISTORICAL-001621,2026-08-03T05:58:40,MRC_005,CUST-0382,PROC_A,ach,US,3590,EUR,2026-08-03,PAY-101621,posted
INT-HISTORICAL-001622,2026-08-03T06:00:17,MRC_003,CUST-0006,PROC_C,card,US,9448,USD,2026-08-03,PAY-101622,posted
INT-HISTORICAL-001623,2026-08-03T06:01:33,MRC_003,CUST-0182,PROC_C,wallet,CA,11506,USD,2026-08-03,PAY-101623,posted
INT-HISTORICAL-001624,2026-08-03T06:04:15,MRC_003,CUST-0193,PROC_B,wire,US,12958,USD,2026-08-03,PAY-101624,posted
INT-HISTORICAL-001625,2026-08-03T06:04:56,MRC_001,CUST-0238,PROC_B,wallet,DE,28518,USD,2026-08-03,PAY-101625,posted
INT-HISTORICAL-001626,2026-08-03T06:06:29,MRC_002,CUST-0022,PROC_B,wire,CA,20620,USD,2026-08-03,PAY-101626,posted
INT-HISTORICAL-001627,2026-08-03T06:07:23,MRC_005,CUST-0351,PROC_A,ach,US,2428,USD,2026-08-03,PAY-101627,posted
INT-HISTORICAL-001628,2026-08-03T06:08:18,MRC_002,CUST-0186,PROC_A,wire,DE,10763,USD,2026-08-03,PAY-101628,posted
INT-HISTORICAL-001629,2026-08-03T06:10:10,MRC_005,CUST-0163,PROC_A,card,US,7381,EUR,2026-08-03,PAY-101629,posted
INT-HISTORICAL-001630,2026-08-03T06:12:42,MRC_005,CUST-0079,PROC_C,card,DE,1848,USD,2026-08-03,PAY-101630,posted
INT-HISTORICAL-001631,2026-08-03T06:13:41,MRC_003,CUST-0324,PROC_C,card,DE,1510,USD,2026-08-03,PAY-101631,posted
INT-HISTORICAL-001632,2026-08-03T06:16:03,MRC_003,CUST-0022,PROC_A,wallet,DE,13146,EUR,2026-08-03,PAY-101632,posted
INT-HISTORICAL-001633,2026-08-03T06:16:34,MRC_004,CUST-0045,PROC_A,ach,CA,13203,USD,2026-08-03,PAY-101633,posted
INT-HISTORICAL-001634,2026-08-03T06:19:25,MRC_001,CUST-0325,PROC_C,wallet,US,68626,EUR,2026-08-03,PAY-101634,posted
INT-HISTORICAL-001635,2026-08-03T06:21:51,MRC_001,CUST-0261,PROC_A,card,CA,38228,USD,2026-08-03,PAY-101635,posted
INT-HISTORICAL-001636,2026-08-03T06:22:15,MRC_005,CUST-0269,PROC_A,card,US,12722,EUR,2026-08-03,PAY-101636,posted
INT-HISTORICAL-001637,2026-08-03T06:24:08,MRC_005,CUST-0172,PROC_C,wallet,US,25667,USD,2026-08-03,PAY-101637,posted
INT-HISTORICAL-001638,2026-08-03T06:26:46,MRC_001,CUST-0155,PROC_C,card,US,18135,USD,2026-08-03,PAY-101638,posted
INT-HISTORICAL-001639,2026-08-03T06:28:55,MRC_005,CUST-0223,PROC_B,card,US,25977,USD,2026-08-03,PAY-101639,posted
INT-HISTORICAL-001640,2026-08-03T06:29:22,MRC_003,CUST-0088,PROC_A,wire,CA,15489,USD,2026-08-03,PAY-101640,posted
INT-HISTORICAL-001641,2026-08-03T06:32:08,MRC_005,CUST-0275,PROC_B,wire,DE,20514,USD,2026-08-03,PAY-101641,posted
INT-HISTORICAL-001642,2026-08-03T06:35:08,MRC_004,CUST-0183,PROC_B,ach,US,5958,USD,2026-08-03,PAY-101642,posted
INT-HISTORICAL-001643,2026-08-03T06:37:13,MRC_005,CUST-0093,PROC_A,wallet,CA,16696,GBP,2026-08-03,PAY-101643,posted
INT-HISTORICAL-001644,2026-08-03T06:40:03,MRC_004,CUST-0325,PROC_A,wallet,GB,7989,USD,2026-08-03,PAY-101644,posted
INT-HISTORICAL-001645,2026-08-03T06:43:03,MRC_001,CUST-0272,PROC_A,wallet,US,5836,USD,2026-08-03,PAY-101645,posted
INT-HISTORICAL-001646,2026-08-03T06:43:43,MRC_004,CUST-0351,PROC_A,ach,DE,8239,EUR,2026-08-03,PAY-101646,posted
INT-HISTORICAL-001647,2026-08-03T06:44:16,MRC_003,CUST-0033,PROC_C,wallet,US,54178,USD,2026-08-03,PAY-101647,posted
INT-HISTORICAL-001648,2026-08-03T06:44:53,MRC_004,CUST-0176,PROC_C,wallet,US,10511,USD,2026-08-03,PAY-101648,posted
INT-HISTORICAL-001649,2026-08-03T06:47:46,MRC_005,CUST-0109,PROC_B,wire,GB,9023,EUR,2026-08-03,PAY-101649,posted
INT-HISTORICAL-001650,2026-08-03T06:50:40,MRC_003,CUST-0029,PROC_B,ach,GB,17518,USD,2026-08-03,PAY-101650,posted
INT-HISTORICAL-001651,2026-08-03T06:52:07,MRC_004,CUST-0398,PROC_C,wire,GB,2385,USD,2026-08-03,PAY-101651,posted
INT-HISTORICAL-001652,2026-08-03T06:53:01,MRC_003,CUST-0330,PROC_C,ach,US,20921,EUR,2026-08-03,PAY-101652,posted
INT-HISTORICAL-001653,2026-08-03T06:55:20,MRC_004,CUST-0368,PROC_C,ach,US,23053,EUR,2026-08-03,PAY-101653,posted
INT-HISTORICAL-001654,2026-08-03T06:56:31,MRC_001,CUST-0180,PROC_B,wire,CA,5350,GBP,2026-08-03,PAY-101654,posted
INT-HISTORICAL-001655,2026-08-03T06:59:23,MRC_002,CUST-0160,PROC_C,ach,US,58452,GBP,2026-08-03,PAY-101655,posted
INT-HISTORICAL-001656,2026-08-03T07:00:20,MRC_003,CUST-0029,PROC_C,wire,CA,20550,USD,2026-08-03,PAY-101656,posted
INT-HISTORICAL-001657,2026-08-03T07:02:17,MRC_002,CUST-0384,PROC_A,card,US,22918,GBP,2026-08-03,PAY-101657,posted
INT-HISTORICAL-001658,2026-08-03T07:03:21,MRC_005,CUST-0131,PROC_A,ach,DE,16572,USD,2026-08-03,PAY-101658,posted
INT-HISTORICAL-001659,2026-08-03T07:05:09,MRC_002,CUST-0090,PROC_B,wire,US,23626,USD,2026-08-03,PAY-101659,posted
INT-HISTORICAL-001660,2026-08-03T07:07:59,MRC_004,CUST-0318,PROC_A,card,US,8929,GBP,2026-08-03,PAY-101660,posted
INT-HISTORICAL-001661,2026-08-03T07:09:49,MRC_004,CUST-0241,PROC_A,wire,US,34947,USD,2026-08-03,PAY-101661,posted
INT-HISTORICAL-001662,2026-08-03T07:12:17,MRC_001,CUST-0180,PROC_A,wallet,DE,1518,USD,2026-08-03,PAY-101662,posted
INT-HISTORICAL-001663,2026-08-03T07:14:04,MRC_003,CUST-0215,PROC_B,wallet,DE,13550,GBP,2026-08-03,PAY-101663,posted
INT-HISTORICAL-001664,2026-08-03T07:16:43,MRC_004,CUST-0074,PROC_B,wire,US,18774,EUR,2026-08-03,PAY-101664,posted
INT-HISTORICAL-001665,2026-08-03T07:17:57,MRC_005,CUST-0106,PROC_B,ach,GB,45832,USD,2026-08-03,PAY-101665,posted
INT-HISTORICAL-001666,2026-08-03T07:20:14,MRC_001,CUST-0056,PROC_A,card,US,16846,USD,2026-08-03,PAY-101666,posted
INT-HISTORICAL-001667,2026-08-03T07:22:34,MRC_005,CUST-0100,PROC_B,ach,GB,3716,USD,2026-08-03,PAY-101667,posted
INT-HISTORICAL-001668,2026-08-03T07:23:10,MRC_003,CUST-0001,PROC_A,card,US,22455,EUR,2026-08-03,PAY-101668,posted
INT-HISTORICAL-001669,2026-08-03T07:25:42,MRC_004,CUST-0162,PROC_C,wallet,US,7665,USD,2026-08-03,PAY-101669,posted
INT-HISTORICAL-001670,2026-08-03T07:26:34,MRC_002,CUST-0010,PROC_C,wire,DE,2090,EUR,2026-08-03,PAY-101670,posted
INT-HISTORICAL-001671,2026-08-03T07:28:05,MRC_005,CUST-0163,PROC_B,ach,CA,5149,USD,2026-08-03,PAY-101671,posted
INT-HISTORICAL-001672,2026-08-03T07:28:40,MRC_005,CUST-0111,PROC_C,wallet,GB,10524,USD,2026-08-03,PAY-101672,posted
INT-HISTORICAL-001673,2026-08-03T07:29:04,MRC_003,CUST-0311,PROC_B,ach,CA,47872,USD,2026-08-03,PAY-101673,posted
INT-HISTORICAL-001674,2026-08-03T07:30:49,MRC_002,CUST-0080,PROC_B,wire,GB,12826,USD,2026-08-03,PAY-101674,posted
INT-HISTORICAL-001675,2026-08-03T07:31:32,MRC_002,CUST-0378,PROC_C,card,DE,15969,USD,2026-08-03,PAY-101675,posted
INT-HISTORICAL-001676,2026-08-03T07:32:54,MRC_002,CUST-0265,PROC_C,wire,CA,17053,USD,2026-08-03,PAY-101676,posted
INT-HISTORICAL-001677,2026-08-03T07:33:16,MRC_001,CUST-0324,PROC_B,card,US,20535,USD,2026-08-03,PAY-101677,posted
INT-HISTORICAL-001678,2026-08-03T07:35:34,MRC_004,CUST-0360,PROC_C,wire,GB,43884,USD,2026-08-03,PAY-101678,posted
INT-HISTORICAL-001679,2026-08-03T07:38:33,MRC_005,CUST-0219,PROC_B,wire,GB,3179,USD,2026-08-03,PAY-101679,posted
INT-HISTORICAL-001680,2026-08-03T07:40:27,MRC_004,CUST-0247,PROC_B,ach,GB,7623,GBP,2026-08-03,PAY-101680,posted
INT-HISTORICAL-001681,2026-08-03T07:40:50,MRC_001,CUST-0175,PROC_C,wire,CA,4714,USD,2026-08-03,PAY-101681,posted
INT-HISTORICAL-001682,2026-08-03T07:43:07,MRC_005,CUST-0188,PROC_C,card,DE,14219,USD,2026-08-03,PAY-101682,posted
INT-HISTORICAL-001683,2026-08-03T07:44:00,MRC_001,CUST-0078,PROC_B,wire,DE,8522,USD,2026-08-03,PAY-101683,posted
INT-HISTORICAL-001684,2026-08-03T07:46:21,MRC_004,CUST-0063,PROC_B,wire,CA,11541,EUR,2026-08-03,PAY-101684,posted
INT-HISTORICAL-001685,2026-08-03T07:49:21,MRC_004,CUST-0032,PROC_C,wallet,GB,3719,USD,2026-08-03,PAY-101685,posted
INT-HISTORICAL-001686,2026-08-03T07:50:43,MRC_004,CUST-0359,PROC_B,wallet,DE,20581,USD,2026-08-03,PAY-101686,posted
INT-HISTORICAL-001687,2026-08-03T07:53:15,MRC_003,CUST-0264,PROC_C,wire,GB,38087,EUR,2026-08-03,PAY-101687,posted
INT-HISTORICAL-001688,2026-08-03T07:53:50,MRC_004,CUST-0351,PROC_B,wire,CA,5052,USD,2026-08-03,PAY-101688,posted
INT-HISTORICAL-001689,2026-08-03T07:54:41,MRC_003,CUST-0066,PROC_A,wire,US,5752,GBP,2026-08-03,PAY-101689,posted
INT-HISTORICAL-001690,2026-08-03T07:55:11,MRC_004,CUST-0304,PROC_A,wallet,CA,5196,USD,2026-08-03,PAY-101690,posted
INT-HISTORICAL-001691,2026-08-03T07:57:12,MRC_002,CUST-0372,PROC_B,ach,US,4025,USD,2026-08-03,PAY-101691,posted
INT-HISTORICAL-001692,2026-08-03T07:57:47,MRC_002,CUST-0173,PROC_A,card,DE,31791,USD,2026-08-03,PAY-101692,posted
INT-HISTORICAL-001693,2026-08-03T07:59:54,MRC_001,CUST-0143,PROC_C,wallet,US,1938,USD,2026-08-03,PAY-101693,posted
INT-HISTORICAL-001694,2026-08-03T08:02:53,MRC_004,CUST-0099,PROC_C,card,US,41325,USD,2026-08-03,PAY-101694,posted
INT-HISTORICAL-001695,2026-08-03T08:03:41,MRC_002,CUST-0048,PROC_A,wallet,US,51093,GBP,2026-08-03,PAY-101695,posted
INT-HISTORICAL-001696,2026-08-03T08:04:26,MRC_004,CUST-0352,PROC_C,ach,DE,1779,GBP,2026-08-03,PAY-101696,posted
INT-HISTORICAL-001697,2026-08-03T08:05:55,MRC_003,CUST-0133,PROC_B,ach,DE,25914,USD,2026-08-03,PAY-101697,posted
INT-HISTORICAL-001698,2026-08-03T08:08:42,MRC_002,CUST-0193,PROC_C,ach,US,4650,USD,2026-08-03,PAY-101698,posted
INT-HISTORICAL-001699,2026-08-03T08:10:45,MRC_004,CUST-0208,PROC_A,wallet,GB,17248,USD,2026-08-03,PAY-101699,posted
INT-HISTORICAL-001700,2026-08-03T08:13:24,MRC_005,CUST-0271,PROC_B,wire,US,1069,GBP,2026-08-03,PAY-101700,posted
INT-HISTORICAL-001701,2026-08-03T08:14:38,MRC_004,CUST-0091,PROC_A,wire,US,2530,EUR,2026-08-03,PAY-101701,posted
INT-HISTORICAL-001702,2026-08-03T08:17:36,MRC_001,CUST-0221,PROC_A,wallet,US,13108,GBP,2026-08-03,PAY-101702,posted
INT-HISTORICAL-001703,2026-08-03T08:20:22,MRC_004,CUST-0226,PROC_B,card,GB,6352,USD,2026-08-03,PAY-101703,posted
INT-HISTORICAL-001704,2026-08-03T08:22:19,MRC_001,CUST-0067,PROC_A,ach,US,9265,USD,2026-08-03,PAY-101704,posted
INT-HISTORICAL-001705,2026-08-03T08:25:00,MRC_004,CUST-0130,PROC_C,wallet,GB,9768,USD,2026-08-03,PAY-101705,posted
INT-HISTORICAL-001706,2026-08-03T08:27:09,MRC_002,CUST-0245,PROC_C,ach,GB,24268,GBP,2026-08-03,PAY-101706,posted
INT-HISTORICAL-001707,2026-08-03T08:27:56,MRC_004,CUST-0069,PROC_A,wire,US,7280,USD,2026-08-03,PAY-101707,posted
INT-HISTORICAL-001708,2026-08-03T08:30:13,MRC_003,CUST-0157,PROC_C,wire,GB,11514,USD,2026-08-03,PAY-101708,posted
INT-HISTORICAL-001709,2026-08-03T08:30:48,MRC_005,CUST-0200,PROC_B,card,US,16069,USD,2026-08-03,PAY-101709,posted
INT-HISTORICAL-001710,2026-08-03T08:32:59,MRC_003,CUST-0215,PROC_C,ach,US,2477,EUR,2026-08-03,PAY-101710,posted
INT-HISTORICAL-001711,2026-08-03T08:34:01,MRC_002,CUST-0160,PROC_A,card,GB,56587,GBP,2026-08-03,PAY-101711,posted
INT-HISTORICAL-001712,2026-08-03T08:35:08,MRC_004,CUST-0175,PROC_A,ach,US,22111,GBP,2026-08-03,PAY-101712,posted
INT-HISTORICAL-001713,2026-08-03T08:35:55,MRC_003,CUST-0099,PROC_B,wire,DE,13029,USD,2026-08-03,PAY-101713,posted
INT-HISTORICAL-001714,2026-08-03T08:38:49,MRC_001,CUST-0356,PROC_C,wire,GB,36885,GBP,2026-08-03,PAY-101714,posted
INT-HISTORICAL-001715,2026-08-03T08:41:15,MRC_003,CUST-0260,PROC_C,ach,US,56299,USD,2026-08-03,PAY-101715,posted
INT-HISTORICAL-001716,2026-08-03T08:42:17,MRC_004,CUST-0337,PROC_B,wire,CA,8659,USD,2026-08-03,PAY-101716,posted
INT-HISTORICAL-001717,2026-08-03T08:43:13,MRC_005,CUST-0179,PROC_C,card,CA,6690,USD,2026-08-03,PAY-101717,posted
INT-HISTORICAL-001718,2026-08-03T08:45:44,MRC_003,CUST-0223,PROC_B,card,GB,30835,USD,2026-08-03,PAY-101718,posted
INT-HISTORICAL-001719,2026-08-03T08:47:31,MRC_003,CUST-0265,PROC_C,card,CA,17914,USD,2026-08-03,PAY-101719,posted
INT-HISTORICAL-001720,2026-08-03T08:49:06,MRC_001,CUST-0256,PROC_A,ach,US,30464,USD,2026-08-03,PAY-101720,posted
INT-HISTORICAL-001721,2026-08-03T08:50:05,MRC_002,CUST-0384,PROC_B,wallet,US,31839,USD,2026-08-03,PAY-101721,posted
INT-HISTORICAL-001722,2026-08-03T08:52:41,MRC_005,CUST-0219,PROC_C,card,DE,15654,USD,2026-08-03,PAY-101722,posted
INT-HISTORICAL-001723,2026-08-03T08:54:26,MRC_005,CUST-0258,PROC_C,wallet,CA,16659,USD,2026-08-03,PAY-101723,posted
INT-HISTORICAL-001724,2026-08-03T08:55:53,MRC_004,CUST-0130,PROC_A,wire,GB,24800,EUR,2026-08-03,PAY-101724,posted
INT-HISTORICAL-001725,2026-08-03T08:58:05,MRC_005,CUST-0003,PROC_C,card,US,36716,EUR,2026-08-03,PAY-101725,posted
INT-HISTORICAL-001726,2026-08-03T08:58:52,MRC_001,CUST-0060,PROC_C,wallet,CA,13240,USD,2026-08-03,PAY-101726,posted
INT-HISTORICAL-001727,2026-08-03T09:00:08,MRC_002,CUST-0397,PROC_A,wire,CA,14879,GBP,2026-08-03,PAY-101727,posted
INT-HISTORICAL-001728,2026-08-03T09:01:55,MRC_001,CUST-0233,PROC_B,card,DE,6557,EUR,2026-08-03,PAY-101728,posted
INT-HISTORICAL-001729,2026-08-03T09:04:28,MRC_005,CUST-0119,PROC_B,ach,US,3961,USD,2026-08-03,PAY-101729,posted
INT-HISTORICAL-001730,2026-08-03T09:07:14,MRC_005,CUST-0368,PROC_C,wallet,US,11108,USD,2026-08-03,PAY-101730,posted
INT-HISTORICAL-001731,2026-08-03T09:07:34,MRC_005,CUST-0302,PROC_B,wire,US,9589,USD,2026-08-03,PAY-101731,posted
INT-HISTORICAL-001732,2026-08-03T09:08:19,MRC_001,CUST-0134,PROC_C,wire,GB,23976,USD,2026-08-03,PAY-101732,posted
INT-HISTORICAL-001733,2026-08-03T09:10:36,MRC_002,CUST-0300,PROC_B,card,GB,41023,USD,2026-08-03,PAY-101733,posted
INT-HISTORICAL-001734,2026-08-03T09:11:41,MRC_005,CUST-0244,PROC_B,card,CA,21294,GBP,2026-08-03,PAY-101734,posted
INT-HISTORICAL-001735,2026-08-03T09:14:13,MRC_004,CUST-0353,PROC_A,wire,US,15142,USD,2026-08-03,PAY-101735,posted
INT-HISTORICAL-001736,2026-08-03T09:15:04,MRC_005,CUST-0129,PROC_A,wire,DE,5271,USD,2026-08-03,PAY-101736,posted
INT-HISTORICAL-001737,2026-08-03T09:17:27,MRC_002,CUST-0246,PROC_C,wire,US,18128,USD,2026-08-03,PAY-101737,posted
INT-HISTORICAL-001738,2026-08-03T09:19:46,MRC_003,CUST-0097,PROC_B,ach,DE,9473,USD,2026-08-03,PAY-101738,posted
INT-HISTORICAL-001739,2026-08-03T09:22:36,MRC_004,CUST-0396,PROC_C,ach,GB,36787,EUR,2026-08-03,PAY-101739,posted
INT-HISTORICAL-001740,2026-08-03T09:23:12,MRC_005,CUST-0049,PROC_C,card,US,8153,USD,2026-08-03,PAY-101740,posted
INT-HISTORICAL-001741,2026-08-03T09:26:00,MRC_002,CUST-0391,PROC_B,wallet,US,29386,USD,2026-08-03,PAY-101741,posted
INT-HISTORICAL-001742,2026-08-03T09:27:15,MRC_004,CUST-0362,PROC_A,wallet,US,13942,USD,2026-08-03,PAY-101742,posted
INT-HISTORICAL-001743,2026-08-03T09:27:37,MRC_004,CUST-0390,PROC_A,wire,US,48526,USD,2026-08-03,PAY-101743,posted
INT-HISTORICAL-001744,2026-08-03T09:30:21,MRC_005,CUST-0303,PROC_C,card,US,53023,USD,2026-08-03,PAY-101744,posted
INT-HISTORICAL-001745,2026-08-03T09:31:32,MRC_002,CUST-0255,PROC_C,wire,US,7654,GBP,2026-08-03,PAY-101745,posted
INT-HISTORICAL-001746,2026-08-03T09:34:23,MRC_002,CUST-0241,PROC_A,card,GB,33201,USD,2026-08-03,PAY-101746,posted
INT-HISTORICAL-001747,2026-08-03T09:35:48,MRC_001,CUST-0060,PROC_C,ach,CA,9184,USD,2026-08-03,PAY-101747,posted
INT-HISTORICAL-001748,2026-08-03T09:38:18,MRC_004,CUST-0357,PROC_A,wire,GB,52373,GBP,2026-08-03,PAY-101748,posted
INT-HISTORICAL-001749,2026-08-03T09:40:38,MRC_005,CUST-0225,PROC_A,card,US,21445,USD,2026-08-03,PAY-101749,posted
INT-HISTORICAL-001750,2026-08-03T09:42:26,MRC_001,CUST-0384,PROC_C,wire,DE,3006,USD,2026-08-03,PAY-101750,posted
INT-HISTORICAL-001751,2026-08-03T09:43:00,MRC_003,CUST-0032,PROC_B,wire,US,15875,USD,2026-08-03,PAY-101751,posted
INT-HISTORICAL-001752,2026-08-03T09:44:27,MRC_003,CUST-0303,PROC_C,card,DE,14846,USD,2026-08-03,PAY-101752,posted
INT-HISTORICAL-001753,2026-08-03T09:46:49,MRC_004,CUST-0083,PROC_A,card,US,7743,EUR,2026-08-03,PAY-101753,posted
INT-HISTORICAL-001754,2026-08-03T09:48:24,MRC_004,CUST-0058,PROC_A,wire,GB,50398,GBP,2026-08-03,PAY-101754,posted
INT-HISTORICAL-001755,2026-08-03T09:50:18,MRC_002,CUST-0075,PROC_C,card,DE,3911,USD,2026-08-03,PAY-101755,posted
INT-HISTORICAL-001756,2026-08-03T09:52:28,MRC_003,CUST-0041,PROC_C,ach,GB,19518,EUR,2026-08-03,PAY-101756,posted
INT-HISTORICAL-001757,2026-08-03T09:54:21,MRC_003,CUST-0153,PROC_B,ach,US,22638,EUR,2026-08-03,PAY-101757,posted
INT-HISTORICAL-001758,2026-08-03T09:56:00,MRC_001,CUST-0173,PROC_C,wallet,DE,31024,USD,2026-08-03,PAY-101758,posted
INT-HISTORICAL-001759,2026-08-03T09:58:50,MRC_002,CUST-0078,PROC_B,ach,US,25077,GBP,2026-08-03,PAY-101759,posted
INT-HISTORICAL-001760,2026-08-03T10:00:50,MRC_003,CUST-0238,PROC_C,wallet,US,21811,USD,2026-08-03,PAY-101760,posted
INT-HISTORICAL-001761,2026-08-03T10:01:46,MRC_005,CUST-0357,PROC_C,wire,GB,5195,EUR,2026-08-03,PAY-101761,posted
INT-HISTORICAL-001762,2026-08-03T10:03:41,MRC_004,CUST-0243,PROC_C,card,GB,16443,USD,2026-08-03,PAY-101762,posted
INT-HISTORICAL-001763,2026-08-03T10:05:26,MRC_001,CUST-0268,PROC_B,wire,DE,20410,EUR,2026-08-03,PAY-101763,posted
INT-HISTORICAL-001764,2026-08-03T10:06:00,MRC_004,CUST-0139,PROC_B,wire,DE,22067,USD,2026-08-03,PAY-101764,posted
INT-HISTORICAL-001765,2026-08-03T10:06:34,MRC_002,CUST-0314,PROC_C,wire,DE,23586,USD,2026-08-03,PAY-101765,posted
INT-HISTORICAL-001766,2026-08-03T10:07:38,MRC_001,CUST-0378,PROC_B,card,US,4403,USD,2026-08-03,PAY-101766,posted
INT-HISTORICAL-001767,2026-08-03T10:09:31,MRC_005,CUST-0249,PROC_B,wallet,US,34983,USD,2026-08-03,PAY-101767,posted
INT-HISTORICAL-001768,2026-08-03T10:11:32,MRC_005,CUST-0297,PROC_B,wire,US,9264,USD,2026-08-03,PAY-101768,posted
INT-HISTORICAL-001769,2026-08-03T10:13:08,MRC_002,CUST-0120,PROC_A,wallet,CA,62640,USD,2026-08-03,PAY-101769,posted
INT-HISTORICAL-001770,2026-08-03T10:14:02,MRC_002,CUST-0335,PROC_C,ach,US,14549,GBP,2026-08-03,PAY-101770,posted
INT-HISTORICAL-001771,2026-08-03T10:15:25,MRC_004,CUST-0177,PROC_A,ach,US,15036,EUR,2026-08-03,PAY-101771,posted
INT-HISTORICAL-001772,2026-08-03T10:17:31,MRC_004,CUST-0255,PROC_B,wire,CA,39121,USD,2026-08-03,PAY-101772,posted
INT-HISTORICAL-001773,2026-08-03T10:19:39,MRC_002,CUST-0139,PROC_B,wire,US,7402,USD,2026-08-03,PAY-101773,posted
INT-HISTORICAL-001774,2026-08-03T10:20:33,MRC_001,CUST-0266,PROC_A,wallet,US,12694,GBP,2026-08-03,PAY-101774,posted
INT-HISTORICAL-001775,2026-08-03T10:22:03,MRC_005,CUST-0006,PROC_A,wire,US,5771,USD,2026-08-03,PAY-101775,posted
INT-HISTORICAL-001776,2026-08-03T10:23:51,MRC_005,CUST-0310,PROC_C,wire,US,17470,USD,2026-08-03,PAY-101776,posted
INT-HISTORICAL-001777,2026-08-03T10:24:33,MRC_002,CUST-0158,PROC_C,card,US,98476,USD,2026-08-03,PAY-101777,posted
INT-HISTORICAL-001778,2026-08-03T10:25:42,MRC_005,CUST-0088,PROC_C,card,US,7520,USD,2026-08-03,PAY-101778,posted
INT-HISTORICAL-001779,2026-08-03T10:27:35,MRC_002,CUST-0228,PROC_A,wallet,US,141759,USD,2026-08-03,PAY-101779,posted
INT-HISTORICAL-001780,2026-08-03T10:29:55,MRC_003,CUST-0114,PROC_A,wallet,DE,4300,USD,2026-08-03,PAY-101780,posted
INT-HISTORICAL-001781,2026-08-03T10:32:43,MRC_001,CUST-0045,PROC_B,card,US,12912,USD,2026-08-03,PAY-101781,posted
INT-HISTORICAL-001782,2026-08-03T10:34:55,MRC_003,CUST-0303,PROC_A,card,US,21447,USD,2026-08-03,PAY-101782,posted
INT-HISTORICAL-001783,2026-08-03T10:36:02,MRC_001,CUST-0053,PROC_C,card,CA,20931,GBP,2026-08-03,PAY-101783,posted
INT-HISTORICAL-001784,2026-08-03T10:36:25,MRC_005,CUST-0365,PROC_B,ach,GB,11170,USD,2026-08-03,PAY-101784,posted
INT-HISTORICAL-001785,2026-08-03T10:37:53,MRC_004,CUST-0314,PROC_A,wire,GB,4797,USD,2026-08-03,PAY-101785,posted
INT-HISTORICAL-001786,2026-08-03T10:39:57,MRC_005,CUST-0373,PROC_A,ach,GB,14474,GBP,2026-08-03,PAY-101786,posted
INT-HISTORICAL-001787,2026-08-03T10:42:01,MRC_005,CUST-0106,PROC_C,wire,US,17053,USD,2026-08-03,PAY-101787,posted
INT-HISTORICAL-001788,2026-08-03T10:43:00,MRC_001,CUST-0032,PROC_C,card,US,1768,USD,2026-08-03,PAY-101788,posted
INT-HISTORICAL-001789,2026-08-03T10:44:09,MRC_001,CUST-0297,PROC_B,ach,US,37683,USD,2026-08-03,PAY-101789,posted
INT-HISTORICAL-001790,2026-08-03T10:44:54,MRC_004,CUST-0113,PROC_C,card,US,12060,EUR,2026-08-03,PAY-101790,posted
INT-HISTORICAL-001791,2026-08-03T10:45:56,MRC_005,CUST-0113,PROC_A,wire,US,11254,USD,2026-08-03,PAY-101791,posted
INT-HISTORICAL-001792,2026-08-03T10:46:38,MRC_002,CUST-0365,PROC_A,wire,US,3776,EUR,2026-08-03,PAY-101792,posted
INT-HISTORICAL-001793,2026-08-03T10:49:00,MRC_004,CUST-0376,PROC_C,wire,US,40524,EUR,2026-08-03,PAY-101793,posted
INT-HISTORICAL-001794,2026-08-03T10:50:32,MRC_002,CUST-0389,PROC_B,card,US,22317,EUR,2026-08-03,PAY-101794,posted
INT-HISTORICAL-001795,2026-08-03T10:53:14,MRC_001,CUST-0315,PROC_C,card,US,10329,USD,2026-08-03,PAY-101795,posted
INT-HISTORICAL-001796,2026-08-03T10:56:13,MRC_005,CUST-0125,PROC_A,ach,US,6893,EUR,2026-08-03,PAY-101796,posted
INT-HISTORICAL-001797,2026-08-03T10:58:19,MRC_004,CUST-0129,PROC_A,card,US,30212,USD,2026-08-03,PAY-101797,posted
INT-HISTORICAL-001798,2026-08-03T11:00:32,MRC_005,CUST-0242,PROC_B,wallet,US,22005,GBP,2026-08-03,PAY-101798,posted
INT-HISTORICAL-001799,2026-08-03T11:01:36,MRC_003,CUST-0258,PROC_B,wire,US,4515,USD,2026-08-03,PAY-101799,posted
INT-HISTORICAL-001800,2026-08-03T11:02:48,MRC_005,CUST-0017,PROC_B,card,GB,20273,USD,2026-08-03,PAY-101800,posted
INT-HISTORICAL-001801,2026-08-03T11:03:18,MRC_003,CUST-0357,PROC_A,wallet,US,14458,GBP,2026-08-03,PAY-101801,posted
INT-HISTORICAL-001802,2026-08-03T11:03:43,MRC_004,CUST-0303,PROC_C,card,DE,34836,USD,2026-08-03,PAY-101802,posted
INT-HISTORICAL-001803,2026-08-03T11:05:15,MRC_005,CUST-0278,PROC_B,card,US,5396,USD,2026-08-03,PAY-101803,posted
INT-HISTORICAL-001804,2026-08-03T11:07:46,MRC_004,CUST-0232,PROC_C,card,US,39857,EUR,2026-08-03,PAY-101804,posted
INT-HISTORICAL-001805,2026-08-03T11:10:19,MRC_002,CUST-0353,PROC_C,card,US,10267,USD,2026-08-03,PAY-101805,posted
INT-HISTORICAL-001806,2026-08-03T11:11:10,MRC_002,CUST-0219,PROC_C,wire,CA,9311,EUR,2026-08-03,PAY-101806,posted
INT-HISTORICAL-001807,2026-08-03T11:12:40,MRC_003,CUST-0362,PROC_C,wallet,US,3207,EUR,2026-08-03,PAY-101807,posted
INT-HISTORICAL-001808,2026-08-03T11:15:10,MRC_003,CUST-0264,PROC_B,ach,GB,26035,USD,2026-08-03,PAY-101808,posted
INT-HISTORICAL-001809,2026-08-03T11:15:30,MRC_005,CUST-0320,PROC_B,wire,CA,14493,USD,2026-08-03,PAY-101809,posted
INT-HISTORICAL-001810,2026-08-03T11:18:05,MRC_003,CUST-0312,PROC_B,wallet,CA,34004,USD,2026-08-03,PAY-101810,posted
INT-HISTORICAL-001811,2026-08-03T11:20:37,MRC_004,CUST-0116,PROC_C,wire,DE,28397,USD,2026-08-03,PAY-101811,posted
INT-HISTORICAL-001812,2026-08-03T11:23:27,MRC_004,CUST-0094,PROC_A,card,US,5491,EUR,2026-08-03,PAY-101812,posted
INT-HISTORICAL-001813,2026-08-03T11:25:18,MRC_005,CUST-0133,PROC_B,wire,US,5419,USD,2026-08-03,PAY-101813,posted
INT-HISTORICAL-001814,2026-08-03T11:26:51,MRC_001,CUST-0311,PROC_A,wire,US,21856,USD,2026-08-03,PAY-101814,posted
INT-HISTORICAL-001815,2026-08-03T11:28:27,MRC_004,CUST-0091,PROC_A,card,GB,10369,USD,2026-08-03,PAY-101815,posted
INT-HISTORICAL-001816,2026-08-03T11:30:08,MRC_002,CUST-0368,PROC_B,wallet,US,3852,GBP,2026-08-03,PAY-101816,posted
INT-HISTORICAL-001817,2026-08-03T11:32:41,MRC_004,CUST-0056,PROC_B,ach,US,6508,USD,2026-08-03,PAY-101817,posted
INT-HISTORICAL-001818,2026-08-03T11:34:27,MRC_003,CUST-0309,PROC_A,ach,US,21017,GBP,2026-08-03,PAY-101818,posted
INT-HISTORICAL-001819,2026-08-03T11:36:11,MRC_005,CUST-0080,PROC_A,card,US,11914,USD,2026-08-03,PAY-101819,posted
INT-HISTORICAL-001820,2026-08-03T11:37:42,MRC_002,CUST-0270,PROC_C,ach,US,2191,USD,2026-08-03,PAY-101820,posted
INT-HISTORICAL-001821,2026-08-03T11:38:34,MRC_005,CUST-0077,PROC_A,card,CA,28474,EUR,2026-08-03,PAY-101821,posted
INT-HISTORICAL-001822,2026-08-03T11:41:24,MRC_001,CUST-0297,PROC_B,ach,US,5789,USD,2026-08-03,PAY-101822,posted
INT-HISTORICAL-001823,2026-08-03T11:43:40,MRC_001,CUST-0099,PROC_B,card,DE,27309,EUR,2026-08-03,PAY-101823,posted
INT-HISTORICAL-001824,2026-08-03T11:46:17,MRC_002,CUST-0014,PROC_C,card,GB,15282,USD,2026-08-03,PAY-101824,posted
INT-HISTORICAL-001825,2026-08-03T11:49:12,MRC_001,CUST-0287,PROC_A,ach,US,11550,USD,2026-08-03,PAY-101825,posted
INT-HISTORICAL-001826,2026-08-03T11:50:16,MRC_002,CUST-0220,PROC_B,wallet,CA,12108,USD,2026-08-03,PAY-101826,posted
INT-HISTORICAL-001827,2026-08-03T11:52:17,MRC_002,CUST-0037,PROC_B,wallet,US,15903,USD,2026-08-03,PAY-101827,posted
INT-HISTORICAL-001828,2026-08-03T11:53:32,MRC_005,CUST-0351,PROC_A,ach,GB,33944,USD,2026-08-03,PAY-101828,posted
INT-HISTORICAL-001829,2026-08-03T11:56:32,MRC_004,CUST-0242,PROC_B,wire,CA,5968,EUR,2026-08-03,PAY-101829,posted
INT-HISTORICAL-001830,2026-08-03T11:58:27,MRC_003,CUST-0227,PROC_B,card,CA,16018,USD,2026-08-03,PAY-101830,posted
INT-HISTORICAL-001831,2026-08-03T12:00:36,MRC_002,CUST-0246,PROC_A,ach,US,5662,USD,2026-08-03,PAY-101831,posted
INT-HISTORICAL-001832,2026-08-03T12:01:50,MRC_001,CUST-0239,PROC_C,wallet,CA,8656,USD,2026-08-03,PAY-101832,posted
INT-HISTORICAL-001833,2026-08-03T12:02:24,MRC_001,CUST-0260,PROC_A,card,US,11835,USD,2026-08-03,PAY-101833,posted
INT-HISTORICAL-001834,2026-08-03T12:04:54,MRC_002,CUST-0374,PROC_A,card,DE,26542,USD,2026-08-03,PAY-101834,posted
INT-HISTORICAL-001835,2026-08-03T12:05:47,MRC_004,CUST-0369,PROC_B,ach,CA,2621,EUR,2026-08-03,PAY-101835,posted
INT-HISTORICAL-001836,2026-08-03T12:07:53,MRC_005,CUST-0371,PROC_B,wallet,GB,17702,USD,2026-08-03,PAY-101836,posted
INT-HISTORICAL-001837,2026-08-03T12:08:35,MRC_001,CUST-0072,PROC_A,wire,US,11390,GBP,2026-08-03,PAY-101837,posted
INT-HISTORICAL-001838,2026-08-03T12:09:54,MRC_004,CUST-0219,PROC_B,card,DE,15427,USD,2026-08-03,PAY-101838,posted
INT-HISTORICAL-001839,2026-08-03T12:12:42,MRC_001,CUST-0356,PROC_C,wire,GB,76215,GBP,2026-08-03,PAY-101839,posted
INT-HISTORICAL-001840,2026-08-03T12:15:05,MRC_004,CUST-0354,PROC_B,ach,CA,32741,GBP,2026-08-03,PAY-101840,posted
INT-HISTORICAL-001841,2026-08-03T12:16:17,MRC_003,CUST-0048,PROC_B,card,GB,8858,GBP,2026-08-03,PAY-101841,posted
INT-HISTORICAL-001842,2026-08-03T12:18:31,MRC_003,CUST-0044,PROC_A,ach,US,47426,USD,2026-08-03,PAY-101842,posted
INT-HISTORICAL-001843,2026-08-03T12:21:06,MRC_004,CUST-0072,PROC_B,ach,US,5296,USD,2026-08-03,PAY-101843,posted
INT-HISTORICAL-001844,2026-08-03T12:22:55,MRC_001,CUST-0239,PROC_A,ach,US,8685,GBP,2026-08-03,PAY-101844,posted
INT-HISTORICAL-001845,2026-08-03T12:24:47,MRC_004,CUST-0073,PROC_C,ach,GB,15523,USD,2026-08-03,PAY-101845,posted
INT-HISTORICAL-001846,2026-08-03T12:26:23,MRC_001,CUST-0107,PROC_C,card,US,3917,USD,2026-08-03,PAY-101846,posted
INT-HISTORICAL-001847,2026-08-03T12:28:41,MRC_004,CUST-0259,PROC_A,wallet,CA,4422,EUR,2026-08-03,PAY-101847,posted
INT-HISTORICAL-001848,2026-08-03T12:29:45,MRC_003,CUST-0233,PROC_A,card,DE,14171,USD,2026-08-03,PAY-101848,posted
INT-HISTORICAL-001849,2026-08-03T12:32:37,MRC_003,CUST-0207,PROC_C,wire,US,25040,USD,2026-08-03,PAY-101849,posted
INT-HISTORICAL-001850,2026-08-03T12:35:09,MRC_001,CUST-0003,PROC_A,card,CA,6875,USD,2026-08-03,PAY-101850,posted
INT-HISTORICAL-001851,2026-08-03T12:37:50,MRC_005,CUST-0003,PROC_C,wallet,GB,16967,EUR,2026-08-03,PAY-101851,posted
INT-HISTORICAL-001852,2026-08-03T12:38:50,MRC_004,CUST-0097,PROC_C,wallet,US,20692,GBP,2026-08-03,PAY-101852,posted
INT-HISTORICAL-001853,2026-08-03T12:39:17,MRC_002,CUST-0150,PROC_C,ach,GB,46756,USD,2026-08-03,PAY-101853,posted
INT-HISTORICAL-001854,2026-08-03T12:40:21,MRC_005,CUST-0110,PROC_B,wire,GB,4193,USD,2026-08-03,PAY-101854,posted
INT-HISTORICAL-001855,2026-08-03T12:43:10,MRC_005,CUST-0352,PROC_A,wallet,GB,31578,USD,2026-08-03,PAY-101855,posted
INT-HISTORICAL-001856,2026-08-03T12:44:52,MRC_003,CUST-0164,PROC_A,card,GB,51115,USD,2026-08-03,PAY-101856,posted
INT-HISTORICAL-001857,2026-08-03T12:46:22,MRC_004,CUST-0119,PROC_C,wallet,US,55096,USD,2026-08-03,PAY-101857,posted
INT-HISTORICAL-001858,2026-08-03T12:48:44,MRC_002,CUST-0121,PROC_C,ach,US,9907,USD,2026-08-03,PAY-101858,posted
INT-HISTORICAL-001859,2026-08-03T12:49:27,MRC_004,CUST-0088,PROC_C,ach,GB,20325,USD,2026-08-03,PAY-101859,posted
INT-HISTORICAL-001860,2026-08-03T12:50:57,MRC_005,CUST-0046,PROC_A,card,CA,6054,USD,2026-08-03,PAY-101860,posted
INT-HISTORICAL-001861,2026-08-03T12:53:35,MRC_001,CUST-0217,PROC_A,ach,US,119203,USD,2026-08-03,PAY-101861,posted
INT-HISTORICAL-001862,2026-08-03T12:55:03,MRC_003,CUST-0264,PROC_C,wallet,GB,5793,EUR,2026-08-03,PAY-101862,posted
INT-HISTORICAL-001863,2026-08-03T12:57:51,MRC_004,CUST-0135,PROC_B,ach,GB,20187,USD,2026-08-03,PAY-101863,posted
INT-HISTORICAL-001864,2026-08-03T12:59:42,MRC_002,CUST-0147,PROC_C,wire,US,3754,USD,2026-08-03,PAY-101864,posted
INT-HISTORICAL-001865,2026-08-03T13:02:15,MRC_003,CUST-0303,PROC_B,wire,CA,5812,USD,2026-08-03,PAY-101865,posted
INT-HISTORICAL-001866,2026-08-03T13:05:11,MRC_003,CUST-0282,PROC_C,wallet,US,3089,USD,2026-08-03,PAY-101866,posted
INT-HISTORICAL-001867,2026-08-03T13:06:00,MRC_001,CUST-0137,PROC_A,wallet,DE,8779,GBP,2026-08-03,PAY-101867,posted
INT-HISTORICAL-001868,2026-08-03T13:08:45,MRC_003,CUST-0191,PROC_C,card,GB,27369,USD,2026-08-03,PAY-101868,posted
INT-HISTORICAL-001869,2026-08-03T13:10:21,MRC_002,CUST-0071,PROC_A,card,US,43105,USD,2026-08-03,PAY-101869,posted
INT-HISTORICAL-001870,2026-08-03T13:11:50,MRC_003,CUST-0366,PROC_A,wallet,GB,18377,USD,2026-08-03,PAY-101870,posted
INT-HISTORICAL-001871,2026-08-03T13:12:47,MRC_005,CUST-0153,PROC_A,card,CA,13498,USD,2026-08-03,PAY-101871,posted
INT-HISTORICAL-001872,2026-08-03T13:14:18,MRC_004,CUST-0073,PROC_A,card,US,9575,GBP,2026-08-03,PAY-101872,posted
INT-HISTORICAL-001873,2026-08-03T13:14:54,MRC_005,CUST-0279,PROC_B,ach,US,16539,GBP,2026-08-03,PAY-101873,posted
INT-HISTORICAL-001874,2026-08-03T13:17:08,MRC_004,CUST-0154,PROC_B,wallet,GB,4592,USD,2026-08-03,PAY-101874,posted
INT-HISTORICAL-001875,2026-08-03T13:19:36,MRC_001,CUST-0026,PROC_B,ach,US,7781,EUR,2026-08-03,PAY-101875,posted
INT-HISTORICAL-001876,2026-08-03T13:20:49,MRC_003,CUST-0149,PROC_C,wallet,US,4037,USD,2026-08-03,PAY-101876,posted
INT-HISTORICAL-001877,2026-08-03T13:21:11,MRC_003,CUST-0246,PROC_A,wallet,US,5849,GBP,2026-08-03,PAY-101877,posted
INT-HISTORICAL-001878,2026-08-03T13:23:35,MRC_002,CUST-0051,PROC_B,wire,DE,20025,EUR,2026-08-03,PAY-101878,posted
INT-HISTORICAL-001879,2026-08-03T13:24:51,MRC_003,CUST-0065,PROC_A,wallet,CA,2196,USD,2026-08-03,PAY-101879,posted
INT-HISTORICAL-001880,2026-08-03T13:25:59,MRC_004,CUST-0086,PROC_C,wire,US,7326,USD,2026-08-03,PAY-101880,posted
INT-HISTORICAL-001881,2026-08-03T13:27:44,MRC_001,CUST-0098,PROC_A,ach,CA,28488,USD,2026-08-03,PAY-101881,posted
INT-HISTORICAL-001882,2026-08-03T13:28:21,MRC_002,CUST-0082,PROC_A,card,GB,20751,USD,2026-08-03,PAY-101882,posted
INT-HISTORICAL-001883,2026-08-03T13:29:33,MRC_002,CUST-0316,PROC_C,ach,DE,4988,USD,2026-08-03,PAY-101883,posted
INT-HISTORICAL-001884,2026-08-03T13:31:48,MRC_005,CUST-0252,PROC_A,card,US,21839,USD,2026-08-03,PAY-101884,posted
INT-HISTORICAL-001885,2026-08-03T13:32:37,MRC_001,CUST-0276,PROC_A,wire,US,5654,USD,2026-08-03,PAY-101885,posted
INT-HISTORICAL-001886,2026-08-03T13:35:23,MRC_001,CUST-0198,PROC_C,wallet,US,4389,EUR,2026-08-03,PAY-101886,posted
INT-HISTORICAL-001887,2026-08-03T13:37:42,MRC_003,CUST-0220,PROC_A,wire,CA,27795,USD,2026-08-03,PAY-101887,posted
INT-HISTORICAL-001888,2026-08-03T13:39:03,MRC_002,CUST-0016,PROC_C,wire,DE,19027,USD,2026-08-03,PAY-101888,posted
INT-HISTORICAL-001889,2026-08-03T13:41:34,MRC_003,CUST-0280,PROC_B,wallet,US,3602,USD,2026-08-03,PAY-101889,posted
INT-HISTORICAL-001890,2026-08-03T13:42:30,MRC_001,CUST-0333,PROC_A,ach,CA,40267,EUR,2026-08-03,PAY-101890,posted
INT-HISTORICAL-001891,2026-08-03T13:45:19,MRC_001,CUST-0041,PROC_A,wire,US,20029,USD,2026-08-03,PAY-101891,posted
INT-HISTORICAL-001892,2026-08-03T13:47:15,MRC_005,CUST-0286,PROC_B,wallet,US,12602,USD,2026-08-03,PAY-101892,posted
INT-HISTORICAL-001893,2026-08-03T13:49:51,MRC_003,CUST-0171,PROC_C,wire,US,118536,USD,2026-08-03,PAY-101893,posted
INT-HISTORICAL-001894,2026-08-03T13:50:37,MRC_002,CUST-0318,PROC_A,card,CA,8439,USD,2026-08-03,PAY-101894,posted
INT-HISTORICAL-001895,2026-08-03T13:52:45,MRC_003,CUST-0277,PROC_C,wire,CA,59369,EUR,2026-08-03,PAY-101895,posted
INT-HISTORICAL-001896,2026-08-03T13:55:03,MRC_003,CUST-0069,PROC_C,wallet,US,7236,EUR,2026-08-03,PAY-101896,posted
INT-HISTORICAL-001897,2026-08-03T13:57:26,MRC_002,CUST-0018,PROC_C,wire,GB,5485,EUR,2026-08-03,PAY-101897,posted
INT-HISTORICAL-001898,2026-08-03T13:59:22,MRC_001,CUST-0390,PROC_B,card,CA,1368,USD,2026-08-03,PAY-101898,posted
INT-HISTORICAL-001899,2026-08-03T14:00:11,MRC_003,CUST-0230,PROC_C,wallet,DE,29477,USD,2026-08-03,PAY-101899,posted
INT-HISTORICAL-001900,2026-08-03T14:02:18,MRC_002,CUST-0110,PROC_A,wire,US,22707,USD,2026-08-03,PAY-101900,posted
INT-HISTORICAL-001901,2026-08-03T14:03:45,MRC_001,CUST-0091,PROC_B,wallet,US,20507,GBP,2026-08-03,PAY-101901,posted
INT-HISTORICAL-001902,2026-08-03T14:06:01,MRC_001,CUST-0091,PROC_B,card,US,94912,USD,2026-08-03,PAY-101902,posted
INT-HISTORICAL-001903,2026-08-03T14:07:21,MRC_003,CUST-0188,PROC_B,wallet,GB,9684,USD,2026-08-03,PAY-101903,posted
INT-HISTORICAL-001904,2026-08-03T14:08:50,MRC_003,CUST-0225,PROC_A,ach,US,18120,GBP,2026-08-03,PAY-101904,posted
INT-HISTORICAL-001905,2026-08-03T14:10:02,MRC_001,CUST-0078,PROC_C,card,GB,21754,USD,2026-08-03,PAY-101905,posted
INT-HISTORICAL-001906,2026-08-03T14:12:09,MRC_005,CUST-0045,PROC_B,ach,US,9325,USD,2026-08-03,PAY-101906,posted
INT-HISTORICAL-001907,2026-08-03T14:14:52,MRC_005,CUST-0130,PROC_B,card,US,8732,EUR,2026-08-03,PAY-101907,posted
INT-HISTORICAL-001908,2026-08-03T14:15:55,MRC_004,CUST-0107,PROC_B,card,GB,13382,USD,2026-08-03,PAY-101908,posted
INT-HISTORICAL-001909,2026-08-03T14:17:19,MRC_005,CUST-0104,PROC_C,ach,US,5570,EUR,2026-08-03,PAY-101909,posted
INT-HISTORICAL-001910,2026-08-03T14:19:16,MRC_001,CUST-0320,PROC_B,wire,GB,46649,USD,2026-08-03,PAY-101910,posted
INT-HISTORICAL-001911,2026-08-03T14:21:14,MRC_002,CUST-0078,PROC_B,wire,US,18142,GBP,2026-08-03,PAY-101911,posted
INT-HISTORICAL-001912,2026-08-03T14:21:36,MRC_003,CUST-0382,PROC_C,ach,CA,11286,USD,2026-08-03,PAY-101912,posted
INT-HISTORICAL-001913,2026-08-03T14:22:08,MRC_005,CUST-0286,PROC_B,wallet,CA,21150,USD,2026-08-03,PAY-101913,posted
INT-HISTORICAL-001914,2026-08-03T14:22:28,MRC_001,CUST-0307,PROC_A,ach,US,21456,EUR,2026-08-03,PAY-101914,posted
INT-HISTORICAL-001915,2026-08-03T14:24:37,MRC_002,CUST-0296,PROC_C,wallet,DE,14337,EUR,2026-08-03,PAY-101915,posted
INT-HISTORICAL-001916,2026-08-03T14:26:58,MRC_004,CUST-0262,PROC_A,card,DE,8069,USD,2026-08-03,PAY-101916,posted
INT-HISTORICAL-001917,2026-08-03T14:27:28,MRC_005,CUST-0334,PROC_B,wire,US,16249,EUR,2026-08-03,PAY-101917,posted
INT-HISTORICAL-001918,2026-08-03T14:28:28,MRC_001,CUST-0270,PROC_C,wire,US,34747,USD,2026-08-03,PAY-101918,posted
INT-HISTORICAL-001919,2026-08-03T14:30:04,MRC_004,CUST-0215,PROC_C,wallet,US,3931,USD,2026-08-03,PAY-101919,posted
INT-HISTORICAL-001920,2026-08-03T14:32:13,MRC_002,CUST-0387,PROC_B,ach,US,7780,EUR,2026-08-03,PAY-101920,posted
INT-HISTORICAL-001921,2026-08-03T14:33:04,MRC_005,CUST-0230,PROC_A,ach,CA,12042,GBP,2026-08-03,PAY-101921,posted
INT-HISTORICAL-001922,2026-08-03T14:35:18,MRC_001,CUST-0033,PROC_C,wallet,US,15546,GBP,2026-08-03,PAY-101922,posted
INT-HISTORICAL-001923,2026-08-03T14:36:36,MRC_005,CUST-0048,PROC_C,ach,DE,29441,USD,2026-08-03,PAY-101923,posted
INT-HISTORICAL-001924,2026-08-03T14:37:50,MRC_004,CUST-0027,PROC_C,ach,GB,20509,USD,2026-08-03,PAY-101924,posted
INT-HISTORICAL-001925,2026-08-03T14:40:46,MRC_005,CUST-0377,PROC_B,card,US,27766,USD,2026-08-03,PAY-101925,posted
INT-HISTORICAL-001926,2026-08-03T14:42:22,MRC_001,CUST-0131,PROC_C,card,US,26159,USD,2026-08-03,PAY-101926,posted
INT-HISTORICAL-001927,2026-08-03T14:43:26,MRC_001,CUST-0116,PROC_A,wallet,CA,8979,USD,2026-08-03,PAY-101927,posted
INT-HISTORICAL-001928,2026-08-03T14:44:00,MRC_003,CUST-0377,PROC_B,ach,GB,9396,USD,2026-08-03,PAY-101928,posted
INT-HISTORICAL-001929,2026-08-03T14:46:24,MRC_001,CUST-0376,PROC_A,ach,US,73328,GBP,2026-08-03,PAY-101929,posted
INT-HISTORICAL-001930,2026-08-03T14:48:17,MRC_001,CUST-0351,PROC_C,card,DE,2265,USD,2026-08-03,PAY-101930,posted
INT-HISTORICAL-001931,2026-08-03T14:49:29,MRC_004,CUST-0105,PROC_C,ach,US,8251,EUR,2026-08-03,PAY-101931,posted
INT-HISTORICAL-001932,2026-08-03T14:50:06,MRC_003,CUST-0341,PROC_B,wire,CA,11849,EUR,2026-08-03,PAY-101932,posted
INT-HISTORICAL-001933,2026-08-03T14:52:52,MRC_005,CUST-0301,PROC_A,wallet,CA,2107,USD,2026-08-03,PAY-101933,posted
INT-HISTORICAL-001934,2026-08-03T14:55:31,MRC_001,CUST-0124,PROC_A,wire,US,21986,USD,2026-08-03,PAY-101934,posted
INT-HISTORICAL-001935,2026-08-03T14:56:13,MRC_005,CUST-0087,PROC_C,wallet,US,8623,USD,2026-08-03,PAY-101935,posted
INT-HISTORICAL-001936,2026-08-03T14:58:55,MRC_005,CUST-0258,PROC_A,wallet,US,3505,GBP,2026-08-03,PAY-101936,posted
INT-HISTORICAL-001937,2026-08-03T14:59:58,MRC_005,CUST-0229,PROC_A,card,US,25035,EUR,2026-08-03,PAY-101937,posted
INT-HISTORICAL-001938,2026-08-03T15:02:27,MRC_005,CUST-0112,PROC_A,ach,US,6471,GBP,2026-08-03,PAY-101938,posted
INT-HISTORICAL-001939,2026-08-03T15:04:58,MRC_003,CUST-0297,PROC_C,wire,US,7745,USD,2026-08-03,PAY-101939,posted
INT-HISTORICAL-001940,2026-08-03T15:07:04,MRC_004,CUST-0029,PROC_A,wire,GB,3046,USD,2026-08-03,PAY-101940,posted
INT-HISTORICAL-001941,2026-08-03T15:09:44,MRC_005,CUST-0297,PROC_B,wallet,US,11591,GBP,2026-08-03,PAY-101941,posted
INT-HISTORICAL-001942,2026-08-03T15:10:12,MRC_004,CUST-0307,PROC_A,ach,US,4149,USD,2026-08-03,PAY-101942,posted
INT-HISTORICAL-001943,2026-08-03T15:12:15,MRC_005,CUST-0249,PROC_A,card,DE,8275,EUR,2026-08-03,PAY-101943,posted
INT-HISTORICAL-001944,2026-08-03T15:14:41,MRC_001,CUST-0064,PROC_C,card,GB,17117,EUR,2026-08-03,PAY-101944,posted
INT-HISTORICAL-001945,2026-08-03T15:16:50,MRC_003,CUST-0321,PROC_C,wallet,DE,23515,USD,2026-08-03,PAY-101945,posted
INT-HISTORICAL-001946,2026-08-03T15:17:57,MRC_004,CUST-0188,PROC_B,wire,US,18526,USD,2026-08-03,PAY-101946,posted
INT-HISTORICAL-001947,2026-08-03T15:20:13,MRC_001,CUST-0020,PROC_A,wire,US,3118,USD,2026-08-03,PAY-101947,posted
INT-HISTORICAL-001948,2026-08-03T15:22:25,MRC_005,CUST-0379,PROC_C,card,US,51534,USD,2026-08-03,PAY-101948,posted
INT-HISTORICAL-001949,2026-08-03T15:24:18,MRC_003,CUST-0111,PROC_B,card,DE,3419,USD,2026-08-03,PAY-101949,posted
INT-HISTORICAL-001950,2026-08-03T15:25:44,MRC_005,CUST-0215,PROC_B,ach,US,19835,GBP,2026-08-03,PAY-101950,posted
INT-HISTORICAL-001951,2026-08-03T15:27:46,MRC_003,CUST-0075,PROC_C,ach,US,34114,USD,2026-08-03,PAY-101951,posted
INT-HISTORICAL-001952,2026-08-03T15:28:52,MRC_002,CUST-0163,PROC_C,wire,DE,16408,USD,2026-08-03,PAY-101952,posted
INT-HISTORICAL-001953,2026-08-03T15:30:06,MRC_004,CUST-0229,PROC_C,card,CA,1873,USD,2026-08-03,PAY-101953,posted
INT-HISTORICAL-001954,2026-08-03T15:30:49,MRC_002,CUST-0339,PROC_B,wire,US,11730,USD,2026-08-03,PAY-101954,posted
INT-HISTORICAL-001955,2026-08-03T15:32:51,MRC_003,CUST-0083,PROC_A,wallet,US,5450,USD,2026-08-03,PAY-101955,posted
INT-HISTORICAL-001956,2026-08-03T15:34:48,MRC_001,CUST-0026,PROC_C,ach,GB,7588,USD,2026-08-03,PAY-101956,posted
INT-HISTORICAL-001957,2026-08-03T15:35:34,MRC_005,CUST-0181,PROC_B,ach,US,6713,USD,2026-08-03,PAY-101957,posted
INT-HISTORICAL-001958,2026-08-03T15:38:31,MRC_003,CUST-0242,PROC_B,card,US,29497,USD,2026-08-03,PAY-101958,posted
INT-HISTORICAL-001959,2026-08-03T15:40:36,MRC_004,CUST-0391,PROC_B,wire,CA,11957,EUR,2026-08-03,PAY-101959,posted
INT-HISTORICAL-001960,2026-08-03T15:42:03,MRC_003,CUST-0066,PROC_B,wire,CA,3182,USD,2026-08-03,PAY-101960,posted
INT-HISTORICAL-001961,2026-08-03T15:42:39,MRC_005,CUST-0117,PROC_C,card,US,19244,USD,2026-08-03,PAY-101961,posted
INT-HISTORICAL-001962,2026-08-03T15:44:27,MRC_004,CUST-0209,PROC_B,wire,US,47007,USD,2026-08-03,PAY-101962,posted
INT-HISTORICAL-001963,2026-08-03T15:44:48,MRC_003,CUST-0178,PROC_A,wallet,DE,6471,USD,2026-08-03,PAY-101963,posted
INT-HISTORICAL-001964,2026-08-03T15:45:24,MRC_001,CUST-0327,PROC_C,ach,DE,15786,USD,2026-08-03,PAY-101964,posted
INT-HISTORICAL-001965,2026-08-03T15:47:15,MRC_004,CUST-0144,PROC_A,ach,CA,13525,EUR,2026-08-03,PAY-101965,posted
INT-HISTORICAL-001966,2026-08-03T15:48:49,MRC_001,CUST-0357,PROC_A,card,US,99265,USD,2026-08-03,PAY-101966,posted
INT-HISTORICAL-001967,2026-08-03T15:51:05,MRC_005,CUST-0060,PROC_B,ach,US,3944,GBP,2026-08-03,PAY-101967,posted
INT-HISTORICAL-001968,2026-08-03T15:51:32,MRC_003,CUST-0111,PROC_C,wallet,CA,33397,EUR,2026-08-03,PAY-101968,posted
INT-HISTORICAL-001969,2026-08-03T15:52:33,MRC_002,CUST-0165,PROC_B,ach,DE,15227,USD,2026-08-03,PAY-101969,posted
INT-HISTORICAL-001970,2026-08-03T15:53:38,MRC_003,CUST-0078,PROC_C,ach,US,4340,USD,2026-08-03,PAY-101970,posted
INT-HISTORICAL-001971,2026-08-03T15:56:38,MRC_002,CUST-0021,PROC_C,wallet,CA,7830,USD,2026-08-03,PAY-101971,posted
INT-HISTORICAL-001972,2026-08-03T15:58:30,MRC_005,CUST-0365,PROC_C,card,CA,1921,USD,2026-08-03,PAY-101972,posted
INT-HISTORICAL-001973,2026-08-03T15:59:21,MRC_001,CUST-0014,PROC_C,ach,US,16014,USD,2026-08-03,PAY-101973,posted
INT-HISTORICAL-001974,2026-08-03T16:00:49,MRC_003,CUST-0044,PROC_A,card,CA,12172,USD,2026-08-03,PAY-101974,posted
INT-HISTORICAL-001975,2026-08-03T16:03:41,MRC_003,CUST-0143,PROC_C,wire,US,3752,USD,2026-08-03,PAY-101975,posted
INT-HISTORICAL-001976,2026-08-03T16:05:51,MRC_003,CUST-0253,PROC_C,wallet,DE,15188,USD,2026-08-03,PAY-101976,posted
INT-HISTORICAL-001977,2026-08-03T16:08:46,MRC_005,CUST-0345,PROC_C,wallet,CA,5903,USD,2026-08-03,PAY-101977,posted
INT-HISTORICAL-001978,2026-08-03T16:10:55,MRC_004,CUST-0179,PROC_A,ach,CA,13998,EUR,2026-08-03,PAY-101978,posted
INT-HISTORICAL-001979,2026-08-03T16:13:51,MRC_005,CUST-0292,PROC_A,card,CA,32869,USD,2026-08-03,PAY-101979,posted
INT-HISTORICAL-001980,2026-08-03T16:16:49,MRC_002,CUST-0199,PROC_B,card,US,2577,USD,2026-08-03,PAY-101980,posted
INT-HISTORICAL-001981,2026-08-03T16:17:35,MRC_004,CUST-0297,PROC_C,ach,DE,5190,GBP,2026-08-03,PAY-101981,posted
INT-HISTORICAL-001982,2026-08-03T16:19:20,MRC_004,CUST-0010,PROC_A,ach,DE,5459,USD,2026-08-03,PAY-101982,posted
INT-HISTORICAL-001983,2026-08-03T16:21:52,MRC_004,CUST-0199,PROC_A,ach,CA,4922,EUR,2026-08-03,PAY-101983,posted
INT-HISTORICAL-001984,2026-08-03T16:23:28,MRC_001,CUST-0275,PROC_A,wire,DE,6724,EUR,2026-08-03,PAY-101984,posted
INT-HISTORICAL-001985,2026-08-03T16:24:01,MRC_005,CUST-0187,PROC_B,card,US,4697,GBP,2026-08-03,PAY-101985,posted
INT-HISTORICAL-001986,2026-08-03T16:24:31,MRC_004,CUST-0190,PROC_B,wire,CA,2382,USD,2026-08-03,PAY-101986,posted
INT-HISTORICAL-001987,2026-08-03T16:25:07,MRC_001,CUST-0320,PROC_B,wallet,GB,20737,USD,2026-08-03,PAY-101987,posted
INT-HISTORICAL-001988,2026-08-03T16:27:20,MRC_002,CUST-0227,PROC_C,ach,US,30578,EUR,2026-08-03,PAY-101988,posted
INT-HISTORICAL-001989,2026-08-03T16:28:55,MRC_001,CUST-0317,PROC_A,ach,CA,7822,GBP,2026-08-03,PAY-101989,posted
INT-HISTORICAL-001990,2026-08-03T16:29:47,MRC_002,CUST-0073,PROC_C,wire,GB,2993,EUR,2026-08-03,PAY-101990,posted
INT-HISTORICAL-001991,2026-08-03T16:31:17,MRC_001,CUST-0254,PROC_B,wallet,DE,11633,USD,2026-08-03,PAY-101991,posted
INT-HISTORICAL-001992,2026-08-03T16:34:03,MRC_004,CUST-0270,PROC_A,card,CA,4980,USD,2026-08-03,PAY-101992,posted
INT-HISTORICAL-001993,2026-08-03T16:35:10,MRC_003,CUST-0009,PROC_B,ach,DE,7515,USD,2026-08-03,PAY-101993,posted
INT-HISTORICAL-001994,2026-08-03T16:35:51,MRC_003,CUST-0210,PROC_C,wire,US,4708,USD,2026-08-03,PAY-101994,posted
INT-HISTORICAL-001995,2026-08-03T16:38:19,MRC_001,CUST-0190,PROC_C,wire,GB,61581,GBP,2026-08-03,PAY-101995,posted
INT-HISTORICAL-001996,2026-08-03T16:41:01,MRC_005,CUST-0395,PROC_B,card,CA,24719,USD,2026-08-03,PAY-101996,posted
INT-HISTORICAL-001997,2026-08-03T16:42:45,MRC_004,CUST-0274,PROC_C,wallet,DE,14330,GBP,2026-08-03,PAY-101997,posted
INT-HISTORICAL-001998,2026-08-03T16:44:06,MRC_001,CUST-0005,PROC_A,wallet,US,9657,GBP,2026-08-03,PAY-101998,posted
INT-HISTORICAL-001999,2026-08-03T16:45:49,MRC_003,CUST-0123,PROC_A,ach,US,4509,USD,2026-08-03,PAY-101999,posted
INT-HISTORICAL-002000,2026-08-03T16:48:07,MRC_005,CUST-0347,PROC_B,ach,DE,21093,USD,2026-08-03,PAY-102000,posted
INT-HISTORICAL-002001,2026-08-03T16:49:03,MRC_003,CUST-0240,PROC_B,wire,US,22599,USD,2026-08-03,PAY-102001,posted
INT-HISTORICAL-002002,2026-08-03T16:49:57,MRC_001,CUST-0358,PROC_A,card,US,6051,EUR,2026-08-03,PAY-102002,posted
INT-HISTORICAL-002003,2026-08-03T16:50:35,MRC_003,CUST-0353,PROC_C,wallet,US,47406,EUR,2026-08-03,PAY-102003,posted
INT-HISTORICAL-002004,2026-08-03T16:51:26,MRC_003,CUST-0230,PROC_A,card,GB,2275,GBP,2026-08-03,PAY-102004,posted
INT-HISTORICAL-002005,2026-08-03T16:52:12,MRC_004,CUST-0330,PROC_A,wire,DE,10226,USD,2026-08-03,PAY-102005,posted
INT-HISTORICAL-002006,2026-08-03T16:53:39,MRC_004,CUST-0178,PROC_C,wire,DE,4046,USD,2026-08-03,PAY-102006,posted
INT-HISTORICAL-002007,2026-08-03T16:55:36,MRC_001,CUST-0097,PROC_C,ach,CA,3202,GBP,2026-08-03,PAY-102007,posted
INT-HISTORICAL-002008,2026-08-03T16:58:36,MRC_003,CUST-0300,PROC_B,card,GB,29793,USD,2026-08-03,PAY-102008,posted
INT-HISTORICAL-002009,2026-08-03T16:59:49,MRC_003,CUST-0287,PROC_B,wallet,DE,14952,GBP,2026-08-03,PAY-102009,posted
INT-HISTORICAL-002010,2026-08-03T17:00:54,MRC_003,CUST-0175,PROC_C,card,US,13804,USD,2026-08-03,PAY-102010,posted
INT-HISTORICAL-002011,2026-08-03T17:01:19,MRC_004,CUST-0084,PROC_C,wire,US,14552,USD,2026-08-03,PAY-102011,posted
INT-HISTORICAL-002012,2026-08-03T17:04:16,MRC_001,CUST-0356,PROC_A,ach,GB,14433,USD,2026-08-03,PAY-102012,posted
INT-HISTORICAL-002013,2026-08-03T17:06:32,MRC_001,CUST-0083,PROC_C,ach,DE,19092,EUR,2026-08-03,PAY-102013,posted
INT-HISTORICAL-002014,2026-08-03T17:07:33,MRC_004,CUST-0161,PROC_C,ach,US,3524,USD,2026-08-03,PAY-102014,posted
INT-HISTORICAL-002015,2026-08-03T17:07:59,MRC_002,CUST-0022,PROC_B,wire,US,7497,USD,2026-08-03,PAY-102015,posted
INT-HISTORICAL-002016,2026-08-03T17:08:25,MRC_005,CUST-0166,PROC_C,wallet,GB,25103,GBP,2026-08-03,PAY-102016,posted
INT-HISTORICAL-002017,2026-08-03T17:10:03,MRC_004,CUST-0177,PROC_C,ach,CA,45395,GBP,2026-08-03,PAY-102017,posted
INT-HISTORICAL-002018,2026-08-03T17:12:42,MRC_001,CUST-0251,PROC_A,wallet,GB,9138,USD,2026-08-03,PAY-102018,posted
INT-HISTORICAL-002019,2026-08-03T17:14:24,MRC_004,CUST-0055,PROC_B,wallet,US,3324,USD,2026-08-03,PAY-102019,posted
INT-HISTORICAL-002020,2026-08-03T17:15:47,MRC_005,CUST-0186,PROC_C,wallet,DE,7080,USD,2026-08-03,PAY-102020,posted
INT-HISTORICAL-002021,2026-08-03T17:17:47,MRC_004,CUST-0047,PROC_C,wire,US,48721,USD,2026-08-03,PAY-102021,posted
INT-HISTORICAL-002022,2026-08-03T17:19:28,MRC_003,CUST-0169,PROC_A,wallet,CA,4058,GBP,2026-08-03,PAY-102022,posted
INT-HISTORICAL-002023,2026-08-03T17:20:21,MRC_005,CUST-0128,PROC_A,wallet,US,4250,GBP,2026-08-03,PAY-102023,posted
INT-HISTORICAL-002024,2026-08-03T17:23:00,MRC_004,CUST-0363,PROC_B,card,DE,12455,USD,2026-08-03,PAY-102024,posted
INT-HISTORICAL-002025,2026-08-03T17:24:15,MRC_001,CUST-0193,PROC_A,wire,US,33953,GBP,2026-08-03,PAY-102025,posted
INT-HISTORICAL-002026,2026-08-03T17:24:45,MRC_001,CUST-0086,PROC_A,ach,DE,2458,GBP,2026-08-03,PAY-102026,posted
INT-HISTORICAL-002027,2026-08-03T17:26:30,MRC_005,CUST-0362,PROC_A,wallet,DE,12263,USD,2026-08-03,PAY-102027,posted
INT-HISTORICAL-002028,2026-08-03T17:28:21,MRC_003,CUST-0057,PROC_C,card,CA,52254,USD,2026-08-03,PAY-102028,posted
INT-HISTORICAL-002029,2026-08-03T17:29:08,MRC_002,CUST-0257,PROC_B,card,US,8998,USD,2026-08-03,PAY-102029,posted
INT-HISTORICAL-002030,2026-08-03T17:31:11,MRC_003,CUST-0376,PROC_C,ach,GB,45053,USD,2026-08-03,PAY-102030,posted
INT-HISTORICAL-002031,2026-08-03T17:32:20,MRC_001,CUST-0277,PROC_B,ach,GB,3866,USD,2026-08-03,PAY-102031,posted
INT-HISTORICAL-002032,2026-08-03T17:33:11,MRC_002,CUST-0346,PROC_C,card,DE,26655,GBP,2026-08-03,PAY-102032,posted
INT-HISTORICAL-002033,2026-08-03T17:35:38,MRC_003,CUST-0302,PROC_C,card,GB,23164,GBP,2026-08-03,PAY-102033,posted
INT-HISTORICAL-002034,2026-08-03T17:36:11,MRC_003,CUST-0272,PROC_C,wallet,US,34060,EUR,2026-08-03,PAY-102034,posted
INT-HISTORICAL-002035,2026-08-03T17:37:23,MRC_002,CUST-0021,PROC_A,ach,US,4458,USD,2026-08-03,PAY-102035,posted
INT-HISTORICAL-002036,2026-08-03T17:37:53,MRC_001,CUST-0345,PROC_C,card,GB,7537,GBP,2026-08-03,PAY-102036,posted
INT-HISTORICAL-002037,2026-08-03T17:38:57,MRC_005,CUST-0030,PROC_B,wire,CA,33361,USD,2026-08-03,PAY-102037,posted
INT-HISTORICAL-002038,2026-08-03T17:40:20,MRC_004,CUST-0066,PROC_C,wire,US,8281,USD,2026-08-03,PAY-102038,posted
INT-HISTORICAL-002039,2026-08-03T17:41:14,MRC_003,CUST-0261,PROC_C,ach,GB,6899,USD,2026-08-03,PAY-102039,posted
INT-HISTORICAL-002040,2026-08-03T17:42:08,MRC_004,CUST-0255,PROC_B,wire,US,2547,EUR,2026-08-03,PAY-102040,posted
INT-HISTORICAL-002041,2026-08-03T17:42:57,MRC_002,CUST-0082,PROC_A,ach,US,5592,EUR,2026-08-03,PAY-102041,posted
INT-HISTORICAL-002042,2026-08-03T17:45:44,MRC_003,CUST-0105,PROC_A,ach,US,16968,USD,2026-08-03,PAY-102042,posted
INT-HISTORICAL-002043,2026-08-03T17:47:29,MRC_002,CUST-0174,PROC_C,card,CA,670,GBP,2026-08-03,PAY-102043,posted
INT-HISTORICAL-002044,2026-08-03T17:50:07,MRC_002,CUST-0367,PROC_B,wire,US,97097,USD,2026-08-03,PAY-102044,posted
INT-HISTORICAL-002045,2026-08-03T17:52:34,MRC_003,CUST-0274,PROC_B,wire,GB,16011,USD,2026-08-03,PAY-102045,posted
INT-HISTORICAL-002046,2026-08-03T17:52:55,MRC_001,CUST-0215,PROC_B,card,CA,29954,GBP,2026-08-03,PAY-102046,posted
INT-HISTORICAL-002047,2026-08-03T17:55:49,MRC_002,CUST-0357,PROC_C,card,CA,2156,EUR,2026-08-03,PAY-102047,posted
INT-HISTORICAL-002048,2026-08-03T17:56:35,MRC_004,CUST-0179,PROC_A,wallet,US,21648,USD,2026-08-03,PAY-102048,posted
INT-HISTORICAL-002049,2026-08-03T17:57:49,MRC_003,CUST-0347,PROC_B,ach,DE,15444,USD,2026-08-03,PAY-102049,posted
INT-HISTORICAL-002050,2026-08-03T17:58:13,MRC_005,CUST-0089,PROC_C,card,GB,7884,USD,2026-08-03,PAY-102050,posted
INT-HISTORICAL-002051,2026-08-03T18:00:20,MRC_005,CUST-0217,PROC_A,wire,CA,6481,GBP,2026-08-03,PAY-102051,posted
INT-HISTORICAL-002052,2026-08-03T18:02:31,MRC_005,CUST-0049,PROC_A,wallet,GB,10259,GBP,2026-08-03,PAY-102052,posted
INT-HISTORICAL-002053,2026-08-03T18:04:35,MRC_002,CUST-0397,PROC_C,wallet,DE,48264,USD,2026-08-03,PAY-102053,posted
INT-HISTORICAL-002054,2026-08-03T18:04:58,MRC_005,CUST-0214,PROC_A,card,US,983,GBP,2026-08-03,PAY-102054,posted
INT-HISTORICAL-002055,2026-08-03T18:07:47,MRC_001,CUST-0304,PROC_C,wallet,DE,17727,USD,2026-08-03,PAY-102055,posted
INT-HISTORICAL-002056,2026-08-03T18:10:08,MRC_002,CUST-0103,PROC_C,wire,GB,4661,USD,2026-08-03,PAY-102056,posted
INT-HISTORICAL-002057,2026-08-03T18:11:17,MRC_001,CUST-0180,PROC_C,wire,US,50522,EUR,2026-08-03,PAY-102057,posted
INT-HISTORICAL-002058,2026-08-03T18:12:10,MRC_003,CUST-0228,PROC_C,wire,US,7394,GBP,2026-08-03,PAY-102058,posted
INT-HISTORICAL-002059,2026-08-03T18:12:40,MRC_002,CUST-0095,PROC_A,card,DE,11360,EUR,2026-08-03,PAY-102059,posted
INT-HISTORICAL-002060,2026-08-03T18:15:19,MRC_005,CUST-0094,PROC_C,wallet,US,5363,GBP,2026-08-03,PAY-102060,posted
INT-HISTORICAL-002061,2026-08-03T18:17:39,MRC_005,CUST-0185,PROC_C,ach,US,11006,USD,2026-08-03,PAY-102061,posted
INT-HISTORICAL-002062,2026-08-03T18:19:37,MRC_005,CUST-0380,PROC_C,wire,DE,63077,USD,2026-08-03,PAY-102062,posted
INT-HISTORICAL-002063,2026-08-03T18:21:35,MRC_004,CUST-0177,PROC_C,ach,GB,25427,USD,2026-08-03,PAY-102063,posted
INT-HISTORICAL-002064,2026-08-03T18:24:23,MRC_003,CUST-0179,PROC_B,ach,US,7342,USD,2026-08-03,PAY-102064,posted
INT-HISTORICAL-002065,2026-08-03T18:24:58,MRC_003,CUST-0176,PROC_C,wallet,GB,5864,USD,2026-08-03,PAY-102065,posted
INT-HISTORICAL-002066,2026-08-03T18:25:26,MRC_005,CUST-0319,PROC_B,card,US,6442,USD,2026-08-03,PAY-102066,posted
INT-HISTORICAL-002067,2026-08-03T18:27:47,MRC_002,CUST-0003,PROC_B,card,US,15596,USD,2026-08-03,PAY-102067,posted
INT-HISTORICAL-002068,2026-08-03T18:28:23,MRC_002,CUST-0099,PROC_B,card,US,6863,USD,2026-08-03,PAY-102068,posted
INT-HISTORICAL-002069,2026-08-03T18:31:14,MRC_005,CUST-0066,PROC_C,ach,US,21329,EUR,2026-08-03,PAY-102069,posted
INT-HISTORICAL-002070,2026-08-03T18:33:51,MRC_004,CUST-0129,PROC_B,ach,CA,20503,USD,2026-08-03,PAY-102070,posted
INT-HISTORICAL-002071,2026-08-03T18:34:41,MRC_004,CUST-0004,PROC_C,ach,US,9593,USD,2026-08-03,PAY-102071,posted
INT-HISTORICAL-002072,2026-08-03T18:36:06,MRC_005,CUST-0176,PROC_C,wallet,DE,7130,GBP,2026-08-03,PAY-102072,posted
INT-HISTORICAL-002073,2026-08-03T18:37:22,MRC_001,CUST-0141,PROC_C,wire,DE,9755,USD,2026-08-03,PAY-102073,posted
INT-HISTORICAL-002074,2026-08-03T18:39:24,MRC_005,CUST-0288,PROC_B,wire,GB,19614,GBP,2026-08-03,PAY-102074,posted
INT-HISTORICAL-002075,2026-08-03T18:42:00,MRC_002,CUST-0198,PROC_A,card,US,23789,USD,2026-08-03,PAY-102075,posted
INT-HISTORICAL-002076,2026-08-03T18:43:50,MRC_001,CUST-0163,PROC_C,ach,US,28632,USD,2026-08-03,PAY-102076,posted
INT-HISTORICAL-002077,2026-08-03T18:44:54,MRC_003,CUST-0332,PROC_A,wire,GB,1891,EUR,2026-08-03,PAY-102077,posted
INT-HISTORICAL-002078,2026-08-03T18:46:22,MRC_001,CUST-0050,PROC_A,ach,US,84231,GBP,2026-08-03,PAY-102078,posted
INT-HISTORICAL-002079,2026-08-03T18:46:59,MRC_001,CUST-0348,PROC_C,wire,US,9450,USD,2026-08-03,PAY-102079,posted
INT-HISTORICAL-002080,2026-08-03T18:49:51,MRC_004,CUST-0131,PROC_C,wallet,US,25412,EUR,2026-08-03,PAY-102080,posted
INT-HISTORICAL-002081,2026-08-03T18:52:41,MRC_001,CUST-0034,PROC_C,card,US,10195,GBP,2026-08-03,PAY-102081,posted
INT-HISTORICAL-002082,2026-08-03T18:54:32,MRC_002,CUST-0044,PROC_A,wire,US,4071,USD,2026-08-03,PAY-102082,posted
INT-HISTORICAL-002083,2026-08-03T18:55:55,MRC_002,CUST-0235,PROC_A,ach,GB,9365,USD,2026-08-03,PAY-102083,posted
INT-HISTORICAL-002084,2026-08-03T18:58:22,MRC_001,CUST-0377,PROC_C,card,US,5038,USD,2026-08-03,PAY-102084,posted
INT-HISTORICAL-002085,2026-08-03T19:00:32,MRC_001,CUST-0146,PROC_A,wire,US,4489,USD,2026-08-03,PAY-102085,posted
INT-HISTORICAL-002086,2026-08-03T19:03:22,MRC_004,CUST-0050,PROC_A,card,US,5819,USD,2026-08-03,PAY-102086,posted
INT-HISTORICAL-002087,2026-08-03T19:03:44,MRC_003,CUST-0124,PROC_B,card,GB,9358,USD,2026-08-03,PAY-102087,posted
INT-HISTORICAL-002088,2026-08-03T19:05:52,MRC_001,CUST-0353,PROC_C,ach,DE,11447,USD,2026-08-03,PAY-102088,posted
INT-HISTORICAL-002089,2026-08-03T19:07:42,MRC_001,CUST-0313,PROC_C,card,CA,8876,GBP,2026-08-03,PAY-102089,posted
INT-HISTORICAL-002090,2026-08-03T19:09:00,MRC_003,CUST-0319,PROC_C,wallet,CA,5308,USD,2026-08-03,PAY-102090,posted
INT-HISTORICAL-002091,2026-08-03T19:09:57,MRC_003,CUST-0289,PROC_A,wallet,US,4388,EUR,2026-08-03,PAY-102091,posted
INT-HISTORICAL-002092,2026-08-03T19:12:28,MRC_005,CUST-0291,PROC_B,wire,US,8319,GBP,2026-08-03,PAY-102092,posted
INT-HISTORICAL-002093,2026-08-03T19:14:11,MRC_004,CUST-0006,PROC_C,wallet,US,10166,GBP,2026-08-03,PAY-102093,posted
INT-HISTORICAL-002094,2026-08-03T19:16:37,MRC_001,CUST-0051,PROC_B,wallet,DE,8121,USD,2026-08-03,PAY-102094,posted
INT-HISTORICAL-002095,2026-08-03T19:17:03,MRC_005,CUST-0007,PROC_A,card,US,7333,USD,2026-08-03,PAY-102095,posted
INT-HISTORICAL-002096,2026-08-03T19:18:25,MRC_001,CUST-0331,PROC_C,wire,DE,19447,USD,2026-08-03,PAY-102096,posted
INT-HISTORICAL-002097,2026-08-03T19:18:46,MRC_001,CUST-0119,PROC_A,wire,GB,8040,EUR,2026-08-03,PAY-102097,posted
INT-HISTORICAL-002098,2026-08-03T19:21:08,MRC_004,CUST-0172,PROC_A,ach,US,34983,USD,2026-08-03,PAY-102098,posted
INT-HISTORICAL-002099,2026-08-03T19:23:11,MRC_004,CUST-0193,PROC_C,wallet,CA,10867,USD,2026-08-03,PAY-102099,posted
INT-HISTORICAL-002100,2026-08-03T19:25:46,MRC_001,CUST-0186,PROC_C,wallet,CA,2373,USD,2026-08-03,PAY-102100,posted
INT-HISTORICAL-002101,2026-08-03T19:26:56,MRC_001,CUST-0241,PROC_C,card,US,14356,GBP,2026-08-03,PAY-102101,posted
INT-HISTORICAL-002102,2026-08-03T19:28:00,MRC_001,CUST-0222,PROC_C,ach,US,7372,USD,2026-08-03,PAY-102102,posted
INT-HISTORICAL-002103,2026-08-03T19:28:30,MRC_003,CUST-0059,PROC_C,ach,CA,14138,EUR,2026-08-03,PAY-102103,posted
INT-HISTORICAL-002104,2026-08-03T19:30:31,MRC_005,CUST-0080,PROC_C,wire,CA,18501,USD,2026-08-03,PAY-102104,posted
INT-HISTORICAL-002105,2026-08-03T19:31:49,MRC_001,CUST-0365,PROC_C,wallet,US,10546,USD,2026-08-03,PAY-102105,posted
INT-HISTORICAL-002106,2026-08-03T19:34:14,MRC_004,CUST-0093,PROC_A,ach,US,30358,USD,2026-08-03,PAY-102106,posted
INT-HISTORICAL-002107,2026-08-03T19:34:45,MRC_004,CUST-0109,PROC_A,card,DE,47315,EUR,2026-08-03,PAY-102107,posted
INT-HISTORICAL-002108,2026-08-03T19:35:37,MRC_004,CUST-0326,PROC_B,wire,DE,8964,USD,2026-08-03,PAY-102108,posted
INT-HISTORICAL-002109,2026-08-03T19:38:11,MRC_001,CUST-0004,PROC_C,card,CA,21914,USD,2026-08-03,PAY-102109,posted
INT-HISTORICAL-002110,2026-08-03T19:40:18,MRC_005,CUST-0260,PROC_B,ach,DE,7532,USD,2026-08-03,PAY-102110,posted
INT-HISTORICAL-002111,2026-08-03T19:41:49,MRC_005,CUST-0067,PROC_A,ach,CA,82213,USD,2026-08-03,PAY-102111,posted
INT-HISTORICAL-002112,2026-08-03T19:42:46,MRC_005,CUST-0076,PROC_C,ach,US,17207,GBP,2026-08-03,PAY-102112,posted
INT-HISTORICAL-002113,2026-08-03T19:45:42,MRC_004,CUST-0217,PROC_C,wire,US,12915,USD,2026-08-03,PAY-102113,posted
INT-HISTORICAL-002114,2026-08-03T19:47:03,MRC_002,CUST-0296,PROC_C,ach,US,25614,USD,2026-08-03,PAY-102114,posted
INT-HISTORICAL-002115,2026-08-03T19:47:53,MRC_001,CUST-0323,PROC_C,card,US,3478,USD,2026-08-03,PAY-102115,posted
INT-HISTORICAL-002116,2026-08-03T19:48:32,MRC_002,CUST-0107,PROC_B,wallet,US,4818,USD,2026-08-03,PAY-102116,posted
INT-HISTORICAL-002117,2026-08-03T19:51:21,MRC_001,CUST-0041,PROC_B,wire,CA,1235,USD,2026-08-03,PAY-102117,posted
INT-HISTORICAL-002118,2026-08-03T19:53:37,MRC_005,CUST-0032,PROC_B,card,GB,11663,EUR,2026-08-03,PAY-102118,posted
INT-HISTORICAL-002119,2026-08-03T19:56:34,MRC_002,CUST-0288,PROC_A,wallet,US,6658,EUR,2026-08-03,PAY-102119,posted
INT-HISTORICAL-002120,2026-08-03T19:57:29,MRC_002,CUST-0390,PROC_C,ach,US,8406,USD,2026-08-03,PAY-102120,posted
INT-HISTORICAL-002121,2026-08-03T20:00:23,MRC_005,CUST-0172,PROC_B,card,GB,5833,USD,2026-08-03,PAY-102121,posted
INT-HISTORICAL-002122,2026-08-03T20:01:33,MRC_001,CUST-0123,PROC_B,wallet,CA,34343,GBP,2026-08-03,PAY-102122,posted
INT-HISTORICAL-002123,2026-08-03T20:04:30,MRC_002,CUST-0072,PROC_C,ach,DE,35645,USD,2026-08-03,PAY-102123,posted
INT-HISTORICAL-002124,2026-08-03T20:05:54,MRC_003,CUST-0214,PROC_A,ach,US,6193,USD,2026-08-03,PAY-102124,posted
INT-HISTORICAL-002125,2026-08-03T20:07:26,MRC_002,CUST-0035,PROC_A,wire,US,16342,EUR,2026-08-03,PAY-102125,posted
INT-HISTORICAL-002126,2026-08-03T20:08:39,MRC_004,CUST-0347,PROC_B,wire,DE,9295,USD,2026-08-03,PAY-102126,posted
INT-HISTORICAL-002127,2026-08-03T20:09:48,MRC_003,CUST-0264,PROC_C,ach,DE,40761,EUR,2026-08-03,PAY-102127,posted
INT-HISTORICAL-002128,2026-08-03T20:11:10,MRC_003,CUST-0031,PROC_B,card,DE,11296,USD,2026-08-03,PAY-102128,posted
INT-HISTORICAL-002129,2026-08-03T20:13:22,MRC_001,CUST-0283,PROC_A,wire,US,9008,EUR,2026-08-03,PAY-102129,posted
INT-HISTORICAL-002130,2026-08-03T20:15:36,MRC_003,CUST-0398,PROC_B,card,US,7496,GBP,2026-08-03,PAY-102130,posted
INT-HISTORICAL-002131,2026-08-03T20:16:37,MRC_001,CUST-0364,PROC_A,wallet,DE,10810,USD,2026-08-03,PAY-102131,posted
INT-HISTORICAL-002132,2026-08-03T20:18:48,MRC_002,CUST-0069,PROC_C,wallet,US,38479,GBP,2026-08-03,PAY-102132,posted
INT-HISTORICAL-002133,2026-08-03T20:19:09,MRC_001,CUST-0252,PROC_B,wire,US,1405,USD,2026-08-03,PAY-102133,posted
INT-HISTORICAL-002134,2026-08-03T20:20:01,MRC_002,CUST-0115,PROC_B,card,US,109771,USD,2026-08-03,PAY-102134,posted
INT-HISTORICAL-002135,2026-08-03T20:21:28,MRC_004,CUST-0053,PROC_A,wire,DE,10733,GBP,2026-08-03,PAY-102135,posted
INT-HISTORICAL-002136,2026-08-03T20:23:27,MRC_004,CUST-0372,PROC_B,ach,CA,28089,USD,2026-08-03,PAY-102136,posted
INT-HISTORICAL-002137,2026-08-03T20:25:11,MRC_004,CUST-0071,PROC_B,wallet,DE,14424,USD,2026-08-03,PAY-102137,posted
INT-HISTORICAL-002138,2026-08-03T20:26:39,MRC_002,CUST-0242,PROC_A,ach,US,15455,USD,2026-08-03,PAY-102138,posted
INT-HISTORICAL-002139,2026-08-03T20:28:44,MRC_003,CUST-0337,PROC_B,card,US,26450,USD,2026-08-03,PAY-102139,posted
INT-HISTORICAL-002140,2026-08-03T20:30:43,MRC_004,CUST-0131,PROC_A,wallet,US,3366,USD,2026-08-03,PAY-102140,posted
INT-HISTORICAL-002141,2026-08-03T20:31:04,MRC_004,CUST-0198,PROC_C,wallet,US,15193,USD,2026-08-03,PAY-102141,posted
INT-HISTORICAL-002142,2026-08-03T20:31:29,MRC_001,CUST-0061,PROC_C,wallet,DE,5994,USD,2026-08-03,PAY-102142,posted
INT-HISTORICAL-002143,2026-08-03T20:32:28,MRC_003,CUST-0123,PROC_A,wallet,US,75921,EUR,2026-08-03,PAY-102143,posted
INT-HISTORICAL-002144,2026-08-03T20:35:04,MRC_003,CUST-0251,PROC_A,card,US,33481,GBP,2026-08-03,PAY-102144,posted
INT-HISTORICAL-002145,2026-08-03T20:36:06,MRC_003,CUST-0142,PROC_C,ach,US,32091,EUR,2026-08-03,PAY-102145,posted
INT-HISTORICAL-002146,2026-08-03T20:37:16,MRC_001,CUST-0297,PROC_A,wire,US,8896,USD,2026-08-03,PAY-102146,posted
INT-HISTORICAL-002147,2026-08-03T20:38:07,MRC_002,CUST-0230,PROC_C,card,CA,15052,USD,2026-08-03,PAY-102147,posted
INT-HISTORICAL-002148,2026-08-03T20:40:41,MRC_004,CUST-0001,PROC_A,ach,CA,24986,USD,2026-08-03,PAY-102148,posted
INT-HISTORICAL-002149,2026-08-03T20:43:18,MRC_003,CUST-0047,PROC_A,ach,US,5953,GBP,2026-08-03,PAY-102149,posted
INT-HISTORICAL-002150,2026-08-03T20:43:58,MRC_005,CUST-0392,PROC_B,card,CA,17520,USD,2026-08-03,PAY-102150,posted
INT-HISTORICAL-002151,2026-08-03T20:45:58,MRC_003,CUST-0227,PROC_B,card,DE,8117,USD,2026-08-03,PAY-102151,posted
INT-HISTORICAL-002152,2026-08-03T20:48:41,MRC_002,CUST-0210,PROC_A,wire,US,6178,USD,2026-08-03,PAY-102152,posted
INT-HISTORICAL-002153,2026-08-03T20:50:27,MRC_004,CUST-0194,PROC_A,ach,CA,26587,USD,2026-08-03,PAY-102153,posted
INT-HISTORICAL-002154,2026-08-03T20:51:38,MRC_005,CUST-0202,PROC_B,card,US,38095,USD,2026-08-03,PAY-102154,posted
INT-HISTORICAL-002155,2026-08-03T20:52:24,MRC_003,CUST-0092,PROC_B,card,DE,30530,EUR,2026-08-03,PAY-102155,posted
INT-HISTORICAL-002156,2026-08-03T20:54:41,MRC_004,CUST-0043,PROC_A,ach,GB,11762,EUR,2026-08-03,PAY-102156,posted
INT-HISTORICAL-002157,2026-08-03T20:56:53,MRC_002,CUST-0055,PROC_B,ach,GB,28104,USD,2026-08-03,PAY-102157,posted
INT-HISTORICAL-002158,2026-08-03T20:58:45,MRC_001,CUST-0036,PROC_C,wire,GB,12607,USD,2026-08-03,PAY-102158,posted
INT-HISTORICAL-002159,2026-08-03T20:59:50,MRC_002,CUST-0220,PROC_A,wallet,GB,4047,USD,2026-08-03,PAY-102159,posted
INT-HISTORICAL-002160,2026-08-03T21:02:33,MRC_003,CUST-0349,PROC_A,wire,US,4080,GBP,2026-08-03,PAY-102160,posted
INT-HISTORICAL-002161,2026-08-03T21:03:15,MRC_004,CUST-0297,PROC_B,card,US,29102,USD,2026-08-03,PAY-102161,posted
INT-HISTORICAL-002162,2026-08-03T21:05:00,MRC_003,CUST-0001,PROC_A,card,US,15852,USD,2026-08-03,PAY-102162,posted
INT-HISTORICAL-002163,2026-08-03T21:05:45,MRC_001,CUST-0294,PROC_A,ach,CA,28520,USD,2026-08-03,PAY-102163,posted
INT-HISTORICAL-002164,2026-08-03T21:06:33,MRC_002,CUST-0225,PROC_B,wire,US,4775,USD,2026-08-03,PAY-102164,posted
INT-HISTORICAL-002165,2026-08-03T21:07:28,MRC_001,CUST-0075,PROC_B,wallet,GB,19415,EUR,2026-08-03,PAY-102165,posted
INT-HISTORICAL-002166,2026-08-03T21:10:18,MRC_001,CUST-0072,PROC_C,wire,US,7473,GBP,2026-08-03,PAY-102166,posted
INT-HISTORICAL-002167,2026-08-03T21:12:57,MRC_005,CUST-0007,PROC_B,ach,US,6992,USD,2026-08-03,PAY-102167,posted
INT-HISTORICAL-002168,2026-08-03T21:15:18,MRC_002,CUST-0213,PROC_A,ach,US,11180,USD,2026-08-03,PAY-102168,posted
INT-HISTORICAL-002169,2026-08-03T21:17:19,MRC_001,CUST-0007,PROC_B,wire,US,36628,USD,2026-08-03,PAY-102169,posted
INT-HISTORICAL-002170,2026-08-03T21:18:32,MRC_004,CUST-0282,PROC_B,wire,GB,17360,USD,2026-08-03,PAY-102170,posted
INT-HISTORICAL-002171,2026-08-03T21:18:57,MRC_001,CUST-0361,PROC_C,wire,US,51194,USD,2026-08-03,PAY-102171,posted
INT-HISTORICAL-002172,2026-08-03T21:20:39,MRC_005,CUST-0124,PROC_C,ach,US,21180,USD,2026-08-03,PAY-102172,posted
INT-HISTORICAL-002173,2026-08-03T21:22:40,MRC_005,CUST-0352,PROC_B,wire,CA,28127,USD,2026-08-03,PAY-102173,posted
INT-HISTORICAL-002174,2026-08-03T21:23:53,MRC_001,CUST-0004,PROC_A,ach,DE,9937,USD,2026-08-03,PAY-102174,posted
INT-HISTORICAL-002175,2026-08-03T21:25:19,MRC_001,CUST-0052,PROC_A,ach,US,8587,USD,2026-08-03,PAY-102175,posted
INT-HISTORICAL-002176,2026-08-03T21:26:06,MRC_002,CUST-0308,PROC_A,ach,GB,13104,GBP,2026-08-03,PAY-102176,posted
INT-HISTORICAL-002177,2026-08-03T21:26:55,MRC_002,CUST-0274,PROC_C,ach,US,35060,EUR,2026-08-03,PAY-102177,posted
INT-HISTORICAL-002178,2026-08-03T21:29:01,MRC_005,CUST-0288,PROC_B,card,GB,13367,USD,2026-08-03,PAY-102178,posted
INT-HISTORICAL-002179,2026-08-03T21:31:31,MRC_001,CUST-0272,PROC_C,card,US,4574,GBP,2026-08-03,PAY-102179,posted
INT-HISTORICAL-002180,2026-08-03T21:32:51,MRC_001,CUST-0191,PROC_A,wire,US,7141,EUR,2026-08-03,PAY-102180,posted
INT-HISTORICAL-002181,2026-08-03T21:33:14,MRC_004,CUST-0221,PROC_A,card,CA,4637,USD,2026-08-03,PAY-102181,posted
INT-HISTORICAL-002182,2026-08-03T21:33:49,MRC_001,CUST-0253,PROC_C,card,GB,5918,USD,2026-08-03,PAY-102182,posted
INT-HISTORICAL-002183,2026-08-03T21:35:21,MRC_004,CUST-0291,PROC_B,wire,CA,7350,GBP,2026-08-03,PAY-102183,posted
INT-HISTORICAL-002184,2026-08-03T21:36:55,MRC_002,CUST-0357,PROC_C,ach,US,38239,USD,2026-08-03,PAY-102184,posted
INT-HISTORICAL-002185,2026-08-03T21:37:54,MRC_004,CUST-0387,PROC_C,card,US,8740,USD,2026-08-03,PAY-102185,posted
INT-HISTORICAL-002186,2026-08-03T21:40:06,MRC_001,CUST-0139,PROC_C,ach,US,4441,USD,2026-08-03,PAY-102186,posted
INT-HISTORICAL-002187,2026-08-03T21:41:47,MRC_003,CUST-0187,PROC_B,wire,US,29877,USD,2026-08-03,PAY-102187,posted
INT-HISTORICAL-002188,2026-08-03T21:44:10,MRC_005,CUST-0118,PROC_C,card,US,17301,GBP,2026-08-03,PAY-102188,posted
INT-HISTORICAL-002189,2026-08-03T21:47:00,MRC_003,CUST-0184,PROC_A,card,CA,8809,GBP,2026-08-03,PAY-102189,posted
INT-HISTORICAL-002190,2026-08-03T21:48:42,MRC_002,CUST-0162,PROC_B,wallet,CA,17886,USD,2026-08-03,PAY-102190,posted
INT-HISTORICAL-002191,2026-08-03T21:51:04,MRC_005,CUST-0289,PROC_A,ach,US,3006,USD,2026-08-03,PAY-102191,posted
INT-HISTORICAL-002192,2026-08-03T21:52:57,MRC_003,CUST-0305,PROC_C,wire,CA,2090,USD,2026-08-03,PAY-102192,posted
INT-HISTORICAL-002193,2026-08-03T21:54:54,MRC_001,CUST-0226,PROC_B,ach,CA,9812,USD,2026-08-03,PAY-102193,posted
INT-HISTORICAL-002194,2026-08-03T21:56:20,MRC_005,CUST-0235,PROC_C,ach,DE,32669,USD,2026-08-03,PAY-102194,posted
INT-HISTORICAL-002195,2026-08-03T21:58:11,MRC_003,CUST-0347,PROC_A,card,US,3498,USD,2026-08-03,PAY-102195,posted
INT-HISTORICAL-002196,2026-08-03T22:00:05,MRC_003,CUST-0310,PROC_A,ach,DE,4315,USD,2026-08-03,PAY-102196,posted
INT-HISTORICAL-002197,2026-08-03T22:01:46,MRC_003,CUST-0138,PROC_B,card,US,13610,USD,2026-08-03,PAY-102197,posted
INT-HISTORICAL-002198,2026-08-03T22:03:50,MRC_003,CUST-0070,PROC_A,ach,US,8490,USD,2026-08-03,PAY-102198,posted
INT-HISTORICAL-002199,2026-08-03T22:05:25,MRC_002,CUST-0282,PROC_C,ach,GB,15261,USD,2026-08-03,PAY-102199,posted
INT-HISTORICAL-002200,2026-08-03T22:08:24,MRC_003,CUST-0211,PROC_C,ach,US,83952,USD,2026-08-03,PAY-102200,posted
INT-HISTORICAL-002201,2026-08-03T22:10:06,MRC_001,CUST-0044,PROC_C,wallet,US,12485,GBP,2026-08-03,PAY-102201,posted
INT-HISTORICAL-002202,2026-08-03T22:11:00,MRC_002,CUST-0303,PROC_A,wallet,US,12186,USD,2026-08-03,PAY-102202,posted
INT-HISTORICAL-002203,2026-08-03T22:12:11,MRC_005,CUST-0344,PROC_C,wire,US,11230,USD,2026-08-03,PAY-102203,posted
INT-HISTORICAL-002204,2026-08-03T22:13:38,MRC_004,CUST-0079,PROC_A,wallet,DE,46268,GBP,2026-08-03,PAY-102204,posted
INT-HISTORICAL-002205,2026-08-03T22:15:47,MRC_004,CUST-0359,PROC_A,card,US,8574,EUR,2026-08-03,PAY-102205,posted
INT-HISTORICAL-002206,2026-08-03T22:16:34,MRC_004,CUST-0337,PROC_B,wallet,GB,64560,USD,2026-08-03,PAY-102206,posted
INT-HISTORICAL-002207,2026-08-03T22:16:56,MRC_002,CUST-0107,PROC_A,ach,DE,21498,USD,2026-08-03,PAY-102207,posted
INT-HISTORICAL-002208,2026-08-03T22:17:56,MRC_001,CUST-0003,PROC_A,wire,US,3284,USD,2026-08-03,PAY-102208,posted
INT-HISTORICAL-002209,2026-08-03T22:19:04,MRC_004,CUST-0366,PROC_B,ach,GB,11904,EUR,2026-08-03,PAY-102209,posted
INT-HISTORICAL-002210,2026-08-03T22:20:37,MRC_003,CUST-0364,PROC_B,card,DE,38345,EUR,2026-08-03,PAY-102210,posted
INT-HISTORICAL-002211,2026-08-03T22:23:21,MRC_001,CUST-0308,PROC_B,wallet,GB,11723,GBP,2026-08-03,PAY-102211,posted
INT-HISTORICAL-002212,2026-08-03T22:25:12,MRC_003,CUST-0032,PROC_A,wallet,US,10834,USD,2026-08-03,PAY-102212,posted
INT-HISTORICAL-002213,2026-08-03T22:27:27,MRC_003,CUST-0076,PROC_A,card,US,6030,USD,2026-08-03,PAY-102213,posted
INT-HISTORICAL-002214,2026-08-03T22:29:30,MRC_001,CUST-0273,PROC_A,wire,US,18019,USD,2026-08-03,PAY-102214,posted
INT-HISTORICAL-002215,2026-08-03T22:30:32,MRC_001,CUST-0095,PROC_A,ach,GB,11235,EUR,2026-08-03,PAY-102215,posted
INT-HISTORICAL-002216,2026-08-03T22:33:29,MRC_002,CUST-0141,PROC_C,wire,US,23057,USD,2026-08-03,PAY-102216,posted
INT-HISTORICAL-002217,2026-08-03T22:34:24,MRC_001,CUST-0234,PROC_B,wallet,GB,2879,GBP,2026-08-03,PAY-102217,posted
INT-HISTORICAL-002218,2026-08-03T22:35:08,MRC_002,CUST-0030,PROC_A,wire,DE,28827,USD,2026-08-03,PAY-102218,posted
INT-HISTORICAL-002219,2026-08-03T22:36:17,MRC_005,CUST-0158,PROC_A,wire,US,2279,USD,2026-08-03,PAY-102219,posted
INT-HISTORICAL-002220,2026-08-03T22:38:40,MRC_002,CUST-0231,PROC_A,ach,CA,4447,GBP,2026-08-03,PAY-102220,posted
INT-HISTORICAL-002221,2026-08-03T22:39:48,MRC_001,CUST-0094,PROC_B,wire,GB,3225,USD,2026-08-03,PAY-102221,posted
INT-HISTORICAL-002222,2026-08-03T22:40:08,MRC_002,CUST-0049,PROC_C,wallet,US,3965,USD,2026-08-03,PAY-102222,posted
INT-HISTORICAL-002223,2026-08-03T22:41:06,MRC_002,CUST-0077,PROC_C,ach,CA,35780,EUR,2026-08-03,PAY-102223,posted
INT-HISTORICAL-002224,2026-08-03T22:41:56,MRC_002,CUST-0189,PROC_B,card,DE,5445,EUR,2026-08-03,PAY-102224,posted
INT-HISTORICAL-002225,2026-08-03T22:44:37,MRC_005,CUST-0254,PROC_C,wire,US,8194,USD,2026-08-03,PAY-102225,posted
INT-HISTORICAL-002226,2026-08-03T22:47:34,MRC_001,CUST-0188,PROC_B,card,DE,5146,EUR,2026-08-03,PAY-102226,posted
INT-HISTORICAL-002227,2026-08-03T22:49:32,MRC_004,CUST-0242,PROC_A,card,DE,4658,USD,2026-08-03,PAY-102227,posted
INT-HISTORICAL-002228,2026-08-03T22:50:26,MRC_005,CUST-0286,PROC_A,ach,DE,39508,USD,2026-08-03,PAY-102228,posted
INT-HISTORICAL-002229,2026-08-03T22:51:08,MRC_003,CUST-0390,PROC_A,wire,US,5151,USD,2026-08-03,PAY-102229,posted
INT-HISTORICAL-002230,2026-08-03T22:53:38,MRC_005,CUST-0307,PROC_B,wallet,GB,10177,EUR,2026-08-03,PAY-102230,posted
INT-HISTORICAL-002231,2026-08-03T22:54:50,MRC_004,CUST-0142,PROC_C,wire,US,7148,USD,2026-08-03,PAY-102231,posted
INT-HISTORICAL-002232,2026-08-03T22:57:12,MRC_005,CUST-0157,PROC_B,wallet,US,12958,USD,2026-08-03,PAY-102232,posted
INT-HISTORICAL-002233,2026-08-03T22:59:57,MRC_004,CUST-0081,PROC_C,card,US,17952,EUR,2026-08-03,PAY-102233,posted
INT-HISTORICAL-002234,2026-08-03T23:02:13,MRC_003,CUST-0124,PROC_C,ach,US,12480,USD,2026-08-03,PAY-102234,posted
INT-HISTORICAL-002235,2026-08-03T23:03:58,MRC_005,CUST-0045,PROC_C,card,CA,24631,EUR,2026-08-03,PAY-102235,posted
INT-HISTORICAL-002236,2026-08-03T23:05:29,MRC_004,CUST-0268,PROC_C,wallet,US,17170,EUR,2026-08-03,PAY-102236,posted
INT-HISTORICAL-002237,2026-08-03T23:06:08,MRC_003,CUST-0217,PROC_A,card,US,10893,EUR,2026-08-03,PAY-102237,posted
INT-HISTORICAL-002238,2026-08-03T23:07:50,MRC_001,CUST-0218,PROC_A,ach,US,6250,USD,2026-08-03,PAY-102238,posted
INT-HISTORICAL-002239,2026-08-03T23:09:29,MRC_005,CUST-0062,PROC_B,ach,US,8205,USD,2026-08-03,PAY-102239,posted
INT-HISTORICAL-002240,2026-08-03T23:12:29,MRC_003,CUST-0203,PROC_B,ach,GB,16377,EUR,2026-08-03,PAY-102240,posted
INT-HISTORICAL-002241,2026-08-03T23:14:50,MRC_003,CUST-0322,PROC_B,wallet,US,5747,USD,2026-08-03,PAY-102241,posted
INT-HISTORICAL-002242,2026-08-03T23:16:03,MRC_005,CUST-0279,PROC_A,card,US,25943,USD,2026-08-03,PAY-102242,posted
INT-HISTORICAL-002243,2026-08-03T23:17:46,MRC_001,CUST-0042,PROC_C,card,US,14217,EUR,2026-08-03,PAY-102243,posted
INT-HISTORICAL-002244,2026-08-03T23:18:08,MRC_005,CUST-0131,PROC_A,wire,CA,6148,EUR,2026-08-03,PAY-102244,posted
INT-HISTORICAL-002245,2026-08-03T23:20:02,MRC_004,CUST-0101,PROC_C,ach,US,11408,USD,2026-08-03,PAY-102245,posted
INT-HISTORICAL-002246,2026-08-03T23:21:17,MRC_001,CUST-0036,PROC_A,ach,US,9562,EUR,2026-08-03,PAY-102246,posted
INT-HISTORICAL-002247,2026-08-03T23:22:21,MRC_004,CUST-0062,PROC_B,wallet,US,10247,EUR,2026-08-03,PAY-102247,posted
INT-HISTORICAL-002248,2026-08-03T23:24:40,MRC_004,CUST-0043,PROC_A,ach,CA,7854,GBP,2026-08-03,PAY-102248,posted
INT-HISTORICAL-002249,2026-08-03T23:26:59,MRC_001,CUST-0153,PROC_C,ach,CA,3275,USD,2026-08-03,PAY-102249,posted
INT-HISTORICAL-002250,2026-08-03T23:29:58,MRC_003,CUST-0207,PROC_B,ach,US,75381,EUR,2026-08-03,PAY-102250,posted
INT-HISTORICAL-002251,2026-08-03T23:30:29,MRC_001,CUST-0072,PROC_C,card,GB,14615,GBP,2026-08-03,PAY-102251,posted
INT-HISTORICAL-002252,2026-08-03T23:31:41,MRC_004,CUST-0199,PROC_B,card,CA,26653,USD,2026-08-03,PAY-102252,posted
INT-HISTORICAL-002253,2026-08-03T23:32:48,MRC_004,CUST-0141,PROC_A,wire,US,10659,USD,2026-08-03,PAY-102253,posted
INT-HISTORICAL-002254,2026-08-03T23:33:12,MRC_005,CUST-0366,PROC_C,ach,US,4451,EUR,2026-08-03,PAY-102254,posted
INT-HISTORICAL-002255,2026-08-03T23:34:42,MRC_003,CUST-0022,PROC_A,wallet,DE,23006,GBP,2026-08-03,PAY-102255,posted
INT-HISTORICAL-002256,2026-08-03T23:36:54,MRC_005,CUST-0220,PROC_B,card,CA,6959,USD,2026-08-03,PAY-102256,posted
INT-HISTORICAL-002257,2026-08-03T23:37:21,MRC_003,CUST-0191,PROC_B,wire,US,8867,EUR,2026-08-03,PAY-102257,posted
INT-HISTORICAL-002258,2026-08-03T23:38:20,MRC_004,CUST-0072,PROC_B,wallet,US,3165,USD,2026-08-03,PAY-102258,posted
INT-HISTORICAL-002259,2026-08-03T23:39:00,MRC_005,CUST-0252,PROC_C,ach,DE,104512,USD,2026-08-03,PAY-102259,posted
INT-HISTORICAL-002260,2026-08-03T23:41:16,MRC_002,CUST-0344,PROC_C,ach,US,19585,EUR,2026-08-03,PAY-102260,posted
INT-HISTORICAL-002261,2026-08-03T23:43:55,MRC_005,CUST-0182,PROC_C,wire,DE,80763,USD,2026-08-03,PAY-102261,posted
INT-HISTORICAL-002262,2026-08-03T23:45:01,MRC_003,CUST-0319,PROC_C,ach,DE,12418,USD,2026-08-03,PAY-102262,posted
INT-HISTORICAL-002263,2026-08-03T23:46:59,MRC_001,CUST-0147,PROC_A,wallet,US,18760,EUR,2026-08-03,PAY-102263,posted
INT-HISTORICAL-002264,2026-08-03T23:48:27,MRC_004,CUST-0296,PROC_B,ach,CA,4879,GBP,2026-08-03,PAY-102264,posted
INT-HISTORICAL-002265,2026-08-03T23:48:51,MRC_003,CUST-0383,PROC_B,wire,GB,36276,USD,2026-08-03,PAY-102265,posted
INT-HISTORICAL-002266,2026-08-03T23:51:26,MRC_005,CUST-0217,PROC_A,card,US,17311,USD,2026-08-03,PAY-102266,posted
INT-HISTORICAL-002267,2026-08-03T23:52:35,MRC_001,CUST-0103,PROC_A,ach,US,25608,EUR,2026-08-03,PAY-102267,posted
INT-HISTORICAL-002268,2026-08-03T23:53:53,MRC_005,CUST-0167,PROC_B,wallet,DE,8790,USD,2026-08-03,PAY-102268,posted
INT-HISTORICAL-002269,2026-08-03T23:56:37,MRC_004,CUST-0360,PROC_C,ach,US,7320,USD,2026-08-03,PAY-102269,posted
INT-HISTORICAL-002270,2026-08-03T23:59:17,MRC_003,CUST-0327,PROC_B,wallet,GB,46645,USD,2026-08-03,PAY-102270,posted
INT-HISTORICAL-002271,2026-08-04T00:00:44,MRC_005,CUST-0172,PROC_A,ach,US,50242,USD,2026-08-04,PAY-102271,posted
INT-HISTORICAL-002272,2026-08-04T00:01:39,MRC_001,CUST-0326,PROC_B,wire,DE,23964,USD,2026-08-04,PAY-102272,posted
INT-HISTORICAL-002273,2026-08-04T00:02:09,MRC_005,CUST-0056,PROC_A,ach,US,5208,USD,2026-08-04,PAY-102273,posted
INT-HISTORICAL-002274,2026-08-04T00:03:29,MRC_002,CUST-0203,PROC_B,card,US,15072,USD,2026-08-04,PAY-102274,posted
INT-HISTORICAL-002275,2026-08-04T00:06:06,MRC_003,CUST-0341,PROC_B,ach,US,7490,EUR,2026-08-04,PAY-102275,posted
INT-HISTORICAL-002276,2026-08-04T00:06:59,MRC_001,CUST-0101,PROC_C,ach,US,113905,GBP,2026-08-04,PAY-102276,posted
INT-HISTORICAL-002277,2026-08-04T00:09:28,MRC_001,CUST-0192,PROC_C,wire,GB,7979,EUR,2026-08-04,PAY-102277,posted
INT-HISTORICAL-002278,2026-08-04T00:11:23,MRC_001,CUST-0127,PROC_A,card,US,9786,USD,2026-08-04,PAY-102278,posted
INT-HISTORICAL-002279,2026-08-04T00:12:49,MRC_001,CUST-0195,PROC_A,wallet,DE,17920,USD,2026-08-04,PAY-102279,posted
INT-HISTORICAL-002280,2026-08-04T00:14:22,MRC_005,CUST-0396,PROC_A,card,US,10312,USD,2026-08-04,PAY-102280,posted
INT-HISTORICAL-002281,2026-08-04T00:16:02,MRC_005,CUST-0048,PROC_C,card,US,43986,USD,2026-08-04,PAY-102281,posted
INT-HISTORICAL-002282,2026-08-04T00:17:18,MRC_002,CUST-0312,PROC_B,wire,CA,9397,USD,2026-08-04,PAY-102282,posted
INT-HISTORICAL-002283,2026-08-04T00:19:49,MRC_004,CUST-0112,PROC_C,ach,GB,19511,EUR,2026-08-04,PAY-102283,posted
INT-HISTORICAL-002284,2026-08-04T00:20:29,MRC_005,CUST-0393,PROC_A,wire,DE,4844,USD,2026-08-04,PAY-102284,posted
INT-HISTORICAL-002285,2026-08-04T00:23:19,MRC_005,CUST-0311,PROC_A,ach,GB,46805,EUR,2026-08-04,PAY-102285,posted
INT-HISTORICAL-002286,2026-08-04T00:24:26,MRC_003,CUST-0010,PROC_A,ach,DE,1445,USD,2026-08-04,PAY-102286,posted
INT-HISTORICAL-002287,2026-08-04T00:25:25,MRC_004,CUST-0067,PROC_C,wallet,DE,18944,USD,2026-08-04,PAY-102287,posted
INT-HISTORICAL-002288,2026-08-04T00:26:01,MRC_001,CUST-0103,PROC_C,ach,DE,12368,EUR,2026-08-04,PAY-102288,posted
INT-HISTORICAL-002289,2026-08-04T00:28:28,MRC_004,CUST-0106,PROC_A,card,US,5943,EUR,2026-08-04,PAY-102289,posted
INT-HISTORICAL-002290,2026-08-04T00:31:02,MRC_001,CUST-0049,PROC_C,ach,CA,13694,USD,2026-08-04,PAY-102290,posted
INT-HISTORICAL-002291,2026-08-04T00:33:43,MRC_004,CUST-0324,PROC_A,ach,US,6036,USD,2026-08-04,PAY-102291,posted
INT-HISTORICAL-002292,2026-08-04T00:34:19,MRC_005,CUST-0287,PROC_C,wallet,GB,13059,EUR,2026-08-04,PAY-102292,posted
INT-HISTORICAL-002293,2026-08-04T00:36:23,MRC_003,CUST-0213,PROC_A,wire,DE,7401,EUR,2026-08-04,PAY-102293,posted
INT-HISTORICAL-002294,2026-08-04T00:38:46,MRC_001,CUST-0249,PROC_C,ach,GB,30703,USD,2026-08-04,PAY-102294,posted
INT-HISTORICAL-002295,2026-08-04T00:41:39,MRC_001,CUST-0006,PROC_B,wire,US,2173,USD,2026-08-04,PAY-102295,posted
INT-HISTORICAL-002296,2026-08-04T00:42:41,MRC_003,CUST-0112,PROC_C,ach,US,10924,USD,2026-08-04,PAY-102296,posted
INT-HISTORICAL-002297,2026-08-04T00:43:55,MRC_003,CUST-0321,PROC_A,wire,DE,28440,USD,2026-08-04,PAY-102297,posted
INT-HISTORICAL-002298,2026-08-04T00:45:06,MRC_005,CUST-0235,PROC_A,ach,GB,8091,USD,2026-08-04,PAY-102298,posted
INT-HISTORICAL-002299,2026-08-04T00:45:28,MRC_004,CUST-0286,PROC_B,card,US,21032,EUR,2026-08-04,PAY-102299,posted
INT-HISTORICAL-002300,2026-08-04T00:46:25,MRC_005,CUST-0307,PROC_C,wallet,US,37082,USD,2026-08-04,PAY-102300,posted
INT-HISTORICAL-002301,2026-08-04T00:47:12,MRC_004,CUST-0194,PROC_C,wallet,GB,120136,USD,2026-08-04,PAY-102301,posted
INT-HISTORICAL-002302,2026-08-04T00:48:48,MRC_001,CUST-0290,PROC_A,card,US,22652,USD,2026-08-04,PAY-102302,posted
INT-HISTORICAL-002303,2026-08-04T00:49:29,MRC_003,CUST-0259,PROC_C,wire,US,9157,USD,2026-08-04,PAY-102303,posted
INT-HISTORICAL-002304,2026-08-04T00:51:56,MRC_002,CUST-0248,PROC_C,wire,GB,20536,EUR,2026-08-04,PAY-102304,posted
INT-HISTORICAL-002305,2026-08-04T00:54:26,MRC_003,CUST-0367,PROC_A,wallet,US,27856,USD,2026-08-04,PAY-102305,posted
INT-HISTORICAL-002306,2026-08-04T00:57:03,MRC_004,CUST-0318,PROC_B,ach,US,15576,USD,2026-08-04,PAY-102306,posted
INT-HISTORICAL-002307,2026-08-04T00:58:09,MRC_004,CUST-0167,PROC_B,ach,US,6925,USD,2026-08-04,PAY-102307,posted
INT-HISTORICAL-002308,2026-08-04T01:00:32,MRC_002,CUST-0155,PROC_C,ach,CA,10065,USD,2026-08-04,PAY-102308,posted
INT-HISTORICAL-002309,2026-08-04T01:02:57,MRC_005,CUST-0025,PROC_A,wallet,GB,18403,USD,2026-08-04,PAY-102309,posted
INT-HISTORICAL-002310,2026-08-04T01:03:38,MRC_002,CUST-0029,PROC_B,card,US,20611,USD,2026-08-04,PAY-102310,posted
INT-HISTORICAL-002311,2026-08-04T01:05:57,MRC_004,CUST-0177,PROC_C,wire,GB,5065,EUR,2026-08-04,PAY-102311,posted
INT-HISTORICAL-002312,2026-08-04T01:06:24,MRC_003,CUST-0163,PROC_C,wallet,DE,23603,GBP,2026-08-04,PAY-102312,posted
INT-HISTORICAL-002313,2026-08-04T01:09:17,MRC_005,CUST-0351,PROC_B,card,US,20263,USD,2026-08-04,PAY-102313,posted
INT-HISTORICAL-002314,2026-08-04T01:10:42,MRC_003,CUST-0325,PROC_C,ach,CA,8928,USD,2026-08-04,PAY-102314,posted
INT-HISTORICAL-002315,2026-08-04T01:13:36,MRC_003,CUST-0335,PROC_B,wallet,US,28632,USD,2026-08-04,PAY-102315,posted
INT-HISTORICAL-002316,2026-08-04T01:15:21,MRC_005,CUST-0134,PROC_A,wallet,US,2842,USD,2026-08-04,PAY-102316,posted
INT-HISTORICAL-002317,2026-08-04T01:15:45,MRC_004,CUST-0241,PROC_A,ach,GB,20367,USD,2026-08-04,PAY-102317,posted
INT-HISTORICAL-002318,2026-08-04T01:18:22,MRC_003,CUST-0185,PROC_B,wallet,US,24985,USD,2026-08-04,PAY-102318,posted
INT-HISTORICAL-002319,2026-08-04T01:21:21,MRC_002,CUST-0386,PROC_A,ach,US,45512,USD,2026-08-04,PAY-102319,posted
INT-HISTORICAL-002320,2026-08-04T01:23:43,MRC_002,CUST-0333,PROC_A,wire,CA,8666,GBP,2026-08-04,PAY-102320,posted
INT-HISTORICAL-002321,2026-08-04T01:25:44,MRC_005,CUST-0120,PROC_C,card,US,10505,USD,2026-08-04,PAY-102321,posted
INT-HISTORICAL-002322,2026-08-04T01:28:06,MRC_003,CUST-0108,PROC_A,card,DE,9300,GBP,2026-08-04,PAY-102322,posted
INT-HISTORICAL-002323,2026-08-04T01:29:01,MRC_003,CUST-0273,PROC_A,ach,GB,19125,GBP,2026-08-04,PAY-102323,posted
INT-HISTORICAL-002324,2026-08-04T01:31:59,MRC_003,CUST-0386,PROC_B,wallet,CA,14989,EUR,2026-08-04,PAY-102324,posted
INT-HISTORICAL-002325,2026-08-04T01:32:48,MRC_004,CUST-0169,PROC_A,card,CA,17799,USD,2026-08-04,PAY-102325,posted
INT-HISTORICAL-002326,2026-08-04T01:35:12,MRC_004,CUST-0146,PROC_B,card,CA,31352,USD,2026-08-04,PAY-102326,posted
INT-HISTORICAL-002327,2026-08-04T01:36:39,MRC_005,CUST-0121,PROC_B,card,US,10219,EUR,2026-08-04,PAY-102327,posted
INT-HISTORICAL-002328,2026-08-04T01:39:09,MRC_002,CUST-0190,PROC_C,card,US,9584,GBP,2026-08-04,PAY-102328,posted
INT-HISTORICAL-002329,2026-08-04T01:39:41,MRC_005,CUST-0245,PROC_B,wire,US,12425,GBP,2026-08-04,PAY-102329,posted
INT-HISTORICAL-002330,2026-08-04T01:42:24,MRC_005,CUST-0062,PROC_A,card,DE,36016,USD,2026-08-04,PAY-102330,posted
INT-HISTORICAL-002331,2026-08-04T01:43:41,MRC_003,CUST-0315,PROC_A,card,US,2906,EUR,2026-08-04,PAY-102331,posted
INT-HISTORICAL-002332,2026-08-04T01:45:51,MRC_003,CUST-0061,PROC_A,card,GB,1169,USD,2026-08-04,PAY-102332,posted
INT-HISTORICAL-002333,2026-08-04T01:47:36,MRC_002,CUST-0328,PROC_A,ach,GB,13998,USD,2026-08-04,PAY-102333,posted
INT-HISTORICAL-002334,2026-08-04T01:50:20,MRC_003,CUST-0048,PROC_A,wire,US,3720,GBP,2026-08-04,PAY-102334,posted
INT-HISTORICAL-002335,2026-08-04T01:51:03,MRC_004,CUST-0340,PROC_B,wire,US,12092,GBP,2026-08-04,PAY-102335,posted
INT-HISTORICAL-002336,2026-08-04T01:52:21,MRC_001,CUST-0170,PROC_C,card,US,20313,USD,2026-08-04,PAY-102336,posted
INT-HISTORICAL-002337,2026-08-04T01:53:00,MRC_004,CUST-0127,PROC_C,ach,US,2273,GBP,2026-08-04,PAY-102337,posted
INT-HISTORICAL-002338,2026-08-04T01:55:24,MRC_002,CUST-0093,PROC_A,ach,GB,2893,USD,2026-08-04,PAY-102338,posted
INT-HISTORICAL-002339,2026-08-04T01:55:45,MRC_001,CUST-0229,PROC_B,wire,US,10582,GBP,2026-08-04,PAY-102339,posted
INT-HISTORICAL-002340,2026-08-04T01:56:59,MRC_005,CUST-0071,PROC_B,wallet,GB,6150,GBP,2026-08-04,PAY-102340,posted
INT-HISTORICAL-002341,2026-08-04T01:57:48,MRC_003,CUST-0021,PROC_B,wallet,GB,5770,USD,2026-08-04,PAY-102341,posted
INT-HISTORICAL-002342,2026-08-04T02:00:40,MRC_004,CUST-0046,PROC_B,card,US,10482,USD,2026-08-04,PAY-102342,posted
INT-HISTORICAL-002343,2026-08-04T02:01:01,MRC_003,CUST-0002,PROC_B,card,DE,19938,USD,2026-08-04,PAY-102343,posted
INT-HISTORICAL-002344,2026-08-04T02:03:36,MRC_005,CUST-0187,PROC_B,wallet,GB,5489,EUR,2026-08-04,PAY-102344,posted
INT-HISTORICAL-002345,2026-08-04T02:06:18,MRC_004,CUST-0352,PROC_C,wallet,CA,11751,USD,2026-08-04,PAY-102345,posted
INT-HISTORICAL-002346,2026-08-04T02:06:45,MRC_003,CUST-0177,PROC_B,wallet,DE,20989,USD,2026-08-04,PAY-102346,posted
INT-HISTORICAL-002347,2026-08-04T02:07:05,MRC_002,CUST-0066,PROC_A,wire,GB,8039,USD,2026-08-04,PAY-102347,posted
INT-HISTORICAL-002348,2026-08-04T02:09:30,MRC_005,CUST-0095,PROC_B,wallet,US,31265,USD,2026-08-04,PAY-102348,posted
INT-HISTORICAL-002349,2026-08-04T02:10:53,MRC_003,CUST-0254,PROC_A,ach,CA,32701,USD,2026-08-04,PAY-102349,posted
INT-HISTORICAL-002350,2026-08-04T02:11:30,MRC_004,CUST-0130,PROC_C,card,US,4298,GBP,2026-08-04,PAY-102350,posted
INT-HISTORICAL-002351,2026-08-04T02:11:54,MRC_004,CUST-0242,PROC_C,card,CA,13417,EUR,2026-08-04,PAY-102351,posted
INT-HISTORICAL-002352,2026-08-04T02:14:33,MRC_005,CUST-0076,PROC_B,wire,CA,3355,USD,2026-08-04,PAY-102352,posted
INT-HISTORICAL-002353,2026-08-04T02:16:26,MRC_004,CUST-0320,PROC_B,wire,CA,65421,EUR,2026-08-04,PAY-102353,posted
INT-HISTORICAL-002354,2026-08-04T02:16:46,MRC_001,CUST-0079,PROC_B,wallet,CA,15768,USD,2026-08-04,PAY-102354,posted
INT-HISTORICAL-002355,2026-08-04T02:17:41,MRC_003,CUST-0231,PROC_A,card,DE,6562,USD,2026-08-04,PAY-102355,posted
INT-HISTORICAL-002356,2026-08-04T02:19:24,MRC_005,CUST-0205,PROC_B,wallet,CA,2485,USD,2026-08-04,PAY-102356,posted
INT-HISTORICAL-002357,2026-08-04T02:19:55,MRC_005,CUST-0169,PROC_A,wallet,GB,3417,USD,2026-08-04,PAY-102357,posted
INT-HISTORICAL-002358,2026-08-04T02:20:58,MRC_003,CUST-0024,PROC_A,ach,US,9168,USD,2026-08-04,PAY-102358,posted
INT-HISTORICAL-002359,2026-08-04T02:23:36,MRC_004,CUST-0319,PROC_C,ach,US,3280,USD,2026-08-04,PAY-102359,posted
INT-HISTORICAL-002360,2026-08-04T02:24:41,MRC_002,CUST-0163,PROC_B,wire,US,3310,USD,2026-08-04,PAY-102360,posted
INT-HISTORICAL-002361,2026-08-04T02:26:35,MRC_004,CUST-0103,PROC_C,ach,US,5148,GBP,2026-08-04,PAY-102361,posted
INT-HISTORICAL-002362,2026-08-04T02:27:33,MRC_004,CUST-0352,PROC_A,card,CA,39873,USD,2026-08-04,PAY-102362,posted
INT-HISTORICAL-002363,2026-08-04T02:29:03,MRC_004,CUST-0370,PROC_B,wallet,US,10955,USD,2026-08-04,PAY-102363,posted
INT-HISTORICAL-002364,2026-08-04T02:29:36,MRC_002,CUST-0244,PROC_B,wallet,CA,32619,EUR,2026-08-04,PAY-102364,posted
INT-HISTORICAL-002365,2026-08-04T02:30:41,MRC_004,CUST-0101,PROC_C,ach,US,17032,EUR,2026-08-04,PAY-102365,posted
INT-HISTORICAL-002366,2026-08-04T02:32:15,MRC_003,CUST-0388,PROC_B,ach,US,3413,GBP,2026-08-04,PAY-102366,posted
INT-HISTORICAL-002367,2026-08-04T02:34:52,MRC_004,CUST-0387,PROC_C,card,US,26588,GBP,2026-08-04,PAY-102367,posted
INT-HISTORICAL-002368,2026-08-04T02:35:28,MRC_004,CUST-0088,PROC_B,wire,US,4260,USD,2026-08-04,PAY-102368,posted
INT-HISTORICAL-002369,2026-08-04T02:37:55,MRC_003,CUST-0298,PROC_C,ach,US,13358,EUR,2026-08-04,PAY-102369,posted
INT-HISTORICAL-002370,2026-08-04T02:39:45,MRC_001,CUST-0275,PROC_C,ach,US,39652,EUR,2026-08-04,PAY-102370,posted
INT-HISTORICAL-002371,2026-08-04T02:40:39,MRC_001,CUST-0358,PROC_A,ach,US,2722,USD,2026-08-04,PAY-102371,posted
INT-HISTORICAL-002372,2026-08-04T02:40:59,MRC_002,CUST-0276,PROC_C,wire,US,10124,USD,2026-08-04,PAY-102372,posted
INT-HISTORICAL-002373,2026-08-04T02:43:12,MRC_003,CUST-0271,PROC_C,ach,DE,28804,EUR,2026-08-04,PAY-102373,posted
INT-HISTORICAL-002374,2026-08-04T02:45:37,MRC_001,CUST-0027,PROC_C,wire,DE,10326,USD,2026-08-04,PAY-102374,posted
INT-HISTORICAL-002375,2026-08-04T02:46:34,MRC_001,CUST-0025,PROC_A,wire,DE,46193,USD,2026-08-04,PAY-102375,posted
INT-HISTORICAL-002376,2026-08-04T02:48:29,MRC_001,CUST-0339,PROC_A,card,GB,41631,USD,2026-08-04,PAY-102376,posted
INT-HISTORICAL-002377,2026-08-04T02:49:20,MRC_005,CUST-0334,PROC_A,wallet,US,22120,USD,2026-08-04,PAY-102377,posted
INT-HISTORICAL-002378,2026-08-04T02:49:41,MRC_004,CUST-0207,PROC_A,ach,DE,43313,EUR,2026-08-04,PAY-102378,posted
INT-HISTORICAL-002379,2026-08-04T02:52:04,MRC_004,CUST-0056,PROC_A,wallet,US,2226,USD,2026-08-04,PAY-102379,posted
INT-HISTORICAL-002380,2026-08-04T02:54:12,MRC_002,CUST-0327,PROC_B,card,US,13690,USD,2026-08-04,PAY-102380,posted
INT-HISTORICAL-002381,2026-08-04T02:56:05,MRC_002,CUST-0381,PROC_C,ach,DE,20615,USD,2026-08-04,PAY-102381,posted
INT-HISTORICAL-002382,2026-08-04T02:58:33,MRC_003,CUST-0297,PROC_B,wallet,GB,22636,GBP,2026-08-04,PAY-102382,posted
INT-HISTORICAL-002383,2026-08-04T03:00:27,MRC_005,CUST-0381,PROC_A,wallet,US,85984,GBP,2026-08-04,PAY-102383,posted
INT-HISTORICAL-002384,2026-08-04T03:02:24,MRC_004,CUST-0286,PROC_A,wallet,DE,103219,USD,2026-08-04,PAY-102384,posted
INT-HISTORICAL-002385,2026-08-04T03:05:09,MRC_005,CUST-0381,PROC_A,wire,GB,7247,USD,2026-08-04,PAY-102385,posted
INT-HISTORICAL-002386,2026-08-04T03:05:52,MRC_005,CUST-0320,PROC_C,card,CA,9770,EUR,2026-08-04,PAY-102386,posted
INT-HISTORICAL-002387,2026-08-04T03:08:39,MRC_002,CUST-0010,PROC_A,card,US,7890,USD,2026-08-04,PAY-102387,posted
INT-HISTORICAL-002388,2026-08-04T03:09:32,MRC_004,CUST-0071,PROC_B,ach,US,55143,USD,2026-08-04,PAY-102388,posted
INT-HISTORICAL-002389,2026-08-04T03:11:53,MRC_004,CUST-0252,PROC_A,wallet,US,10654,USD,2026-08-04,PAY-102389,posted
INT-HISTORICAL-002390,2026-08-04T03:12:52,MRC_001,CUST-0077,PROC_C,wire,DE,2484,GBP,2026-08-04,PAY-102390,posted
INT-HISTORICAL-002391,2026-08-04T03:13:18,MRC_005,CUST-0375,PROC_A,card,US,1456,USD,2026-08-04,PAY-102391,posted
INT-HISTORICAL-002392,2026-08-04T03:14:45,MRC_004,CUST-0368,PROC_A,ach,DE,15440,EUR,2026-08-04,PAY-102392,posted
INT-HISTORICAL-002393,2026-08-04T03:15:31,MRC_005,CUST-0150,PROC_B,wallet,GB,21699,USD,2026-08-04,PAY-102393,posted
INT-HISTORICAL-002394,2026-08-04T03:16:22,MRC_002,CUST-0302,PROC_C,wallet,GB,9572,EUR,2026-08-04,PAY-102394,posted
INT-HISTORICAL-002395,2026-08-04T03:18:22,MRC_001,CUST-0066,PROC_A,wallet,US,7822,USD,2026-08-04,PAY-102395,posted
INT-HISTORICAL-002396,2026-08-04T03:21:17,MRC_005,CUST-0224,PROC_A,wire,CA,88592,USD,2026-08-04,PAY-102396,posted
INT-HISTORICAL-002397,2026-08-04T03:22:46,MRC_005,CUST-0377,PROC_C,wire,US,2349,GBP,2026-08-04,PAY-102397,posted
INT-HISTORICAL-002398,2026-08-04T03:23:46,MRC_003,CUST-0300,PROC_A,card,US,3618,EUR,2026-08-04,PAY-102398,posted
INT-HISTORICAL-002399,2026-08-04T03:25:39,MRC_004,CUST-0057,PROC_A,card,CA,12872,EUR,2026-08-04,PAY-102399,posted
INT-HISTORICAL-002400,2026-08-04T03:28:00,MRC_005,CUST-0080,PROC_A,wallet,DE,19280,USD,2026-08-04,PAY-102400,posted
INT-HISTORICAL-002401,2026-08-04T03:29:13,MRC_002,CUST-0119,PROC_B,ach,US,45439,EUR,2026-08-04,PAY-102401,posted
INT-HISTORICAL-002402,2026-08-04T03:32:03,MRC_001,CUST-0220,PROC_A,card,GB,13341,EUR,2026-08-04,PAY-102402,posted
INT-HISTORICAL-002403,2026-08-04T03:32:26,MRC_005,CUST-0120,PROC_A,wallet,US,15867,EUR,2026-08-04,PAY-102403,posted
INT-HISTORICAL-002404,2026-08-04T03:35:01,MRC_001,CUST-0175,PROC_A,ach,DE,36932,EUR,2026-08-04,PAY-102404,posted
INT-HISTORICAL-002405,2026-08-04T03:35:48,MRC_003,CUST-0398,PROC_A,wallet,DE,30892,GBP,2026-08-04,PAY-102405,posted
INT-HISTORICAL-002406,2026-08-04T03:38:28,MRC_003,CUST-0374,PROC_A,wallet,US,9385,USD,2026-08-04,PAY-102406,posted
INT-HISTORICAL-002407,2026-08-04T03:40:10,MRC_005,CUST-0178,PROC_A,ach,US,13750,GBP,2026-08-04,PAY-102407,posted
INT-HISTORICAL-002408,2026-08-04T03:42:17,MRC_001,CUST-0321,PROC_B,wallet,US,8720,USD,2026-08-04,PAY-102408,posted
INT-HISTORICAL-002409,2026-08-04T03:43:01,MRC_003,CUST-0285,PROC_A,wire,US,15818,GBP,2026-08-04,PAY-102409,posted
INT-HISTORICAL-002410,2026-08-04T03:44:44,MRC_002,CUST-0173,PROC_A,card,CA,14578,EUR,2026-08-04,PAY-102410,posted
INT-HISTORICAL-002411,2026-08-04T03:47:37,MRC_004,CUST-0068,PROC_B,wallet,US,21130,EUR,2026-08-04,PAY-102411,posted
INT-HISTORICAL-002412,2026-08-04T03:48:11,MRC_004,CUST-0148,PROC_C,card,GB,6801,USD,2026-08-04,PAY-102412,posted
INT-HISTORICAL-002413,2026-08-04T03:50:03,MRC_001,CUST-0149,PROC_C,wire,DE,13880,USD,2026-08-04,PAY-102413,posted
INT-HISTORICAL-002414,2026-08-04T03:52:13,MRC_002,CUST-0063,PROC_C,ach,US,6230,USD,2026-08-04,PAY-102414,posted
INT-HISTORICAL-002415,2026-08-04T03:54:10,MRC_002,CUST-0318,PROC_C,card,DE,11598,USD,2026-08-04,PAY-102415,posted
INT-HISTORICAL-002416,2026-08-04T03:54:40,MRC_001,CUST-0350,PROC_C,wire,CA,12328,USD,2026-08-04,PAY-102416,posted
INT-HISTORICAL-002417,2026-08-04T03:56:21,MRC_002,CUST-0266,PROC_C,wallet,US,7566,USD,2026-08-04,PAY-102417,posted
INT-HISTORICAL-002418,2026-08-04T03:59:06,MRC_002,CUST-0072,PROC_C,ach,US,18100,USD,2026-08-04,PAY-102418,posted
INT-HISTORICAL-002419,2026-08-04T04:00:12,MRC_001,CUST-0092,PROC_B,wallet,DE,3214,USD,2026-08-04,PAY-102419,posted
INT-HISTORICAL-002420,2026-08-04T04:02:55,MRC_001,CUST-0021,PROC_A,card,CA,8856,USD,2026-08-04,PAY-102420,posted
INT-HISTORICAL-002421,2026-08-04T04:04:53,MRC_002,CUST-0106,PROC_C,card,CA,140343,EUR,2026-08-04,PAY-102421,posted
INT-HISTORICAL-002422,2026-08-04T04:05:26,MRC_002,CUST-0313,PROC_C,wallet,US,4762,EUR,2026-08-04,PAY-102422,posted
INT-HISTORICAL-002423,2026-08-04T04:07:03,MRC_004,CUST-0332,PROC_C,wallet,GB,10245,USD,2026-08-04,PAY-102423,posted
INT-HISTORICAL-002424,2026-08-04T04:07:30,MRC_003,CUST-0164,PROC_B,ach,US,8415,USD,2026-08-04,PAY-102424,posted
INT-HISTORICAL-002425,2026-08-04T04:08:39,MRC_003,CUST-0395,PROC_C,wallet,CA,13104,USD,2026-08-04,PAY-102425,posted
INT-HISTORICAL-002426,2026-08-04T04:09:25,MRC_005,CUST-0215,PROC_A,card,GB,95997,EUR,2026-08-04,PAY-102426,posted
INT-HISTORICAL-002427,2026-08-04T04:09:56,MRC_004,CUST-0216,PROC_C,wire,CA,15582,USD,2026-08-04,PAY-102427,posted
INT-HISTORICAL-002428,2026-08-04T04:10:26,MRC_003,CUST-0002,PROC_C,wallet,DE,29640,USD,2026-08-04,PAY-102428,posted
INT-HISTORICAL-002429,2026-08-04T04:13:18,MRC_005,CUST-0027,PROC_B,card,CA,6764,USD,2026-08-04,PAY-102429,posted
INT-HISTORICAL-002430,2026-08-04T04:15:06,MRC_005,CUST-0210,PROC_C,ach,GB,42756,USD,2026-08-04,PAY-102430,posted
INT-HISTORICAL-002431,2026-08-04T04:16:04,MRC_001,CUST-0203,PROC_A,wire,US,3071,USD,2026-08-04,PAY-102431,posted
INT-HISTORICAL-002432,2026-08-04T04:18:58,MRC_004,CUST-0383,PROC_C,ach,CA,15707,USD,2026-08-04,PAY-102432,posted
INT-HISTORICAL-002433,2026-08-04T04:19:47,MRC_001,CUST-0307,PROC_B,card,GB,11395,EUR,2026-08-04,PAY-102433,posted
INT-HISTORICAL-002434,2026-08-04T04:22:36,MRC_005,CUST-0003,PROC_A,card,CA,21801,USD,2026-08-04,PAY-102434,posted
INT-HISTORICAL-002435,2026-08-04T04:23:11,MRC_002,CUST-0313,PROC_C,wallet,US,1417,USD,2026-08-04,PAY-102435,posted
INT-HISTORICAL-002436,2026-08-04T04:24:19,MRC_005,CUST-0257,PROC_C,card,US,10063,EUR,2026-08-04,PAY-102436,posted
INT-HISTORICAL-002437,2026-08-04T04:24:49,MRC_002,CUST-0165,PROC_C,ach,US,33628,USD,2026-08-04,PAY-102437,posted
INT-HISTORICAL-002438,2026-08-04T04:27:48,MRC_001,CUST-0380,PROC_B,wire,US,50350,USD,2026-08-04,PAY-102438,posted
INT-HISTORICAL-002439,2026-08-04T04:30:11,MRC_001,CUST-0110,PROC_C,wallet,CA,10435,EUR,2026-08-04,PAY-102439,posted
INT-HISTORICAL-002440,2026-08-04T04:32:15,MRC_005,CUST-0243,PROC_C,wallet,US,32982,GBP,2026-08-04,PAY-102440,posted
INT-HISTORICAL-002441,2026-08-04T04:34:55,MRC_001,CUST-0089,PROC_A,wallet,DE,38209,EUR,2026-08-04,PAY-102441,posted
INT-HISTORICAL-002442,2026-08-04T04:35:33,MRC_002,CUST-0106,PROC_B,wallet,GB,2781,USD,2026-08-04,PAY-102442,posted
INT-HISTORICAL-002443,2026-08-04T04:37:19,MRC_002,CUST-0101,PROC_B,ach,CA,42385,USD,2026-08-04,PAY-102443,posted
INT-HISTORICAL-002444,2026-08-04T04:37:44,MRC_003,CUST-0013,PROC_B,card,US,28522,EUR,2026-08-04,PAY-102444,posted
INT-HISTORICAL-002445,2026-08-04T04:39:32,MRC_004,CUST-0136,PROC_B,card,US,49130,USD,2026-08-04,PAY-102445,posted
INT-HISTORICAL-002446,2026-08-04T04:41:34,MRC_004,CUST-0029,PROC_B,wire,US,64371,GBP,2026-08-04,PAY-102446,posted
INT-HISTORICAL-002447,2026-08-04T04:42:41,MRC_005,CUST-0352,PROC_B,wire,GB,5347,USD,2026-08-04,PAY-102447,posted
INT-HISTORICAL-002448,2026-08-04T04:44:27,MRC_003,CUST-0297,PROC_B,wire,US,4729,USD,2026-08-04,PAY-102448,posted
INT-HISTORICAL-002449,2026-08-04T04:44:52,MRC_002,CUST-0231,PROC_C,wallet,GB,6438,USD,2026-08-04,PAY-102449,posted
INT-HISTORICAL-002450,2026-08-04T04:47:48,MRC_004,CUST-0024,PROC_C,card,US,34184,GBP,2026-08-04,PAY-102450,posted
INT-HISTORICAL-002451,2026-08-04T04:48:53,MRC_002,CUST-0092,PROC_C,card,DE,12735,USD,2026-08-04,PAY-102451,posted
INT-HISTORICAL-002452,2026-08-04T04:50:34,MRC_003,CUST-0053,PROC_C,card,US,6900,USD,2026-08-04,PAY-102452,posted
INT-HISTORICAL-002453,2026-08-04T04:53:11,MRC_004,CUST-0057,PROC_C,wallet,US,10687,GBP,2026-08-04,PAY-102453,posted
INT-HISTORICAL-002454,2026-08-04T04:54:13,MRC_001,CUST-0007,PROC_B,card,US,4366,USD,2026-08-04,PAY-102454,posted
INT-HISTORICAL-002455,2026-08-04T04:55:42,MRC_001,CUST-0106,PROC_A,card,US,14158,GBP,2026-08-04,PAY-102455,posted
INT-HISTORICAL-002456,2026-08-04T04:56:40,MRC_004,CUST-0008,PROC_A,ach,US,4731,USD,2026-08-04,PAY-102456,posted
INT-HISTORICAL-002457,2026-08-04T04:58:36,MRC_003,CUST-0247,PROC_B,wire,US,8433,EUR,2026-08-04,PAY-102457,posted
INT-HISTORICAL-002458,2026-08-04T05:01:24,MRC_001,CUST-0253,PROC_A,wallet,US,14528,EUR,2026-08-04,PAY-102458,posted
INT-HISTORICAL-002459,2026-08-04T05:02:19,MRC_002,CUST-0236,PROC_C,ach,US,25400,USD,2026-08-04,PAY-102459,posted
INT-HISTORICAL-002460,2026-08-04T05:03:52,MRC_001,CUST-0383,PROC_C,card,US,42638,USD,2026-08-04,PAY-102460,posted
INT-HISTORICAL-002461,2026-08-04T05:04:58,MRC_004,CUST-0172,PROC_A,wire,DE,84465,EUR,2026-08-04,PAY-102461,posted
INT-HISTORICAL-002462,2026-08-04T05:07:46,MRC_005,CUST-0318,PROC_C,wire,US,1594,USD,2026-08-04,PAY-102462,posted
INT-HISTORICAL-002463,2026-08-04T05:09:46,MRC_005,CUST-0347,PROC_A,ach,DE,16868,GBP,2026-08-04,PAY-102463,posted
INT-HISTORICAL-002464,2026-08-04T05:10:40,MRC_002,CUST-0148,PROC_A,card,US,10337,USD,2026-08-04,PAY-102464,posted
INT-HISTORICAL-002465,2026-08-04T05:13:23,MRC_002,CUST-0176,PROC_A,card,DE,3908,GBP,2026-08-04,PAY-102465,posted
INT-HISTORICAL-002466,2026-08-04T05:16:19,MRC_002,CUST-0379,PROC_B,wire,US,9675,USD,2026-08-04,PAY-102466,posted
INT-HISTORICAL-002467,2026-08-04T05:18:18,MRC_001,CUST-0196,PROC_B,ach,US,18490,USD,2026-08-04,PAY-102467,posted
INT-HISTORICAL-002468,2026-08-04T05:21:06,MRC_005,CUST-0256,PROC_B,ach,US,14547,USD,2026-08-04,PAY-102468,posted
INT-HISTORICAL-002469,2026-08-04T05:21:50,MRC_001,CUST-0167,PROC_B,card,DE,6167,EUR,2026-08-04,PAY-102469,posted
INT-HISTORICAL-002470,2026-08-04T05:23:40,MRC_001,CUST-0331,PROC_A,ach,US,9743,EUR,2026-08-04,PAY-102470,posted
INT-HISTORICAL-002471,2026-08-04T05:26:07,MRC_004,CUST-0282,PROC_B,ach,US,26859,USD,2026-08-04,PAY-102471,posted
INT-HISTORICAL-002472,2026-08-04T05:27:49,MRC_002,CUST-0077,PROC_B,wallet,CA,29182,USD,2026-08-04,PAY-102472,posted
INT-HISTORICAL-002473,2026-08-04T05:29:31,MRC_002,CUST-0104,PROC_B,wallet,CA,13500,USD,2026-08-04,PAY-102473,posted
INT-HISTORICAL-002474,2026-08-04T05:30:40,MRC_005,CUST-0340,PROC_C,ach,US,17899,GBP,2026-08-04,PAY-102474,posted
INT-HISTORICAL-002475,2026-08-04T05:33:21,MRC_001,CUST-0199,PROC_B,wire,GB,12212,USD,2026-08-04,PAY-102475,posted
INT-HISTORICAL-002476,2026-08-04T05:35:36,MRC_005,CUST-0089,PROC_C,wire,US,5253,USD,2026-08-04,PAY-102476,posted
INT-HISTORICAL-002477,2026-08-04T05:36:43,MRC_005,CUST-0232,PROC_B,wire,US,4544,USD,2026-08-04,PAY-102477,posted
INT-HISTORICAL-002478,2026-08-04T05:37:33,MRC_005,CUST-0116,PROC_B,wire,US,39673,USD,2026-08-04,PAY-102478,posted
INT-HISTORICAL-002479,2026-08-04T05:38:00,MRC_002,CUST-0344,PROC_C,card,CA,34064,GBP,2026-08-04,PAY-102479,posted
INT-HISTORICAL-002480,2026-08-04T05:39:19,MRC_003,CUST-0106,PROC_C,card,DE,17781,USD,2026-08-04,PAY-102480,posted
INT-HISTORICAL-002481,2026-08-04T05:41:29,MRC_005,CUST-0308,PROC_A,wire,CA,10266,GBP,2026-08-04,PAY-102481,posted
INT-HISTORICAL-002482,2026-08-04T05:42:01,MRC_002,CUST-0181,PROC_A,wallet,US,22522,GBP,2026-08-04,PAY-102482,posted
INT-HISTORICAL-002483,2026-08-04T05:42:49,MRC_001,CUST-0286,PROC_C,wire,US,3992,EUR,2026-08-04,PAY-102483,posted
INT-HISTORICAL-002484,2026-08-04T05:44:44,MRC_001,CUST-0254,PROC_B,card,US,14665,USD,2026-08-04,PAY-102484,posted
INT-HISTORICAL-002485,2026-08-04T05:46:33,MRC_005,CUST-0243,PROC_C,wire,US,32955,EUR,2026-08-04,PAY-102485,posted
INT-HISTORICAL-002486,2026-08-04T05:47:54,MRC_004,CUST-0033,PROC_B,wallet,US,11999,USD,2026-08-04,PAY-102486,posted
INT-HISTORICAL-002487,2026-08-04T05:48:46,MRC_003,CUST-0102,PROC_B,wallet,CA,58340,GBP,2026-08-04,PAY-102487,posted
INT-HISTORICAL-002488,2026-08-04T05:50:07,MRC_005,CUST-0341,PROC_A,card,CA,17888,USD,2026-08-04,PAY-102488,posted
INT-HISTORICAL-002489,2026-08-04T05:53:00,MRC_005,CUST-0312,PROC_B,wire,GB,6656,GBP,2026-08-04,PAY-102489,posted
INT-HISTORICAL-002490,2026-08-04T05:55:23,MRC_001,CUST-0394,PROC_A,wallet,US,29607,USD,2026-08-04,PAY-102490,posted
INT-HISTORICAL-002491,2026-08-04T05:56:20,MRC_004,CUST-0173,PROC_A,wallet,DE,18225,EUR,2026-08-04,PAY-102491,posted
INT-HISTORICAL-002492,2026-08-04T05:58:32,MRC_001,CUST-0178,PROC_A,card,US,32242,USD,2026-08-04,PAY-102492,posted
INT-HISTORICAL-002493,2026-08-04T06:00:26,MRC_005,CUST-0289,PROC_A,ach,DE,3636,USD,2026-08-04,PAY-102493,posted
INT-HISTORICAL-002494,2026-08-04T06:01:58,MRC_002,CUST-0036,PROC_A,wallet,US,18982,EUR,2026-08-04,PAY-102494,posted
INT-HISTORICAL-002495,2026-08-04T06:03:09,MRC_005,CUST-0241,PROC_A,card,DE,5202,EUR,2026-08-04,PAY-102495,posted
INT-HISTORICAL-002496,2026-08-04T06:04:05,MRC_003,CUST-0029,PROC_A,ach,US,20419,USD,2026-08-04,PAY-102496,posted
INT-HISTORICAL-002497,2026-08-04T06:05:31,MRC_001,CUST-0011,PROC_B,wire,CA,5258,USD,2026-08-04,PAY-102497,posted
INT-HISTORICAL-002498,2026-08-04T06:07:22,MRC_004,CUST-0226,PROC_C,wallet,GB,11378,USD,2026-08-04,PAY-102498,posted
INT-HISTORICAL-002499,2026-08-04T06:08:17,MRC_003,CUST-0168,PROC_B,wallet,CA,6137,USD,2026-08-04,PAY-102499,posted
INT-HISTORICAL-002500,2026-08-04T06:10:06,MRC_001,CUST-0136,PROC_B,wire,CA,14659,EUR,2026-08-04,PAY-102500,posted
INT-HISTORICAL-002501,2026-08-04T06:12:59,MRC_004,CUST-0373,PROC_B,wire,US,14365,GBP,2026-08-04,PAY-102501,posted
INT-HISTORICAL-002502,2026-08-04T06:13:27,MRC_003,CUST-0399,PROC_B,wire,US,1786,EUR,2026-08-04,PAY-102502,posted
INT-HISTORICAL-002503,2026-08-04T06:15:36,MRC_002,CUST-0325,PROC_B,wire,US,2728,USD,2026-08-04,PAY-102503,posted
INT-HISTORICAL-002504,2026-08-04T06:16:53,MRC_004,CUST-0203,PROC_A,wire,CA,7130,USD,2026-08-04,PAY-102504,posted
INT-HISTORICAL-002505,2026-08-04T06:19:06,MRC_004,CUST-0340,PROC_C,card,GB,12697,USD,2026-08-04,PAY-102505,posted
INT-HISTORICAL-002506,2026-08-04T06:19:45,MRC_004,CUST-0010,PROC_C,ach,US,22948,USD,2026-08-04,PAY-102506,posted
INT-HISTORICAL-002507,2026-08-04T06:21:07,MRC_003,CUST-0077,PROC_C,wallet,US,1602,GBP,2026-08-04,PAY-102507,posted
INT-HISTORICAL-002508,2026-08-04T06:23:15,MRC_003,CUST-0223,PROC_A,card,DE,34289,EUR,2026-08-04,PAY-102508,posted
INT-HISTORICAL-002509,2026-08-04T06:23:51,MRC_005,CUST-0038,PROC_A,wallet,US,73229,USD,2026-08-04,PAY-102509,posted
INT-HISTORICAL-002510,2026-08-04T06:25:54,MRC_004,CUST-0212,PROC_C,wallet,CA,11431,EUR,2026-08-04,PAY-102510,posted
INT-HISTORICAL-002511,2026-08-04T06:28:19,MRC_005,CUST-0229,PROC_B,card,CA,13449,USD,2026-08-04,PAY-102511,posted
INT-HISTORICAL-002512,2026-08-04T06:29:20,MRC_003,CUST-0362,PROC_C,ach,CA,12453,USD,2026-08-04,PAY-102512,posted
INT-HISTORICAL-002513,2026-08-04T06:31:18,MRC_004,CUST-0028,PROC_A,wallet,US,10521,USD,2026-08-04,PAY-102513,posted
INT-HISTORICAL-002514,2026-08-04T06:32:22,MRC_004,CUST-0345,PROC_A,ach,DE,23674,GBP,2026-08-04,PAY-102514,posted
INT-HISTORICAL-002515,2026-08-04T06:34:54,MRC_001,CUST-0399,PROC_B,ach,US,5764,USD,2026-08-04,PAY-102515,posted
INT-HISTORICAL-002516,2026-08-04T06:36:23,MRC_005,CUST-0331,PROC_A,wire,GB,3435,USD,2026-08-04,PAY-102516,posted
INT-HISTORICAL-002517,2026-08-04T06:36:58,MRC_003,CUST-0081,PROC_A,card,DE,101687,USD,2026-08-04,PAY-102517,posted
INT-HISTORICAL-002518,2026-08-04T06:39:42,MRC_001,CUST-0276,PROC_B,wire,DE,6465,GBP,2026-08-04,PAY-102518,posted
INT-HISTORICAL-002519,2026-08-04T06:40:44,MRC_003,CUST-0130,PROC_A,wire,US,18215,GBP,2026-08-04,PAY-102519,posted
INT-HISTORICAL-002520,2026-08-04T06:43:17,MRC_005,CUST-0147,PROC_C,ach,DE,116950,USD,2026-08-04,PAY-102520,posted
INT-HISTORICAL-002521,2026-08-04T06:44:28,MRC_004,CUST-0124,PROC_C,ach,US,8844,USD,2026-08-04,PAY-102521,posted
INT-HISTORICAL-002522,2026-08-04T06:47:06,MRC_004,CUST-0302,PROC_C,card,CA,17003,EUR,2026-08-04,PAY-102522,posted
INT-HISTORICAL-002523,2026-08-04T06:49:11,MRC_001,CUST-0105,PROC_A,ach,US,9978,GBP,2026-08-04,PAY-102523,posted
INT-HISTORICAL-002524,2026-08-04T06:50:29,MRC_004,CUST-0289,PROC_B,wire,DE,1772,USD,2026-08-04,PAY-102524,posted
INT-HISTORICAL-002525,2026-08-04T06:53:20,MRC_005,CUST-0157,PROC_B,card,US,5404,USD,2026-08-04,PAY-102525,posted
INT-HISTORICAL-002526,2026-08-04T06:55:21,MRC_002,CUST-0268,PROC_C,ach,US,2522,GBP,2026-08-04,PAY-102526,posted
INT-HISTORICAL-002527,2026-08-04T06:56:05,MRC_001,CUST-0214,PROC_C,wallet,US,5656,USD,2026-08-04,PAY-102527,posted
INT-HISTORICAL-002528,2026-08-04T06:57:25,MRC_001,CUST-0084,PROC_B,ach,CA,10362,EUR,2026-08-04,PAY-102528,posted
INT-HISTORICAL-002529,2026-08-04T06:59:25,MRC_005,CUST-0229,PROC_A,wire,US,27883,USD,2026-08-04,PAY-102529,posted
INT-HISTORICAL-002530,2026-08-04T07:00:34,MRC_002,CUST-0361,PROC_B,wallet,US,7394,GBP,2026-08-04,PAY-102530,posted
INT-HISTORICAL-002531,2026-08-04T07:02:12,MRC_002,CUST-0205,PROC_C,card,US,10557,USD,2026-08-04,PAY-102531,posted
INT-HISTORICAL-002532,2026-08-04T07:04:20,MRC_002,CUST-0259,PROC_A,wire,US,15535,EUR,2026-08-04,PAY-102532,posted
INT-HISTORICAL-002533,2026-08-04T07:05:21,MRC_001,CUST-0391,PROC_B,wire,US,4248,EUR,2026-08-04,PAY-102533,posted
INT-HISTORICAL-002534,2026-08-04T07:08:10,MRC_003,CUST-0271,PROC_C,card,DE,15892,USD,2026-08-04,PAY-102534,posted
INT-HISTORICAL-002535,2026-08-04T07:09:27,MRC_003,CUST-0180,PROC_B,ach,CA,17071,EUR,2026-08-04,PAY-102535,posted
INT-HISTORICAL-002536,2026-08-04T07:11:44,MRC_001,CUST-0264,PROC_A,ach,US,7891,EUR,2026-08-04,PAY-102536,posted
INT-HISTORICAL-002537,2026-08-04T07:13:29,MRC_002,CUST-0023,PROC_A,wallet,DE,7873,USD,2026-08-04,PAY-102537,posted
INT-HISTORICAL-002538,2026-08-04T07:15:38,MRC_005,CUST-0396,PROC_A,wire,DE,9452,USD,2026-08-04,PAY-102538,posted
INT-HISTORICAL-002539,2026-08-04T07:16:23,MRC_005,CUST-0268,PROC_B,ach,US,17289,GBP,2026-08-04,PAY-102539,posted
INT-HISTORICAL-002540,2026-08-04T07:17:42,MRC_001,CUST-0227,PROC_B,card,US,5112,USD,2026-08-04,PAY-102540,posted
INT-HISTORICAL-002541,2026-08-04T07:19:43,MRC_003,CUST-0261,PROC_B,card,CA,2573,USD,2026-08-04,PAY-102541,posted
INT-HISTORICAL-002542,2026-08-04T07:22:37,MRC_004,CUST-0098,PROC_B,ach,US,5365,USD,2026-08-04,PAY-102542,posted
INT-HISTORICAL-002543,2026-08-04T07:23:14,MRC_001,CUST-0163,PROC_C,card,US,83652,EUR,2026-08-04,PAY-102543,posted
INT-HISTORICAL-002544,2026-08-04T07:26:10,MRC_004,CUST-0107,PROC_C,card,US,32267,USD,2026-08-04,PAY-102544,posted
INT-HISTORICAL-002545,2026-08-04T07:28:23,MRC_001,CUST-0097,PROC_C,wallet,US,90369,USD,2026-08-04,PAY-102545,posted
INT-HISTORICAL-002546,2026-08-04T07:30:27,MRC_002,CUST-0214,PROC_C,ach,GB,24150,USD,2026-08-04,PAY-102546,posted
INT-HISTORICAL-002547,2026-08-04T07:31:59,MRC_004,CUST-0172,PROC_C,wire,DE,27105,USD,2026-08-04,PAY-102547,posted
INT-HISTORICAL-002548,2026-08-04T07:32:23,MRC_001,CUST-0061,PROC_A,wire,CA,12835,USD,2026-08-04,PAY-102548,posted
INT-HISTORICAL-002549,2026-08-04T07:34:20,MRC_003,CUST-0301,PROC_A,card,CA,21702,EUR,2026-08-04,PAY-102549,posted
INT-HISTORICAL-002550,2026-08-04T07:34:46,MRC_003,CUST-0067,PROC_B,ach,CA,8399,USD,2026-08-04,PAY-102550,posted
INT-HISTORICAL-002551,2026-08-04T07:36:00,MRC_004,CUST-0112,PROC_A,wallet,US,32295,USD,2026-08-04,PAY-102551,posted
INT-HISTORICAL-002552,2026-08-04T07:38:52,MRC_005,CUST-0017,PROC_C,card,GB,18023,USD,2026-08-04,PAY-102552,posted
INT-HISTORICAL-002553,2026-08-04T07:41:12,MRC_004,CUST-0396,PROC_C,ach,US,45723,EUR,2026-08-04,PAY-102553,posted
INT-HISTORICAL-002554,2026-08-04T07:43:39,MRC_001,CUST-0060,PROC_A,wallet,CA,32274,USD,2026-08-04,PAY-102554,posted
INT-HISTORICAL-002555,2026-08-04T07:44:04,MRC_002,CUST-0197,PROC_B,wire,US,14872,USD,2026-08-04,PAY-102555,posted
INT-HISTORICAL-002556,2026-08-04T07:46:06,MRC_005,CUST-0344,PROC_B,wallet,CA,4415,USD,2026-08-04,PAY-102556,posted
INT-HISTORICAL-002557,2026-08-04T07:48:56,MRC_002,CUST-0146,PROC_A,card,US,12842,USD,2026-08-04,PAY-102557,posted
INT-HISTORICAL-002558,2026-08-04T07:50:11,MRC_001,CUST-0332,PROC_B,ach,GB,8612,GBP,2026-08-04,PAY-102558,posted
INT-HISTORICAL-002559,2026-08-04T07:52:46,MRC_004,CUST-0114,PROC_A,wallet,US,6745,EUR,2026-08-04,PAY-102559,posted
INT-HISTORICAL-002560,2026-08-04T07:53:35,MRC_002,CUST-0161,PROC_B,wire,DE,9267,EUR,2026-08-04,PAY-102560,posted
INT-HISTORICAL-002561,2026-08-04T07:55:11,MRC_004,CUST-0066,PROC_A,ach,US,31750,USD,2026-08-04,PAY-102561,posted
INT-HISTORICAL-002562,2026-08-04T07:58:08,MRC_003,CUST-0256,PROC_B,wallet,CA,4809,EUR,2026-08-04,PAY-102562,posted
INT-HISTORICAL-002563,2026-08-04T07:59:05,MRC_002,CUST-0300,PROC_C,ach,US,8634,USD,2026-08-04,PAY-102563,posted
INT-HISTORICAL-002564,2026-08-04T08:00:09,MRC_004,CUST-0377,PROC_C,ach,US,5685,USD,2026-08-04,PAY-102564,posted
INT-HISTORICAL-002565,2026-08-04T08:02:02,MRC_005,CUST-0317,PROC_C,card,US,9093,USD,2026-08-04,PAY-102565,posted
INT-HISTORICAL-002566,2026-08-04T08:03:51,MRC_002,CUST-0185,PROC_C,ach,US,850,USD,2026-08-04,PAY-102566,posted
INT-HISTORICAL-002567,2026-08-04T08:05:28,MRC_003,CUST-0101,PROC_A,ach,GB,24306,USD,2026-08-04,PAY-102567,posted
INT-HISTORICAL-002568,2026-08-04T08:06:05,MRC_002,CUST-0127,PROC_A,ach,DE,28066,GBP,2026-08-04,PAY-102568,posted
INT-HISTORICAL-002569,2026-08-04T08:07:19,MRC_003,CUST-0047,PROC_C,ach,DE,43807,EUR,2026-08-04,PAY-102569,posted
INT-HISTORICAL-002570,2026-08-04T08:09:44,MRC_003,CUST-0264,PROC_A,card,US,3582,USD,2026-08-04,PAY-102570,posted
INT-HISTORICAL-002571,2026-08-04T08:11:40,MRC_005,CUST-0180,PROC_A,wallet,GB,27910,GBP,2026-08-04,PAY-102571,posted
INT-HISTORICAL-002572,2026-08-04T08:13:55,MRC_001,CUST-0176,PROC_C,ach,CA,44629,EUR,2026-08-04,PAY-102572,posted
INT-HISTORICAL-002573,2026-08-04T08:14:53,MRC_003,CUST-0243,PROC_A,card,CA,49352,EUR,2026-08-04,PAY-102573,posted
INT-HISTORICAL-002574,2026-08-04T08:16:31,MRC_004,CUST-0092,PROC_C,ach,US,9159,GBP,2026-08-04,PAY-102574,posted
INT-HISTORICAL-002575,2026-08-04T08:19:01,MRC_005,CUST-0078,PROC_A,ach,CA,36624,USD,2026-08-04,PAY-102575,posted
INT-HISTORICAL-002576,2026-08-04T08:21:32,MRC_004,CUST-0291,PROC_C,card,US,10409,USD,2026-08-04,PAY-102576,posted
INT-HISTORICAL-002577,2026-08-04T08:21:58,MRC_004,CUST-0041,PROC_C,wire,US,26827,USD,2026-08-04,PAY-102577,posted
INT-HISTORICAL-002578,2026-08-04T08:24:04,MRC_003,CUST-0271,PROC_C,card,US,8344,EUR,2026-08-04,PAY-102578,posted
INT-HISTORICAL-002579,2026-08-04T08:24:39,MRC_004,CUST-0051,PROC_C,card,CA,30647,EUR,2026-08-04,PAY-102579,posted
INT-HISTORICAL-002580,2026-08-04T08:26:06,MRC_003,CUST-0245,PROC_C,wire,GB,9975,EUR,2026-08-04,PAY-102580,posted
INT-HISTORICAL-002581,2026-08-04T08:27:01,MRC_002,CUST-0271,PROC_C,ach,US,20354,USD,2026-08-04,PAY-102581,posted
INT-HISTORICAL-002582,2026-08-04T08:27:23,MRC_005,CUST-0271,PROC_A,ach,GB,4266,GBP,2026-08-04,PAY-102582,posted
INT-HISTORICAL-002583,2026-08-04T08:27:43,MRC_005,CUST-0304,PROC_A,wire,GB,7070,EUR,2026-08-04,PAY-102583,posted
INT-HISTORICAL-002584,2026-08-04T08:29:08,MRC_005,CUST-0222,PROC_B,ach,US,3487,USD,2026-08-04,PAY-102584,posted
INT-HISTORICAL-002585,2026-08-04T08:29:48,MRC_001,CUST-0325,PROC_C,wire,DE,37196,USD,2026-08-04,PAY-102585,posted
INT-HISTORICAL-002586,2026-08-04T08:32:30,MRC_003,CUST-0364,PROC_C,ach,CA,10227,GBP,2026-08-04,PAY-102586,posted
INT-HISTORICAL-002587,2026-08-04T08:35:12,MRC_002,CUST-0033,PROC_A,wire,CA,3014,GBP,2026-08-04,PAY-102587,posted
INT-HISTORICAL-002588,2026-08-04T08:37:08,MRC_004,CUST-0097,PROC_B,wallet,CA,10736,GBP,2026-08-04,PAY-102588,posted
INT-HISTORICAL-002589,2026-08-04T08:40:08,MRC_003,CUST-0258,PROC_C,card,US,10227,USD,2026-08-04,PAY-102589,posted
INT-HISTORICAL-002590,2026-08-04T08:42:37,MRC_003,CUST-0051,PROC_A,wire,US,11685,GBP,2026-08-04,PAY-102590,posted
INT-HISTORICAL-002591,2026-08-04T08:45:06,MRC_005,CUST-0116,PROC_A,wire,DE,17133,USD,2026-08-04,PAY-102591,posted
INT-HISTORICAL-002592,2026-08-04T08:46:07,MRC_005,CUST-0085,PROC_A,ach,GB,42122,EUR,2026-08-04,PAY-102592,posted
INT-HISTORICAL-002593,2026-08-04T08:48:04,MRC_001,CUST-0091,PROC_C,card,US,4521,USD,2026-08-04,PAY-102593,posted
INT-HISTORICAL-002594,2026-08-04T08:50:59,MRC_003,CUST-0138,PROC_A,ach,DE,5433,USD,2026-08-04,PAY-102594,posted
INT-HISTORICAL-002595,2026-08-04T08:52:55,MRC_002,CUST-0129,PROC_A,ach,CA,6224,EUR,2026-08-04,PAY-102595,posted
INT-HISTORICAL-002596,2026-08-04T08:54:24,MRC_002,CUST-0273,PROC_A,wire,US,32752,GBP,2026-08-04,PAY-102596,posted
INT-HISTORICAL-002597,2026-08-04T08:55:45,MRC_003,CUST-0381,PROC_B,card,DE,48547,USD,2026-08-04,PAY-102597,posted
INT-HISTORICAL-002598,2026-08-04T08:57:16,MRC_001,CUST-0034,PROC_C,wallet,DE,8148,USD,2026-08-04,PAY-102598,posted
INT-HISTORICAL-002599,2026-08-04T08:59:58,MRC_004,CUST-0330,PROC_C,wallet,CA,5594,GBP,2026-08-04,PAY-102599,posted
INT-HISTORICAL-002600,2026-08-04T09:02:09,MRC_003,CUST-0353,PROC_C,ach,CA,17628,USD,2026-08-04,PAY-102600,posted
INT-HISTORICAL-002601,2026-08-04T09:03:51,MRC_001,CUST-0165,PROC_A,card,US,8032,USD,2026-08-04,PAY-102601,posted
INT-HISTORICAL-002602,2026-08-04T09:04:45,MRC_004,CUST-0289,PROC_C,card,US,21205,USD,2026-08-04,PAY-102602,posted
INT-HISTORICAL-002603,2026-08-04T09:06:54,MRC_001,CUST-0071,PROC_A,wire,DE,6741,EUR,2026-08-04,PAY-102603,posted
INT-HISTORICAL-002604,2026-08-04T09:08:40,MRC_002,CUST-0393,PROC_B,wire,US,9635,USD,2026-08-04,PAY-102604,posted
INT-HISTORICAL-002605,2026-08-04T09:09:32,MRC_003,CUST-0088,PROC_C,ach,CA,2686,EUR,2026-08-04,PAY-102605,posted
INT-HISTORICAL-002606,2026-08-04T09:12:02,MRC_002,CUST-0255,PROC_A,ach,CA,5847,USD,2026-08-04,PAY-102606,posted
INT-HISTORICAL-002607,2026-08-04T09:12:38,MRC_005,CUST-0012,PROC_B,wire,DE,188680,USD,2026-08-04,PAY-102607,posted
INT-HISTORICAL-002608,2026-08-04T09:13:25,MRC_002,CUST-0021,PROC_C,wallet,US,48511,USD,2026-08-04,PAY-102608,posted
INT-HISTORICAL-002609,2026-08-04T09:15:49,MRC_002,CUST-0199,PROC_A,wallet,GB,5570,GBP,2026-08-04,PAY-102609,posted
INT-HISTORICAL-002610,2026-08-04T09:16:21,MRC_003,CUST-0145,PROC_C,wire,DE,7762,USD,2026-08-04,PAY-102610,posted
INT-HISTORICAL-002611,2026-08-04T09:16:53,MRC_002,CUST-0317,PROC_C,ach,CA,17607,USD,2026-08-04,PAY-102611,posted
INT-HISTORICAL-002612,2026-08-04T09:18:21,MRC_002,CUST-0097,PROC_A,ach,US,3844,USD,2026-08-04,PAY-102612,posted
INT-HISTORICAL-002613,2026-08-04T09:18:48,MRC_004,CUST-0272,PROC_A,wire,GB,64639,USD,2026-08-04,PAY-102613,posted
INT-HISTORICAL-002614,2026-08-04T09:19:20,MRC_002,CUST-0341,PROC_A,wire,DE,16472,GBP,2026-08-04,PAY-102614,posted
INT-HISTORICAL-002615,2026-08-04T09:20:48,MRC_002,CUST-0210,PROC_A,wallet,CA,11330,USD,2026-08-04,PAY-102615,posted
INT-HISTORICAL-002616,2026-08-04T09:21:58,MRC_004,CUST-0254,PROC_C,wire,CA,7757,USD,2026-08-04,PAY-102616,posted
INT-HISTORICAL-002617,2026-08-04T09:23:47,MRC_004,CUST-0060,PROC_C,wire,US,13287,GBP,2026-08-04,PAY-102617,posted
INT-HISTORICAL-002618,2026-08-04T09:26:24,MRC_004,CUST-0120,PROC_C,wire,DE,18997,USD,2026-08-04,PAY-102618,posted
INT-HISTORICAL-002619,2026-08-04T09:27:18,MRC_001,CUST-0008,PROC_A,card,GB,9215,USD,2026-08-04,PAY-102619,posted
INT-HISTORICAL-002620,2026-08-04T09:29:42,MRC_002,CUST-0209,PROC_B,wallet,US,6088,USD,2026-08-04,PAY-102620,posted
INT-HISTORICAL-002621,2026-08-04T09:32:22,MRC_004,CUST-0376,PROC_A,ach,DE,2690,GBP,2026-08-04,PAY-102621,posted
INT-HISTORICAL-002622,2026-08-04T09:35:03,MRC_005,CUST-0304,PROC_B,wallet,US,4214,USD,2026-08-04,PAY-102622,posted
INT-HISTORICAL-002623,2026-08-04T09:38:01,MRC_002,CUST-0330,PROC_B,card,CA,2876,GBP,2026-08-04,PAY-102623,posted
INT-HISTORICAL-002624,2026-08-04T09:40:17,MRC_002,CUST-0036,PROC_A,card,DE,11991,USD,2026-08-04,PAY-102624,posted
INT-HISTORICAL-002625,2026-08-04T09:43:13,MRC_001,CUST-0006,PROC_B,ach,CA,5054,USD,2026-08-04,PAY-102625,posted
INT-HISTORICAL-002626,2026-08-04T09:45:04,MRC_001,CUST-0250,PROC_A,wallet,US,10594,USD,2026-08-04,PAY-102626,posted
INT-HISTORICAL-002627,2026-08-04T09:47:58,MRC_002,CUST-0004,PROC_C,wire,US,2087,USD,2026-08-04,PAY-102627,posted
INT-HISTORICAL-002628,2026-08-04T09:50:32,MRC_003,CUST-0335,PROC_C,card,DE,23830,USD,2026-08-04,PAY-102628,posted
INT-HISTORICAL-002629,2026-08-04T09:51:21,MRC_003,CUST-0301,PROC_C,wire,GB,10533,GBP,2026-08-04,PAY-102629,posted
INT-HISTORICAL-002630,2026-08-04T09:52:15,MRC_005,CUST-0165,PROC_A,wallet,US,21435,USD,2026-08-04,PAY-102630,posted
INT-HISTORICAL-002631,2026-08-04T09:54:26,MRC_004,CUST-0320,PROC_A,card,DE,2752,GBP,2026-08-04,PAY-102631,posted
INT-HISTORICAL-002632,2026-08-04T09:56:44,MRC_001,CUST-0026,PROC_C,wire,US,7072,USD,2026-08-04,PAY-102632,posted
INT-HISTORICAL-002633,2026-08-04T09:57:19,MRC_002,CUST-0272,PROC_B,wire,US,6382,USD,2026-08-04,PAY-102633,posted
INT-HISTORICAL-002634,2026-08-04T09:59:55,MRC_004,CUST-0005,PROC_B,wallet,GB,25943,USD,2026-08-04,PAY-102634,posted
INT-HISTORICAL-002635,2026-08-04T10:01:42,MRC_002,CUST-0171,PROC_A,wallet,DE,27405,USD,2026-08-04,PAY-102635,posted
INT-HISTORICAL-002636,2026-08-04T10:02:35,MRC_001,CUST-0072,PROC_C,ach,GB,6044,GBP,2026-08-04,PAY-102636,posted
INT-HISTORICAL-002637,2026-08-04T10:05:30,MRC_003,CUST-0182,PROC_A,ach,DE,2219,EUR,2026-08-04,PAY-102637,posted
INT-HISTORICAL-002638,2026-08-04T10:07:23,MRC_003,CUST-0170,PROC_B,ach,GB,17802,USD,2026-08-04,PAY-102638,posted
INT-HISTORICAL-002639,2026-08-04T10:07:43,MRC_005,CUST-0188,PROC_B,card,US,5672,GBP,2026-08-04,PAY-102639,posted
INT-HISTORICAL-002640,2026-08-04T10:08:26,MRC_001,CUST-0236,PROC_C,card,GB,30641,USD,2026-08-04,PAY-102640,posted
INT-HISTORICAL-002641,2026-08-04T10:08:59,MRC_002,CUST-0186,PROC_C,card,US,9270,USD,2026-08-04,PAY-102641,posted
INT-HISTORICAL-002642,2026-08-04T10:09:41,MRC_002,CUST-0084,PROC_A,ach,US,19186,EUR,2026-08-04,PAY-102642,posted
INT-HISTORICAL-002643,2026-08-04T10:10:31,MRC_003,CUST-0089,PROC_C,wire,US,6564,USD,2026-08-04,PAY-102643,posted
INT-HISTORICAL-002644,2026-08-04T10:11:37,MRC_001,CUST-0171,PROC_A,wallet,CA,20072,USD,2026-08-04,PAY-102644,posted
INT-HISTORICAL-002645,2026-08-04T10:12:43,MRC_004,CUST-0141,PROC_A,wire,CA,17411,USD,2026-08-04,PAY-102645,posted
INT-HISTORICAL-002646,2026-08-04T10:14:03,MRC_005,CUST-0384,PROC_B,card,US,35218,USD,2026-08-04,PAY-102646,posted
INT-HISTORICAL-002647,2026-08-04T10:16:33,MRC_001,CUST-0167,PROC_B,wire,US,24363,USD,2026-08-04,PAY-102647,posted
INT-HISTORICAL-002648,2026-08-04T10:17:19,MRC_002,CUST-0107,PROC_C,wire,GB,3343,USD,2026-08-04,PAY-102648,posted
INT-HISTORICAL-002649,2026-08-04T10:19:11,MRC_004,CUST-0302,PROC_A,wallet,CA,4489,USD,2026-08-04,PAY-102649,posted
INT-HISTORICAL-002650,2026-08-04T10:20:03,MRC_002,CUST-0366,PROC_A,card,CA,29382,GBP,2026-08-04,PAY-102650,posted
INT-HISTORICAL-002651,2026-08-04T10:22:35,MRC_001,CUST-0269,PROC_C,ach,US,12945,USD,2026-08-04,PAY-102651,posted
INT-HISTORICAL-002652,2026-08-04T10:25:17,MRC_002,CUST-0002,PROC_A,wallet,US,4465,USD,2026-08-04,PAY-102652,posted
INT-HISTORICAL-002653,2026-08-04T10:27:50,MRC_005,CUST-0045,PROC_A,wire,US,5097,USD,2026-08-04,PAY-102653,posted
INT-HISTORICAL-002654,2026-08-04T10:29:01,MRC_003,CUST-0383,PROC_C,ach,US,12171,USD,2026-08-04,PAY-102654,posted
INT-HISTORICAL-002655,2026-08-04T10:30:12,MRC_004,CUST-0083,PROC_A,ach,CA,7602,USD,2026-08-04,PAY-102655,posted
INT-HISTORICAL-002656,2026-08-04T10:32:24,MRC_002,CUST-0118,PROC_A,wallet,GB,6039,USD,2026-08-04,PAY-102656,posted
INT-HISTORICAL-002657,2026-08-04T10:35:16,MRC_003,CUST-0201,PROC_B,ach,GB,30210,GBP,2026-08-04,PAY-102657,posted
INT-HISTORICAL-002658,2026-08-04T10:37:19,MRC_005,CUST-0327,PROC_A,wallet,US,6364,USD,2026-08-04,PAY-102658,posted
INT-HISTORICAL-002659,2026-08-04T10:37:57,MRC_002,CUST-0077,PROC_A,wallet,US,40236,USD,2026-08-04,PAY-102659,posted
INT-HISTORICAL-002660,2026-08-04T10:40:08,MRC_004,CUST-0098,PROC_C,wire,US,3201,USD,2026-08-04,PAY-102660,posted
INT-HISTORICAL-002661,2026-08-04T10:41:41,MRC_004,CUST-0163,PROC_C,wire,US,47341,USD,2026-08-04,PAY-102661,posted
INT-HISTORICAL-002662,2026-08-04T10:44:02,MRC_002,CUST-0175,PROC_C,card,US,94970,USD,2026-08-04,PAY-102662,posted
INT-HISTORICAL-002663,2026-08-04T10:45:25,MRC_001,CUST-0087,PROC_A,card,DE,7417,GBP,2026-08-04,PAY-102663,posted
INT-HISTORICAL-002664,2026-08-04T10:47:29,MRC_002,CUST-0092,PROC_A,ach,US,32042,USD,2026-08-04,PAY-102664,posted
INT-HISTORICAL-002665,2026-08-04T10:50:16,MRC_005,CUST-0115,PROC_A,wire,US,14408,EUR,2026-08-04,PAY-102665,posted
INT-HISTORICAL-002666,2026-08-04T10:52:54,MRC_005,CUST-0253,PROC_B,ach,US,15222,USD,2026-08-04,PAY-102666,posted
INT-HISTORICAL-002667,2026-08-04T10:54:37,MRC_003,CUST-0108,PROC_A,wallet,US,9857,GBP,2026-08-04,PAY-102667,posted
INT-HISTORICAL-002668,2026-08-04T10:56:01,MRC_002,CUST-0056,PROC_A,wire,CA,120214,USD,2026-08-04,PAY-102668,posted
INT-HISTORICAL-002669,2026-08-04T10:58:54,MRC_002,CUST-0371,PROC_B,ach,US,31992,USD,2026-08-04,PAY-102669,posted
INT-HISTORICAL-002670,2026-08-04T10:59:44,MRC_005,CUST-0399,PROC_C,card,US,4026,USD,2026-08-04,PAY-102670,posted
INT-HISTORICAL-002671,2026-08-04T11:00:04,MRC_003,CUST-0397,PROC_C,wallet,GB,39601,USD,2026-08-04,PAY-102671,posted
INT-HISTORICAL-002672,2026-08-04T11:02:34,MRC_003,CUST-0085,PROC_C,card,GB,25540,USD,2026-08-04,PAY-102672,posted
INT-HISTORICAL-002673,2026-08-04T11:03:51,MRC_002,CUST-0295,PROC_B,ach,GB,1908,EUR,2026-08-04,PAY-102673,posted
INT-HISTORICAL-002674,2026-08-04T11:04:49,MRC_001,CUST-0274,PROC_C,ach,DE,15270,USD,2026-08-04,PAY-102674,posted
INT-HISTORICAL-002675,2026-08-04T11:06:58,MRC_003,CUST-0065,PROC_C,wire,US,8429,USD,2026-08-04,PAY-102675,posted
INT-HISTORICAL-002676,2026-08-04T11:07:36,MRC_001,CUST-0133,PROC_C,wallet,US,11921,GBP,2026-08-04,PAY-102676,posted
INT-HISTORICAL-002677,2026-08-04T11:09:18,MRC_001,CUST-0149,PROC_A,card,CA,32393,EUR,2026-08-04,PAY-102677,posted
INT-HISTORICAL-002678,2026-08-04T11:10:12,MRC_002,CUST-0218,PROC_B,ach,CA,11698,GBP,2026-08-04,PAY-102678,posted
INT-HISTORICAL-002679,2026-08-04T11:12:28,MRC_005,CUST-0344,PROC_A,wire,US,10506,EUR,2026-08-04,PAY-102679,posted
INT-HISTORICAL-002680,2026-08-04T11:14:36,MRC_005,CUST-0120,PROC_C,wire,US,5036,EUR,2026-08-04,PAY-102680,posted
INT-HISTORICAL-002681,2026-08-04T11:15:11,MRC_002,CUST-0331,PROC_B,wallet,CA,3412,USD,2026-08-04,PAY-102681,posted
INT-HISTORICAL-002682,2026-08-04T11:18:01,MRC_002,CUST-0121,PROC_B,ach,DE,10334,GBP,2026-08-04,PAY-102682,posted
INT-HISTORICAL-002683,2026-08-04T11:19:02,MRC_005,CUST-0248,PROC_A,ach,DE,10191,USD,2026-08-04,PAY-102683,posted
INT-HISTORICAL-002684,2026-08-04T11:20:19,MRC_002,CUST-0100,PROC_C,ach,GB,10367,USD,2026-08-04,PAY-102684,posted
INT-HISTORICAL-002685,2026-08-04T11:23:18,MRC_001,CUST-0311,PROC_B,card,US,134602,USD,2026-08-04,PAY-102685,posted
INT-HISTORICAL-002686,2026-08-04T11:23:46,MRC_003,CUST-0377,PROC_A,card,US,13863,USD,2026-08-04,PAY-102686,posted
INT-HISTORICAL-002687,2026-08-04T11:24:28,MRC_003,CUST-0217,PROC_B,ach,DE,38351,EUR,2026-08-04,PAY-102687,posted
INT-HISTORICAL-002688,2026-08-04T11:27:21,MRC_003,CUST-0209,PROC_A,wire,US,4397,USD,2026-08-04,PAY-102688,posted
INT-HISTORICAL-002689,2026-08-04T11:28:01,MRC_002,CUST-0370,PROC_C,wallet,CA,9020,USD,2026-08-04,PAY-102689,posted
INT-HISTORICAL-002690,2026-08-04T11:29:33,MRC_003,CUST-0206,PROC_C,wallet,DE,21729,USD,2026-08-04,PAY-102690,posted
INT-HISTORICAL-002691,2026-08-04T11:30:55,MRC_001,CUST-0178,PROC_A,ach,US,6873,GBP,2026-08-04,PAY-102691,posted
INT-HISTORICAL-002692,2026-08-04T11:31:35,MRC_004,CUST-0275,PROC_B,wallet,US,22454,USD,2026-08-04,PAY-102692,posted
INT-HISTORICAL-002693,2026-08-04T11:33:54,MRC_002,CUST-0035,PROC_A,wallet,DE,5129,USD,2026-08-04,PAY-102693,posted
INT-HISTORICAL-002694,2026-08-04T11:36:16,MRC_005,CUST-0358,PROC_A,wallet,US,16697,EUR,2026-08-04,PAY-102694,posted
INT-HISTORICAL-002695,2026-08-04T11:37:25,MRC_004,CUST-0395,PROC_C,card,US,96995,USD,2026-08-04,PAY-102695,posted
INT-HISTORICAL-002696,2026-08-04T11:39:31,MRC_002,CUST-0006,PROC_A,ach,DE,31622,USD,2026-08-04,PAY-102696,posted
INT-HISTORICAL-002697,2026-08-04T11:41:04,MRC_005,CUST-0303,PROC_B,wallet,GB,21399,EUR,2026-08-04,PAY-102697,posted
INT-HISTORICAL-002698,2026-08-04T11:42:47,MRC_005,CUST-0082,PROC_B,card,DE,17937,EUR,2026-08-04,PAY-102698,posted
INT-HISTORICAL-002699,2026-08-04T11:43:38,MRC_002,CUST-0314,PROC_C,card,DE,21246,EUR,2026-08-04,PAY-102699,posted
INT-HISTORICAL-002700,2026-08-04T11:45:35,MRC_005,CUST-0233,PROC_B,wallet,US,20414,GBP,2026-08-04,PAY-102700,posted
INT-HISTORICAL-002701,2026-08-04T11:46:04,MRC_003,CUST-0306,PROC_C,wallet,US,26059,USD,2026-08-04,PAY-102701,posted
INT-HISTORICAL-002702,2026-08-04T11:47:36,MRC_002,CUST-0220,PROC_B,wallet,CA,18704,USD,2026-08-04,PAY-102702,posted
INT-HISTORICAL-002703,2026-08-04T11:50:36,MRC_002,CUST-0373,PROC_B,card,GB,2592,USD,2026-08-04,PAY-102703,posted
INT-HISTORICAL-002704,2026-08-04T11:51:41,MRC_004,CUST-0071,PROC_C,wallet,US,2635,GBP,2026-08-04,PAY-102704,posted
INT-HISTORICAL-002705,2026-08-04T11:52:50,MRC_005,CUST-0016,PROC_B,wallet,GB,4284,USD,2026-08-04,PAY-102705,posted
INT-HISTORICAL-002706,2026-08-04T11:53:50,MRC_005,CUST-0248,PROC_C,wire,US,4470,GBP,2026-08-04,PAY-102706,posted
INT-HISTORICAL-002707,2026-08-04T11:56:02,MRC_005,CUST-0031,PROC_C,wire,CA,6585,GBP,2026-08-04,PAY-102707,posted
INT-HISTORICAL-002708,2026-08-04T11:58:08,MRC_003,CUST-0365,PROC_B,ach,GB,41305,EUR,2026-08-04,PAY-102708,posted
INT-HISTORICAL-002709,2026-08-04T11:59:07,MRC_003,CUST-0306,PROC_A,wallet,US,18060,USD,2026-08-04,PAY-102709,posted
INT-HISTORICAL-002710,2026-08-04T12:00:36,MRC_003,CUST-0318,PROC_B,wire,DE,14322,USD,2026-08-04,PAY-102710,posted
INT-HISTORICAL-002711,2026-08-04T12:02:55,MRC_002,CUST-0388,PROC_A,wire,US,4699,USD,2026-08-04,PAY-102711,posted
INT-HISTORICAL-002712,2026-08-04T12:05:03,MRC_004,CUST-0289,PROC_B,ach,DE,35121,USD,2026-08-04,PAY-102712,posted
INT-HISTORICAL-002713,2026-08-04T12:07:46,MRC_002,CUST-0142,PROC_B,ach,US,4028,USD,2026-08-04,PAY-102713,posted
INT-HISTORICAL-002714,2026-08-04T12:09:16,MRC_001,CUST-0102,PROC_B,card,GB,3789,USD,2026-08-04,PAY-102714,posted
INT-HISTORICAL-002715,2026-08-04T12:09:45,MRC_004,CUST-0398,PROC_C,wire,US,15767,GBP,2026-08-04,PAY-102715,posted
INT-HISTORICAL-002716,2026-08-04T12:10:57,MRC_004,CUST-0238,PROC_C,card,US,13859,EUR,2026-08-04,PAY-102716,posted
INT-HISTORICAL-002717,2026-08-04T12:13:00,MRC_005,CUST-0128,PROC_B,wallet,US,2386,USD,2026-08-04,PAY-102717,posted
INT-HISTORICAL-002718,2026-08-04T12:15:24,MRC_002,CUST-0182,PROC_B,ach,GB,10013,USD,2026-08-04,PAY-102718,posted
INT-HISTORICAL-002719,2026-08-04T12:16:56,MRC_002,CUST-0208,PROC_C,ach,CA,1669,USD,2026-08-04,PAY-102719,posted
INT-HISTORICAL-002720,2026-08-04T12:18:19,MRC_004,CUST-0307,PROC_A,ach,US,16170,USD,2026-08-04,PAY-102720,posted
INT-HISTORICAL-002721,2026-08-04T12:19:57,MRC_003,CUST-0221,PROC_C,card,GB,21318,USD,2026-08-04,PAY-102721,posted
INT-HISTORICAL-002722,2026-08-04T12:20:49,MRC_002,CUST-0296,PROC_B,ach,GB,5651,EUR,2026-08-04,PAY-102722,posted
INT-HISTORICAL-002723,2026-08-04T12:22:02,MRC_004,CUST-0227,PROC_A,wallet,DE,2398,USD,2026-08-04,PAY-102723,posted
INT-HISTORICAL-002724,2026-08-04T12:24:49,MRC_002,CUST-0028,PROC_B,wallet,DE,3405,GBP,2026-08-04,PAY-102724,posted
INT-HISTORICAL-002725,2026-08-04T12:25:30,MRC_002,CUST-0253,PROC_C,wallet,DE,5621,USD,2026-08-04,PAY-102725,posted
INT-HISTORICAL-002726,2026-08-04T12:27:12,MRC_001,CUST-0240,PROC_A,wire,US,35085,GBP,2026-08-04,PAY-102726,posted
INT-HISTORICAL-002727,2026-08-04T12:30:09,MRC_004,CUST-0322,PROC_C,ach,US,18718,USD,2026-08-04,PAY-102727,posted
INT-HISTORICAL-002728,2026-08-04T12:31:55,MRC_001,CUST-0400,PROC_A,wire,US,69967,USD,2026-08-04,PAY-102728,posted
INT-HISTORICAL-002729,2026-08-04T12:34:55,MRC_002,CUST-0258,PROC_C,card,US,24209,EUR,2026-08-04,PAY-102729,posted
INT-HISTORICAL-002730,2026-08-04T12:35:43,MRC_003,CUST-0168,PROC_A,ach,DE,10429,GBP,2026-08-04,PAY-102730,posted
INT-HISTORICAL-002731,2026-08-04T12:38:09,MRC_002,CUST-0071,PROC_C,ach,CA,6780,USD,2026-08-04,PAY-102731,posted
INT-HISTORICAL-002732,2026-08-04T12:39:52,MRC_004,CUST-0359,PROC_B,card,US,8777,GBP,2026-08-04,PAY-102732,posted
INT-HISTORICAL-002733,2026-08-04T12:42:35,MRC_004,CUST-0158,PROC_C,wallet,CA,10075,USD,2026-08-04,PAY-102733,posted
INT-HISTORICAL-002734,2026-08-04T12:44:49,MRC_002,CUST-0233,PROC_C,ach,US,7514,EUR,2026-08-04,PAY-102734,posted
INT-HISTORICAL-002735,2026-08-04T12:46:17,MRC_005,CUST-0162,PROC_A,wire,CA,4813,USD,2026-08-04,PAY-102735,posted
INT-HISTORICAL-002736,2026-08-04T12:49:14,MRC_003,CUST-0158,PROC_B,ach,US,19486,USD,2026-08-04,PAY-102736,posted
INT-HISTORICAL-002737,2026-08-04T12:49:48,MRC_004,CUST-0138,PROC_B,card,CA,16315,USD,2026-08-04,PAY-102737,posted
INT-HISTORICAL-002738,2026-08-04T12:51:11,MRC_004,CUST-0328,PROC_A,card,US,7984,USD,2026-08-04,PAY-102738,posted
INT-HISTORICAL-002739,2026-08-04T12:52:36,MRC_005,CUST-0183,PROC_A,wire,US,5672,USD,2026-08-04,PAY-102739,posted
INT-HISTORICAL-002740,2026-08-04T12:54:38,MRC_002,CUST-0162,PROC_A,ach,US,16245,USD,2026-08-04,PAY-102740,posted
INT-HISTORICAL-002741,2026-08-04T12:56:28,MRC_004,CUST-0380,PROC_C,wire,DE,5202,USD,2026-08-04,PAY-102741,posted
INT-HISTORICAL-002742,2026-08-04T12:57:48,MRC_002,CUST-0237,PROC_B,ach,GB,9147,USD,2026-08-04,PAY-102742,posted
INT-HISTORICAL-002743,2026-08-04T12:58:53,MRC_003,CUST-0042,PROC_B,card,GB,4381,USD,2026-08-04,PAY-102743,posted
INT-HISTORICAL-002744,2026-08-04T13:00:58,MRC_002,CUST-0239,PROC_A,wire,US,7608,USD,2026-08-04,PAY-102744,posted
INT-HISTORICAL-002745,2026-08-04T13:02:44,MRC_003,CUST-0014,PROC_B,card,DE,11266,EUR,2026-08-04,PAY-102745,posted
INT-HISTORICAL-002746,2026-08-04T13:04:36,MRC_004,CUST-0295,PROC_C,wallet,US,34591,USD,2026-08-04,PAY-102746,posted
INT-HISTORICAL-002747,2026-08-04T13:06:48,MRC_003,CUST-0007,PROC_B,card,US,25496,USD,2026-08-04,PAY-102747,posted
INT-HISTORICAL-002748,2026-08-04T13:07:33,MRC_005,CUST-0387,PROC_A,wallet,US,3296,USD,2026-08-04,PAY-102748,posted
INT-HISTORICAL-002749,2026-08-04T13:09:11,MRC_003,CUST-0023,PROC_C,ach,US,74719,GBP,2026-08-04,PAY-102749,posted
INT-HISTORICAL-002750,2026-08-04T13:11:04,MRC_003,CUST-0149,PROC_C,ach,US,21500,GBP,2026-08-04,PAY-102750,posted
INT-HISTORICAL-002751,2026-08-04T13:12:09,MRC_001,CUST-0131,PROC_C,ach,CA,1757,USD,2026-08-04,PAY-102751,posted
INT-HISTORICAL-002752,2026-08-04T13:15:09,MRC_001,CUST-0183,PROC_A,wire,CA,4504,USD,2026-08-04,PAY-102752,posted
INT-HISTORICAL-002753,2026-08-04T13:17:42,MRC_002,CUST-0106,PROC_B,wire,US,4963,GBP,2026-08-04,PAY-102753,posted
INT-HISTORICAL-002754,2026-08-04T13:19:13,MRC_005,CUST-0166,PROC_B,ach,DE,15456,USD,2026-08-04,PAY-102754,posted
INT-HISTORICAL-002755,2026-08-04T13:20:08,MRC_005,CUST-0202,PROC_C,wallet,US,6925,EUR,2026-08-04,PAY-102755,posted
INT-HISTORICAL-002756,2026-08-04T13:22:52,MRC_005,CUST-0023,PROC_A,card,US,10291,USD,2026-08-04,PAY-102756,posted
INT-HISTORICAL-002757,2026-08-04T13:25:35,MRC_005,CUST-0176,PROC_C,wallet,US,9452,GBP,2026-08-04,PAY-102757,posted
INT-HISTORICAL-002758,2026-08-04T13:28:21,MRC_005,CUST-0047,PROC_B,wallet,CA,1543,GBP,2026-08-04,PAY-102758,posted
INT-HISTORICAL-002759,2026-08-04T13:29:24,MRC_004,CUST-0322,PROC_B,wallet,US,4601,GBP,2026-08-04,PAY-102759,posted
INT-HISTORICAL-002760,2026-08-04T13:31:18,MRC_005,CUST-0320,PROC_A,ach,GB,3815,EUR,2026-08-04,PAY-102760,posted
INT-HISTORICAL-002761,2026-08-04T13:31:42,MRC_005,CUST-0031,PROC_A,ach,US,32019,USD,2026-08-04,PAY-102761,posted
INT-HISTORICAL-002762,2026-08-04T13:32:12,MRC_005,CUST-0180,PROC_C,wire,CA,14630,USD,2026-08-04,PAY-102762,posted
INT-HISTORICAL-002763,2026-08-04T13:33:27,MRC_005,CUST-0210,PROC_B,card,US,31212,EUR,2026-08-04,PAY-102763,posted
INT-HISTORICAL-002764,2026-08-04T13:34:20,MRC_001,CUST-0162,PROC_B,ach,US,4141,USD,2026-08-04,PAY-102764,posted
INT-HISTORICAL-002765,2026-08-04T13:36:48,MRC_004,CUST-0048,PROC_C,wire,GB,12993,GBP,2026-08-04,PAY-102765,posted
INT-HISTORICAL-002766,2026-08-04T13:37:19,MRC_004,CUST-0039,PROC_B,ach,US,10801,USD,2026-08-04,PAY-102766,posted
INT-HISTORICAL-002767,2026-08-04T13:39:59,MRC_004,CUST-0077,PROC_A,wallet,GB,44056,EUR,2026-08-04,PAY-102767,posted
INT-HISTORICAL-002768,2026-08-04T13:41:33,MRC_003,CUST-0050,PROC_A,card,DE,17655,USD,2026-08-04,PAY-102768,posted
INT-HISTORICAL-002769,2026-08-04T13:43:03,MRC_002,CUST-0094,PROC_C,wallet,US,10448,USD,2026-08-04,PAY-102769,posted
INT-HISTORICAL-002770,2026-08-04T13:43:23,MRC_005,CUST-0104,PROC_C,card,US,7747,EUR,2026-08-04,PAY-102770,posted
INT-HISTORICAL-002771,2026-08-04T13:45:00,MRC_001,CUST-0291,PROC_C,ach,GB,35806,GBP,2026-08-04,PAY-102771,posted
INT-HISTORICAL-002772,2026-08-04T13:47:14,MRC_005,CUST-0126,PROC_C,ach,DE,13557,USD,2026-08-04,PAY-102772,posted
INT-HISTORICAL-002773,2026-08-04T13:49:30,MRC_001,CUST-0370,PROC_B,wallet,GB,8478,GBP,2026-08-04,PAY-102773,posted
INT-HISTORICAL-002774,2026-08-04T13:50:40,MRC_003,CUST-0132,PROC_A,wallet,US,8448,USD,2026-08-04,PAY-102774,posted
INT-HISTORICAL-002775,2026-08-04T13:53:11,MRC_002,CUST-0316,PROC_A,wire,US,10737,GBP,2026-08-04,PAY-102775,posted
INT-HISTORICAL-002776,2026-08-04T13:53:51,MRC_005,CUST-0277,PROC_A,wallet,GB,2766,USD,2026-08-04,PAY-102776,posted
INT-HISTORICAL-002777,2026-08-04T13:56:41,MRC_004,CUST-0369,PROC_A,ach,GB,20363,USD,2026-08-04,PAY-102777,posted
INT-HISTORICAL-002778,2026-08-04T13:58:12,MRC_004,CUST-0056,PROC_A,ach,GB,17605,USD,2026-08-04,PAY-102778,posted
INT-HISTORICAL-002779,2026-08-04T14:01:05,MRC_004,CUST-0368,PROC_A,wallet,GB,1455,USD,2026-08-04,PAY-102779,posted
INT-HISTORICAL-002780,2026-08-04T14:03:54,MRC_003,CUST-0019,PROC_C,wallet,CA,29020,GBP,2026-08-04,PAY-102780,posted
INT-HISTORICAL-002781,2026-08-04T14:05:49,MRC_001,CUST-0094,PROC_C,wallet,US,27497,EUR,2026-08-04,PAY-102781,posted
INT-HISTORICAL-002782,2026-08-04T14:07:19,MRC_002,CUST-0195,PROC_A,card,GB,10789,USD,2026-08-04,PAY-102782,posted
INT-HISTORICAL-002783,2026-08-04T14:09:20,MRC_001,CUST-0155,PROC_A,card,GB,39154,USD,2026-08-04,PAY-102783,posted
INT-HISTORICAL-002784,2026-08-04T14:11:17,MRC_005,CUST-0071,PROC_C,ach,US,72962,GBP,2026-08-04,PAY-102784,posted
INT-HISTORICAL-002785,2026-08-04T14:11:51,MRC_003,CUST-0202,PROC_B,ach,DE,22970,GBP,2026-08-04,PAY-102785,posted
INT-HISTORICAL-002786,2026-08-04T14:12:46,MRC_001,CUST-0180,PROC_B,ach,US,20842,USD,2026-08-04,PAY-102786,posted
INT-HISTORICAL-002787,2026-08-04T14:15:19,MRC_004,CUST-0052,PROC_A,wallet,DE,4440,GBP,2026-08-04,PAY-102787,posted
INT-HISTORICAL-002788,2026-08-04T14:17:52,MRC_002,CUST-0035,PROC_B,wire,US,28407,EUR,2026-08-04,PAY-102788,posted
INT-HISTORICAL-002789,2026-08-04T14:19:47,MRC_005,CUST-0316,PROC_B,wire,GB,7879,USD,2026-08-04,PAY-102789,posted
INT-HISTORICAL-002790,2026-08-04T14:22:35,MRC_004,CUST-0047,PROC_C,wallet,DE,3686,USD,2026-08-04,PAY-102790,posted
INT-HISTORICAL-002791,2026-08-04T14:25:22,MRC_003,CUST-0289,PROC_C,ach,US,12116,USD,2026-08-04,PAY-102791,posted
INT-HISTORICAL-002792,2026-08-04T14:25:48,MRC_004,CUST-0187,PROC_B,ach,CA,59814,EUR,2026-08-04,PAY-102792,posted
INT-HISTORICAL-002793,2026-08-04T14:26:35,MRC_001,CUST-0220,PROC_A,wallet,US,8501,USD,2026-08-04,PAY-102793,posted
INT-HISTORICAL-002794,2026-08-04T14:28:59,MRC_005,CUST-0033,PROC_C,wallet,US,11357,EUR,2026-08-04,PAY-102794,posted
INT-HISTORICAL-002795,2026-08-04T14:29:56,MRC_003,CUST-0348,PROC_A,card,US,58899,EUR,2026-08-04,PAY-102795,posted
INT-HISTORICAL-002796,2026-08-04T14:31:41,MRC_003,CUST-0236,PROC_B,card,US,25584,EUR,2026-08-04,PAY-102796,posted
INT-HISTORICAL-002797,2026-08-04T14:34:16,MRC_001,CUST-0190,PROC_A,wire,US,5528,EUR,2026-08-04,PAY-102797,posted
INT-HISTORICAL-002798,2026-08-04T14:36:58,MRC_001,CUST-0065,PROC_B,card,US,9862,USD,2026-08-04,PAY-102798,posted
INT-HISTORICAL-002799,2026-08-04T14:37:35,MRC_001,CUST-0382,PROC_B,ach,US,17747,EUR,2026-08-04,PAY-102799,posted
INT-HISTORICAL-002800,2026-08-04T14:37:56,MRC_003,CUST-0298,PROC_B,card,US,3833,USD,2026-08-04,PAY-102800,posted
INT-HISTORICAL-002801,2026-08-04T14:39:49,MRC_004,CUST-0026,PROC_C,card,US,14836,USD,2026-08-04,PAY-102801,posted
INT-HISTORICAL-002802,2026-08-04T14:42:02,MRC_002,CUST-0178,PROC_B,wallet,US,23251,USD,2026-08-04,PAY-102802,posted
INT-HISTORICAL-002803,2026-08-04T14:44:37,MRC_003,CUST-0124,PROC_A,ach,DE,9460,USD,2026-08-04,PAY-102803,posted
INT-HISTORICAL-002804,2026-08-04T14:45:14,MRC_004,CUST-0127,PROC_C,wallet,US,21343,GBP,2026-08-04,PAY-102804,posted
INT-HISTORICAL-002805,2026-08-04T14:46:08,MRC_003,CUST-0073,PROC_C,ach,US,3339,USD,2026-08-04,PAY-102805,posted
INT-HISTORICAL-002806,2026-08-04T14:47:41,MRC_003,CUST-0125,PROC_B,card,US,6310,USD,2026-08-04,PAY-102806,posted
INT-HISTORICAL-002807,2026-08-04T14:48:26,MRC_002,CUST-0239,PROC_C,wallet,US,2723,GBP,2026-08-04,PAY-102807,posted
INT-HISTORICAL-002808,2026-08-04T14:51:12,MRC_004,CUST-0147,PROC_A,ach,CA,80646,USD,2026-08-04,PAY-102808,posted
INT-HISTORICAL-002809,2026-08-04T14:54:11,MRC_005,CUST-0073,PROC_C,ach,DE,11240,EUR,2026-08-04,PAY-102809,posted
INT-HISTORICAL-002810,2026-08-04T14:55:14,MRC_005,CUST-0231,PROC_A,card,DE,16973,EUR,2026-08-04,PAY-102810,posted
INT-HISTORICAL-002811,2026-08-04T14:56:40,MRC_002,CUST-0350,PROC_C,wire,DE,5951,USD,2026-08-04,PAY-102811,posted
INT-HISTORICAL-002812,2026-08-04T14:57:19,MRC_005,CUST-0310,PROC_C,wire,DE,18444,USD,2026-08-04,PAY-102812,posted
INT-HISTORICAL-002813,2026-08-04T14:59:10,MRC_002,CUST-0074,PROC_B,wire,US,36376,USD,2026-08-04,PAY-102813,posted
INT-HISTORICAL-002814,2026-08-04T15:00:00,MRC_005,CUST-0061,PROC_C,wire,DE,10953,USD,2026-08-04,PAY-102814,posted
INT-HISTORICAL-002815,2026-08-04T15:02:31,MRC_002,CUST-0234,PROC_A,wallet,CA,14170,USD,2026-08-04,PAY-102815,posted
INT-HISTORICAL-002816,2026-08-04T15:04:02,MRC_004,CUST-0182,PROC_C,ach,DE,47531,EUR,2026-08-04,PAY-102816,posted
INT-HISTORICAL-002817,2026-08-04T15:06:20,MRC_002,CUST-0096,PROC_B,card,US,38156,USD,2026-08-04,PAY-102817,posted
INT-HISTORICAL-002818,2026-08-04T15:09:10,MRC_002,CUST-0027,PROC_A,wire,DE,11601,GBP,2026-08-04,PAY-102818,posted
INT-HISTORICAL-002819,2026-08-04T15:11:41,MRC_002,CUST-0343,PROC_C,ach,GB,10983,USD,2026-08-04,PAY-102819,posted
INT-HISTORICAL-002820,2026-08-04T15:12:53,MRC_003,CUST-0193,PROC_A,card,US,11735,EUR,2026-08-04,PAY-102820,posted
INT-HISTORICAL-002821,2026-08-04T15:14:01,MRC_005,CUST-0010,PROC_B,ach,CA,6984,EUR,2026-08-04,PAY-102821,posted
INT-HISTORICAL-002822,2026-08-04T15:16:57,MRC_002,CUST-0107,PROC_B,card,US,26203,EUR,2026-08-04,PAY-102822,posted
INT-HISTORICAL-002823,2026-08-04T15:18:23,MRC_003,CUST-0266,PROC_B,wire,US,17309,EUR,2026-08-04,PAY-102823,posted
INT-HISTORICAL-002824,2026-08-04T15:21:17,MRC_005,CUST-0110,PROC_A,card,CA,3212,USD,2026-08-04,PAY-102824,posted
INT-HISTORICAL-002825,2026-08-04T15:22:58,MRC_003,CUST-0212,PROC_A,ach,US,4763,USD,2026-08-04,PAY-102825,posted
INT-HISTORICAL-002826,2026-08-04T15:23:50,MRC_005,CUST-0247,PROC_A,card,CA,12966,USD,2026-08-04,PAY-102826,posted
INT-HISTORICAL-002827,2026-08-04T15:26:34,MRC_004,CUST-0346,PROC_C,ach,DE,2425,USD,2026-08-04,PAY-102827,posted
INT-HISTORICAL-002828,2026-08-04T15:29:14,MRC_001,CUST-0241,PROC_C,wallet,US,11500,USD,2026-08-04,PAY-102828,posted
INT-HISTORICAL-002829,2026-08-04T15:30:08,MRC_003,CUST-0370,PROC_A,wallet,DE,8837,USD,2026-08-04,PAY-102829,posted
INT-HISTORICAL-002830,2026-08-04T15:31:00,MRC_005,CUST-0141,PROC_B,ach,DE,15221,USD,2026-08-04,PAY-102830,posted
INT-HISTORICAL-002831,2026-08-04T15:31:54,MRC_003,CUST-0138,PROC_A,wire,GB,5858,USD,2026-08-04,PAY-102831,posted
INT-HISTORICAL-002832,2026-08-04T15:34:25,MRC_004,CUST-0334,PROC_C,wire,US,13586,GBP,2026-08-04,PAY-102832,posted
INT-HISTORICAL-002833,2026-08-04T15:36:00,MRC_001,CUST-0265,PROC_C,card,US,9538,USD,2026-08-04,PAY-102833,posted
INT-HISTORICAL-002834,2026-08-04T15:37:44,MRC_001,CUST-0346,PROC_A,wire,CA,6820,USD,2026-08-04,PAY-102834,posted
INT-HISTORICAL-002835,2026-08-04T15:39:04,MRC_004,CUST-0021,PROC_A,wallet,US,67457,USD,2026-08-04,PAY-102835,posted
INT-HISTORICAL-002836,2026-08-04T15:40:04,MRC_002,CUST-0074,PROC_B,card,DE,36044,USD,2026-08-04,PAY-102836,posted
INT-HISTORICAL-002837,2026-08-04T15:41:28,MRC_003,CUST-0129,PROC_A,wire,US,67651,USD,2026-08-04,PAY-102837,posted
INT-HISTORICAL-002838,2026-08-04T15:42:51,MRC_002,CUST-0280,PROC_C,ach,US,14483,GBP,2026-08-04,PAY-102838,posted
INT-HISTORICAL-002839,2026-08-04T15:45:24,MRC_004,CUST-0347,PROC_A,wallet,GB,10975,GBP,2026-08-04,PAY-102839,posted
INT-HISTORICAL-002840,2026-08-04T15:47:36,MRC_003,CUST-0180,PROC_B,wallet,US,6951,USD,2026-08-04,PAY-102840,posted
INT-HISTORICAL-002841,2026-08-04T15:50:29,MRC_002,CUST-0146,PROC_C,ach,US,6629,USD,2026-08-04,PAY-102841,posted
INT-HISTORICAL-002842,2026-08-04T15:52:09,MRC_005,CUST-0106,PROC_C,ach,US,10208,USD,2026-08-04,PAY-102842,posted
INT-HISTORICAL-002843,2026-08-04T15:54:40,MRC_001,CUST-0287,PROC_B,card,US,55265,EUR,2026-08-04,PAY-102843,posted
INT-HISTORICAL-002844,2026-08-04T15:57:09,MRC_002,CUST-0276,PROC_A,card,CA,13586,EUR,2026-08-04,PAY-102844,posted
INT-HISTORICAL-002845,2026-08-04T15:57:35,MRC_002,CUST-0396,PROC_A,card,DE,157794,USD,2026-08-04,PAY-102845,posted
INT-HISTORICAL-002846,2026-08-04T15:58:48,MRC_005,CUST-0093,PROC_A,card,US,3955,USD,2026-08-04,PAY-102846,posted
INT-HISTORICAL-002847,2026-08-04T16:00:16,MRC_004,CUST-0232,PROC_C,wallet,US,1286,USD,2026-08-04,PAY-102847,posted
INT-HISTORICAL-002848,2026-08-04T16:01:22,MRC_003,CUST-0376,PROC_A,wallet,US,9865,USD,2026-08-04,PAY-102848,posted
INT-HISTORICAL-002849,2026-08-04T16:02:37,MRC_005,CUST-0176,PROC_B,wallet,US,35459,USD,2026-08-04,PAY-102849,posted
INT-HISTORICAL-002850,2026-08-04T16:04:52,MRC_001,CUST-0215,PROC_B,wallet,CA,29845,USD,2026-08-04,PAY-102850,posted
INT-HISTORICAL-002851,2026-08-04T16:06:36,MRC_003,CUST-0091,PROC_B,wallet,GB,17337,USD,2026-08-04,PAY-102851,posted
INT-HISTORICAL-002852,2026-08-04T16:07:56,MRC_005,CUST-0247,PROC_A,ach,DE,14189,USD,2026-08-04,PAY-102852,posted
INT-HISTORICAL-002853,2026-08-04T16:08:24,MRC_003,CUST-0021,PROC_B,ach,DE,7064,USD,2026-08-04,PAY-102853,posted
INT-HISTORICAL-002854,2026-08-04T16:09:47,MRC_002,CUST-0136,PROC_C,wallet,DE,11088,USD,2026-08-04,PAY-102854,posted
INT-HISTORICAL-002855,2026-08-04T16:10:11,MRC_005,CUST-0204,PROC_B,ach,CA,8759,GBP,2026-08-04,PAY-102855,posted
INT-HISTORICAL-002856,2026-08-04T16:10:49,MRC_002,CUST-0255,PROC_B,wire,US,2055,GBP,2026-08-04,PAY-102856,posted
INT-HISTORICAL-002857,2026-08-04T16:12:18,MRC_004,CUST-0179,PROC_C,wallet,CA,2952,USD,2026-08-04,PAY-102857,posted
INT-HISTORICAL-002858,2026-08-04T16:14:42,MRC_003,CUST-0093,PROC_B,wire,GB,2925,GBP,2026-08-04,PAY-102858,posted
INT-HISTORICAL-002859,2026-08-04T16:16:02,MRC_005,CUST-0273,PROC_A,wallet,CA,9859,GBP,2026-08-04,PAY-102859,posted
INT-HISTORICAL-002860,2026-08-04T16:18:53,MRC_003,CUST-0221,PROC_B,ach,DE,9544,USD,2026-08-04,PAY-102860,posted
INT-HISTORICAL-002861,2026-08-04T16:20:01,MRC_003,CUST-0158,PROC_B,wallet,GB,19741,USD,2026-08-04,PAY-102861,posted
INT-HISTORICAL-002862,2026-08-04T16:22:03,MRC_004,CUST-0060,PROC_A,wallet,US,25719,USD,2026-08-04,PAY-102862,posted
INT-HISTORICAL-002863,2026-08-04T16:23:22,MRC_001,CUST-0340,PROC_B,wire,DE,12837,USD,2026-08-04,PAY-102863,posted
INT-HISTORICAL-002864,2026-08-04T16:23:49,MRC_001,CUST-0043,PROC_C,card,US,7456,USD,2026-08-04,PAY-102864,posted
INT-HISTORICAL-002865,2026-08-04T16:25:54,MRC_005,CUST-0107,PROC_C,card,GB,3599,USD,2026-08-04,PAY-102865,posted
INT-HISTORICAL-002866,2026-08-04T16:26:36,MRC_002,CUST-0090,PROC_B,wallet,US,12584,USD,2026-08-04,PAY-102866,posted
INT-HISTORICAL-002867,2026-08-04T16:28:41,MRC_002,CUST-0079,PROC_B,ach,DE,9839,USD,2026-08-04,PAY-102867,posted
INT-HISTORICAL-002868,2026-08-04T16:30:25,MRC_003,CUST-0217,PROC_B,wire,DE,9608,USD,2026-08-04,PAY-102868,posted
INT-HISTORICAL-002869,2026-08-04T16:32:27,MRC_003,CUST-0006,PROC_B,wire,DE,1809,GBP,2026-08-04,PAY-102869,posted
INT-HISTORICAL-002870,2026-08-04T16:34:59,MRC_002,CUST-0371,PROC_B,card,US,14274,USD,2026-08-04,PAY-102870,posted
INT-HISTORICAL-002871,2026-08-04T16:37:04,MRC_001,CUST-0313,PROC_C,card,DE,14189,USD,2026-08-04,PAY-102871,posted
INT-HISTORICAL-002872,2026-08-04T16:37:29,MRC_002,CUST-0127,PROC_C,ach,US,2605,GBP,2026-08-04,PAY-102872,posted
INT-HISTORICAL-002873,2026-08-04T16:40:03,MRC_002,CUST-0286,PROC_C,ach,US,43302,USD,2026-08-04,PAY-102873,posted
INT-HISTORICAL-002874,2026-08-04T16:40:35,MRC_002,CUST-0010,PROC_A,card,US,16639,USD,2026-08-04,PAY-102874,posted
INT-HISTORICAL-002875,2026-08-04T16:42:53,MRC_002,CUST-0393,PROC_A,card,CA,2910,USD,2026-08-04,PAY-102875,posted
INT-HISTORICAL-002876,2026-08-04T16:43:28,MRC_005,CUST-0113,PROC_B,card,US,31077,GBP,2026-08-04,PAY-102876,posted
INT-HISTORICAL-002877,2026-08-04T16:43:55,MRC_003,CUST-0071,PROC_A,ach,US,8869,USD,2026-08-04,PAY-102877,posted
INT-HISTORICAL-002878,2026-08-04T16:44:35,MRC_003,CUST-0337,PROC_B,card,US,8091,USD,2026-08-04,PAY-102878,posted
INT-HISTORICAL-002879,2026-08-04T16:46:42,MRC_004,CUST-0112,PROC_A,wallet,US,10861,EUR,2026-08-04,PAY-102879,posted
INT-HISTORICAL-002880,2026-08-04T16:49:00,MRC_005,CUST-0319,PROC_C,wallet,US,51082,USD,2026-08-04,PAY-102880,posted
INT-HISTORICAL-002881,2026-08-04T16:50:43,MRC_004,CUST-0262,PROC_B,wallet,DE,9044,USD,2026-08-04,PAY-102881,posted
INT-HISTORICAL-002882,2026-08-04T16:52:22,MRC_001,CUST-0392,PROC_A,card,US,121645,USD,2026-08-04,PAY-102882,posted
INT-HISTORICAL-002883,2026-08-04T16:54:25,MRC_001,CUST-0309,PROC_A,wire,US,22055,USD,2026-08-04,PAY-102883,posted
INT-HISTORICAL-002884,2026-08-04T16:56:44,MRC_001,CUST-0122,PROC_A,ach,US,17099,USD,2026-08-04,PAY-102884,posted
INT-HISTORICAL-002885,2026-08-04T16:58:24,MRC_001,CUST-0133,PROC_B,wallet,GB,10112,USD,2026-08-04,PAY-102885,posted
INT-HISTORICAL-002886,2026-08-04T16:59:33,MRC_002,CUST-0113,PROC_B,wire,US,6684,EUR,2026-08-04,PAY-102886,posted
INT-HISTORICAL-002887,2026-08-04T17:02:23,MRC_005,CUST-0282,PROC_A,wallet,GB,3270,USD,2026-08-04,PAY-102887,posted
INT-HISTORICAL-002888,2026-08-04T17:03:45,MRC_003,CUST-0125,PROC_A,wallet,US,12983,USD,2026-08-04,PAY-102888,posted
INT-HISTORICAL-002889,2026-08-04T17:05:43,MRC_004,CUST-0360,PROC_A,wallet,CA,9343,USD,2026-08-04,PAY-102889,posted
INT-HISTORICAL-002890,2026-08-04T17:08:13,MRC_002,CUST-0328,PROC_C,wallet,DE,820,USD,2026-08-04,PAY-102890,posted
INT-HISTORICAL-002891,2026-08-04T17:10:22,MRC_004,CUST-0341,PROC_C,card,US,3058,USD,2026-08-04,PAY-102891,posted
INT-HISTORICAL-002892,2026-08-04T17:12:47,MRC_003,CUST-0391,PROC_C,wallet,CA,57832,GBP,2026-08-04,PAY-102892,posted
INT-HISTORICAL-002893,2026-08-04T17:13:46,MRC_004,CUST-0308,PROC_B,wire,CA,29899,USD,2026-08-04,PAY-102893,posted
INT-HISTORICAL-002894,2026-08-04T17:14:55,MRC_005,CUST-0010,PROC_C,wallet,US,6242,GBP,2026-08-04,PAY-102894,posted
INT-HISTORICAL-002895,2026-08-04T17:17:03,MRC_005,CUST-0121,PROC_A,ach,CA,26763,USD,2026-08-04,PAY-102895,posted
INT-HISTORICAL-002896,2026-08-04T17:19:35,MRC_001,CUST-0066,PROC_B,wallet,CA,3786,GBP,2026-08-04,PAY-102896,posted
INT-HISTORICAL-002897,2026-08-04T17:20:06,MRC_002,CUST-0014,PROC_A,card,DE,5998,USD,2026-08-04,PAY-102897,posted
INT-HISTORICAL-002898,2026-08-04T17:21:04,MRC_001,CUST-0380,PROC_A,card,US,17889,USD,2026-08-04,PAY-102898,posted
INT-HISTORICAL-002899,2026-08-04T17:23:55,MRC_001,CUST-0290,PROC_A,card,GB,42098,USD,2026-08-04,PAY-102899,posted
INT-HISTORICAL-002900,2026-08-04T17:25:14,MRC_005,CUST-0148,PROC_C,ach,GB,10255,EUR,2026-08-04,PAY-102900,posted
INT-HISTORICAL-002901,2026-08-04T17:27:37,MRC_004,CUST-0225,PROC_B,wallet,US,24673,GBP,2026-08-04,PAY-102901,posted
INT-HISTORICAL-002902,2026-08-04T17:28:39,MRC_004,CUST-0142,PROC_A,wire,US,10305,USD,2026-08-04,PAY-102902,posted
INT-HISTORICAL-002903,2026-08-04T17:29:35,MRC_003,CUST-0074,PROC_B,card,CA,8451,USD,2026-08-04,PAY-102903,posted
INT-HISTORICAL-002904,2026-08-04T17:30:38,MRC_005,CUST-0364,PROC_A,card,US,31056,USD,2026-08-04,PAY-102904,posted
INT-HISTORICAL-002905,2026-08-04T17:31:02,MRC_002,CUST-0179,PROC_B,wallet,US,4148,USD,2026-08-04,PAY-102905,posted
INT-HISTORICAL-002906,2026-08-04T17:31:35,MRC_003,CUST-0332,PROC_B,wire,CA,3871,USD,2026-08-04,PAY-102906,posted
INT-HISTORICAL-002907,2026-08-04T17:32:47,MRC_003,CUST-0027,PROC_C,ach,US,13612,USD,2026-08-04,PAY-102907,posted
INT-HISTORICAL-002908,2026-08-04T17:33:35,MRC_005,CUST-0328,PROC_C,wallet,CA,22395,USD,2026-08-04,PAY-102908,posted
INT-HISTORICAL-002909,2026-08-04T17:35:39,MRC_003,CUST-0181,PROC_C,ach,CA,12111,USD,2026-08-04,PAY-102909,posted
INT-HISTORICAL-002910,2026-08-04T17:36:17,MRC_001,CUST-0250,PROC_C,wire,US,25330,EUR,2026-08-04,PAY-102910,posted
INT-HISTORICAL-002911,2026-08-04T17:38:29,MRC_001,CUST-0174,PROC_A,wallet,CA,27987,USD,2026-08-04,PAY-102911,posted
INT-HISTORICAL-002912,2026-08-04T17:41:23,MRC_001,CUST-0035,PROC_A,ach,US,3231,USD,2026-08-04,PAY-102912,posted
INT-HISTORICAL-002913,2026-08-04T17:43:53,MRC_005,CUST-0223,PROC_C,wallet,US,16466,EUR,2026-08-04,PAY-102913,posted
INT-HISTORICAL-002914,2026-08-04T17:45:13,MRC_002,CUST-0151,PROC_B,card,GB,8713,USD,2026-08-04,PAY-102914,posted
INT-HISTORICAL-002915,2026-08-04T17:46:23,MRC_003,CUST-0290,PROC_C,wire,DE,9717,EUR,2026-08-04,PAY-102915,posted
INT-HISTORICAL-002916,2026-08-04T17:49:14,MRC_003,CUST-0354,PROC_B,ach,US,13131,EUR,2026-08-04,PAY-102916,posted
INT-HISTORICAL-002917,2026-08-04T17:49:53,MRC_005,CUST-0285,PROC_A,card,US,23907,USD,2026-08-04,PAY-102917,posted
INT-HISTORICAL-002918,2026-08-04T17:52:39,MRC_005,CUST-0116,PROC_C,wallet,DE,40486,USD,2026-08-04,PAY-102918,posted
INT-HISTORICAL-002919,2026-08-04T17:55:06,MRC_004,CUST-0044,PROC_A,ach,US,3281,EUR,2026-08-04,PAY-102919,posted
INT-HISTORICAL-002920,2026-08-04T17:56:39,MRC_004,CUST-0120,PROC_C,ach,DE,5489,GBP,2026-08-04,PAY-102920,posted
INT-HISTORICAL-002921,2026-08-04T17:59:09,MRC_005,CUST-0169,PROC_A,card,GB,3315,USD,2026-08-04,PAY-102921,posted
INT-HISTORICAL-002922,2026-08-04T18:00:15,MRC_002,CUST-0231,PROC_B,card,US,11153,EUR,2026-08-04,PAY-102922,posted
INT-HISTORICAL-002923,2026-08-04T18:01:19,MRC_001,CUST-0293,PROC_A,ach,US,13856,USD,2026-08-04,PAY-102923,posted
INT-HISTORICAL-002924,2026-08-04T18:03:07,MRC_005,CUST-0169,PROC_C,card,US,10678,EUR,2026-08-04,PAY-102924,posted
INT-HISTORICAL-002925,2026-08-04T18:04:49,MRC_002,CUST-0192,PROC_A,ach,US,16580,EUR,2026-08-04,PAY-102925,posted
INT-HISTORICAL-002926,2026-08-04T18:07:49,MRC_002,CUST-0335,PROC_C,wire,US,43701,USD,2026-08-04,PAY-102926,posted
INT-HISTORICAL-002927,2026-08-04T18:08:36,MRC_002,CUST-0334,PROC_C,wallet,GB,10182,USD,2026-08-04,PAY-102927,posted
INT-HISTORICAL-002928,2026-08-04T18:09:14,MRC_003,CUST-0117,PROC_C,ach,US,26779,USD,2026-08-04,PAY-102928,posted
INT-HISTORICAL-002929,2026-08-04T18:10:22,MRC_003,CUST-0176,PROC_A,card,US,2642,USD,2026-08-04,PAY-102929,posted
INT-HISTORICAL-002930,2026-08-04T18:12:37,MRC_004,CUST-0098,PROC_B,wallet,GB,15514,USD,2026-08-04,PAY-102930,posted
INT-HISTORICAL-002931,2026-08-04T18:15:06,MRC_001,CUST-0373,PROC_A,ach,GB,36281,USD,2026-08-04,PAY-102931,posted
INT-HISTORICAL-002932,2026-08-04T18:16:58,MRC_003,CUST-0369,PROC_B,wire,US,6895,USD,2026-08-04,PAY-102932,posted
INT-HISTORICAL-002933,2026-08-04T18:18:49,MRC_001,CUST-0206,PROC_C,card,US,16470,USD,2026-08-04,PAY-102933,posted
INT-HISTORICAL-002934,2026-08-04T18:21:06,MRC_004,CUST-0079,PROC_C,wire,US,18754,USD,2026-08-04,PAY-102934,posted
INT-HISTORICAL-002935,2026-08-04T18:21:51,MRC_003,CUST-0025,PROC_C,card,US,22799,USD,2026-08-04,PAY-102935,posted
INT-HISTORICAL-002936,2026-08-04T18:22:25,MRC_005,CUST-0099,PROC_A,card,US,15282,USD,2026-08-04,PAY-102936,posted
INT-HISTORICAL-002937,2026-08-04T18:23:04,MRC_004,CUST-0022,PROC_B,ach,GB,57282,USD,2026-08-04,PAY-102937,posted
INT-HISTORICAL-002938,2026-08-04T18:23:49,MRC_005,CUST-0127,PROC_C,wire,US,26451,GBP,2026-08-04,PAY-102938,posted
INT-HISTORICAL-002939,2026-08-04T18:25:58,MRC_002,CUST-0051,PROC_C,wallet,US,32385,USD,2026-08-04,PAY-102939,posted
INT-HISTORICAL-002940,2026-08-04T18:27:31,MRC_004,CUST-0304,PROC_B,card,US,9651,USD,2026-08-04,PAY-102940,posted
INT-HISTORICAL-002941,2026-08-04T18:28:19,MRC_003,CUST-0120,PROC_B,ach,US,10397,USD,2026-08-04,PAY-102941,posted
INT-HISTORICAL-002942,2026-08-04T18:29:38,MRC_004,CUST-0248,PROC_C,ach,GB,20481,EUR,2026-08-04,PAY-102942,posted
INT-HISTORICAL-002943,2026-08-04T18:32:08,MRC_004,CUST-0160,PROC_B,wallet,DE,65129,USD,2026-08-04,PAY-102943,posted
INT-HISTORICAL-002944,2026-08-04T18:33:38,MRC_005,CUST-0070,PROC_B,card,CA,16751,GBP,2026-08-04,PAY-102944,posted
INT-HISTORICAL-002945,2026-08-04T18:34:10,MRC_005,CUST-0160,PROC_B,wire,US,48389,USD,2026-08-04,PAY-102945,posted
INT-HISTORICAL-002946,2026-08-04T18:35:56,MRC_002,CUST-0359,PROC_A,card,GB,19198,EUR,2026-08-04,PAY-102946,posted
INT-HISTORICAL-002947,2026-08-04T18:37:26,MRC_003,CUST-0083,PROC_B,wire,CA,2174,USD,2026-08-04,PAY-102947,posted
INT-HISTORICAL-002948,2026-08-04T18:38:18,MRC_003,CUST-0318,PROC_B,wire,DE,14374,USD,2026-08-04,PAY-102948,posted
INT-HISTORICAL-002949,2026-08-04T18:40:16,MRC_003,CUST-0018,PROC_C,wire,CA,500,USD,2026-08-04,PAY-102949,posted
INT-HISTORICAL-002950,2026-08-04T18:42:53,MRC_005,CUST-0099,PROC_A,card,DE,13912,USD,2026-08-04,PAY-102950,posted
INT-HISTORICAL-002951,2026-08-04T18:43:15,MRC_002,CUST-0377,PROC_A,wire,GB,56048,USD,2026-08-04,PAY-102951,posted
INT-HISTORICAL-002952,2026-08-04T18:44:50,MRC_001,CUST-0271,PROC_B,ach,GB,5152,GBP,2026-08-04,PAY-102952,posted
INT-HISTORICAL-002953,2026-08-04T18:47:21,MRC_002,CUST-0053,PROC_B,wire,GB,4943,USD,2026-08-04,PAY-102953,posted
INT-HISTORICAL-002954,2026-08-04T18:48:21,MRC_004,CUST-0207,PROC_B,wallet,US,14605,USD,2026-08-04,PAY-102954,posted
INT-HISTORICAL-002955,2026-08-04T18:51:12,MRC_005,CUST-0054,PROC_C,wire,US,6577,USD,2026-08-04,PAY-102955,posted
INT-HISTORICAL-002956,2026-08-04T18:53:20,MRC_002,CUST-0075,PROC_B,card,US,16511,GBP,2026-08-04,PAY-102956,posted
INT-HISTORICAL-002957,2026-08-04T18:54:17,MRC_002,CUST-0266,PROC_B,card,US,13413,EUR,2026-08-04,PAY-102957,posted
INT-HISTORICAL-002958,2026-08-04T18:57:07,MRC_003,CUST-0069,PROC_C,wallet,US,17654,GBP,2026-08-04,PAY-102958,posted
INT-HISTORICAL-002959,2026-08-04T18:58:47,MRC_004,CUST-0365,PROC_B,wire,US,3170,USD,2026-08-04,PAY-102959,posted
INT-HISTORICAL-002960,2026-08-04T19:01:04,MRC_005,CUST-0352,PROC_B,card,GB,64785,GBP,2026-08-04,PAY-102960,posted
INT-HISTORICAL-002961,2026-08-04T19:03:20,MRC_002,CUST-0159,PROC_B,wallet,DE,7114,USD,2026-08-04,PAY-102961,posted
INT-HISTORICAL-002962,2026-08-04T19:05:46,MRC_001,CUST-0087,PROC_B,card,US,4192,USD,2026-08-04,PAY-102962,posted
INT-HISTORICAL-002963,2026-08-04T19:07:12,MRC_004,CUST-0368,PROC_A,wire,US,5038,USD,2026-08-04,PAY-102963,posted
INT-HISTORICAL-002964,2026-08-04T19:10:11,MRC_005,CUST-0100,PROC_C,wallet,US,13290,USD,2026-08-04,PAY-102964,posted
INT-HISTORICAL-002965,2026-08-04T19:11:18,MRC_004,CUST-0347,PROC_C,wire,US,15358,USD,2026-08-04,PAY-102965,posted
INT-HISTORICAL-002966,2026-08-04T19:13:45,MRC_003,CUST-0383,PROC_C,wallet,US,24091,USD,2026-08-04,PAY-102966,posted
INT-HISTORICAL-002967,2026-08-04T19:14:12,MRC_004,CUST-0167,PROC_C,ach,DE,14708,USD,2026-08-04,PAY-102967,posted
INT-HISTORICAL-002968,2026-08-04T19:14:56,MRC_005,CUST-0085,PROC_C,card,GB,89774,GBP,2026-08-04,PAY-102968,posted
INT-HISTORICAL-002969,2026-08-04T19:17:09,MRC_002,CUST-0114,PROC_B,ach,US,6695,USD,2026-08-04,PAY-102969,posted
INT-HISTORICAL-002970,2026-08-04T19:17:51,MRC_001,CUST-0347,PROC_A,ach,US,9469,EUR,2026-08-04,PAY-102970,posted
INT-HISTORICAL-002971,2026-08-04T19:18:48,MRC_005,CUST-0084,PROC_B,ach,DE,6286,EUR,2026-08-04,PAY-102971,posted
INT-HISTORICAL-002972,2026-08-04T19:20:14,MRC_002,CUST-0098,PROC_B,ach,US,16798,USD,2026-08-04,PAY-102972,posted
INT-HISTORICAL-002973,2026-08-04T19:22:24,MRC_005,CUST-0044,PROC_B,wallet,DE,17013,USD,2026-08-04,PAY-102973,posted
INT-HISTORICAL-002974,2026-08-04T19:25:07,MRC_005,CUST-0262,PROC_B,wallet,US,34819,USD,2026-08-04,PAY-102974,posted
INT-HISTORICAL-002975,2026-08-04T19:27:43,MRC_002,CUST-0327,PROC_B,wire,US,61966,USD,2026-08-04,PAY-102975,posted
INT-HISTORICAL-002976,2026-08-04T19:29:33,MRC_004,CUST-0186,PROC_A,wire,CA,25779,USD,2026-08-04,PAY-102976,posted
INT-HISTORICAL-002977,2026-08-04T19:32:09,MRC_001,CUST-0127,PROC_A,ach,CA,6565,EUR,2026-08-04,PAY-102977,posted
INT-HISTORICAL-002978,2026-08-04T19:33:54,MRC_003,CUST-0171,PROC_C,wire,US,3837,USD,2026-08-04,PAY-102978,posted
INT-HISTORICAL-002979,2026-08-04T19:34:33,MRC_004,CUST-0181,PROC_C,ach,CA,37706,USD,2026-08-04,PAY-102979,posted
INT-HISTORICAL-002980,2026-08-04T19:35:14,MRC_002,CUST-0086,PROC_C,wire,US,9017,USD,2026-08-04,PAY-102980,posted
INT-HISTORICAL-002981,2026-08-04T19:36:51,MRC_001,CUST-0109,PROC_A,ach,CA,3896,USD,2026-08-04,PAY-102981,posted
INT-HISTORICAL-002982,2026-08-04T19:37:44,MRC_003,CUST-0257,PROC_C,ach,CA,6797,USD,2026-08-04,PAY-102982,posted
INT-HISTORICAL-002983,2026-08-04T19:40:19,MRC_005,CUST-0210,PROC_B,card,US,19847,USD,2026-08-04,PAY-102983,posted
INT-HISTORICAL-002984,2026-08-04T19:42:46,MRC_001,CUST-0063,PROC_B,ach,US,3312,GBP,2026-08-04,PAY-102984,posted
INT-HISTORICAL-002985,2026-08-04T19:45:19,MRC_004,CUST-0069,PROC_A,wallet,DE,18871,GBP,2026-08-04,PAY-102985,posted
INT-HISTORICAL-002986,2026-08-04T19:47:32,MRC_005,CUST-0221,PROC_C,wallet,US,3870,EUR,2026-08-04,PAY-102986,posted
INT-HISTORICAL-002987,2026-08-04T19:50:22,MRC_001,CUST-0034,PROC_B,card,CA,13191,GBP,2026-08-04,PAY-102987,posted
INT-HISTORICAL-002988,2026-08-04T19:52:24,MRC_001,CUST-0375,PROC_A,wallet,US,7315,USD,2026-08-04,PAY-102988,posted
INT-HISTORICAL-002989,2026-08-04T19:53:28,MRC_001,CUST-0355,PROC_C,wallet,US,2555,USD,2026-08-04,PAY-102989,posted
INT-HISTORICAL-002990,2026-08-04T19:56:08,MRC_001,CUST-0281,PROC_C,wallet,US,48275,USD,2026-08-04,PAY-102990,posted
INT-HISTORICAL-002991,2026-08-04T19:57:42,MRC_001,CUST-0277,PROC_A,wallet,DE,35454,USD,2026-08-04,PAY-102991,posted
INT-HISTORICAL-002992,2026-08-04T20:00:35,MRC_002,CUST-0387,PROC_C,wallet,CA,8334,USD,2026-08-04,PAY-102992,posted
INT-HISTORICAL-002993,2026-08-04T20:02:46,MRC_004,CUST-0154,PROC_B,card,GB,19343,EUR,2026-08-04,PAY-102993,posted
INT-HISTORICAL-002994,2026-08-04T20:04:29,MRC_002,CUST-0249,PROC_B,ach,CA,13727,GBP,2026-08-04,PAY-102994,posted
INT-HISTORICAL-002995,2026-08-04T20:07:26,MRC_003,CUST-0362,PROC_A,ach,US,2573,USD,2026-08-04,PAY-102995,posted
INT-HISTORICAL-002996,2026-08-04T20:09:54,MRC_004,CUST-0163,PROC_B,ach,GB,11673,USD,2026-08-04,PAY-102996,posted
INT-HISTORICAL-002997,2026-08-04T20:11:44,MRC_001,CUST-0375,PROC_A,ach,US,10397,USD,2026-08-04,PAY-102997,posted
INT-HISTORICAL-002998,2026-08-04T20:12:25,MRC_002,CUST-0268,PROC_B,card,US,14755,USD,2026-08-04,PAY-102998,posted
INT-HISTORICAL-002999,2026-08-04T20:14:51,MRC_001,CUST-0205,PROC_A,wire,US,16905,GBP,2026-08-04,PAY-102999,posted
INT-HISTORICAL-003000,2026-08-04T20:16:44,MRC_003,CUST-0078,PROC_B,card,US,7262,USD,2026-08-04,PAY-103000,posted
INT-HISTORICAL-003001,2026-08-04T20:19:25,MRC_004,CUST-0225,PROC_C,card,US,15590,USD,2026-08-04,PAY-103001,posted
INT-HISTORICAL-003002,2026-08-04T20:21:49,MRC_004,CUST-0063,PROC_B,ach,DE,3628,USD,2026-08-04,PAY-103002,posted
INT-HISTORICAL-003003,2026-08-04T20:23:35,MRC_003,CUST-0148,PROC_A,card,US,19087,EUR,2026-08-04,PAY-103003,posted
INT-HISTORICAL-003004,2026-08-04T20:25:06,MRC_002,CUST-0282,PROC_C,wire,US,13365,USD,2026-08-04,PAY-103004,posted
INT-HISTORICAL-003005,2026-08-04T20:26:05,MRC_002,CUST-0219,PROC_B,ach,US,8958,USD,2026-08-04,PAY-103005,posted
INT-HISTORICAL-003006,2026-08-04T20:27:16,MRC_001,CUST-0182,PROC_B,card,US,28479,USD,2026-08-04,PAY-103006,posted
INT-HISTORICAL-003007,2026-08-04T20:28:08,MRC_003,CUST-0363,PROC_B,ach,US,17172,USD,2026-08-04,PAY-103007,posted
INT-HISTORICAL-003008,2026-08-04T20:29:55,MRC_004,CUST-0328,PROC_B,card,US,5493,USD,2026-08-04,PAY-103008,posted
INT-HISTORICAL-003009,2026-08-04T20:30:36,MRC_001,CUST-0191,PROC_A,wire,US,20995,USD,2026-08-04,PAY-103009,posted
INT-HISTORICAL-003010,2026-08-04T20:33:15,MRC_005,CUST-0067,PROC_C,ach,GB,22832,EUR,2026-08-04,PAY-103010,posted
INT-HISTORICAL-003011,2026-08-04T20:35:18,MRC_003,CUST-0067,PROC_C,wallet,US,15600,GBP,2026-08-04,PAY-103011,posted
INT-HISTORICAL-003012,2026-08-04T20:38:05,MRC_003,CUST-0147,PROC_A,wallet,DE,9142,USD,2026-08-04,PAY-103012,posted
INT-HISTORICAL-003013,2026-08-04T20:39:29,MRC_002,CUST-0184,PROC_A,card,DE,37297,GBP,2026-08-04,PAY-103013,posted
INT-HISTORICAL-003014,2026-08-04T20:40:01,MRC_004,CUST-0133,PROC_B,card,US,13474,USD,2026-08-04,PAY-103014,posted
INT-HISTORICAL-003015,2026-08-04T20:42:20,MRC_005,CUST-0326,PROC_C,ach,CA,8350,USD,2026-08-04,PAY-103015,posted
INT-HISTORICAL-003016,2026-08-04T20:44:18,MRC_004,CUST-0264,PROC_C,card,DE,11546,GBP,2026-08-04,PAY-103016,posted
INT-HISTORICAL-003017,2026-08-04T20:46:45,MRC_003,CUST-0387,PROC_B,wire,US,3713,USD,2026-08-04,PAY-103017,posted
INT-HISTORICAL-003018,2026-08-04T20:49:12,MRC_005,CUST-0214,PROC_B,wire,CA,13824,USD,2026-08-04,PAY-103018,posted
INT-HISTORICAL-003019,2026-08-04T20:51:02,MRC_005,CUST-0181,PROC_B,wire,GB,37980,EUR,2026-08-04,PAY-103019,posted
INT-HISTORICAL-003020,2026-08-04T20:52:20,MRC_003,CUST-0260,PROC_B,card,GB,4499,USD,2026-08-04,PAY-103020,posted
INT-HISTORICAL-003021,2026-08-04T20:54:14,MRC_004,CUST-0310,PROC_A,card,GB,29233,USD,2026-08-04,PAY-103021,posted
INT-HISTORICAL-003022,2026-08-04T20:56:40,MRC_002,CUST-0315,PROC_C,wallet,US,9199,USD,2026-08-04,PAY-103022,posted
INT-HISTORICAL-003023,2026-08-04T20:57:35,MRC_003,CUST-0359,PROC_C,ach,US,5479,USD,2026-08-04,PAY-103023,posted
INT-HISTORICAL-003024,2026-08-04T20:59:38,MRC_004,CUST-0013,PROC_C,card,US,5445,GBP,2026-08-04,PAY-103024,posted
INT-HISTORICAL-003025,2026-08-04T21:02:15,MRC_001,CUST-0297,PROC_C,wire,CA,4715,USD,2026-08-04,PAY-103025,posted
INT-HISTORICAL-003026,2026-08-04T21:03:30,MRC_002,CUST-0144,PROC_C,card,US,47922,USD,2026-08-04,PAY-103026,posted
INT-HISTORICAL-003027,2026-08-04T21:04:15,MRC_003,CUST-0373,PROC_A,card,US,8420,USD,2026-08-04,PAY-103027,posted
INT-HISTORICAL-003028,2026-08-04T21:06:50,MRC_005,CUST-0001,PROC_B,wallet,DE,24113,USD,2026-08-04,PAY-103028,posted
INT-HISTORICAL-003029,2026-08-04T21:07:24,MRC_005,CUST-0301,PROC_B,wallet,DE,29991,USD,2026-08-04,PAY-103029,posted
INT-HISTORICAL-003030,2026-08-04T21:09:48,MRC_004,CUST-0333,PROC_B,wallet,CA,3090,USD,2026-08-04,PAY-103030,posted
INT-HISTORICAL-003031,2026-08-04T21:12:24,MRC_005,CUST-0277,PROC_A,card,US,16140,EUR,2026-08-04,PAY-103031,posted
INT-HISTORICAL-003032,2026-08-04T21:13:09,MRC_001,CUST-0275,PROC_A,wire,GB,3522,USD,2026-08-04,PAY-103032,posted
INT-HISTORICAL-003033,2026-08-04T21:14:58,MRC_004,CUST-0261,PROC_C,ach,US,7039,USD,2026-08-04,PAY-103033,posted
INT-HISTORICAL-003034,2026-08-04T21:17:58,MRC_002,CUST-0225,PROC_C,wire,US,13088,GBP,2026-08-04,PAY-103034,posted
INT-HISTORICAL-003035,2026-08-04T21:20:23,MRC_005,CUST-0023,PROC_C,ach,US,5500,USD,2026-08-04,PAY-103035,posted
INT-HISTORICAL-003036,2026-08-04T21:20:52,MRC_002,CUST-0182,PROC_C,wire,US,8055,USD,2026-08-04,PAY-103036,posted
INT-HISTORICAL-003037,2026-08-04T21:21:49,MRC_002,CUST-0197,PROC_A,wire,CA,35579,USD,2026-08-04,PAY-103037,posted
INT-HISTORICAL-003038,2026-08-04T21:23:55,MRC_002,CUST-0298,PROC_C,wallet,GB,5482,USD,2026-08-04,PAY-103038,posted
INT-HISTORICAL-003039,2026-08-04T21:25:40,MRC_002,CUST-0378,PROC_B,wallet,US,30636,GBP,2026-08-04,PAY-103039,posted
INT-HISTORICAL-003040,2026-08-04T21:27:45,MRC_003,CUST-0088,PROC_C,ach,DE,3234,USD,2026-08-04,PAY-103040,posted
INT-HISTORICAL-003041,2026-08-04T21:28:10,MRC_005,CUST-0051,PROC_A,wallet,GB,7821,GBP,2026-08-04,PAY-103041,posted
INT-HISTORICAL-003042,2026-08-04T21:30:10,MRC_001,CUST-0052,PROC_B,ach,CA,28105,USD,2026-08-04,PAY-103042,posted
INT-HISTORICAL-003043,2026-08-04T21:31:14,MRC_003,CUST-0185,PROC_B,card,US,12516,USD,2026-08-04,PAY-103043,posted
INT-HISTORICAL-003044,2026-08-04T21:34:02,MRC_001,CUST-0315,PROC_B,wire,US,10004,USD,2026-08-04,PAY-103044,posted
INT-HISTORICAL-003045,2026-08-04T21:34:38,MRC_002,CUST-0065,PROC_B,card,US,9615,GBP,2026-08-04,PAY-103045,posted
INT-HISTORICAL-003046,2026-08-04T21:35:05,MRC_004,CUST-0109,PROC_C,wallet,US,6303,USD,2026-08-04,PAY-103046,posted
INT-HISTORICAL-003047,2026-08-04T21:36:42,MRC_004,CUST-0347,PROC_B,wallet,US,25389,GBP,2026-08-04,PAY-103047,posted
INT-HISTORICAL-003048,2026-08-04T21:37:26,MRC_004,CUST-0191,PROC_C,card,GB,5803,EUR,2026-08-04,PAY-103048,posted
INT-HISTORICAL-003049,2026-08-04T21:39:41,MRC_003,CUST-0124,PROC_C,ach,US,54605,GBP,2026-08-04,PAY-103049,posted
INT-HISTORICAL-003050,2026-08-04T21:42:23,MRC_005,CUST-0229,PROC_B,ach,DE,10088,EUR,2026-08-04,PAY-103050,posted
INT-HISTORICAL-003051,2026-08-04T21:45:15,MRC_005,CUST-0211,PROC_B,card,CA,17925,EUR,2026-08-04,PAY-103051,posted
INT-HISTORICAL-003052,2026-08-04T21:46:44,MRC_002,CUST-0156,PROC_C,ach,US,18867,GBP,2026-08-04,PAY-103052,posted
INT-HISTORICAL-003053,2026-08-04T21:49:28,MRC_003,CUST-0109,PROC_B,card,DE,3268,USD,2026-08-04,PAY-103053,posted
INT-HISTORICAL-003054,2026-08-04T21:52:06,MRC_002,CUST-0272,PROC_A,ach,GB,32992,USD,2026-08-04,PAY-103054,posted
INT-HISTORICAL-003055,2026-08-04T21:52:40,MRC_004,CUST-0330,PROC_A,ach,US,38028,EUR,2026-08-04,PAY-103055,posted
INT-HISTORICAL-003056,2026-08-04T21:55:34,MRC_003,CUST-0385,PROC_B,card,US,2580,GBP,2026-08-04,PAY-103056,posted
INT-HISTORICAL-003057,2026-08-04T21:56:24,MRC_003,CUST-0083,PROC_A,card,CA,9419,EUR,2026-08-04,PAY-103057,posted
INT-HISTORICAL-003058,2026-08-04T21:56:44,MRC_005,CUST-0175,PROC_C,wallet,US,58147,EUR,2026-08-04,PAY-103058,posted
INT-HISTORICAL-003059,2026-08-04T21:57:24,MRC_003,CUST-0003,PROC_C,card,GB,47567,EUR,2026-08-04,PAY-103059,posted
INT-HISTORICAL-003060,2026-08-04T21:57:56,MRC_005,CUST-0027,PROC_B,card,CA,15967,GBP,2026-08-04,PAY-103060,posted
INT-HISTORICAL-003061,2026-08-04T21:58:29,MRC_001,CUST-0070,PROC_B,card,US,3676,EUR,2026-08-04,PAY-103061,posted
INT-HISTORICAL-003062,2026-08-04T21:59:43,MRC_003,CUST-0329,PROC_B,wallet,CA,38528,USD,2026-08-04,PAY-103062,posted
INT-HISTORICAL-003063,2026-08-04T22:02:04,MRC_004,CUST-0372,PROC_A,card,CA,10027,GBP,2026-08-04,PAY-103063,posted
INT-HISTORICAL-003064,2026-08-04T22:04:19,MRC_005,CUST-0179,PROC_C,ach,US,4430,USD,2026-08-04,PAY-103064,posted
INT-HISTORICAL-003065,2026-08-04T22:06:55,MRC_001,CUST-0389,PROC_A,card,GB,6204,USD,2026-08-04,PAY-103065,posted
INT-HISTORICAL-003066,2026-08-04T22:08:32,MRC_003,CUST-0208,PROC_B,ach,US,12289,EUR,2026-08-04,PAY-103066,posted
INT-HISTORICAL-003067,2026-08-04T22:09:11,MRC_002,CUST-0098,PROC_A,wallet,US,2037,USD,2026-08-04,PAY-103067,posted
INT-HISTORICAL-003068,2026-08-04T22:11:53,MRC_003,CUST-0349,PROC_A,card,CA,16174,EUR,2026-08-04,PAY-103068,posted
INT-HISTORICAL-003069,2026-08-04T22:13:42,MRC_004,CUST-0028,PROC_C,wire,DE,24367,USD,2026-08-04,PAY-103069,posted
INT-HISTORICAL-003070,2026-08-04T22:16:15,MRC_001,CUST-0161,PROC_A,wallet,CA,4699,GBP,2026-08-04,PAY-103070,posted
INT-HISTORICAL-003071,2026-08-04T22:18:39,MRC_003,CUST-0128,PROC_A,ach,CA,26636,USD,2026-08-04,PAY-103071,posted
INT-HISTORICAL-003072,2026-08-04T22:20:35,MRC_005,CUST-0077,PROC_C,card,GB,7363,GBP,2026-08-04,PAY-103072,posted
INT-HISTORICAL-003073,2026-08-04T22:22:27,MRC_003,CUST-0347,PROC_B,ach,GB,84424,USD,2026-08-04,PAY-103073,posted
INT-HISTORICAL-003074,2026-08-04T22:22:53,MRC_003,CUST-0181,PROC_B,card,GB,7706,USD,2026-08-04,PAY-103074,posted
INT-HISTORICAL-003075,2026-08-04T22:24:17,MRC_005,CUST-0205,PROC_A,wallet,US,47065,USD,2026-08-04,PAY-103075,posted
INT-HISTORICAL-003076,2026-08-04T22:26:57,MRC_001,CUST-0294,PROC_A,ach,US,27219,USD,2026-08-04,PAY-103076,posted
INT-HISTORICAL-003077,2026-08-04T22:27:44,MRC_002,CUST-0262,PROC_B,ach,US,8854,USD,2026-08-04,PAY-103077,posted
INT-HISTORICAL-003078,2026-08-04T22:29:50,MRC_003,CUST-0038,PROC_B,wire,DE,12998,EUR,2026-08-04,PAY-103078,posted
INT-HISTORICAL-003079,2026-08-04T22:31:28,MRC_005,CUST-0297,PROC_C,ach,US,30130,USD,2026-08-04,PAY-103079,posted
INT-HISTORICAL-003080,2026-08-04T22:32:33,MRC_001,CUST-0039,PROC_A,wallet,GB,5015,GBP,2026-08-04,PAY-103080,posted
INT-HISTORICAL-003081,2026-08-04T22:33:02,MRC_002,CUST-0179,PROC_B,ach,DE,14579,USD,2026-08-04,PAY-103081,posted
INT-HISTORICAL-003082,2026-08-04T22:34:42,MRC_001,CUST-0335,PROC_B,wallet,DE,5761,USD,2026-08-04,PAY-103082,posted
INT-HISTORICAL-003083,2026-08-04T22:36:56,MRC_004,CUST-0389,PROC_C,ach,US,6507,EUR,2026-08-04,PAY-103083,posted
INT-HISTORICAL-003084,2026-08-04T22:39:48,MRC_004,CUST-0074,PROC_C,card,GB,16615,USD,2026-08-04,PAY-103084,posted
INT-HISTORICAL-003085,2026-08-04T22:40:34,MRC_002,CUST-0129,PROC_C,wallet,US,15748,USD,2026-08-04,PAY-103085,posted
INT-HISTORICAL-003086,2026-08-04T22:42:51,MRC_001,CUST-0378,PROC_C,card,US,6093,USD,2026-08-04,PAY-103086,posted
INT-HISTORICAL-003087,2026-08-04T22:44:40,MRC_003,CUST-0280,PROC_C,ach,GB,13875,USD,2026-08-04,PAY-103087,posted
INT-HISTORICAL-003088,2026-08-04T22:45:53,MRC_001,CUST-0352,PROC_C,wallet,DE,7062,USD,2026-08-04,PAY-103088,posted
INT-HISTORICAL-003089,2026-08-04T22:46:15,MRC_003,CUST-0173,PROC_C,card,DE,56650,GBP,2026-08-04,PAY-103089,posted
INT-HISTORICAL-003090,2026-08-04T22:48:37,MRC_003,CUST-0035,PROC_A,wallet,CA,6490,USD,2026-08-04,PAY-103090,posted
INT-HISTORICAL-003091,2026-08-04T22:50:42,MRC_004,CUST-0350,PROC_C,card,DE,4441,USD,2026-08-04,PAY-103091,posted
INT-HISTORICAL-003092,2026-08-04T22:53:12,MRC_004,CUST-0247,PROC_A,wire,CA,4205,USD,2026-08-04,PAY-103092,posted
INT-HISTORICAL-003093,2026-08-04T22:53:52,MRC_001,CUST-0038,PROC_A,wallet,DE,28128,USD,2026-08-04,PAY-103093,posted
INT-HISTORICAL-003094,2026-08-04T22:55:32,MRC_002,CUST-0353,PROC_B,wire,US,57880,USD,2026-08-04,PAY-103094,posted
INT-HISTORICAL-003095,2026-08-04T22:57:07,MRC_002,CUST-0061,PROC_A,wire,GB,36303,USD,2026-08-04,PAY-103095,posted
INT-HISTORICAL-003096,2026-08-04T22:58:40,MRC_001,CUST-0123,PROC_A,wire,US,2646,USD,2026-08-04,PAY-103096,posted
INT-HISTORICAL-003097,2026-08-04T22:59:29,MRC_004,CUST-0243,PROC_C,card,DE,7812,GBP,2026-08-04,PAY-103097,posted
INT-HISTORICAL-003098,2026-08-04T23:02:27,MRC_005,CUST-0145,PROC_A,wire,CA,2143,USD,2026-08-04,PAY-103098,posted
INT-HISTORICAL-003099,2026-08-04T23:04:27,MRC_001,CUST-0368,PROC_C,wallet,GB,28245,EUR,2026-08-04,PAY-103099,posted
INT-HISTORICAL-003100,2026-08-04T23:06:46,MRC_002,CUST-0079,PROC_B,wallet,CA,3737,USD,2026-08-04,PAY-103100,posted
INT-HISTORICAL-003101,2026-08-04T23:09:06,MRC_002,CUST-0339,PROC_C,ach,GB,3606,USD,2026-08-04,PAY-103101,posted
INT-HISTORICAL-003102,2026-08-04T23:11:11,MRC_003,CUST-0307,PROC_A,wire,DE,29285,USD,2026-08-04,PAY-103102,posted
INT-HISTORICAL-003103,2026-08-04T23:13:04,MRC_003,CUST-0244,PROC_B,card,GB,5602,USD,2026-08-04,PAY-103103,posted
INT-HISTORICAL-003104,2026-08-04T23:15:11,MRC_005,CUST-0396,PROC_B,wire,DE,27655,USD,2026-08-04,PAY-103104,posted
INT-HISTORICAL-003105,2026-08-04T23:15:48,MRC_005,CUST-0074,PROC_C,wire,GB,37208,GBP,2026-08-04,PAY-103105,posted
INT-HISTORICAL-003106,2026-08-04T23:16:14,MRC_004,CUST-0125,PROC_A,card,US,16635,GBP,2026-08-04,PAY-103106,posted
INT-HISTORICAL-003107,2026-08-04T23:16:51,MRC_004,CUST-0224,PROC_C,ach,DE,25250,USD,2026-08-04,PAY-103107,posted
INT-HISTORICAL-003108,2026-08-04T23:18:09,MRC_001,CUST-0327,PROC_A,wire,CA,4271,USD,2026-08-04,PAY-103108,posted
INT-HISTORICAL-003109,2026-08-04T23:20:00,MRC_004,CUST-0327,PROC_C,wallet,DE,8773,USD,2026-08-04,PAY-103109,posted
INT-HISTORICAL-003110,2026-08-04T23:21:05,MRC_005,CUST-0171,PROC_C,card,DE,71919,USD,2026-08-04,PAY-103110,posted
INT-HISTORICAL-003111,2026-08-04T23:21:52,MRC_004,CUST-0058,PROC_A,card,US,13801,USD,2026-08-04,PAY-103111,posted
INT-HISTORICAL-003112,2026-08-04T23:24:50,MRC_001,CUST-0231,PROC_A,card,US,4513,EUR,2026-08-04,PAY-103112,posted
INT-HISTORICAL-003113,2026-08-04T23:26:48,MRC_004,CUST-0160,PROC_B,wire,US,8670,USD,2026-08-04,PAY-103113,posted
INT-HISTORICAL-003114,2026-08-04T23:28:03,MRC_005,CUST-0021,PROC_B,card,CA,4918,GBP,2026-08-04,PAY-103114,posted
INT-HISTORICAL-003115,2026-08-04T23:29:20,MRC_002,CUST-0211,PROC_C,wallet,US,23312,GBP,2026-08-04,PAY-103115,posted
INT-HISTORICAL-003116,2026-08-04T23:31:34,MRC_003,CUST-0243,PROC_C,ach,CA,17456,EUR,2026-08-04,PAY-103116,posted
INT-HISTORICAL-003117,2026-08-04T23:32:23,MRC_002,CUST-0317,PROC_B,wallet,US,13642,USD,2026-08-04,PAY-103117,posted
INT-HISTORICAL-003118,2026-08-04T23:35:20,MRC_003,CUST-0060,PROC_B,wire,DE,3505,USD,2026-08-04,PAY-103118,posted
INT-HISTORICAL-003119,2026-08-04T23:36:01,MRC_002,CUST-0163,PROC_A,ach,US,1903,USD,2026-08-04,PAY-103119,posted
INT-HISTORICAL-003120,2026-08-04T23:38:35,MRC_002,CUST-0386,PROC_A,ach,GB,21286,EUR,2026-08-04,PAY-103120,posted
INT-HISTORICAL-003121,2026-08-04T23:40:46,MRC_005,CUST-0105,PROC_B,wallet,CA,3298,USD,2026-08-04,PAY-103121,posted
INT-HISTORICAL-003122,2026-08-04T23:42:09,MRC_004,CUST-0155,PROC_A,wallet,US,27931,USD,2026-08-04,PAY-103122,posted
INT-HISTORICAL-003123,2026-08-04T23:44:17,MRC_003,CUST-0211,PROC_C,wallet,CA,34817,EUR,2026-08-04,PAY-103123,posted
INT-HISTORICAL-003124,2026-08-04T23:45:50,MRC_004,CUST-0073,PROC_A,ach,US,2526,USD,2026-08-04,PAY-103124,posted
INT-HISTORICAL-003125,2026-08-04T23:47:17,MRC_001,CUST-0006,PROC_C,wire,CA,8198,GBP,2026-08-04,PAY-103125,posted
INT-HISTORICAL-003126,2026-08-04T23:48:27,MRC_003,CUST-0153,PROC_A,wire,GB,2652,USD,2026-08-04,PAY-103126,posted
INT-HISTORICAL-003127,2026-08-04T23:48:51,MRC_004,CUST-0386,PROC_C,wallet,CA,18790,USD,2026-08-04,PAY-103127,posted
INT-HISTORICAL-003128,2026-08-04T23:49:57,MRC_003,CUST-0185,PROC_A,card,US,23799,USD,2026-08-04,PAY-103128,posted
INT-HISTORICAL-003129,2026-08-04T23:52:46,MRC_004,CUST-0309,PROC_B,wire,US,23308,USD,2026-08-04,PAY-103129,posted
INT-HISTORICAL-003130,2026-08-04T23:55:00,MRC_001,CUST-0169,PROC_B,card,US,5970,EUR,2026-08-04,PAY-103130,posted
INT-HISTORICAL-003131,2026-08-04T23:57:03,MRC_003,CUST-0147,PROC_A,wire,US,18343,USD,2026-08-04,PAY-103131,posted
INT-HISTORICAL-003132,2026-08-04T23:59:18,MRC_005,CUST-0214,PROC_A,wallet,GB,3128,USD,2026-08-04,PAY-103132,posted
INT-HISTORICAL-003133,2026-08-05T00:00:03,MRC_005,CUST-0205,PROC_B,card,CA,27260,GBP,2026-08-05,PAY-103133,posted
INT-HISTORICAL-003134,2026-08-05T00:02:01,MRC_001,CUST-0011,PROC_B,wire,US,11852,GBP,2026-08-05,PAY-103134,posted
INT-HISTORICAL-003135,2026-08-05T00:02:48,MRC_004,CUST-0113,PROC_B,wire,DE,5754,USD,2026-08-05,PAY-103135,posted
INT-HISTORICAL-003136,2026-08-05T00:03:59,MRC_004,CUST-0151,PROC_A,wire,US,1706,USD,2026-08-05,PAY-103136,posted
INT-HISTORICAL-003137,2026-08-05T00:05:51,MRC_002,CUST-0215,PROC_C,wallet,US,25042,GBP,2026-08-05,PAY-103137,posted
INT-HISTORICAL-003138,2026-08-05T00:08:45,MRC_003,CUST-0212,PROC_B,ach,US,6298,GBP,2026-08-05,PAY-103138,posted
INT-HISTORICAL-003139,2026-08-05T00:11:26,MRC_004,CUST-0116,PROC_A,card,US,18113,EUR,2026-08-05,PAY-103139,posted
INT-HISTORICAL-003140,2026-08-05T00:12:51,MRC_001,CUST-0187,PROC_C,wallet,GB,11495,EUR,2026-08-05,PAY-103140,posted
INT-HISTORICAL-003141,2026-08-05T00:14:59,MRC_004,CUST-0257,PROC_B,ach,US,2992,EUR,2026-08-05,PAY-103141,posted
INT-HISTORICAL-003142,2026-08-05T00:17:02,MRC_002,CUST-0157,PROC_B,wallet,US,4913,USD,2026-08-05,PAY-103142,posted
INT-HISTORICAL-003143,2026-08-05T00:19:58,MRC_005,CUST-0162,PROC_A,ach,US,7973,USD,2026-08-05,PAY-103143,posted
INT-HISTORICAL-003144,2026-08-05T00:21:14,MRC_004,CUST-0015,PROC_A,ach,GB,13463,GBP,2026-08-05,PAY-103144,posted
INT-HISTORICAL-003145,2026-08-05T00:22:42,MRC_003,CUST-0127,PROC_A,wallet,US,5136,EUR,2026-08-05,PAY-103145,posted
INT-HISTORICAL-003146,2026-08-05T00:25:21,MRC_002,CUST-0320,PROC_C,card,DE,9875,USD,2026-08-05,PAY-103146,posted
INT-HISTORICAL-003147,2026-08-05T00:26:44,MRC_003,CUST-0207,PROC_B,wallet,US,7277,GBP,2026-08-05,PAY-103147,posted
INT-HISTORICAL-003148,2026-08-05T00:27:30,MRC_003,CUST-0043,PROC_B,wire,DE,10561,USD,2026-08-05,PAY-103148,posted
INT-HISTORICAL-003149,2026-08-05T00:29:29,MRC_002,CUST-0010,PROC_B,ach,CA,6485,USD,2026-08-05,PAY-103149,posted
INT-HISTORICAL-003150,2026-08-05T00:31:37,MRC_002,CUST-0168,PROC_B,ach,GB,21802,USD,2026-08-05,PAY-103150,posted
INT-HISTORICAL-003151,2026-08-05T00:34:18,MRC_002,CUST-0378,PROC_B,card,US,21550,USD,2026-08-05,PAY-103151,posted
INT-HISTORICAL-003152,2026-08-05T00:35:03,MRC_003,CUST-0315,PROC_B,ach,US,36836,USD,2026-08-05,PAY-103152,posted
INT-HISTORICAL-003153,2026-08-05T00:36:56,MRC_001,CUST-0189,PROC_B,wallet,US,12989,GBP,2026-08-05,PAY-103153,posted
INT-HISTORICAL-003154,2026-08-05T00:39:08,MRC_003,CUST-0088,PROC_A,wallet,US,34492,USD,2026-08-05,PAY-103154,posted
INT-HISTORICAL-003155,2026-08-05T00:40:53,MRC_001,CUST-0380,PROC_A,card,US,10601,USD,2026-08-05,PAY-103155,posted
INT-HISTORICAL-003156,2026-08-05T00:43:13,MRC_001,CUST-0319,PROC_C,ach,US,31097,EUR,2026-08-05,PAY-103156,posted
INT-HISTORICAL-003157,2026-08-05T00:43:38,MRC_004,CUST-0097,PROC_C,card,US,2747,USD,2026-08-05,PAY-103157,posted
INT-HISTORICAL-003158,2026-08-05T00:45:43,MRC_002,CUST-0293,PROC_A,ach,US,18518,GBP,2026-08-05,PAY-103158,posted
INT-HISTORICAL-003159,2026-08-05T00:48:10,MRC_003,CUST-0104,PROC_A,card,GB,14428,USD,2026-08-05,PAY-103159,posted
INT-HISTORICAL-003160,2026-08-05T00:49:08,MRC_001,CUST-0213,PROC_A,card,US,955,USD,2026-08-05,PAY-103160,posted
INT-HISTORICAL-003161,2026-08-05T00:50:49,MRC_005,CUST-0205,PROC_C,card,DE,4678,USD,2026-08-05,PAY-103161,posted
INT-HISTORICAL-003162,2026-08-05T00:52:48,MRC_003,CUST-0123,PROC_B,card,US,25433,GBP,2026-08-05,PAY-103162,posted
INT-HISTORICAL-003163,2026-08-05T00:53:52,MRC_004,CUST-0162,PROC_C,ach,GB,15033,USD,2026-08-05,PAY-103163,posted
INT-HISTORICAL-003164,2026-08-05T00:55:09,MRC_005,CUST-0135,PROC_C,wire,US,38600,EUR,2026-08-05,PAY-103164,posted
INT-HISTORICAL-003165,2026-08-05T00:55:54,MRC_005,CUST-0217,PROC_A,ach,US,28936,USD,2026-08-05,PAY-103165,posted
INT-HISTORICAL-003166,2026-08-05T00:57:23,MRC_005,CUST-0080,PROC_A,card,US,9765,EUR,2026-08-05,PAY-103166,posted
INT-HISTORICAL-003167,2026-08-05T00:58:20,MRC_002,CUST-0234,PROC_B,wallet,CA,16232,USD,2026-08-05,PAY-103167,posted
INT-HISTORICAL-003168,2026-08-05T00:59:00,MRC_001,CUST-0324,PROC_A,wire,DE,8334,GBP,2026-08-05,PAY-103168,posted
INT-HISTORICAL-003169,2026-08-05T00:59:37,MRC_003,CUST-0270,PROC_B,ach,CA,12437,USD,2026-08-05,PAY-103169,posted
INT-HISTORICAL-003170,2026-08-05T01:00:39,MRC_001,CUST-0104,PROC_C,card,US,4979,USD,2026-08-05,PAY-103170,posted
INT-HISTORICAL-003171,2026-08-05T01:02:26,MRC_001,CUST-0179,PROC_A,wallet,GB,47220,USD,2026-08-05,PAY-103171,posted
INT-HISTORICAL-003172,2026-08-05T01:05:26,MRC_001,CUST-0039,PROC_A,wire,US,20304,USD,2026-08-05,PAY-103172,posted
INT-HISTORICAL-003173,2026-08-05T01:06:50,MRC_003,CUST-0285,PROC_C,wire,US,5050,USD,2026-08-05,PAY-103173,posted
INT-HISTORICAL-003174,2026-08-05T01:08:26,MRC_004,CUST-0080,PROC_C,ach,US,9891,USD,2026-08-05,PAY-103174,posted
INT-HISTORICAL-003175,2026-08-05T01:08:55,MRC_001,CUST-0125,PROC_C,wire,US,12607,EUR,2026-08-05,PAY-103175,posted
INT-HISTORICAL-003176,2026-08-05T01:09:38,MRC_001,CUST-0218,PROC_C,card,US,4358,GBP,2026-08-05,PAY-103176,posted
INT-HISTORICAL-003177,2026-08-05T01:10:32,MRC_001,CUST-0280,PROC_A,ach,US,7832,USD,2026-08-05,PAY-103177,posted
INT-HISTORICAL-003178,2026-08-05T01:12:11,MRC_003,CUST-0081,PROC_C,wire,US,9906,EUR,2026-08-05,PAY-103178,posted
INT-HISTORICAL-003179,2026-08-05T01:13:02,MRC_005,CUST-0280,PROC_B,wire,GB,5394,USD,2026-08-05,PAY-103179,posted
INT-HISTORICAL-003180,2026-08-05T01:15:20,MRC_001,CUST-0092,PROC_A,ach,US,19220,USD,2026-08-05,PAY-103180,posted
INT-HISTORICAL-003181,2026-08-05T01:17:54,MRC_002,CUST-0238,PROC_A,card,DE,23593,USD,2026-08-05,PAY-103181,posted
INT-HISTORICAL-003182,2026-08-05T01:19:19,MRC_004,CUST-0200,PROC_C,wallet,CA,33484,USD,2026-08-05,PAY-103182,posted
INT-HISTORICAL-003183,2026-08-05T01:21:45,MRC_002,CUST-0074,PROC_B,card,CA,20311,USD,2026-08-05,PAY-103183,posted
INT-HISTORICAL-003184,2026-08-05T01:22:56,MRC_002,CUST-0087,PROC_C,wallet,US,2222,USD,2026-08-05,PAY-103184,posted
INT-HISTORICAL-003185,2026-08-05T01:24:06,MRC_003,CUST-0173,PROC_C,card,US,7766,USD,2026-08-05,PAY-103185,posted
INT-HISTORICAL-003186,2026-08-05T01:26:52,MRC_003,CUST-0190,PROC_B,card,CA,4791,GBP,2026-08-05,PAY-103186,posted
INT-HISTORICAL-003187,2026-08-05T01:29:49,MRC_001,CUST-0029,PROC_C,wire,US,24103,GBP,2026-08-05,PAY-103187,posted
INT-HISTORICAL-003188,2026-08-05T01:31:03,MRC_003,CUST-0189,PROC_B,wallet,US,16240,GBP,2026-08-05,PAY-103188,posted
INT-HISTORICAL-003189,2026-08-05T01:33:56,MRC_003,CUST-0326,PROC_C,wallet,US,86939,USD,2026-08-05,PAY-103189,posted
INT-HISTORICAL-003190,2026-08-05T01:35:15,MRC_005,CUST-0299,PROC_A,card,US,13009,USD,2026-08-05,PAY-103190,posted
INT-HISTORICAL-003191,2026-08-05T01:36:15,MRC_002,CUST-0343,PROC_C,wire,GB,12511,USD,2026-08-05,PAY-103191,posted
INT-HISTORICAL-003192,2026-08-05T01:38:51,MRC_005,CUST-0213,PROC_C,card,CA,2119,USD,2026-08-05,PAY-103192,posted
INT-HISTORICAL-003193,2026-08-05T01:40:54,MRC_004,CUST-0016,PROC_B,wire,US,46900,GBP,2026-08-05,PAY-103193,posted
INT-HISTORICAL-003194,2026-08-05T01:43:36,MRC_001,CUST-0113,PROC_A,ach,US,19691,USD,2026-08-05,PAY-103194,posted
INT-HISTORICAL-003195,2026-08-05T01:46:29,MRC_003,CUST-0130,PROC_A,ach,CA,2840,EUR,2026-08-05,PAY-103195,posted
INT-HISTORICAL-003196,2026-08-05T01:49:25,MRC_004,CUST-0026,PROC_C,wallet,US,1931,USD,2026-08-05,PAY-103196,posted
INT-HISTORICAL-003197,2026-08-05T01:49:52,MRC_001,CUST-0399,PROC_B,card,CA,8399,USD,2026-08-05,PAY-103197,posted
INT-HISTORICAL-003198,2026-08-05T01:51:53,MRC_004,CUST-0210,PROC_A,ach,GB,3922,USD,2026-08-05,PAY-103198,posted
INT-HISTORICAL-003199,2026-08-05T01:52:55,MRC_003,CUST-0315,PROC_B,ach,GB,18037,USD,2026-08-05,PAY-103199,posted
INT-HISTORICAL-003200,2026-08-05T01:54:21,MRC_003,CUST-0043,PROC_B,wallet,DE,9671,USD,2026-08-05,PAY-103200,posted
INT-HISTORICAL-003201,2026-08-05T01:56:42,MRC_003,CUST-0072,PROC_C,wallet,CA,15961,USD,2026-08-05,PAY-103201,posted
INT-HISTORICAL-003202,2026-08-05T01:59:16,MRC_002,CUST-0384,PROC_B,wire,US,22633,USD,2026-08-05,PAY-103202,posted
INT-HISTORICAL-003203,2026-08-05T02:01:46,MRC_002,CUST-0166,PROC_A,wire,US,11156,GBP,2026-08-05,PAY-103203,posted
INT-HISTORICAL-003204,2026-08-05T02:02:31,MRC_001,CUST-0347,PROC_A,ach,GB,41953,EUR,2026-08-05,PAY-103204,posted
INT-HISTORICAL-003205,2026-08-05T02:04:34,MRC_001,CUST-0148,PROC_A,ach,US,10364,USD,2026-08-05,PAY-103205,posted
INT-HISTORICAL-003206,2026-08-05T02:07:09,MRC_005,CUST-0274,PROC_C,wire,DE,22149,USD,2026-08-05,PAY-103206,posted
INT-HISTORICAL-003207,2026-08-05T02:08:13,MRC_005,CUST-0116,PROC_B,wallet,GB,11221,USD,2026-08-05,PAY-103207,posted
INT-HISTORICAL-003208,2026-08-05T02:09:29,MRC_002,CUST-0343,PROC_C,wallet,US,74003,USD,2026-08-05,PAY-103208,posted
INT-HISTORICAL-003209,2026-08-05T02:12:06,MRC_001,CUST-0367,PROC_B,ach,CA,42794,EUR,2026-08-05,PAY-103209,posted
INT-HISTORICAL-003210,2026-08-05T02:13:05,MRC_001,CUST-0116,PROC_C,ach,US,3780,GBP,2026-08-05,PAY-103210,posted
INT-HISTORICAL-003211,2026-08-05T02:14:20,MRC_003,CUST-0271,PROC_A,card,DE,4193,EUR,2026-08-05,PAY-103211,posted
INT-HISTORICAL-003212,2026-08-05T02:14:45,MRC_004,CUST-0289,PROC_C,wallet,DE,23017,EUR,2026-08-05,PAY-103212,posted
INT-HISTORICAL-003213,2026-08-05T02:16:29,MRC_001,CUST-0113,PROC_B,card,CA,9647,USD,2026-08-05,PAY-103213,posted
INT-HISTORICAL-003214,2026-08-05T02:18:31,MRC_005,CUST-0132,PROC_A,wire,US,22875,USD,2026-08-05,PAY-103214,posted
INT-HISTORICAL-003215,2026-08-05T02:19:33,MRC_005,CUST-0226,PROC_C,wallet,US,8664,USD,2026-08-05,PAY-103215,posted
INT-HISTORICAL-003216,2026-08-05T02:21:27,MRC_002,CUST-0399,PROC_A,card,US,2437,GBP,2026-08-05,PAY-103216,posted
INT-HISTORICAL-003217,2026-08-05T02:23:57,MRC_005,CUST-0244,PROC_B,card,CA,6061,USD,2026-08-05,PAY-103217,posted
INT-HISTORICAL-003218,2026-08-05T02:24:27,MRC_002,CUST-0188,PROC_C,wire,US,21787,USD,2026-08-05,PAY-103218,posted
INT-HISTORICAL-003219,2026-08-05T02:25:36,MRC_003,CUST-0386,PROC_B,wire,GB,46592,EUR,2026-08-05,PAY-103219,posted
INT-HISTORICAL-003220,2026-08-05T02:26:21,MRC_004,CUST-0170,PROC_A,wallet,US,9239,USD,2026-08-05,PAY-103220,posted
INT-HISTORICAL-003221,2026-08-05T02:27:09,MRC_001,CUST-0117,PROC_A,wire,DE,37693,EUR,2026-08-05,PAY-103221,posted
INT-HISTORICAL-003222,2026-08-05T02:28:27,MRC_004,CUST-0227,PROC_B,ach,CA,2482,USD,2026-08-05,PAY-103222,posted
INT-HISTORICAL-003223,2026-08-05T02:31:18,MRC_004,CUST-0186,PROC_C,card,US,1381,USD,2026-08-05,PAY-103223,posted
INT-HISTORICAL-003224,2026-08-05T02:34:18,MRC_004,CUST-0222,PROC_C,ach,US,3604,USD,2026-08-05,PAY-103224,posted
INT-HISTORICAL-003225,2026-08-05T02:35:57,MRC_002,CUST-0289,PROC_B,card,US,8023,GBP,2026-08-05,PAY-103225,posted
INT-HISTORICAL-003226,2026-08-05T02:37:42,MRC_002,CUST-0104,PROC_B,wallet,CA,24103,USD,2026-08-05,PAY-103226,posted
INT-HISTORICAL-003227,2026-08-05T02:40:08,MRC_001,CUST-0391,PROC_A,wallet,GB,46657,EUR,2026-08-05,PAY-103227,posted
INT-HISTORICAL-003228,2026-08-05T02:40:43,MRC_003,CUST-0074,PROC_B,card,US,14310,EUR,2026-08-05,PAY-103228,posted
INT-HISTORICAL-003229,2026-08-05T02:41:35,MRC_001,CUST-0340,PROC_C,wire,CA,4077,USD,2026-08-05,PAY-103229,posted
INT-HISTORICAL-003230,2026-08-05T02:43:40,MRC_002,CUST-0223,PROC_A,wallet,US,6103,USD,2026-08-05,PAY-103230,posted
INT-HISTORICAL-003231,2026-08-05T02:45:30,MRC_004,CUST-0272,PROC_C,ach,US,3271,EUR,2026-08-05,PAY-103231,posted
INT-HISTORICAL-003232,2026-08-05T02:45:56,MRC_001,CUST-0230,PROC_A,card,CA,56711,USD,2026-08-05,PAY-103232,posted
INT-HISTORICAL-003233,2026-08-05T02:48:12,MRC_004,CUST-0192,PROC_A,ach,GB,28915,GBP,2026-08-05,PAY-103233,posted
INT-HISTORICAL-003234,2026-08-05T02:48:55,MRC_003,CUST-0053,PROC_B,ach,CA,8693,USD,2026-08-05,PAY-103234,posted
INT-HISTORICAL-003235,2026-08-05T02:49:15,MRC_001,CUST-0308,PROC_A,ach,GB,3713,EUR,2026-08-05,PAY-103235,posted
INT-HISTORICAL-003236,2026-08-05T02:50:12,MRC_005,CUST-0086,PROC_A,wallet,US,4250,GBP,2026-08-05,PAY-103236,posted
INT-HISTORICAL-003237,2026-08-05T02:51:25,MRC_002,CUST-0339,PROC_B,ach,DE,204512,GBP,2026-08-05,PAY-103237,posted
INT-HISTORICAL-003238,2026-08-05T02:51:59,MRC_001,CUST-0254,PROC_B,ach,US,31062,EUR,2026-08-05,PAY-103238,posted
INT-HISTORICAL-003239,2026-08-05T02:52:42,MRC_003,CUST-0064,PROC_C,wallet,US,19941,USD,2026-08-05,PAY-103239,posted
INT-HISTORICAL-003240,2026-08-05T02:55:23,MRC_002,CUST-0177,PROC_A,ach,US,17860,EUR,2026-08-05,PAY-103240,posted
INT-HISTORICAL-003241,2026-08-05T02:56:42,MRC_001,CUST-0356,PROC_A,wire,GB,9143,USD,2026-08-05,PAY-103241,posted
INT-HISTORICAL-003242,2026-08-05T02:57:09,MRC_004,CUST-0027,PROC_B,wire,DE,4886,USD,2026-08-05,PAY-103242,posted
INT-HISTORICAL-003243,2026-08-05T02:59:59,MRC_002,CUST-0076,PROC_B,wire,US,47636,USD,2026-08-05,PAY-103243,posted
INT-HISTORICAL-003244,2026-08-05T03:00:48,MRC_001,CUST-0152,PROC_A,wire,DE,21814,GBP,2026-08-05,PAY-103244,posted
INT-HISTORICAL-003245,2026-08-05T03:03:31,MRC_005,CUST-0279,PROC_A,wire,CA,5056,USD,2026-08-05,PAY-103245,posted
INT-HISTORICAL-003246,2026-08-05T03:06:29,MRC_001,CUST-0053,PROC_C,wire,CA,13060,GBP,2026-08-05,PAY-103246,posted
INT-HISTORICAL-003247,2026-08-05T03:07:59,MRC_003,CUST-0272,PROC_A,ach,US,10281,EUR,2026-08-05,PAY-103247,posted
INT-HISTORICAL-003248,2026-08-05T03:09:05,MRC_001,CUST-0004,PROC_C,card,US,13809,USD,2026-08-05,PAY-103248,posted
INT-HISTORICAL-003249,2026-08-05T03:09:42,MRC_003,CUST-0148,PROC_A,card,CA,9498,EUR,2026-08-05,PAY-103249,posted
INT-HISTORICAL-003250,2026-08-05T03:11:15,MRC_004,CUST-0214,PROC_B,card,US,5379,GBP,2026-08-05,PAY-103250,posted
INT-HISTORICAL-003251,2026-08-05T03:13:35,MRC_005,CUST-0110,PROC_B,card,CA,4831,USD,2026-08-05,PAY-103251,posted
INT-HISTORICAL-003252,2026-08-05T03:15:52,MRC_002,CUST-0110,PROC_B,ach,GB,10976,USD,2026-08-05,PAY-103252,posted
INT-HISTORICAL-003253,2026-08-05T03:17:26,MRC_004,CUST-0168,PROC_C,ach,CA,1659,USD,2026-08-05,PAY-103253,posted
INT-HISTORICAL-003254,2026-08-05T03:17:54,MRC_002,CUST-0109,PROC_C,ach,US,64955,USD,2026-08-05,PAY-103254,posted
INT-HISTORICAL-003255,2026-08-05T03:20:15,MRC_005,CUST-0076,PROC_C,card,US,32843,USD,2026-08-05,PAY-103255,posted
INT-HISTORICAL-003256,2026-08-05T03:22:08,MRC_002,CUST-0386,PROC_C,wallet,US,11446,EUR,2026-08-05,PAY-103256,posted
INT-HISTORICAL-003257,2026-08-05T03:24:37,MRC_002,CUST-0345,PROC_B,ach,GB,10620,GBP,2026-08-05,PAY-103257,posted
INT-HISTORICAL-003258,2026-08-05T03:26:07,MRC_002,CUST-0329,PROC_C,wallet,CA,208715,USD,2026-08-05,PAY-103258,posted
INT-HISTORICAL-003259,2026-08-05T03:26:51,MRC_005,CUST-0059,PROC_C,wallet,DE,7167,USD,2026-08-05,PAY-103259,posted
INT-HISTORICAL-003260,2026-08-05T03:27:23,MRC_005,CUST-0021,PROC_B,ach,GB,25466,USD,2026-08-05,PAY-103260,posted
INT-HISTORICAL-003261,2026-08-05T03:28:01,MRC_001,CUST-0080,PROC_C,wallet,DE,18097,USD,2026-08-05,PAY-103261,posted
INT-HISTORICAL-003262,2026-08-05T03:29:15,MRC_005,CUST-0219,PROC_A,ach,US,14967,EUR,2026-08-05,PAY-103262,posted
INT-HISTORICAL-003263,2026-08-05T03:30:14,MRC_005,CUST-0133,PROC_B,card,US,26997,EUR,2026-08-05,PAY-103263,posted
INT-HISTORICAL-003264,2026-08-05T03:30:58,MRC_002,CUST-0179,PROC_C,card,US,11939,USD,2026-08-05,PAY-103264,posted
INT-HISTORICAL-003265,2026-08-05T03:31:30,MRC_004,CUST-0103,PROC_B,ach,US,20785,USD,2026-08-05,PAY-103265,posted
INT-HISTORICAL-003266,2026-08-05T03:32:51,MRC_002,CUST-0164,PROC_C,ach,US,3397,EUR,2026-08-05,PAY-103266,posted
INT-HISTORICAL-003267,2026-08-05T03:35:43,MRC_002,CUST-0105,PROC_A,wallet,US,5901,USD,2026-08-05,PAY-103267,posted
INT-HISTORICAL-003268,2026-08-05T03:37:44,MRC_001,CUST-0323,PROC_B,wallet,CA,16294,EUR,2026-08-05,PAY-103268,posted
INT-HISTORICAL-003269,2026-08-05T03:38:08,MRC_001,CUST-0026,PROC_B,ach,DE,7536,USD,2026-08-05,PAY-103269,posted
INT-HISTORICAL-003270,2026-08-05T03:39:03,MRC_005,CUST-0312,PROC_A,ach,DE,15821,EUR,2026-08-05,PAY-103270,posted
INT-HISTORICAL-003271,2026-08-05T03:41:45,MRC_001,CUST-0252,PROC_C,card,GB,4517,GBP,2026-08-05,PAY-103271,posted
INT-HISTORICAL-003272,2026-08-05T03:44:01,MRC_002,CUST-0136,PROC_A,wallet,US,77801,EUR,2026-08-05,PAY-103272,posted
INT-HISTORICAL-003273,2026-08-05T03:46:47,MRC_005,CUST-0269,PROC_A,card,GB,13515,USD,2026-08-05,PAY-103273,posted
INT-HISTORICAL-003274,2026-08-05T03:48:25,MRC_001,CUST-0310,PROC_B,card,CA,2903,USD,2026-08-05,PAY-103274,posted
INT-HISTORICAL-003275,2026-08-05T03:49:50,MRC_004,CUST-0278,PROC_A,ach,GB,7556,USD,2026-08-05,PAY-103275,posted
INT-HISTORICAL-003276,2026-08-05T03:50:53,MRC_001,CUST-0205,PROC_B,ach,DE,4591,GBP,2026-08-05,PAY-103276,posted
INT-HISTORICAL-003277,2026-08-05T03:52:35,MRC_001,CUST-0343,PROC_A,wire,GB,4365,USD,2026-08-05,PAY-103277,posted
INT-HISTORICAL-003278,2026-08-05T03:55:32,MRC_005,CUST-0328,PROC_C,wire,GB,4569,USD,2026-08-05,PAY-103278,posted
INT-HISTORICAL-003279,2026-08-05T03:58:04,MRC_004,CUST-0366,PROC_B,ach,US,6688,GBP,2026-08-05,PAY-103279,posted
INT-HISTORICAL-003280,2026-08-05T04:00:39,MRC_001,CUST-0330,PROC_C,card,US,2654,USD,2026-08-05,PAY-103280,posted
INT-HISTORICAL-003281,2026-08-05T04:03:16,MRC_001,CUST-0136,PROC_C,card,DE,9099,GBP,2026-08-05,PAY-103281,posted
INT-HISTORICAL-003282,2026-08-05T04:05:42,MRC_002,CUST-0297,PROC_C,card,US,12400,USD,2026-08-05,PAY-103282,posted
INT-HISTORICAL-003283,2026-08-05T04:07:54,MRC_001,CUST-0014,PROC_C,wallet,US,20451,USD,2026-08-05,PAY-103283,posted
INT-HISTORICAL-003284,2026-08-05T04:09:01,MRC_003,CUST-0128,PROC_A,wallet,GB,9224,EUR,2026-08-05,PAY-103284,posted
INT-HISTORICAL-003285,2026-08-05T04:11:32,MRC_002,CUST-0374,PROC_B,card,US,12307,USD,2026-08-05,PAY-103285,posted
INT-HISTORICAL-003286,2026-08-05T04:14:17,MRC_004,CUST-0335,PROC_B,card,GB,9390,GBP,2026-08-05,PAY-103286,posted
INT-HISTORICAL-003287,2026-08-05T04:17:03,MRC_005,CUST-0054,PROC_C,wallet,CA,9824,GBP,2026-08-05,PAY-103287,posted
INT-HISTORICAL-003288,2026-08-05T04:17:44,MRC_003,CUST-0010,PROC_B,ach,DE,58119,USD,2026-08-05,PAY-103288,posted
INT-HISTORICAL-003289,2026-08-05T04:19:32,MRC_004,CUST-0292,PROC_C,ach,GB,11264,USD,2026-08-05,PAY-103289,posted
INT-HISTORICAL-003290,2026-08-05T04:22:11,MRC_001,CUST-0281,PROC_B,card,CA,17290,USD,2026-08-05,PAY-103290,posted
INT-HISTORICAL-003291,2026-08-05T04:25:00,MRC_003,CUST-0264,PROC_B,ach,GB,25825,USD,2026-08-05,PAY-103291,posted
INT-HISTORICAL-003292,2026-08-05T04:26:18,MRC_001,CUST-0032,PROC_B,card,US,3175,USD,2026-08-05,PAY-103292,posted
INT-HISTORICAL-003293,2026-08-05T04:28:58,MRC_005,CUST-0214,PROC_A,ach,US,18723,GBP,2026-08-05,PAY-103293,posted
INT-HISTORICAL-003294,2026-08-05T04:31:11,MRC_004,CUST-0131,PROC_C,wallet,US,1233,USD,2026-08-05,PAY-103294,posted
INT-HISTORICAL-003295,2026-08-05T04:33:47,MRC_002,CUST-0232,PROC_B,wire,US,4424,USD,2026-08-05,PAY-103295,posted
INT-HISTORICAL-003296,2026-08-05T04:36:23,MRC_002,CUST-0158,PROC_C,ach,US,5321,USD,2026-08-05,PAY-103296,posted
INT-HISTORICAL-003297,2026-08-05T04:38:43,MRC_005,CUST-0022,PROC_B,ach,CA,24705,GBP,2026-08-05,PAY-103297,posted
INT-HISTORICAL-003298,2026-08-05T04:41:36,MRC_001,CUST-0306,PROC_A,ach,US,3624,USD,2026-08-05,PAY-103298,posted
INT-HISTORICAL-003299,2026-08-05T04:43:27,MRC_004,CUST-0066,PROC_C,card,DE,7870,USD,2026-08-05,PAY-103299,posted
INT-HISTORICAL-003300,2026-08-05T04:44:16,MRC_002,CUST-0327,PROC_B,card,GB,15083,USD,2026-08-05,PAY-103300,posted
INT-HISTORICAL-003301,2026-08-05T04:46:00,MRC_004,CUST-0103,PROC_A,card,US,14561,GBP,2026-08-05,PAY-103301,posted
INT-HISTORICAL-003302,2026-08-05T04:46:56,MRC_004,CUST-0378,PROC_C,card,US,4305,EUR,2026-08-05,PAY-103302,posted
INT-HISTORICAL-003303,2026-08-05T04:47:56,MRC_005,CUST-0173,PROC_A,wallet,DE,5941,GBP,2026-08-05,PAY-103303,posted
INT-HISTORICAL-003304,2026-08-05T04:50:46,MRC_002,CUST-0001,PROC_B,ach,US,39468,USD,2026-08-05,PAY-103304,posted
INT-HISTORICAL-003305,2026-08-05T04:53:22,MRC_003,CUST-0386,PROC_B,ach,GB,2655,USD,2026-08-05,PAY-103305,posted
INT-HISTORICAL-003306,2026-08-05T04:55:35,MRC_001,CUST-0301,PROC_A,card,US,35864,USD,2026-08-05,PAY-103306,posted
INT-HISTORICAL-003307,2026-08-05T04:57:06,MRC_003,CUST-0357,PROC_C,ach,DE,16151,USD,2026-08-05,PAY-103307,posted
INT-HISTORICAL-003308,2026-08-05T04:59:24,MRC_003,CUST-0336,PROC_C,ach,CA,39870,USD,2026-08-05,PAY-103308,posted
INT-HISTORICAL-003309,2026-08-05T05:00:31,MRC_001,CUST-0341,PROC_C,card,GB,4107,USD,2026-08-05,PAY-103309,posted
INT-HISTORICAL-003310,2026-08-05T05:01:48,MRC_005,CUST-0287,PROC_A,wallet,US,4145,EUR,2026-08-05,PAY-103310,posted
INT-HISTORICAL-003311,2026-08-05T05:04:35,MRC_005,CUST-0368,PROC_C,wire,US,34956,EUR,2026-08-05,PAY-103311,posted
INT-HISTORICAL-003312,2026-08-05T05:05:17,MRC_003,CUST-0063,PROC_A,card,DE,3971,USD,2026-08-05,PAY-103312,posted
INT-HISTORICAL-003313,2026-08-05T05:06:39,MRC_002,CUST-0390,PROC_C,wallet,GB,49877,USD,2026-08-05,PAY-103313,posted
INT-HISTORICAL-003314,2026-08-05T05:09:32,MRC_002,CUST-0283,PROC_A,wire,US,5068,USD,2026-08-05,PAY-103314,posted
INT-HISTORICAL-003315,2026-08-05T05:12:12,MRC_001,CUST-0169,PROC_A,wire,US,48934,GBP,2026-08-05,PAY-103315,posted
INT-HISTORICAL-003316,2026-08-05T05:13:43,MRC_004,CUST-0366,PROC_C,ach,GB,3619,USD,2026-08-05,PAY-103316,posted
INT-HISTORICAL-003317,2026-08-05T05:16:26,MRC_002,CUST-0097,PROC_B,wire,CA,30232,EUR,2026-08-05,PAY-103317,posted
INT-HISTORICAL-003318,2026-08-05T05:17:34,MRC_004,CUST-0033,PROC_C,wire,CA,11797,EUR,2026-08-05,PAY-103318,posted
INT-HISTORICAL-003319,2026-08-05T05:17:56,MRC_004,CUST-0326,PROC_A,wire,CA,37494,GBP,2026-08-05,PAY-103319,posted
INT-HISTORICAL-003320,2026-08-05T05:19:13,MRC_003,CUST-0310,PROC_A,card,US,35441,USD,2026-08-05,PAY-103320,posted
INT-HISTORICAL-003321,2026-08-05T05:20:21,MRC_005,CUST-0399,PROC_A,wallet,US,3692,USD,2026-08-05,PAY-103321,posted
INT-HISTORICAL-003322,2026-08-05T05:23:21,MRC_004,CUST-0249,PROC_B,card,US,7088,USD,2026-08-05,PAY-103322,posted
INT-HISTORICAL-003323,2026-08-05T05:24:59,MRC_004,CUST-0146,PROC_C,ach,US,2964,USD,2026-08-05,PAY-103323,posted
INT-HISTORICAL-003324,2026-08-05T05:26:02,MRC_002,CUST-0281,PROC_C,card,US,4886,EUR,2026-08-05,PAY-103324,posted
INT-HISTORICAL-003325,2026-08-05T05:27:15,MRC_001,CUST-0229,PROC_C,card,US,13159,EUR,2026-08-05,PAY-103325,posted
INT-HISTORICAL-003326,2026-08-05T05:28:02,MRC_005,CUST-0099,PROC_A,card,US,34634,USD,2026-08-05,PAY-103326,posted
INT-HISTORICAL-003327,2026-08-05T05:30:46,MRC_005,CUST-0030,PROC_B,ach,US,11313,USD,2026-08-05,PAY-103327,posted
INT-HISTORICAL-003328,2026-08-05T05:32:15,MRC_001,CUST-0145,PROC_C,ach,GB,29762,EUR,2026-08-05,PAY-103328,posted
INT-HISTORICAL-003329,2026-08-05T05:33:28,MRC_005,CUST-0375,PROC_A,card,US,32039,USD,2026-08-05,PAY-103329,posted
INT-HISTORICAL-003330,2026-08-05T05:34:28,MRC_001,CUST-0121,PROC_B,ach,DE,12371,USD,2026-08-05,PAY-103330,posted
INT-HISTORICAL-003331,2026-08-05T05:35:23,MRC_002,CUST-0064,PROC_A,card,US,18402,USD,2026-08-05,PAY-103331,posted
INT-HISTORICAL-003332,2026-08-05T05:37:17,MRC_002,CUST-0235,PROC_A,card,US,7891,EUR,2026-08-05,PAY-103332,posted
INT-HISTORICAL-003333,2026-08-05T05:39:55,MRC_004,CUST-0281,PROC_B,wire,GB,17998,EUR,2026-08-05,PAY-103333,posted
INT-HISTORICAL-003334,2026-08-05T05:41:49,MRC_002,CUST-0040,PROC_C,wire,US,37837,USD,2026-08-05,PAY-103334,posted
INT-HISTORICAL-003335,2026-08-05T05:43:09,MRC_004,CUST-0110,PROC_B,wallet,GB,3834,USD,2026-08-05,PAY-103335,posted
INT-HISTORICAL-003336,2026-08-05T05:43:54,MRC_003,CUST-0078,PROC_B,ach,US,9995,USD,2026-08-05,PAY-103336,posted
INT-HISTORICAL-003337,2026-08-05T05:44:58,MRC_002,CUST-0328,PROC_A,wire,DE,3480,EUR,2026-08-05,PAY-103337,posted
INT-HISTORICAL-003338,2026-08-05T05:46:32,MRC_001,CUST-0186,PROC_C,wire,US,7134,EUR,2026-08-05,PAY-103338,posted
INT-HISTORICAL-003339,2026-08-05T05:48:48,MRC_001,CUST-0299,PROC_A,wallet,US,1428,USD,2026-08-05,PAY-103339,posted
INT-HISTORICAL-003340,2026-08-05T05:51:41,MRC_003,CUST-0275,PROC_A,card,DE,32044,USD,2026-08-05,PAY-103340,posted
INT-HISTORICAL-003341,2026-08-05T05:54:15,MRC_001,CUST-0370,PROC_C,card,CA,1784,GBP,2026-08-05,PAY-103341,posted
INT-HISTORICAL-003342,2026-08-05T05:56:49,MRC_001,CUST-0107,PROC_A,wire,CA,30359,GBP,2026-08-05,PAY-103342,posted
INT-HISTORICAL-003343,2026-08-05T05:57:24,MRC_001,CUST-0213,PROC_B,wallet,US,21372,USD,2026-08-05,PAY-103343,posted
INT-HISTORICAL-003344,2026-08-05T05:59:57,MRC_003,CUST-0138,PROC_C,ach,DE,11480,GBP,2026-08-05,PAY-103344,posted
INT-HISTORICAL-003345,2026-08-05T06:01:07,MRC_002,CUST-0162,PROC_C,wallet,GB,17112,GBP,2026-08-05,PAY-103345,posted
INT-HISTORICAL-003346,2026-08-05T06:02:49,MRC_003,CUST-0342,PROC_B,wire,DE,4407,USD,2026-08-05,PAY-103346,posted
INT-HISTORICAL-003347,2026-08-05T06:05:21,MRC_001,CUST-0266,PROC_B,wire,US,20020,USD,2026-08-05,PAY-103347,posted
INT-HISTORICAL-003348,2026-08-05T06:07:15,MRC_002,CUST-0012,PROC_C,card,CA,2635,USD,2026-08-05,PAY-103348,posted
INT-HISTORICAL-003349,2026-08-05T06:08:36,MRC_002,CUST-0101,PROC_B,ach,US,23084,EUR,2026-08-05,PAY-103349,posted
INT-HISTORICAL-003350,2026-08-05T06:09:29,MRC_004,CUST-0112,PROC_C,card,CA,8688,USD,2026-08-05,PAY-103350,posted
INT-HISTORICAL-003351,2026-08-05T06:10:04,MRC_005,CUST-0177,PROC_B,ach,US,11009,USD,2026-08-05,PAY-103351,posted
INT-HISTORICAL-003352,2026-08-05T06:12:59,MRC_005,CUST-0220,PROC_A,wire,US,8829,EUR,2026-08-05,PAY-103352,posted
INT-HISTORICAL-003353,2026-08-05T06:14:32,MRC_001,CUST-0277,PROC_B,card,US,16091,GBP,2026-08-05,PAY-103353,posted
INT-HISTORICAL-003354,2026-08-05T06:16:15,MRC_005,CUST-0067,PROC_B,card,DE,2617,USD,2026-08-05,PAY-103354,posted
INT-HISTORICAL-003355,2026-08-05T06:17:26,MRC_003,CUST-0355,PROC_B,card,US,3875,GBP,2026-08-05,PAY-103355,posted
INT-HISTORICAL-003356,2026-08-05T06:18:45,MRC_002,CUST-0323,PROC_C,wallet,US,3351,USD,2026-08-05,PAY-103356,posted
INT-HISTORICAL-003357,2026-08-05T06:19:57,MRC_003,CUST-0012,PROC_A,wire,US,81863,USD,2026-08-05,PAY-103357,posted
INT-HISTORICAL-003358,2026-08-05T06:21:10,MRC_004,CUST-0268,PROC_B,wallet,CA,17423,USD,2026-08-05,PAY-103358,posted
INT-HISTORICAL-003359,2026-08-05T06:23:54,MRC_002,CUST-0064,PROC_B,ach,DE,33332,EUR,2026-08-05,PAY-103359,posted
INT-HISTORICAL-003360,2026-08-05T06:26:21,MRC_001,CUST-0043,PROC_B,ach,CA,3736,USD,2026-08-05,PAY-103360,posted
INT-HISTORICAL-003361,2026-08-05T06:28:32,MRC_005,CUST-0183,PROC_A,wire,GB,17362,EUR,2026-08-05,PAY-103361,posted
INT-HISTORICAL-003362,2026-08-05T06:29:43,MRC_004,CUST-0156,PROC_C,ach,CA,18849,USD,2026-08-05,PAY-103362,posted
INT-HISTORICAL-003363,2026-08-05T06:31:11,MRC_001,CUST-0267,PROC_A,ach,GB,2134,GBP,2026-08-05,PAY-103363,posted
INT-HISTORICAL-003364,2026-08-05T06:32:10,MRC_004,CUST-0274,PROC_A,wallet,GB,9060,GBP,2026-08-05,PAY-103364,posted
INT-HISTORICAL-003365,2026-08-05T06:33:08,MRC_004,CUST-0260,PROC_A,ach,US,22340,USD,2026-08-05,PAY-103365,posted
INT-HISTORICAL-003366,2026-08-05T06:36:04,MRC_003,CUST-0255,PROC_C,wire,US,54160,USD,2026-08-05,PAY-103366,posted
INT-HISTORICAL-003367,2026-08-05T06:38:20,MRC_003,CUST-0133,PROC_C,card,DE,21555,USD,2026-08-05,PAY-103367,posted
INT-HISTORICAL-003368,2026-08-05T06:38:49,MRC_004,CUST-0271,PROC_B,ach,US,31223,USD,2026-08-05,PAY-103368,posted
INT-HISTORICAL-003369,2026-08-05T06:39:31,MRC_004,CUST-0253,PROC_C,ach,US,15818,GBP,2026-08-05,PAY-103369,posted
INT-HISTORICAL-003370,2026-08-05T06:41:34,MRC_001,CUST-0399,PROC_B,ach,US,32453,USD,2026-08-05,PAY-103370,posted
INT-HISTORICAL-003371,2026-08-05T06:44:29,MRC_001,CUST-0063,PROC_B,card,GB,39414,USD,2026-08-05,PAY-103371,posted
INT-HISTORICAL-003372,2026-08-05T06:46:07,MRC_003,CUST-0149,PROC_A,wallet,US,3533,USD,2026-08-05,PAY-103372,posted
INT-HISTORICAL-003373,2026-08-05T06:47:26,MRC_004,CUST-0080,PROC_A,wire,GB,28141,USD,2026-08-05,PAY-103373,posted
INT-HISTORICAL-003374,2026-08-05T06:48:18,MRC_005,CUST-0134,PROC_B,ach,GB,6881,USD,2026-08-05,PAY-103374,posted
INT-HISTORICAL-003375,2026-08-05T06:50:11,MRC_002,CUST-0377,PROC_C,wallet,US,25378,USD,2026-08-05,PAY-103375,posted
INT-HISTORICAL-003376,2026-08-05T06:52:32,MRC_005,CUST-0001,PROC_A,card,US,5257,USD,2026-08-05,PAY-103376,posted
INT-HISTORICAL-003377,2026-08-05T06:54:21,MRC_003,CUST-0168,PROC_C,wallet,US,120792,USD,2026-08-05,PAY-103377,posted
INT-HISTORICAL-003378,2026-08-05T06:56:10,MRC_002,CUST-0357,PROC_C,ach,DE,9309,USD,2026-08-05,PAY-103378,posted
INT-HISTORICAL-003379,2026-08-05T06:58:33,MRC_003,CUST-0030,PROC_C,wire,US,21530,USD,2026-08-05,PAY-103379,posted
INT-HISTORICAL-003380,2026-08-05T07:00:10,MRC_001,CUST-0233,PROC_C,card,US,34226,USD,2026-08-05,PAY-103380,posted
INT-HISTORICAL-003381,2026-08-05T07:02:02,MRC_001,CUST-0193,PROC_A,wire,US,15679,USD,2026-08-05,PAY-103381,posted
INT-HISTORICAL-003382,2026-08-05T07:05:00,MRC_001,CUST-0394,PROC_A,ach,US,16382,USD,2026-08-05,PAY-103382,posted
INT-HISTORICAL-003383,2026-08-05T07:06:36,MRC_001,CUST-0164,PROC_B,wallet,US,47931,USD,2026-08-05,PAY-103383,posted
INT-HISTORICAL-003384,2026-08-05T07:07:21,MRC_001,CUST-0385,PROC_B,wallet,DE,6464,USD,2026-08-05,PAY-103384,posted
INT-HISTORICAL-003385,2026-08-05T07:08:55,MRC_004,CUST-0228,PROC_A,ach,CA,71102,USD,2026-08-05,PAY-103385,posted
INT-HISTORICAL-003386,2026-08-05T07:10:38,MRC_003,CUST-0180,PROC_C,wallet,US,9412,USD,2026-08-05,PAY-103386,posted
INT-HISTORICAL-003387,2026-08-05T07:11:52,MRC_001,CUST-0123,PROC_C,ach,GB,3638,GBP,2026-08-05,PAY-103387,posted
INT-HISTORICAL-003388,2026-08-05T07:13:41,MRC_004,CUST-0203,PROC_B,card,US,5320,USD,2026-08-05,PAY-103388,posted
INT-HISTORICAL-003389,2026-08-05T07:15:13,MRC_001,CUST-0019,PROC_B,card,GB,8286,GBP,2026-08-05,PAY-103389,posted
INT-HISTORICAL-003390,2026-08-05T07:17:17,MRC_002,CUST-0076,PROC_C,wallet,US,18256,GBP,2026-08-05,PAY-103390,posted
INT-HISTORICAL-003391,2026-08-05T07:19:18,MRC_004,CUST-0260,PROC_B,card,GB,2941,USD,2026-08-05,PAY-103391,posted
INT-HISTORICAL-003392,2026-08-05T07:19:41,MRC_002,CUST-0399,PROC_C,wire,US,8125,USD,2026-08-05,PAY-103392,posted
INT-HISTORICAL-003393,2026-08-05T07:21:14,MRC_001,CUST-0165,PROC_B,ach,US,6843,GBP,2026-08-05,PAY-103393,posted
INT-HISTORICAL-003394,2026-08-05T07:22:47,MRC_002,CUST-0299,PROC_B,card,GB,87497,USD,2026-08-05,PAY-103394,posted
INT-HISTORICAL-003395,2026-08-05T07:23:23,MRC_001,CUST-0333,PROC_B,ach,US,4054,USD,2026-08-05,PAY-103395,posted
INT-HISTORICAL-003396,2026-08-05T07:24:47,MRC_004,CUST-0249,PROC_C,wallet,CA,8921,GBP,2026-08-05,PAY-103396,posted
INT-HISTORICAL-003397,2026-08-05T07:26:55,MRC_002,CUST-0271,PROC_C,wallet,US,26175,EUR,2026-08-05,PAY-103397,posted
INT-HISTORICAL-003398,2026-08-05T07:28:46,MRC_001,CUST-0226,PROC_B,wallet,GB,13802,GBP,2026-08-05,PAY-103398,posted
INT-HISTORICAL-003399,2026-08-05T07:30:57,MRC_001,CUST-0159,PROC_B,ach,DE,2839,USD,2026-08-05,PAY-103399,posted
INT-HISTORICAL-003400,2026-08-05T07:31:51,MRC_004,CUST-0261,PROC_C,ach,US,2780,USD,2026-08-05,PAY-103400,posted
INT-HISTORICAL-003401,2026-08-05T07:32:26,MRC_004,CUST-0303,PROC_B,ach,US,4542,USD,2026-08-05,PAY-103401,posted
INT-HISTORICAL-003402,2026-08-05T07:34:05,MRC_002,CUST-0115,PROC_B,wire,GB,4496,GBP,2026-08-05,PAY-103402,posted
INT-HISTORICAL-003403,2026-08-05T07:36:25,MRC_003,CUST-0298,PROC_A,wallet,US,39400,USD,2026-08-05,PAY-103403,posted
INT-HISTORICAL-003404,2026-08-05T07:39:02,MRC_001,CUST-0137,PROC_B,wire,US,27057,EUR,2026-08-05,PAY-103404,posted
INT-HISTORICAL-003405,2026-08-05T07:39:48,MRC_004,CUST-0357,PROC_B,ach,US,9638,USD,2026-08-05,PAY-103405,posted
INT-HISTORICAL-003406,2026-08-05T07:42:25,MRC_005,CUST-0356,PROC_C,ach,DE,17937,USD,2026-08-05,PAY-103406,posted
INT-HISTORICAL-003407,2026-08-05T07:42:51,MRC_005,CUST-0291,PROC_A,wallet,CA,9789,EUR,2026-08-05,PAY-103407,posted
INT-HISTORICAL-003408,2026-08-05T07:44:06,MRC_004,CUST-0085,PROC_C,wallet,US,6582,USD,2026-08-05,PAY-103408,posted
INT-HISTORICAL-003409,2026-08-05T07:46:13,MRC_004,CUST-0322,PROC_C,ach,US,47238,EUR,2026-08-05,PAY-103409,posted
INT-HISTORICAL-003410,2026-08-05T07:48:09,MRC_004,CUST-0091,PROC_A,card,US,65216,USD,2026-08-05,PAY-103410,posted
INT-HISTORICAL-003411,2026-08-05T07:49:12,MRC_001,CUST-0270,PROC_B,card,CA,5769,GBP,2026-08-05,PAY-103411,posted
INT-HISTORICAL-003412,2026-08-05T07:51:33,MRC_005,CUST-0047,PROC_A,wire,US,4377,USD,2026-08-05,PAY-103412,posted
INT-HISTORICAL-003413,2026-08-05T07:52:39,MRC_005,CUST-0239,PROC_A,wallet,US,2331,USD,2026-08-05,PAY-103413,posted
INT-HISTORICAL-003414,2026-08-05T07:53:38,MRC_004,CUST-0184,PROC_B,card,US,5893,EUR,2026-08-05,PAY-103414,posted
INT-HISTORICAL-003415,2026-08-05T07:54:24,MRC_003,CUST-0188,PROC_A,ach,DE,5093,USD,2026-08-05,PAY-103415,posted
INT-HISTORICAL-003416,2026-08-05T07:55:26,MRC_003,CUST-0318,PROC_B,wire,US,18394,USD,2026-08-05,PAY-103416,posted
INT-HISTORICAL-003417,2026-08-05T07:57:34,MRC_004,CUST-0358,PROC_B,ach,GB,22663,USD,2026-08-05,PAY-103417,posted
INT-HISTORICAL-003418,2026-08-05T07:58:33,MRC_001,CUST-0182,PROC_B,wire,US,12114,USD,2026-08-05,PAY-103418,posted
INT-HISTORICAL-003419,2026-08-05T08:01:09,MRC_004,CUST-0147,PROC_B,wallet,CA,18010,USD,2026-08-05,PAY-103419,posted
INT-HISTORICAL-003420,2026-08-05T08:03:57,MRC_003,CUST-0288,PROC_B,card,US,38650,USD,2026-08-05,PAY-103420,posted
INT-HISTORICAL-003421,2026-08-05T08:05:43,MRC_001,CUST-0304,PROC_B,card,GB,10168,USD,2026-08-05,PAY-103421,posted
INT-HISTORICAL-003422,2026-08-05T08:08:35,MRC_003,CUST-0297,PROC_A,wallet,GB,16886,USD,2026-08-05,PAY-103422,posted
INT-HISTORICAL-003423,2026-08-05T08:10:29,MRC_004,CUST-0203,PROC_C,card,US,7482,USD,2026-08-05,PAY-103423,posted
INT-HISTORICAL-003424,2026-08-05T08:13:12,MRC_002,CUST-0198,PROC_C,card,US,39627,EUR,2026-08-05,PAY-103424,posted
INT-HISTORICAL-003425,2026-08-05T08:14:59,MRC_003,CUST-0174,PROC_C,ach,DE,9677,USD,2026-08-05,PAY-103425,posted
INT-HISTORICAL-003426,2026-08-05T08:17:58,MRC_004,CUST-0283,PROC_C,card,DE,8098,USD,2026-08-05,PAY-103426,posted
INT-HISTORICAL-003427,2026-08-05T08:18:41,MRC_002,CUST-0219,PROC_C,ach,CA,6992,USD,2026-08-05,PAY-103427,posted
INT-HISTORICAL-003428,2026-08-05T08:21:29,MRC_002,CUST-0118,PROC_A,ach,DE,16410,USD,2026-08-05,PAY-103428,posted
INT-HISTORICAL-003429,2026-08-05T08:24:12,MRC_002,CUST-0377,PROC_C,ach,US,7990,EUR,2026-08-05,PAY-103429,posted
INT-HISTORICAL-003430,2026-08-05T08:25:56,MRC_004,CUST-0309,PROC_C,wallet,US,12939,GBP,2026-08-05,PAY-103430,posted
INT-HISTORICAL-003431,2026-08-05T08:26:46,MRC_004,CUST-0266,PROC_B,card,US,10207,GBP,2026-08-05,PAY-103431,posted
INT-HISTORICAL-003432,2026-08-05T08:29:32,MRC_004,CUST-0332,PROC_C,ach,US,9704,USD,2026-08-05,PAY-103432,posted
INT-HISTORICAL-003433,2026-08-05T08:32:20,MRC_004,CUST-0144,PROC_C,card,US,1010,USD,2026-08-05,PAY-103433,posted
INT-HISTORICAL-003434,2026-08-05T08:33:40,MRC_001,CUST-0159,PROC_B,wallet,DE,3951,USD,2026-08-05,PAY-103434,posted
INT-HISTORICAL-003435,2026-08-05T08:34:34,MRC_002,CUST-0093,PROC_B,wallet,GB,27630,USD,2026-08-05,PAY-103435,posted
INT-HISTORICAL-003436,2026-08-05T08:36:36,MRC_001,CUST-0063,PROC_B,wire,DE,15175,USD,2026-08-05,PAY-103436,posted
INT-HISTORICAL-003437,2026-08-05T08:37:43,MRC_003,CUST-0317,PROC_B,ach,US,1618,USD,2026-08-05,PAY-103437,posted
INT-HISTORICAL-003438,2026-08-05T08:38:15,MRC_003,CUST-0208,PROC_A,wire,DE,3835,GBP,2026-08-05,PAY-103438,posted
INT-HISTORICAL-003439,2026-08-05T08:39:41,MRC_002,CUST-0056,PROC_B,card,US,25462,USD,2026-08-05,PAY-103439,posted
INT-HISTORICAL-003440,2026-08-05T08:40:53,MRC_003,CUST-0193,PROC_C,wire,US,28442,USD,2026-08-05,PAY-103440,posted
INT-HISTORICAL-003441,2026-08-05T08:42:01,MRC_001,CUST-0360,PROC_B,ach,DE,12470,USD,2026-08-05,PAY-103441,posted
INT-HISTORICAL-003442,2026-08-05T08:43:43,MRC_005,CUST-0073,PROC_C,ach,CA,19374,EUR,2026-08-05,PAY-103442,posted
INT-HISTORICAL-003443,2026-08-05T08:45:20,MRC_003,CUST-0120,PROC_C,wallet,US,16481,USD,2026-08-05,PAY-103443,posted
INT-HISTORICAL-003444,2026-08-05T08:46:10,MRC_004,CUST-0282,PROC_A,wire,US,27335,USD,2026-08-05,PAY-103444,posted
INT-HISTORICAL-003445,2026-08-05T08:47:16,MRC_005,CUST-0268,PROC_B,wallet,GB,18337,USD,2026-08-05,PAY-103445,posted
INT-HISTORICAL-003446,2026-08-05T08:49:33,MRC_002,CUST-0039,PROC_A,ach,US,4534,EUR,2026-08-05,PAY-103446,posted
INT-HISTORICAL-003447,2026-08-05T08:50:57,MRC_005,CUST-0395,PROC_B,ach,DE,10725,USD,2026-08-05,PAY-103447,posted
INT-HISTORICAL-003448,2026-08-05T08:52:39,MRC_005,CUST-0357,PROC_C,wallet,CA,29647,USD,2026-08-05,PAY-103448,posted
INT-HISTORICAL-003449,2026-08-05T08:54:13,MRC_004,CUST-0234,PROC_C,wire,DE,26841,USD,2026-08-05,PAY-103449,posted
INT-HISTORICAL-003450,2026-08-05T08:55:57,MRC_005,CUST-0075,PROC_A,wire,CA,6659,USD,2026-08-05,PAY-103450,posted
INT-HISTORICAL-003451,2026-08-05T08:56:28,MRC_001,CUST-0054,PROC_C,card,US,12809,USD,2026-08-05,PAY-103451,posted
INT-HISTORICAL-003452,2026-08-05T08:58:52,MRC_005,CUST-0378,PROC_B,wallet,US,7396,GBP,2026-08-05,PAY-103452,posted
INT-HISTORICAL-003453,2026-08-05T09:00:54,MRC_003,CUST-0163,PROC_B,wire,CA,3241,USD,2026-08-05,PAY-103453,posted
INT-HISTORICAL-003454,2026-08-05T09:02:38,MRC_003,CUST-0024,PROC_B,ach,CA,17634,USD,2026-08-05,PAY-103454,posted
INT-HISTORICAL-003455,2026-08-05T09:05:33,MRC_004,CUST-0359,PROC_B,wallet,GB,43108,USD,2026-08-05,PAY-103455,posted
INT-HISTORICAL-003456,2026-08-05T09:08:09,MRC_005,CUST-0354,PROC_B,ach,DE,2216,USD,2026-08-05,PAY-103456,posted
INT-HISTORICAL-003457,2026-08-05T09:10:43,MRC_002,CUST-0118,PROC_C,ach,CA,4725,USD,2026-08-05,PAY-103457,posted
INT-HISTORICAL-003458,2026-08-05T09:13:11,MRC_004,CUST-0273,PROC_A,wallet,US,22040,GBP,2026-08-05,PAY-103458,posted
INT-HISTORICAL-003459,2026-08-05T09:15:45,MRC_001,CUST-0198,PROC_A,card,DE,55584,USD,2026-08-05,PAY-103459,posted
INT-HISTORICAL-003460,2026-08-05T09:17:07,MRC_004,CUST-0157,PROC_A,wire,CA,83832,USD,2026-08-05,PAY-103460,posted
INT-HISTORICAL-003461,2026-08-05T09:19:05,MRC_001,CUST-0174,PROC_C,card,CA,19631,USD,2026-08-05,PAY-103461,posted
INT-HISTORICAL-003462,2026-08-05T09:20:08,MRC_004,CUST-0016,PROC_A,wallet,GB,22290,GBP,2026-08-05,PAY-103462,posted
INT-HISTORICAL-003463,2026-08-05T09:21:19,MRC_002,CUST-0066,PROC_A,wire,US,3869,USD,2026-08-05,PAY-103463,posted
INT-HISTORICAL-003464,2026-08-05T09:22:40,MRC_002,CUST-0358,PROC_C,wire,CA,10338,USD,2026-08-05,PAY-103464,posted
INT-HISTORICAL-003465,2026-08-05T09:25:40,MRC_004,CUST-0201,PROC_A,wallet,US,4796,USD,2026-08-05,PAY-103465,posted
INT-HISTORICAL-003466,2026-08-05T09:26:20,MRC_001,CUST-0078,PROC_B,card,US,3074,GBP,2026-08-05,PAY-103466,posted
INT-HISTORICAL-003467,2026-08-05T09:28:54,MRC_003,CUST-0265,PROC_A,wallet,DE,66994,USD,2026-08-05,PAY-103467,posted
INT-HISTORICAL-003468,2026-08-05T09:30:53,MRC_005,CUST-0123,PROC_B,wallet,CA,7992,USD,2026-08-05,PAY-103468,posted
INT-HISTORICAL-003469,2026-08-05T09:32:07,MRC_002,CUST-0051,PROC_B,card,CA,1460,USD,2026-08-05,PAY-103469,posted
INT-HISTORICAL-003470,2026-08-05T09:34:31,MRC_001,CUST-0045,PROC_C,card,GB,15176,USD,2026-08-05,PAY-103470,posted
INT-HISTORICAL-003471,2026-08-05T09:35:12,MRC_002,CUST-0351,PROC_C,wallet,US,7913,USD,2026-08-05,PAY-103471,posted
INT-HISTORICAL-003472,2026-08-05T09:38:00,MRC_005,CUST-0211,PROC_C,card,US,22026,GBP,2026-08-05,PAY-103472,posted
INT-HISTORICAL-003473,2026-08-05T09:39:18,MRC_003,CUST-0251,PROC_C,wire,GB,4510,USD,2026-08-05,PAY-103473,posted
INT-HISTORICAL-003474,2026-08-05T09:41:36,MRC_005,CUST-0227,PROC_B,wallet,DE,14225,USD,2026-08-05,PAY-103474,posted
INT-HISTORICAL-003475,2026-08-05T09:43:22,MRC_003,CUST-0246,PROC_B,ach,DE,3138,USD,2026-08-05,PAY-103475,posted
INT-HISTORICAL-003476,2026-08-05T09:45:31,MRC_005,CUST-0238,PROC_C,ach,US,13452,USD,2026-08-05,PAY-103476,posted
INT-HISTORICAL-003477,2026-08-05T09:48:07,MRC_002,CUST-0288,PROC_B,card,US,6457,USD,2026-08-05,PAY-103477,posted
INT-HISTORICAL-003478,2026-08-05T09:50:07,MRC_005,CUST-0176,PROC_C,wire,US,4733,USD,2026-08-05,PAY-103478,posted
INT-HISTORICAL-003479,2026-08-05T09:52:59,MRC_003,CUST-0047,PROC_A,wire,US,12928,USD,2026-08-05,PAY-103479,posted
INT-HISTORICAL-003480,2026-08-05T09:53:33,MRC_004,CUST-0023,PROC_B,card,US,22394,GBP,2026-08-05,PAY-103480,posted
INT-HISTORICAL-003481,2026-08-05T09:54:31,MRC_005,CUST-0127,PROC_C,wire,DE,6891,USD,2026-08-05,PAY-103481,posted
INT-HISTORICAL-003482,2026-08-05T09:56:46,MRC_002,CUST-0229,PROC_C,wallet,US,222666,EUR,2026-08-05,PAY-103482,posted
INT-HISTORICAL-003483,2026-08-05T09:58:03,MRC_003,CUST-0238,PROC_C,ach,US,5476,USD,2026-08-05,PAY-103483,posted
INT-HISTORICAL-003484,2026-08-05T10:00:25,MRC_004,CUST-0374,PROC_B,ach,DE,8752,GBP,2026-08-05,PAY-103484,posted
INT-HISTORICAL-003485,2026-08-05T10:02:36,MRC_002,CUST-0316,PROC_A,wallet,US,62250,USD,2026-08-05,PAY-103485,posted
INT-HISTORICAL-003486,2026-08-05T10:03:23,MRC_001,CUST-0324,PROC_B,ach,GB,7170,GBP,2026-08-05,PAY-103486,posted
INT-HISTORICAL-003487,2026-08-05T10:04:18,MRC_003,CUST-0291,PROC_C,card,DE,10168,USD,2026-08-05,PAY-103487,posted
INT-HISTORICAL-003488,2026-08-05T10:05:28,MRC_004,CUST-0288,PROC_B,wire,DE,7719,EUR,2026-08-05,PAY-103488,posted
INT-HISTORICAL-003489,2026-08-05T10:06:51,MRC_004,CUST-0351,PROC_C,wallet,US,14692,USD,2026-08-05,PAY-103489,posted
INT-HISTORICAL-003490,2026-08-05T10:09:47,MRC_004,CUST-0131,PROC_C,wire,CA,28281,USD,2026-08-05,PAY-103490,posted
INT-HISTORICAL-003491,2026-08-05T10:10:35,MRC_004,CUST-0253,PROC_C,card,CA,1880,EUR,2026-08-05,PAY-103491,posted
INT-HISTORICAL-003492,2026-08-05T10:10:55,MRC_005,CUST-0372,PROC_B,wallet,US,210298,USD,2026-08-05,PAY-103492,posted
INT-HISTORICAL-003493,2026-08-05T10:12:50,MRC_002,CUST-0257,PROC_B,card,CA,45179,GBP,2026-08-05,PAY-103493,posted
INT-HISTORICAL-003494,2026-08-05T10:13:17,MRC_003,CUST-0175,PROC_A,ach,GB,74462,USD,2026-08-05,PAY-103494,posted
INT-HISTORICAL-003495,2026-08-05T10:14:53,MRC_003,CUST-0054,PROC_C,wallet,DE,8511,USD,2026-08-05,PAY-103495,posted
INT-HISTORICAL-003496,2026-08-05T10:16:13,MRC_002,CUST-0193,PROC_B,wire,DE,7170,USD,2026-08-05,PAY-103496,posted
INT-HISTORICAL-003497,2026-08-05T10:17:34,MRC_004,CUST-0227,PROC_A,ach,US,8678,USD,2026-08-05,PAY-103497,posted
INT-HISTORICAL-003498,2026-08-05T10:18:58,MRC_003,CUST-0323,PROC_A,wallet,US,3778,USD,2026-08-05,PAY-103498,posted
INT-HISTORICAL-003499,2026-08-05T10:20:11,MRC_005,CUST-0298,PROC_C,ach,US,4216,USD,2026-08-05,PAY-103499,posted
INT-HISTORICAL-003500,2026-08-05T10:22:49,MRC_005,CUST-0005,PROC_A,card,GB,9486,USD,2026-08-05,PAY-103500,posted
INT-HISTORICAL-003501,2026-08-05T10:25:27,MRC_001,CUST-0068,PROC_A,card,US,30285,EUR,2026-08-05,PAY-103501,posted
INT-HISTORICAL-003502,2026-08-05T10:28:26,MRC_001,CUST-0281,PROC_C,card,US,24244,EUR,2026-08-05,PAY-103502,posted
INT-HISTORICAL-003503,2026-08-05T10:29:24,MRC_001,CUST-0370,PROC_B,wire,CA,18131,USD,2026-08-05,PAY-103503,posted
INT-HISTORICAL-003504,2026-08-05T10:30:17,MRC_003,CUST-0004,PROC_B,wallet,CA,6119,USD,2026-08-05,PAY-103504,posted
INT-HISTORICAL-003505,2026-08-05T10:30:56,MRC_003,CUST-0138,PROC_A,ach,US,3721,USD,2026-08-05,PAY-103505,posted
INT-HISTORICAL-003506,2026-08-05T10:32:30,MRC_001,CUST-0013,PROC_B,ach,DE,51963,EUR,2026-08-05,PAY-103506,posted
INT-HISTORICAL-003507,2026-08-05T10:34:24,MRC_001,CUST-0370,PROC_B,wallet,US,9846,USD,2026-08-05,PAY-103507,posted
INT-HISTORICAL-003508,2026-08-05T10:35:28,MRC_002,CUST-0252,PROC_C,wallet,GB,49020,EUR,2026-08-05,PAY-103508,posted
INT-HISTORICAL-003509,2026-08-05T10:35:52,MRC_003,CUST-0325,PROC_B,wire,US,34311,USD,2026-08-05,PAY-103509,posted
INT-HISTORICAL-003510,2026-08-05T10:37:59,MRC_001,CUST-0341,PROC_B,wallet,US,21072,EUR,2026-08-05,PAY-103510,posted
INT-HISTORICAL-003511,2026-08-05T10:38:36,MRC_003,CUST-0390,PROC_C,ach,US,15174,USD,2026-08-05,PAY-103511,posted
INT-HISTORICAL-003512,2026-08-05T10:40:11,MRC_003,CUST-0227,PROC_C,wire,US,13987,USD,2026-08-05,PAY-103512,posted
INT-HISTORICAL-003513,2026-08-05T10:40:32,MRC_003,CUST-0208,PROC_B,wire,CA,1875,USD,2026-08-05,PAY-103513,posted
INT-HISTORICAL-003514,2026-08-05T10:41:16,MRC_002,CUST-0098,PROC_A,wire,US,11107,GBP,2026-08-05,PAY-103514,posted
INT-HISTORICAL-003515,2026-08-05T10:43:18,MRC_003,CUST-0246,PROC_B,wallet,US,9816,USD,2026-08-05,PAY-103515,posted
INT-HISTORICAL-003516,2026-08-05T10:46:18,MRC_002,CUST-0199,PROC_B,ach,GB,3921,USD,2026-08-05,PAY-103516,posted
INT-HISTORICAL-003517,2026-08-05T10:47:39,MRC_001,CUST-0219,PROC_B,wallet,DE,38725,USD,2026-08-05,PAY-103517,posted
INT-HISTORICAL-003518,2026-08-05T10:50:25,MRC_003,CUST-0091,PROC_A,wire,US,21628,USD,2026-08-05,PAY-103518,posted
INT-HISTORICAL-003519,2026-08-05T10:51:32,MRC_004,CUST-0021,PROC_B,wire,US,60136,EUR,2026-08-05,PAY-103519,posted
INT-HISTORICAL-003520,2026-08-05T10:54:09,MRC_002,CUST-0199,PROC_A,wire,US,3673,EUR,2026-08-05,PAY-103520,posted
INT-HISTORICAL-003521,2026-08-05T10:57:04,MRC_002,CUST-0393,PROC_C,wallet,DE,3790,USD,2026-08-05,PAY-103521,posted
INT-HISTORICAL-003522,2026-08-05T10:57:24,MRC_004,CUST-0012,PROC_B,card,DE,10206,EUR,2026-08-05,PAY-103522,posted
INT-HISTORICAL-003523,2026-08-05T11:00:14,MRC_004,CUST-0282,PROC_A,wallet,US,7782,EUR,2026-08-05,PAY-103523,posted
INT-HISTORICAL-003524,2026-08-05T11:02:32,MRC_002,CUST-0030,PROC_B,ach,CA,27506,EUR,2026-08-05,PAY-103524,posted
INT-HISTORICAL-003525,2026-08-05T11:03:27,MRC_002,CUST-0118,PROC_C,ach,US,11603,EUR,2026-08-05,PAY-103525,posted
INT-HISTORICAL-003526,2026-08-05T11:05:05,MRC_002,CUST-0343,PROC_A,wallet,GB,4300,USD,2026-08-05,PAY-103526,posted
INT-HISTORICAL-003527,2026-08-05T11:05:59,MRC_005,CUST-0169,PROC_C,wallet,US,19365,USD,2026-08-05,PAY-103527,posted
INT-HISTORICAL-003528,2026-08-05T11:06:31,MRC_003,CUST-0366,PROC_A,wallet,US,7583,USD,2026-08-05,PAY-103528,posted
INT-HISTORICAL-003529,2026-08-05T11:08:12,MRC_001,CUST-0114,PROC_A,wallet,US,25168,USD,2026-08-05,PAY-103529,posted
INT-HISTORICAL-003530,2026-08-05T11:09:33,MRC_005,CUST-0226,PROC_A,wallet,DE,6151,USD,2026-08-05,PAY-103530,posted
INT-HISTORICAL-003531,2026-08-05T11:11:32,MRC_005,CUST-0223,PROC_B,card,US,20711,USD,2026-08-05,PAY-103531,posted
INT-HISTORICAL-003532,2026-08-05T11:13:50,MRC_005,CUST-0113,PROC_A,card,CA,18865,USD,2026-08-05,PAY-103532,posted
INT-HISTORICAL-003533,2026-08-05T11:14:47,MRC_004,CUST-0196,PROC_A,wallet,GB,70094,GBP,2026-08-05,PAY-103533,posted
INT-HISTORICAL-003534,2026-08-05T11:16:55,MRC_001,CUST-0370,PROC_A,wire,CA,44301,USD,2026-08-05,PAY-103534,posted
INT-HISTORICAL-003535,2026-08-05T11:18:37,MRC_003,CUST-0368,PROC_A,wire,DE,8091,USD,2026-08-05,PAY-103535,posted
INT-HISTORICAL-003536,2026-08-05T11:20:19,MRC_004,CUST-0172,PROC_C,card,US,6320,USD,2026-08-05,PAY-103536,posted
INT-HISTORICAL-003537,2026-08-05T11:21:49,MRC_004,CUST-0121,PROC_C,wire,CA,23057,USD,2026-08-05,PAY-103537,posted
INT-HISTORICAL-003538,2026-08-05T11:22:20,MRC_004,CUST-0338,PROC_B,wire,US,6536,USD,2026-08-05,PAY-103538,posted
INT-HISTORICAL-003539,2026-08-05T11:23:55,MRC_003,CUST-0376,PROC_C,card,US,5138,USD,2026-08-05,PAY-103539,posted
INT-HISTORICAL-003540,2026-08-05T11:25:03,MRC_004,CUST-0016,PROC_C,card,DE,22721,GBP,2026-08-05,PAY-103540,posted
INT-HISTORICAL-003541,2026-08-05T11:25:48,MRC_001,CUST-0091,PROC_C,wire,US,2521,USD,2026-08-05,PAY-103541,posted
INT-HISTORICAL-003542,2026-08-05T11:27:33,MRC_003,CUST-0196,PROC_C,wire,US,4627,EUR,2026-08-05,PAY-103542,posted
INT-HISTORICAL-003543,2026-08-05T11:29:11,MRC_004,CUST-0121,PROC_B,ach,DE,11616,EUR,2026-08-05,PAY-103543,posted
INT-HISTORICAL-003544,2026-08-05T11:30:20,MRC_003,CUST-0120,PROC_C,wallet,US,25701,EUR,2026-08-05,PAY-103544,posted
INT-HISTORICAL-003545,2026-08-05T11:31:51,MRC_005,CUST-0039,PROC_B,ach,US,27969,USD,2026-08-05,PAY-103545,posted
INT-HISTORICAL-003546,2026-08-05T11:33:12,MRC_003,CUST-0041,PROC_B,wire,US,2755,EUR,2026-08-05,PAY-103546,posted
INT-HISTORICAL-003547,2026-08-05T11:34:34,MRC_003,CUST-0240,PROC_C,card,DE,9933,USD,2026-08-05,PAY-103547,posted
INT-HISTORICAL-003548,2026-08-05T11:37:04,MRC_003,CUST-0304,PROC_C,wire,US,46573,USD,2026-08-05,PAY-103548,posted
INT-HISTORICAL-003549,2026-08-05T11:39:23,MRC_004,CUST-0295,PROC_B,card,CA,12390,USD,2026-08-05,PAY-103549,posted
INT-HISTORICAL-003550,2026-08-05T11:39:48,MRC_003,CUST-0276,PROC_A,wire,US,11778,GBP,2026-08-05,PAY-103550,posted
INT-HISTORICAL-003551,2026-08-05T11:41:57,MRC_001,CUST-0395,PROC_C,card,DE,2309,GBP,2026-08-05,PAY-103551,posted
INT-HISTORICAL-003552,2026-08-05T11:44:16,MRC_002,CUST-0135,PROC_B,card,GB,57906,GBP,2026-08-05,PAY-103552,posted
INT-HISTORICAL-003553,2026-08-05T11:45:26,MRC_005,CUST-0323,PROC_B,ach,CA,8648,GBP,2026-08-05,PAY-103553,posted
INT-HISTORICAL-003554,2026-08-05T11:47:44,MRC_001,CUST-0241,PROC_C,wallet,DE,3342,USD,2026-08-05,PAY-103554,posted
INT-HISTORICAL-003555,2026-08-05T11:48:46,MRC_002,CUST-0349,PROC_B,wallet,US,12751,USD,2026-08-05,PAY-103555,posted
INT-HISTORICAL-003556,2026-08-05T11:50:00,MRC_003,CUST-0118,PROC_B,ach,US,33690,USD,2026-08-05,PAY-103556,posted
INT-HISTORICAL-003557,2026-08-05T11:51:15,MRC_005,CUST-0103,PROC_B,ach,US,13154,USD,2026-08-05,PAY-103557,posted
INT-HISTORICAL-003558,2026-08-05T11:52:13,MRC_005,CUST-0120,PROC_C,wire,US,19553,USD,2026-08-05,PAY-103558,posted
INT-HISTORICAL-003559,2026-08-05T11:53:00,MRC_002,CUST-0097,PROC_B,ach,US,11775,USD,2026-08-05,PAY-103559,posted
INT-HISTORICAL-003560,2026-08-05T11:55:06,MRC_002,CUST-0147,PROC_A,wallet,GB,12736,EUR,2026-08-05,PAY-103560,posted
INT-HISTORICAL-003561,2026-08-05T11:56:02,MRC_001,CUST-0095,PROC_B,card,US,19087,USD,2026-08-05,PAY-103561,posted
INT-HISTORICAL-003562,2026-08-05T11:56:52,MRC_004,CUST-0032,PROC_A,card,GB,10738,USD,2026-08-05,PAY-103562,posted
INT-HISTORICAL-003563,2026-08-05T11:59:33,MRC_001,CUST-0395,PROC_B,card,GB,10339,EUR,2026-08-05,PAY-103563,posted
INT-HISTORICAL-003564,2026-08-05T12:00:42,MRC_003,CUST-0018,PROC_A,wire,US,39798,EUR,2026-08-05,PAY-103564,posted
INT-HISTORICAL-003565,2026-08-05T12:03:38,MRC_001,CUST-0335,PROC_C,wallet,US,10039,USD,2026-08-05,PAY-103565,posted
INT-HISTORICAL-003566,2026-08-05T12:05:24,MRC_003,CUST-0268,PROC_B,ach,US,19651,GBP,2026-08-05,PAY-103566,posted
INT-HISTORICAL-003567,2026-08-05T12:07:42,MRC_005,CUST-0291,PROC_C,card,US,3871,USD,2026-08-05,PAY-103567,posted
INT-HISTORICAL-003568,2026-08-05T12:09:17,MRC_004,CUST-0215,PROC_A,wallet,US,5600,USD,2026-08-05,PAY-103568,posted
INT-HISTORICAL-003569,2026-08-05T12:09:56,MRC_001,CUST-0229,PROC_A,wire,CA,2246,USD,2026-08-05,PAY-103569,posted
INT-HISTORICAL-003570,2026-08-05T12:10:43,MRC_005,CUST-0293,PROC_C,wire,DE,7026,EUR,2026-08-05,PAY-103570,posted
INT-HISTORICAL-003571,2026-08-05T12:11:06,MRC_003,CUST-0225,PROC_A,card,US,2042,USD,2026-08-05,PAY-103571,posted
INT-HISTORICAL-003572,2026-08-05T12:12:02,MRC_005,CUST-0330,PROC_B,ach,US,2363,USD,2026-08-05,PAY-103572,posted
INT-HISTORICAL-003573,2026-08-05T12:13:43,MRC_003,CUST-0337,PROC_C,card,US,16805,USD,2026-08-05,PAY-103573,posted
INT-HISTORICAL-003574,2026-08-05T12:15:30,MRC_005,CUST-0395,PROC_C,wire,US,6679,EUR,2026-08-05,PAY-103574,posted
INT-HISTORICAL-003575,2026-08-05T12:17:40,MRC_004,CUST-0367,PROC_C,card,US,21093,USD,2026-08-05,PAY-103575,posted
INT-HISTORICAL-003576,2026-08-05T12:19:37,MRC_003,CUST-0051,PROC_B,wire,DE,26955,GBP,2026-08-05,PAY-103576,posted
INT-HISTORICAL-003577,2026-08-05T12:20:42,MRC_005,CUST-0328,PROC_B,wire,DE,21542,USD,2026-08-05,PAY-103577,posted
INT-HISTORICAL-003578,2026-08-05T12:23:35,MRC_003,CUST-0083,PROC_A,card,DE,28520,EUR,2026-08-05,PAY-103578,posted
INT-HISTORICAL-003579,2026-08-05T12:24:28,MRC_004,CUST-0307,PROC_A,card,CA,10241,EUR,2026-08-05,PAY-103579,posted
INT-HISTORICAL-003580,2026-08-05T12:25:02,MRC_001,CUST-0250,PROC_A,wallet,US,10322,USD,2026-08-05,PAY-103580,posted
INT-HISTORICAL-003581,2026-08-05T12:26:59,MRC_001,CUST-0107,PROC_B,ach,US,2906,USD,2026-08-05,PAY-103581,posted
INT-HISTORICAL-003582,2026-08-05T12:29:37,MRC_003,CUST-0022,PROC_A,ach,GB,10460,USD,2026-08-05,PAY-103582,posted
INT-HISTORICAL-003583,2026-08-05T12:31:58,MRC_005,CUST-0106,PROC_B,wire,US,61762,USD,2026-08-05,PAY-103583,posted
INT-HISTORICAL-003584,2026-08-05T12:34:48,MRC_001,CUST-0067,PROC_C,ach,US,3465,USD,2026-08-05,PAY-103584,posted
INT-HISTORICAL-003585,2026-08-05T12:35:48,MRC_004,CUST-0268,PROC_B,wire,DE,15688,EUR,2026-08-05,PAY-103585,posted
INT-HISTORICAL-003586,2026-08-05T12:36:25,MRC_001,CUST-0045,PROC_B,ach,CA,73530,USD,2026-08-05,PAY-103586,posted
INT-HISTORICAL-003587,2026-08-05T12:38:55,MRC_002,CUST-0056,PROC_B,wire,GB,30773,USD,2026-08-05,PAY-103587,posted
INT-HISTORICAL-003588,2026-08-05T12:40:30,MRC_003,CUST-0132,PROC_C,wire,DE,8451,USD,2026-08-05,PAY-103588,posted
INT-HISTORICAL-003589,2026-08-05T12:42:16,MRC_005,CUST-0041,PROC_B,card,US,12316,USD,2026-08-05,PAY-103589,posted
INT-HISTORICAL-003590,2026-08-05T12:43:12,MRC_002,CUST-0138,PROC_C,card,GB,13235,USD,2026-08-05,PAY-103590,posted
INT-HISTORICAL-003591,2026-08-05T12:44:06,MRC_003,CUST-0195,PROC_B,ach,DE,47258,EUR,2026-08-05,PAY-103591,posted
INT-HISTORICAL-003592,2026-08-05T12:44:52,MRC_001,CUST-0075,PROC_A,ach,GB,14073,USD,2026-08-05,PAY-103592,posted
INT-HISTORICAL-003593,2026-08-05T12:45:17,MRC_002,CUST-0091,PROC_A,wallet,DE,869,GBP,2026-08-05,PAY-103593,posted
INT-HISTORICAL-003594,2026-08-05T12:46:46,MRC_002,CUST-0233,PROC_C,wire,GB,19495,USD,2026-08-05,PAY-103594,posted
INT-HISTORICAL-003595,2026-08-05T12:49:42,MRC_004,CUST-0073,PROC_A,card,GB,6444,USD,2026-08-05,PAY-103595,posted
INT-HISTORICAL-003596,2026-08-05T12:52:22,MRC_004,CUST-0025,PROC_A,ach,GB,8966,GBP,2026-08-05,PAY-103596,posted
INT-HISTORICAL-003597,2026-08-05T12:52:55,MRC_003,CUST-0233,PROC_B,card,US,48045,USD,2026-08-05,PAY-103597,posted
INT-HISTORICAL-003598,2026-08-05T12:54:08,MRC_002,CUST-0267,PROC_C,wallet,DE,5056,USD,2026-08-05,PAY-103598,posted
INT-HISTORICAL-003599,2026-08-05T12:56:09,MRC_002,CUST-0177,PROC_C,ach,GB,8534,USD,2026-08-05,PAY-103599,posted
INT-HISTORICAL-003600,2026-08-05T12:57:42,MRC_001,CUST-0231,PROC_A,ach,DE,11542,EUR,2026-08-05,PAY-103600,posted
INT-HISTORICAL-003601,2026-08-05T13:00:14,MRC_004,CUST-0159,PROC_B,card,GB,4669,USD,2026-08-05,PAY-103601,posted
INT-HISTORICAL-003602,2026-08-05T13:01:16,MRC_003,CUST-0278,PROC_B,ach,DE,4689,USD,2026-08-05,PAY-103602,posted
INT-HISTORICAL-003603,2026-08-05T13:02:24,MRC_002,CUST-0111,PROC_C,wallet,US,4627,USD,2026-08-05,PAY-103603,posted
INT-HISTORICAL-003604,2026-08-05T13:04:48,MRC_001,CUST-0136,PROC_A,ach,GB,105587,EUR,2026-08-05,PAY-103604,posted
INT-HISTORICAL-003605,2026-08-05T13:07:32,MRC_001,CUST-0316,PROC_A,card,GB,12234,USD,2026-08-05,PAY-103605,posted
INT-HISTORICAL-003606,2026-08-05T13:10:02,MRC_002,CUST-0333,PROC_C,wire,US,13329,EUR,2026-08-05,PAY-103606,posted
INT-HISTORICAL-003607,2026-08-05T13:10:39,MRC_004,CUST-0346,PROC_A,card,DE,11547,GBP,2026-08-05,PAY-103607,posted
INT-HISTORICAL-003608,2026-08-05T13:12:13,MRC_001,CUST-0076,PROC_C,card,US,3548,GBP,2026-08-05,PAY-103608,posted
INT-HISTORICAL-003609,2026-08-05T13:13:59,MRC_002,CUST-0129,PROC_B,card,DE,63631,EUR,2026-08-05,PAY-103609,posted
INT-HISTORICAL-003610,2026-08-05T13:15:50,MRC_001,CUST-0356,PROC_A,wire,GB,28930,GBP,2026-08-05,PAY-103610,posted
INT-HISTORICAL-003611,2026-08-05T13:17:02,MRC_005,CUST-0011,PROC_C,wire,DE,5484,EUR,2026-08-05,PAY-103611,posted
INT-HISTORICAL-003612,2026-08-05T13:18:15,MRC_005,CUST-0106,PROC_B,wire,US,21390,USD,2026-08-05,PAY-103612,posted
INT-HISTORICAL-003613,2026-08-05T13:18:55,MRC_004,CUST-0171,PROC_C,wire,US,42031,USD,2026-08-05,PAY-103613,posted
INT-HISTORICAL-003614,2026-08-05T13:21:24,MRC_001,CUST-0184,PROC_C,ach,US,18861,USD,2026-08-05,PAY-103614,posted
INT-HISTORICAL-003615,2026-08-05T13:22:29,MRC_003,CUST-0005,PROC_B,wallet,GB,9904,USD,2026-08-05,PAY-103615,posted
INT-HISTORICAL-003616,2026-08-05T13:23:47,MRC_001,CUST-0209,PROC_A,ach,US,9162,USD,2026-08-05,PAY-103616,posted
INT-HISTORICAL-003617,2026-08-05T13:25:41,MRC_002,CUST-0247,PROC_A,wire,GB,3340,USD,2026-08-05,PAY-103617,posted
INT-HISTORICAL-003618,2026-08-05T13:28:19,MRC_004,CUST-0097,PROC_A,card,US,6389,USD,2026-08-05,PAY-103618,posted
INT-HISTORICAL-003619,2026-08-05T13:30:05,MRC_003,CUST-0125,PROC_B,card,US,5416,USD,2026-08-05,PAY-103619,posted
INT-HISTORICAL-003620,2026-08-05T13:30:49,MRC_004,CUST-0033,PROC_B,wallet,US,7184,EUR,2026-08-05,PAY-103620,posted
INT-HISTORICAL-003621,2026-08-05T13:31:11,MRC_002,CUST-0249,PROC_C,card,US,10405,USD,2026-08-05,PAY-103621,posted
INT-HISTORICAL-003622,2026-08-05T13:32:46,MRC_004,CUST-0248,PROC_C,card,US,21583,EUR,2026-08-05,PAY-103622,posted
INT-HISTORICAL-003623,2026-08-05T13:33:35,MRC_004,CUST-0249,PROC_B,card,US,35407,USD,2026-08-05,PAY-103623,posted
INT-HISTORICAL-003624,2026-08-05T13:36:00,MRC_002,CUST-0295,PROC_A,wallet,US,6553,EUR,2026-08-05,PAY-103624,posted
INT-HISTORICAL-003625,2026-08-05T13:36:27,MRC_004,CUST-0388,PROC_A,ach,GB,10654,USD,2026-08-05,PAY-103625,posted
INT-HISTORICAL-003626,2026-08-05T13:36:56,MRC_005,CUST-0187,PROC_B,ach,CA,10791,USD,2026-08-05,PAY-103626,posted
INT-HISTORICAL-003627,2026-08-05T13:37:20,MRC_005,CUST-0384,PROC_C,wire,US,118012,USD,2026-08-05,PAY-103627,posted
INT-HISTORICAL-003628,2026-08-05T13:40:18,MRC_003,CUST-0029,PROC_A,card,US,5946,USD,2026-08-05,PAY-103628,posted
INT-HISTORICAL-003629,2026-08-05T13:40:42,MRC_001,CUST-0337,PROC_A,wallet,US,8760,USD,2026-08-05,PAY-103629,posted
INT-HISTORICAL-003630,2026-08-05T13:41:15,MRC_004,CUST-0103,PROC_A,ach,DE,10792,USD,2026-08-05,PAY-103630,posted
INT-HISTORICAL-003631,2026-08-05T13:44:10,MRC_003,CUST-0022,PROC_B,card,GB,19261,GBP,2026-08-05,PAY-103631,posted
INT-HISTORICAL-003632,2026-08-05T13:46:03,MRC_005,CUST-0181,PROC_A,card,CA,7957,USD,2026-08-05,PAY-103632,posted
INT-HISTORICAL-003633,2026-08-05T13:47:36,MRC_005,CUST-0230,PROC_A,wire,GB,110789,USD,2026-08-05,PAY-103633,posted
INT-HISTORICAL-003634,2026-08-05T13:49:07,MRC_001,CUST-0180,PROC_B,wallet,DE,6110,USD,2026-08-05,PAY-103634,posted
INT-HISTORICAL-003635,2026-08-05T13:50:01,MRC_003,CUST-0331,PROC_A,ach,CA,9796,USD,2026-08-05,PAY-103635,posted
INT-HISTORICAL-003636,2026-08-05T13:50:35,MRC_002,CUST-0129,PROC_A,card,CA,6260,USD,2026-08-05,PAY-103636,posted
INT-HISTORICAL-003637,2026-08-05T13:52:50,MRC_003,CUST-0365,PROC_C,card,US,9986,USD,2026-08-05,PAY-103637,posted
INT-HISTORICAL-003638,2026-08-05T13:53:41,MRC_002,CUST-0237,PROC_B,wallet,US,5919,USD,2026-08-05,PAY-103638,posted
INT-HISTORICAL-003639,2026-08-05T13:56:04,MRC_004,CUST-0362,PROC_A,ach,DE,5715,USD,2026-08-05,PAY-103639,posted
INT-HISTORICAL-003640,2026-08-05T13:56:44,MRC_003,CUST-0260,PROC_C,card,GB,20151,USD,2026-08-05,PAY-103640,posted
INT-HISTORICAL-003641,2026-08-05T13:59:15,MRC_003,CUST-0389,PROC_C,card,CA,29340,GBP,2026-08-05,PAY-103641,posted
INT-HISTORICAL-003642,2026-08-05T14:02:10,MRC_002,CUST-0057,PROC_B,wire,US,22731,GBP,2026-08-05,PAY-103642,posted
INT-HISTORICAL-003643,2026-08-05T14:03:30,MRC_005,CUST-0213,PROC_C,card,US,72200,GBP,2026-08-05,PAY-103643,posted
INT-HISTORICAL-003644,2026-08-05T14:04:15,MRC_001,CUST-0381,PROC_C,ach,GB,11596,EUR,2026-08-05,PAY-103644,posted
INT-HISTORICAL-003645,2026-08-05T14:06:12,MRC_002,CUST-0208,PROC_A,wallet,US,13462,USD,2026-08-05,PAY-103645,posted
INT-HISTORICAL-003646,2026-08-05T14:09:08,MRC_001,CUST-0169,PROC_B,wire,GB,61968,EUR,2026-08-05,PAY-103646,posted
INT-HISTORICAL-003647,2026-08-05T14:11:28,MRC_003,CUST-0370,PROC_C,wallet,US,6790,USD,2026-08-05,PAY-103647,posted
INT-HISTORICAL-003648,2026-08-05T14:11:48,MRC_003,CUST-0300,PROC_B,wire,US,18617,USD,2026-08-05,PAY-103648,posted
INT-HISTORICAL-003649,2026-08-05T14:12:45,MRC_003,CUST-0140,PROC_C,wallet,US,23452,USD,2026-08-05,PAY-103649,posted
INT-HISTORICAL-003650,2026-08-05T14:13:08,MRC_004,CUST-0395,PROC_C,card,US,11952,USD,2026-08-05,PAY-103650,posted
INT-HISTORICAL-003651,2026-08-05T14:15:13,MRC_003,CUST-0038,PROC_A,wallet,CA,5575,USD,2026-08-05,PAY-103651,posted
INT-HISTORICAL-003652,2026-08-05T14:18:13,MRC_003,CUST-0158,PROC_C,wire,CA,7487,USD,2026-08-05,PAY-103652,posted
INT-HISTORICAL-003653,2026-08-05T14:19:11,MRC_005,CUST-0199,PROC_B,wire,CA,23796,USD,2026-08-05,PAY-103653,posted
INT-HISTORICAL-003654,2026-08-05T14:21:26,MRC_003,CUST-0140,PROC_C,ach,CA,10959,EUR,2026-08-05,PAY-103654,posted
INT-HISTORICAL-003655,2026-08-05T14:22:26,MRC_004,CUST-0172,PROC_B,ach,US,22552,GBP,2026-08-05,PAY-103655,posted
INT-HISTORICAL-003656,2026-08-05T14:24:48,MRC_002,CUST-0292,PROC_B,wire,DE,33824,USD,2026-08-05,PAY-103656,posted
INT-HISTORICAL-003657,2026-08-05T14:26:19,MRC_001,CUST-0234,PROC_B,wallet,US,96306,USD,2026-08-05,PAY-103657,posted
INT-HISTORICAL-003658,2026-08-05T14:27:56,MRC_003,CUST-0013,PROC_A,wallet,GB,30860,USD,2026-08-05,PAY-103658,posted
INT-HISTORICAL-003659,2026-08-05T14:28:37,MRC_001,CUST-0261,PROC_C,card,GB,23805,GBP,2026-08-05,PAY-103659,posted
INT-HISTORICAL-003660,2026-08-05T14:29:07,MRC_001,CUST-0280,PROC_C,wire,US,8210,EUR,2026-08-05,PAY-103660,posted
INT-HISTORICAL-003661,2026-08-05T14:29:53,MRC_004,CUST-0370,PROC_C,card,US,10737,USD,2026-08-05,PAY-103661,posted
INT-HISTORICAL-003662,2026-08-05T14:31:20,MRC_004,CUST-0208,PROC_A,wallet,US,3720,USD,2026-08-05,PAY-103662,posted
INT-HISTORICAL-003663,2026-08-05T14:32:34,MRC_001,CUST-0064,PROC_C,wire,CA,6713,USD,2026-08-05,PAY-103663,posted
INT-HISTORICAL-003664,2026-08-05T14:34:34,MRC_001,CUST-0323,PROC_C,card,US,4619,USD,2026-08-05,PAY-103664,posted
INT-HISTORICAL-003665,2026-08-05T14:36:06,MRC_005,CUST-0314,PROC_C,ach,US,16561,USD,2026-08-05,PAY-103665,posted
INT-HISTORICAL-003666,2026-08-05T14:36:53,MRC_001,CUST-0010,PROC_B,card,GB,8011,USD,2026-08-05,PAY-103666,posted
INT-HISTORICAL-003667,2026-08-05T14:38:07,MRC_001,CUST-0374,PROC_A,wallet,GB,22380,USD,2026-08-05,PAY-103667,posted
INT-HISTORICAL-003668,2026-08-05T14:40:35,MRC_001,CUST-0223,PROC_B,card,GB,2570,USD,2026-08-05,PAY-103668,posted
INT-HISTORICAL-003669,2026-08-05T14:41:49,MRC_003,CUST-0089,PROC_A,ach,US,5654,USD,2026-08-05,PAY-103669,posted
INT-HISTORICAL-003670,2026-08-05T14:43:07,MRC_001,CUST-0256,PROC_C,ach,GB,16306,USD,2026-08-05,PAY-103670,posted
INT-HISTORICAL-003671,2026-08-05T14:44:25,MRC_001,CUST-0041,PROC_B,wallet,US,5408,GBP,2026-08-05,PAY-103671,posted
INT-HISTORICAL-003672,2026-08-05T14:45:18,MRC_001,CUST-0369,PROC_B,ach,US,19783,USD,2026-08-05,PAY-103672,posted
INT-HISTORICAL-003673,2026-08-05T14:46:10,MRC_005,CUST-0397,PROC_B,wallet,US,43497,GBP,2026-08-05,PAY-103673,posted
INT-HISTORICAL-003674,2026-08-05T14:46:46,MRC_003,CUST-0209,PROC_C,wallet,US,34380,USD,2026-08-05,PAY-103674,posted
INT-HISTORICAL-003675,2026-08-05T14:47:49,MRC_003,CUST-0179,PROC_B,wallet,US,54182,USD,2026-08-05,PAY-103675,posted
INT-HISTORICAL-003676,2026-08-05T14:48:49,MRC_001,CUST-0002,PROC_B,wallet,GB,7082,GBP,2026-08-05,PAY-103676,posted
INT-HISTORICAL-003677,2026-08-05T14:50:06,MRC_004,CUST-0110,PROC_B,wallet,CA,11974,GBP,2026-08-05,PAY-103677,posted
INT-HISTORICAL-003678,2026-08-05T14:50:42,MRC_004,CUST-0370,PROC_C,wire,CA,7491,EUR,2026-08-05,PAY-103678,posted
INT-HISTORICAL-003679,2026-08-05T14:52:06,MRC_001,CUST-0280,PROC_B,ach,CA,5275,EUR,2026-08-05,PAY-103679,posted
INT-HISTORICAL-003680,2026-08-05T14:53:59,MRC_001,CUST-0189,PROC_B,wire,US,16428,USD,2026-08-05,PAY-103680,posted
INT-HISTORICAL-003681,2026-08-05T14:56:55,MRC_004,CUST-0089,PROC_C,wallet,GB,17311,GBP,2026-08-05,PAY-103681,posted
INT-HISTORICAL-003682,2026-08-05T14:57:38,MRC_005,CUST-0096,PROC_C,wire,DE,31848,USD,2026-08-05,PAY-103682,posted
INT-HISTORICAL-003683,2026-08-05T15:00:10,MRC_002,CUST-0180,PROC_B,ach,US,6164,USD,2026-08-05,PAY-103683,posted
INT-HISTORICAL-003684,2026-08-05T15:03:00,MRC_005,CUST-0303,PROC_C,wire,US,11458,EUR,2026-08-05,PAY-103684,posted
INT-HISTORICAL-003685,2026-08-05T15:04:33,MRC_003,CUST-0145,PROC_C,ach,US,11471,USD,2026-08-05,PAY-103685,posted
INT-HISTORICAL-003686,2026-08-05T15:06:16,MRC_003,CUST-0039,PROC_C,ach,GB,11392,USD,2026-08-05,PAY-103686,posted
INT-HISTORICAL-003687,2026-08-05T15:07:46,MRC_001,CUST-0062,PROC_A,wire,GB,10320,USD,2026-08-05,PAY-103687,posted
INT-HISTORICAL-003688,2026-08-05T15:09:16,MRC_001,CUST-0269,PROC_C,card,US,19746,USD,2026-08-05,PAY-103688,posted
INT-HISTORICAL-003689,2026-08-05T15:11:45,MRC_004,CUST-0332,PROC_A,card,GB,6869,USD,2026-08-05,PAY-103689,posted
INT-HISTORICAL-003690,2026-08-05T15:12:41,MRC_002,CUST-0012,PROC_C,wire,DE,17489,USD,2026-08-05,PAY-103690,posted
INT-HISTORICAL-003691,2026-08-05T15:15:26,MRC_001,CUST-0229,PROC_A,wallet,DE,13225,USD,2026-08-05,PAY-103691,posted
INT-HISTORICAL-003692,2026-08-05T15:17:41,MRC_002,CUST-0315,PROC_B,wallet,DE,11236,EUR,2026-08-05,PAY-103692,posted
INT-HISTORICAL-003693,2026-08-05T15:20:31,MRC_005,CUST-0325,PROC_A,wallet,US,5910,USD,2026-08-05,PAY-103693,posted
INT-HISTORICAL-003694,2026-08-05T15:22:17,MRC_003,CUST-0109,PROC_A,card,US,6010,EUR,2026-08-05,PAY-103694,posted
INT-HISTORICAL-003695,2026-08-05T15:23:38,MRC_001,CUST-0348,PROC_C,wallet,GB,16708,EUR,2026-08-05,PAY-103695,posted
INT-HISTORICAL-003696,2026-08-05T15:26:28,MRC_003,CUST-0035,PROC_B,ach,US,11702,USD,2026-08-05,PAY-103696,posted
INT-HISTORICAL-003697,2026-08-05T15:27:25,MRC_001,CUST-0099,PROC_C,card,DE,4631,EUR,2026-08-05,PAY-103697,posted
INT-HISTORICAL-003698,2026-08-05T15:30:07,MRC_005,CUST-0238,PROC_C,card,CA,14546,USD,2026-08-05,PAY-103698,posted
INT-HISTORICAL-003699,2026-08-05T15:32:38,MRC_003,CUST-0318,PROC_C,wallet,US,15189,GBP,2026-08-05,PAY-103699,posted
INT-HISTORICAL-003700,2026-08-05T15:35:34,MRC_001,CUST-0390,PROC_C,wallet,DE,4087,USD,2026-08-05,PAY-103700,posted
INT-HISTORICAL-003701,2026-08-05T15:37:44,MRC_005,CUST-0272,PROC_A,wallet,US,9063,USD,2026-08-05,PAY-103701,posted
INT-HISTORICAL-003702,2026-08-05T15:40:25,MRC_002,CUST-0251,PROC_B,ach,GB,15670,GBP,2026-08-05,PAY-103702,posted
INT-HISTORICAL-003703,2026-08-05T15:42:00,MRC_005,CUST-0335,PROC_B,ach,GB,500,GBP,2026-08-05,PAY-103703,posted
INT-HISTORICAL-003704,2026-08-05T15:43:46,MRC_005,CUST-0302,PROC_A,card,CA,47689,USD,2026-08-05,PAY-103704,posted
INT-HISTORICAL-003705,2026-08-05T15:46:32,MRC_001,CUST-0182,PROC_C,ach,GB,31808,EUR,2026-08-05,PAY-103705,posted
INT-HISTORICAL-003706,2026-08-05T15:48:13,MRC_002,CUST-0314,PROC_C,wire,DE,14427,USD,2026-08-05,PAY-103706,posted
INT-HISTORICAL-003707,2026-08-05T15:50:13,MRC_002,CUST-0273,PROC_A,ach,CA,12334,EUR,2026-08-05,PAY-103707,posted
INT-HISTORICAL-003708,2026-08-05T15:51:21,MRC_003,CUST-0314,PROC_A,card,US,11400,USD,2026-08-05,PAY-103708,posted
INT-HISTORICAL-003709,2026-08-05T15:53:03,MRC_004,CUST-0166,PROC_C,card,GB,11402,USD,2026-08-05,PAY-103709,posted
INT-HISTORICAL-003710,2026-08-05T15:53:38,MRC_003,CUST-0387,PROC_A,wallet,US,8040,GBP,2026-08-05,PAY-103710,posted
INT-HISTORICAL-003711,2026-08-05T15:56:12,MRC_003,CUST-0034,PROC_C,wallet,US,34383,USD,2026-08-05,PAY-103711,posted
INT-HISTORICAL-003712,2026-08-05T15:58:57,MRC_004,CUST-0041,PROC_A,wire,US,8145,USD,2026-08-05,PAY-103712,posted
INT-HISTORICAL-003713,2026-08-05T15:59:59,MRC_003,CUST-0231,PROC_A,wallet,DE,17720,USD,2026-08-05,PAY-103713,posted
INT-HISTORICAL-003714,2026-08-05T16:02:57,MRC_005,CUST-0035,PROC_C,wire,GB,7557,EUR,2026-08-05,PAY-103714,posted
INT-HISTORICAL-003715,2026-08-05T16:04:29,MRC_001,CUST-0236,PROC_A,card,US,22162,USD,2026-08-05,PAY-103715,posted
INT-HISTORICAL-003716,2026-08-05T16:06:38,MRC_003,CUST-0112,PROC_A,wire,GB,5671,EUR,2026-08-05,PAY-103716,posted
INT-HISTORICAL-003717,2026-08-05T16:09:31,MRC_005,CUST-0369,PROC_B,wallet,US,37340,USD,2026-08-05,PAY-103717,posted
INT-HISTORICAL-003718,2026-08-05T16:12:05,MRC_001,CUST-0290,PROC_C,card,CA,17960,USD,2026-08-05,PAY-103718,posted
INT-HISTORICAL-003719,2026-08-05T16:12:58,MRC_005,CUST-0337,PROC_C,wallet,GB,19279,USD,2026-08-05,PAY-103719,posted
INT-HISTORICAL-003720,2026-08-05T16:15:11,MRC_003,CUST-0333,PROC_B,wallet,US,27486,EUR,2026-08-05,PAY-103720,posted
INT-HISTORICAL-003721,2026-08-05T16:16:02,MRC_005,CUST-0006,PROC_A,card,US,31612,USD,2026-08-05,PAY-103721,posted
INT-HISTORICAL-003722,2026-08-05T16:18:28,MRC_001,CUST-0122,PROC_C,wallet,US,12798,EUR,2026-08-05,PAY-103722,posted
INT-HISTORICAL-003723,2026-08-05T16:21:27,MRC_003,CUST-0121,PROC_B,wire,DE,7081,USD,2026-08-05,PAY-103723,posted
INT-HISTORICAL-003724,2026-08-05T16:22:33,MRC_004,CUST-0215,PROC_C,card,US,14498,USD,2026-08-05,PAY-103724,posted
INT-HISTORICAL-003725,2026-08-05T16:23:12,MRC_001,CUST-0223,PROC_B,ach,CA,11575,USD,2026-08-05,PAY-103725,posted
INT-HISTORICAL-003726,2026-08-05T16:25:40,MRC_005,CUST-0173,PROC_B,wallet,US,9840,GBP,2026-08-05,PAY-103726,posted
INT-HISTORICAL-003727,2026-08-05T16:26:22,MRC_002,CUST-0275,PROC_A,wallet,US,102796,USD,2026-08-05,PAY-103727,posted
INT-HISTORICAL-003728,2026-08-05T16:28:56,MRC_001,CUST-0139,PROC_C,wallet,US,7291,GBP,2026-08-05,PAY-103728,posted
INT-HISTORICAL-003729,2026-08-05T16:29:26,MRC_003,CUST-0214,PROC_B,ach,CA,19364,USD,2026-08-05,PAY-103729,posted
INT-HISTORICAL-003730,2026-08-05T16:31:22,MRC_001,CUST-0076,PROC_A,wallet,DE,10654,USD,2026-08-05,PAY-103730,posted
INT-HISTORICAL-003731,2026-08-05T16:32:54,MRC_005,CUST-0032,PROC_B,card,US,29559,USD,2026-08-05,PAY-103731,posted
INT-HISTORICAL-003732,2026-08-05T16:35:50,MRC_005,CUST-0232,PROC_C,card,US,15329,USD,2026-08-05,PAY-103732,posted
INT-HISTORICAL-003733,2026-08-05T16:36:19,MRC_005,CUST-0388,PROC_C,wallet,US,35490,USD,2026-08-05,PAY-103733,posted
INT-HISTORICAL-003734,2026-08-05T16:38:11,MRC_005,CUST-0011,PROC_A,card,US,7657,USD,2026-08-05,PAY-103734,posted
INT-HISTORICAL-003735,2026-08-05T16:39:49,MRC_001,CUST-0103,PROC_C,wire,US,22787,USD,2026-08-05,PAY-103735,posted
INT-HISTORICAL-003736,2026-08-05T16:40:56,MRC_001,CUST-0239,PROC_A,wire,US,9766,USD,2026-08-05,PAY-103736,posted
INT-HISTORICAL-003737,2026-08-05T16:42:35,MRC_004,CUST-0216,PROC_C,wire,US,33382,USD,2026-08-05,PAY-103737,posted
INT-HISTORICAL-003738,2026-08-05T16:45:00,MRC_002,CUST-0322,PROC_B,wallet,DE,14630,USD,2026-08-05,PAY-103738,posted
INT-HISTORICAL-003739,2026-08-05T16:46:27,MRC_003,CUST-0248,PROC_A,wallet,US,8883,USD,2026-08-05,PAY-103739,posted
INT-HISTORICAL-003740,2026-08-05T16:48:01,MRC_004,CUST-0369,PROC_B,wire,US,18990,USD,2026-08-05,PAY-103740,posted
INT-HISTORICAL-003741,2026-08-05T16:48:46,MRC_002,CUST-0260,PROC_C,wallet,CA,23190,USD,2026-08-05,PAY-103741,posted
INT-HISTORICAL-003742,2026-08-05T16:49:52,MRC_004,CUST-0088,PROC_B,wire,US,6939,USD,2026-08-05,PAY-103742,posted
INT-HISTORICAL-003743,2026-08-05T16:52:32,MRC_005,CUST-0129,PROC_C,card,GB,10369,USD,2026-08-05,PAY-103743,posted
INT-HISTORICAL-003744,2026-08-05T16:54:23,MRC_005,CUST-0301,PROC_C,wire,CA,4813,GBP,2026-08-05,PAY-103744,posted
INT-HISTORICAL-003745,2026-08-05T16:54:59,MRC_005,CUST-0309,PROC_A,wallet,US,4655,USD,2026-08-05,PAY-103745,posted
INT-HISTORICAL-003746,2026-08-05T16:57:57,MRC_005,CUST-0069,PROC_B,card,US,23627,USD,2026-08-05,PAY-103746,posted
INT-HISTORICAL-003747,2026-08-05T16:59:28,MRC_005,CUST-0147,PROC_A,wallet,US,40943,USD,2026-08-05,PAY-103747,posted
INT-HISTORICAL-003748,2026-08-05T17:02:27,MRC_001,CUST-0343,PROC_C,wallet,DE,4955,USD,2026-08-05,PAY-103748,posted
INT-HISTORICAL-003749,2026-08-05T17:04:55,MRC_003,CUST-0313,PROC_C,card,US,4217,EUR,2026-08-05,PAY-103749,posted
INT-HISTORICAL-003750,2026-08-05T17:05:32,MRC_003,CUST-0098,PROC_B,wire,CA,202808,USD,2026-08-05,PAY-103750,posted
INT-HISTORICAL-003751,2026-08-05T17:08:08,MRC_003,CUST-0143,PROC_B,ach,US,12239,USD,2026-08-05,PAY-103751,posted
INT-HISTORICAL-003752,2026-08-05T17:09:32,MRC_003,CUST-0338,PROC_B,card,US,2481,EUR,2026-08-05,PAY-103752,posted
INT-HISTORICAL-003753,2026-08-05T17:10:11,MRC_004,CUST-0069,PROC_A,ach,DE,7797,USD,2026-08-05,PAY-103753,posted
INT-HISTORICAL-003754,2026-08-05T17:11:08,MRC_004,CUST-0201,PROC_A,ach,US,7891,USD,2026-08-05,PAY-103754,posted
INT-HISTORICAL-003755,2026-08-05T17:13:30,MRC_003,CUST-0003,PROC_A,card,US,14170,GBP,2026-08-05,PAY-103755,posted
INT-HISTORICAL-003756,2026-08-05T17:14:37,MRC_001,CUST-0378,PROC_B,wire,CA,16301,GBP,2026-08-05,PAY-103756,posted
INT-HISTORICAL-003757,2026-08-05T17:15:14,MRC_001,CUST-0100,PROC_B,ach,US,13031,USD,2026-08-05,PAY-103757,posted
INT-HISTORICAL-003758,2026-08-05T17:17:23,MRC_004,CUST-0023,PROC_A,ach,DE,5532,GBP,2026-08-05,PAY-103758,posted
INT-HISTORICAL-003759,2026-08-05T17:18:34,MRC_001,CUST-0189,PROC_B,card,GB,4037,USD,2026-08-05,PAY-103759,posted
INT-HISTORICAL-003760,2026-08-05T17:19:55,MRC_002,CUST-0294,PROC_B,ach,GB,7756,GBP,2026-08-05,PAY-103760,posted
INT-HISTORICAL-003761,2026-08-05T17:22:20,MRC_002,CUST-0205,PROC_B,ach,GB,7154,USD,2026-08-05,PAY-103761,posted
INT-HISTORICAL-003762,2026-08-05T17:23:50,MRC_002,CUST-0163,PROC_A,card,CA,11727,EUR,2026-08-05,PAY-103762,posted
INT-HISTORICAL-003763,2026-08-05T17:26:19,MRC_004,CUST-0098,PROC_C,ach,US,64774,USD,2026-08-05,PAY-103763,posted
INT-HISTORICAL-003764,2026-08-05T17:28:08,MRC_003,CUST-0041,PROC_B,card,CA,11641,USD,2026-08-05,PAY-103764,posted
INT-HISTORICAL-003765,2026-08-05T17:28:40,MRC_005,CUST-0006,PROC_B,wire,US,16906,EUR,2026-08-05,PAY-103765,posted
INT-HISTORICAL-003766,2026-08-05T17:29:52,MRC_004,CUST-0221,PROC_C,wallet,US,2448,GBP,2026-08-05,PAY-103766,posted
INT-HISTORICAL-003767,2026-08-05T17:32:02,MRC_005,CUST-0005,PROC_B,wire,GB,12717,USD,2026-08-05,PAY-103767,posted
INT-HISTORICAL-003768,2026-08-05T17:34:36,MRC_005,CUST-0161,PROC_C,card,GB,9363,USD,2026-08-05,PAY-103768,posted
INT-HISTORICAL-003769,2026-08-05T17:35:56,MRC_001,CUST-0214,PROC_B,card,US,45875,USD,2026-08-05,PAY-103769,posted
INT-HISTORICAL-003770,2026-08-05T17:38:29,MRC_002,CUST-0028,PROC_C,wire,US,5144,USD,2026-08-05,PAY-103770,posted
INT-HISTORICAL-003771,2026-08-05T17:41:20,MRC_002,CUST-0101,PROC_C,ach,US,5009,USD,2026-08-05,PAY-103771,posted
INT-HISTORICAL-003772,2026-08-05T17:44:07,MRC_005,CUST-0162,PROC_B,ach,CA,6945,USD,2026-08-05,PAY-103772,posted
INT-HISTORICAL-003773,2026-08-05T17:44:35,MRC_004,CUST-0264,PROC_C,ach,CA,22108,USD,2026-08-05,PAY-103773,posted
INT-HISTORICAL-003774,2026-08-05T17:47:25,MRC_005,CUST-0217,PROC_B,wallet,CA,6519,USD,2026-08-05,PAY-103774,posted
INT-HISTORICAL-003775,2026-08-05T17:48:29,MRC_004,CUST-0281,PROC_C,wallet,CA,7479,EUR,2026-08-05,PAY-103775,posted
INT-HISTORICAL-003776,2026-08-05T17:49:59,MRC_003,CUST-0259,PROC_B,ach,CA,14275,USD,2026-08-05,PAY-103776,posted
INT-HISTORICAL-003777,2026-08-05T17:50:57,MRC_005,CUST-0287,PROC_B,wallet,DE,6944,USD,2026-08-05,PAY-103777,posted
INT-HISTORICAL-003778,2026-08-05T17:53:49,MRC_002,CUST-0021,PROC_C,card,US,47797,USD,2026-08-05,PAY-103778,posted
INT-HISTORICAL-003779,2026-08-05T17:54:25,MRC_002,CUST-0044,PROC_C,card,GB,87070,EUR,2026-08-05,PAY-103779,posted
INT-HISTORICAL-003780,2026-08-05T17:56:29,MRC_001,CUST-0400,PROC_B,wire,US,65004,EUR,2026-08-05,PAY-103780,posted
INT-HISTORICAL-003781,2026-08-05T17:57:04,MRC_003,CUST-0063,PROC_A,ach,CA,18395,GBP,2026-08-05,PAY-103781,posted
INT-HISTORICAL-003782,2026-08-05T17:58:48,MRC_003,CUST-0362,PROC_C,wire,GB,5777,USD,2026-08-05,PAY-103782,posted
INT-HISTORICAL-003783,2026-08-05T17:59:11,MRC_002,CUST-0057,PROC_B,wire,US,16061,USD,2026-08-05,PAY-103783,posted
INT-HISTORICAL-003784,2026-08-05T18:00:43,MRC_003,CUST-0029,PROC_B,ach,US,33768,EUR,2026-08-05,PAY-103784,posted
INT-HISTORICAL-003785,2026-08-05T18:01:17,MRC_001,CUST-0391,PROC_C,ach,GB,4002,USD,2026-08-05,PAY-103785,posted
INT-HISTORICAL-003786,2026-08-05T18:02:23,MRC_001,CUST-0342,PROC_C,ach,GB,3621,USD,2026-08-05,PAY-103786,posted
INT-HISTORICAL-003787,2026-08-05T18:04:10,MRC_002,CUST-0160,PROC_C,wire,US,6556,USD,2026-08-05,PAY-103787,posted
INT-HISTORICAL-003788,2026-08-05T18:05:09,MRC_004,CUST-0295,PROC_B,wallet,US,54462,EUR,2026-08-05,PAY-103788,posted
INT-HISTORICAL-003789,2026-08-05T18:06:16,MRC_004,CUST-0227,PROC_B,wire,US,2295,USD,2026-08-05,PAY-103789,posted
INT-HISTORICAL-003790,2026-08-05T18:07:07,MRC_004,CUST-0212,PROC_B,card,US,919,USD,2026-08-05,PAY-103790,posted
INT-HISTORICAL-003791,2026-08-05T18:08:08,MRC_001,CUST-0025,PROC_C,ach,US,4173,EUR,2026-08-05,PAY-103791,posted
INT-HISTORICAL-003792,2026-08-05T18:10:39,MRC_001,CUST-0055,PROC_C,card,US,49905,USD,2026-08-05,PAY-103792,posted
INT-HISTORICAL-003793,2026-08-05T18:13:27,MRC_001,CUST-0159,PROC_A,card,US,4501,USD,2026-08-05,PAY-103793,posted
INT-HISTORICAL-003794,2026-08-05T18:13:57,MRC_005,CUST-0390,PROC_A,ach,US,7187,USD,2026-08-05,PAY-103794,posted
INT-HISTORICAL-003795,2026-08-05T18:14:17,MRC_003,CUST-0309,PROC_A,wallet,CA,7192,USD,2026-08-05,PAY-103795,posted
INT-HISTORICAL-003796,2026-08-05T18:15:00,MRC_005,CUST-0092,PROC_C,wire,US,11207,USD,2026-08-05,PAY-103796,posted
INT-HISTORICAL-003797,2026-08-05T18:16:14,MRC_004,CUST-0148,PROC_B,ach,US,7556,USD,2026-08-05,PAY-103797,posted
INT-HISTORICAL-003798,2026-08-05T18:17:48,MRC_004,CUST-0222,PROC_C,card,GB,22838,USD,2026-08-05,PAY-103798,posted
INT-HISTORICAL-003799,2026-08-05T18:18:42,MRC_002,CUST-0235,PROC_C,wallet,GB,20831,EUR,2026-08-05,PAY-103799,posted
INT-HISTORICAL-003800,2026-08-05T18:19:48,MRC_003,CUST-0127,PROC_B,card,US,85440,USD,2026-08-05,PAY-103800,posted
INT-HISTORICAL-003801,2026-08-05T18:20:33,MRC_002,CUST-0049,PROC_B,wire,US,6016,GBP,2026-08-05,PAY-103801,posted
INT-HISTORICAL-003802,2026-08-05T18:21:56,MRC_001,CUST-0261,PROC_B,wire,DE,12798,USD,2026-08-05,PAY-103802,posted
INT-HISTORICAL-003803,2026-08-05T18:22:40,MRC_005,CUST-0271,PROC_A,wire,US,21645,GBP,2026-08-05,PAY-103803,posted
INT-HISTORICAL-003804,2026-08-05T18:23:34,MRC_004,CUST-0254,PROC_B,wallet,CA,10681,USD,2026-08-05,PAY-103804,posted
INT-HISTORICAL-003805,2026-08-05T18:25:03,MRC_001,CUST-0305,PROC_A,wire,US,2787,USD,2026-08-05,PAY-103805,posted
INT-HISTORICAL-003806,2026-08-05T18:27:03,MRC_002,CUST-0304,PROC_B,wire,DE,18865,USD,2026-08-05,PAY-103806,posted
INT-HISTORICAL-003807,2026-08-05T18:29:11,MRC_001,CUST-0118,PROC_C,wire,GB,28083,USD,2026-08-05,PAY-103807,posted
INT-HISTORICAL-003808,2026-08-05T18:30:10,MRC_003,CUST-0365,PROC_A,wallet,CA,14367,GBP,2026-08-05,PAY-103808,posted
INT-HISTORICAL-003809,2026-08-05T18:31:08,MRC_003,CUST-0151,PROC_A,wire,GB,9546,USD,2026-08-05,PAY-103809,posted
INT-HISTORICAL-003810,2026-08-05T18:33:46,MRC_005,CUST-0037,PROC_B,card,GB,85518,USD,2026-08-05,PAY-103810,posted
INT-HISTORICAL-003811,2026-08-05T18:36:19,MRC_005,CUST-0057,PROC_A,card,DE,15272,USD,2026-08-05,PAY-103811,posted
INT-HISTORICAL-003812,2026-08-05T18:38:59,MRC_002,CUST-0205,PROC_B,card,US,5330,USD,2026-08-05,PAY-103812,posted
INT-HISTORICAL-003813,2026-08-05T18:41:19,MRC_005,CUST-0300,PROC_B,wire,GB,3737,USD,2026-08-05,PAY-103813,posted
INT-HISTORICAL-003814,2026-08-05T18:42:54,MRC_002,CUST-0082,PROC_B,card,CA,31333,USD,2026-08-05,PAY-103814,posted
INT-HISTORICAL-003815,2026-08-05T18:44:15,MRC_005,CUST-0300,PROC_C,ach,US,7643,USD,2026-08-05,PAY-103815,posted
INT-HISTORICAL-003816,2026-08-05T18:45:41,MRC_001,CUST-0316,PROC_C,ach,DE,8256,GBP,2026-08-05,PAY-103816,posted
INT-HISTORICAL-003817,2026-08-05T18:46:48,MRC_003,CUST-0052,PROC_C,card,CA,19326,USD,2026-08-05,PAY-103817,posted
INT-HISTORICAL-003818,2026-08-05T18:49:07,MRC_003,CUST-0087,PROC_A,ach,CA,14921,USD,2026-08-05,PAY-103818,posted
INT-HISTORICAL-003819,2026-08-05T18:50:15,MRC_004,CUST-0056,PROC_A,card,US,6023,USD,2026-08-05,PAY-103819,posted
INT-HISTORICAL-003820,2026-08-05T18:51:33,MRC_001,CUST-0142,PROC_A,ach,DE,36073,GBP,2026-08-05,PAY-103820,posted
INT-HISTORICAL-003821,2026-08-05T18:53:53,MRC_005,CUST-0260,PROC_C,ach,US,10872,USD,2026-08-05,PAY-103821,posted
INT-HISTORICAL-003822,2026-08-05T18:55:44,MRC_004,CUST-0177,PROC_A,card,US,21512,EUR,2026-08-05,PAY-103822,posted
INT-HISTORICAL-003823,2026-08-05T18:56:42,MRC_002,CUST-0232,PROC_C,card,US,20505,USD,2026-08-05,PAY-103823,posted
INT-HISTORICAL-003824,2026-08-05T18:59:14,MRC_001,CUST-0303,PROC_B,ach,CA,27392,GBP,2026-08-05,PAY-103824,posted
INT-HISTORICAL-003825,2026-08-05T19:00:11,MRC_001,CUST-0277,PROC_B,wallet,US,152723,GBP,2026-08-05,PAY-103825,posted
INT-HISTORICAL-003826,2026-08-05T19:02:45,MRC_005,CUST-0077,PROC_A,card,GB,6736,USD,2026-08-05,PAY-103826,posted
INT-HISTORICAL-003827,2026-08-05T19:03:12,MRC_003,CUST-0313,PROC_B,ach,US,13268,USD,2026-08-05,PAY-103827,posted
INT-HISTORICAL-003828,2026-08-05T19:04:13,MRC_005,CUST-0234,PROC_A,wire,DE,29122,USD,2026-08-05,PAY-103828,posted
INT-HISTORICAL-003829,2026-08-05T19:06:05,MRC_004,CUST-0397,PROC_A,card,DE,14111,USD,2026-08-05,PAY-103829,posted
INT-HISTORICAL-003830,2026-08-05T19:07:37,MRC_002,CUST-0186,PROC_B,card,DE,2329,USD,2026-08-05,PAY-103830,posted
INT-HISTORICAL-003831,2026-08-05T19:09:14,MRC_003,CUST-0033,PROC_C,wire,GB,33421,USD,2026-08-05,PAY-103831,posted
INT-HISTORICAL-003832,2026-08-05T19:10:14,MRC_002,CUST-0026,PROC_B,ach,GB,12903,USD,2026-08-05,PAY-103832,posted
INT-HISTORICAL-003833,2026-08-05T19:13:02,MRC_004,CUST-0185,PROC_B,wallet,US,6390,EUR,2026-08-05,PAY-103833,posted
INT-HISTORICAL-003834,2026-08-05T19:14:58,MRC_002,CUST-0245,PROC_C,ach,US,15210,USD,2026-08-05,PAY-103834,posted
INT-HISTORICAL-003835,2026-08-05T19:16:25,MRC_003,CUST-0059,PROC_A,ach,CA,1947,USD,2026-08-05,PAY-103835,posted
INT-HISTORICAL-003836,2026-08-05T19:17:00,MRC_001,CUST-0013,PROC_C,card,US,6482,USD,2026-08-05,PAY-103836,posted
INT-HISTORICAL-003837,2026-08-05T19:18:55,MRC_004,CUST-0348,PROC_C,wire,GB,2566,USD,2026-08-05,PAY-103837,posted
INT-HISTORICAL-003838,2026-08-05T19:19:17,MRC_003,CUST-0127,PROC_C,card,US,56494,USD,2026-08-05,PAY-103838,posted
INT-HISTORICAL-003839,2026-08-05T19:20:05,MRC_001,CUST-0232,PROC_B,wire,GB,1937,USD,2026-08-05,PAY-103839,posted
INT-HISTORICAL-003840,2026-08-05T19:22:38,MRC_005,CUST-0090,PROC_C,wire,US,6946,USD,2026-08-05,PAY-103840,posted
INT-HISTORICAL-003841,2026-08-05T19:23:21,MRC_002,CUST-0378,PROC_A,wallet,US,5761,GBP,2026-08-05,PAY-103841,posted
INT-HISTORICAL-003842,2026-08-05T19:24:38,MRC_002,CUST-0338,PROC_C,wire,US,6901,EUR,2026-08-05,PAY-103842,posted
INT-HISTORICAL-003843,2026-08-05T19:26:56,MRC_003,CUST-0118,PROC_A,wallet,US,13488,USD,2026-08-05,PAY-103843,posted
INT-HISTORICAL-003844,2026-08-05T19:29:04,MRC_003,CUST-0052,PROC_C,card,US,6286,USD,2026-08-05,PAY-103844,posted
INT-HISTORICAL-003845,2026-08-05T19:30:33,MRC_005,CUST-0096,PROC_C,wire,DE,30256,USD,2026-08-05,PAY-103845,posted
INT-HISTORICAL-003846,2026-08-05T19:31:45,MRC_002,CUST-0229,PROC_B,ach,CA,13146,USD,2026-08-05,PAY-103846,posted
INT-HISTORICAL-003847,2026-08-05T19:32:41,MRC_001,CUST-0005,PROC_C,card,US,3013,USD,2026-08-05,PAY-103847,posted
INT-HISTORICAL-003848,2026-08-05T19:34:54,MRC_001,CUST-0343,PROC_A,ach,GB,866,USD,2026-08-05,PAY-103848,posted
INT-HISTORICAL-003849,2026-08-05T19:36:46,MRC_005,CUST-0084,PROC_B,ach,DE,4776,GBP,2026-08-05,PAY-103849,posted
INT-HISTORICAL-003850,2026-08-05T19:38:21,MRC_002,CUST-0358,PROC_A,wire,US,6786,USD,2026-08-05,PAY-103850,posted
INT-HISTORICAL-003851,2026-08-05T19:40:37,MRC_005,CUST-0163,PROC_A,wire,US,11567,USD,2026-08-05,PAY-103851,posted
INT-HISTORICAL-003852,2026-08-05T19:43:30,MRC_005,CUST-0019,PROC_C,wire,US,8064,USD,2026-08-05,PAY-103852,posted
INT-HISTORICAL-003853,2026-08-05T19:44:28,MRC_004,CUST-0259,PROC_C,card,DE,20187,USD,2026-08-05,PAY-103853,posted
INT-HISTORICAL-003854,2026-08-05T19:45:52,MRC_003,CUST-0236,PROC_A,wire,DE,2857,USD,2026-08-05,PAY-103854,posted
INT-HISTORICAL-003855,2026-08-05T19:48:51,MRC_002,CUST-0080,PROC_A,wire,CA,11562,USD,2026-08-05,PAY-103855,posted
INT-HISTORICAL-003856,2026-08-05T19:51:49,MRC_001,CUST-0254,PROC_C,card,US,5194,GBP,2026-08-05,PAY-103856,posted
INT-HISTORICAL-003857,2026-08-05T19:54:09,MRC_001,CUST-0169,PROC_B,ach,DE,26098,USD,2026-08-05,PAY-103857,posted
INT-HISTORICAL-003858,2026-08-05T19:55:51,MRC_002,CUST-0044,PROC_B,card,US,17121,EUR,2026-08-05,PAY-103858,posted
INT-HISTORICAL-003859,2026-08-05T19:57:10,MRC_001,CUST-0146,PROC_B,ach,US,23438,EUR,2026-08-05,PAY-103859,posted
INT-HISTORICAL-003860,2026-08-05T19:58:38,MRC_003,CUST-0315,PROC_C,ach,GB,5596,USD,2026-08-05,PAY-103860,posted
INT-HISTORICAL-003861,2026-08-05T20:00:56,MRC_002,CUST-0165,PROC_C,ach,US,50369,GBP,2026-08-05,PAY-103861,posted
INT-HISTORICAL-003862,2026-08-05T20:02:37,MRC_004,CUST-0136,PROC_A,wallet,US,46828,USD,2026-08-05,PAY-103862,posted
INT-HISTORICAL-003863,2026-08-05T20:05:23,MRC_001,CUST-0248,PROC_A,wire,GB,16225,USD,2026-08-05,PAY-103863,posted
INT-HISTORICAL-003864,2026-08-05T20:07:24,MRC_001,CUST-0041,PROC_A,ach,US,7812,USD,2026-08-05,PAY-103864,posted
INT-HISTORICAL-003865,2026-08-05T20:10:02,MRC_005,CUST-0153,PROC_C,card,DE,53857,USD,2026-08-05,PAY-103865,posted
INT-HISTORICAL-003866,2026-08-05T20:12:08,MRC_005,CUST-0131,PROC_A,wallet,GB,11773,USD,2026-08-05,PAY-103866,posted
INT-HISTORICAL-003867,2026-08-05T20:13:19,MRC_005,CUST-0308,PROC_A,card,US,14993,USD,2026-08-05,PAY-103867,posted
INT-HISTORICAL-003868,2026-08-05T20:15:33,MRC_005,CUST-0144,PROC_C,wallet,GB,16502,EUR,2026-08-05,PAY-103868,posted
INT-HISTORICAL-003869,2026-08-05T20:15:57,MRC_002,CUST-0022,PROC_B,ach,US,63027,USD,2026-08-05,PAY-103869,posted
INT-HISTORICAL-003870,2026-08-05T20:16:51,MRC_004,CUST-0380,PROC_C,card,US,5369,USD,2026-08-05,PAY-103870,posted
INT-HISTORICAL-003871,2026-08-05T20:17:15,MRC_003,CUST-0286,PROC_C,card,US,39790,EUR,2026-08-05,PAY-103871,posted
INT-HISTORICAL-003872,2026-08-05T20:18:18,MRC_004,CUST-0341,PROC_B,ach,GB,9320,USD,2026-08-05,PAY-103872,posted
INT-HISTORICAL-003873,2026-08-05T20:20:48,MRC_003,CUST-0263,PROC_C,wallet,GB,12052,EUR,2026-08-05,PAY-103873,posted
INT-HISTORICAL-003874,2026-08-05T20:23:18,MRC_004,CUST-0352,PROC_C,wire,US,10692,EUR,2026-08-05,PAY-103874,posted
INT-HISTORICAL-003875,2026-08-05T20:24:14,MRC_003,CUST-0047,PROC_B,wallet,DE,16874,USD,2026-08-05,PAY-103875,posted
INT-HISTORICAL-003876,2026-08-05T20:26:37,MRC_004,CUST-0002,PROC_A,wallet,CA,9923,USD,2026-08-05,PAY-103876,posted
INT-HISTORICAL-003877,2026-08-05T20:29:24,MRC_005,CUST-0016,PROC_B,ach,GB,9274,USD,2026-08-05,PAY-103877,posted
INT-HISTORICAL-003878,2026-08-05T20:30:11,MRC_001,CUST-0208,PROC_B,ach,US,7640,USD,2026-08-05,PAY-103878,posted
INT-HISTORICAL-003879,2026-08-05T20:31:47,MRC_003,CUST-0322,PROC_C,wallet,DE,22652,USD,2026-08-05,PAY-103879,posted
INT-HISTORICAL-003880,2026-08-05T20:33:25,MRC_002,CUST-0202,PROC_B,wallet,GB,6477,USD,2026-08-05,PAY-103880,posted
INT-HISTORICAL-003881,2026-08-05T20:35:39,MRC_002,CUST-0179,PROC_B,card,DE,8661,USD,2026-08-05,PAY-103881,posted
INT-HISTORICAL-003882,2026-08-05T20:36:19,MRC_001,CUST-0340,PROC_B,card,US,38777,USD,2026-08-05,PAY-103882,posted
INT-HISTORICAL-003883,2026-08-05T20:37:46,MRC_002,CUST-0285,PROC_A,card,US,8171,USD,2026-08-05,PAY-103883,posted
INT-HISTORICAL-003884,2026-08-05T20:38:37,MRC_004,CUST-0077,PROC_A,ach,US,6044,EUR,2026-08-05,PAY-103884,posted
INT-HISTORICAL-003885,2026-08-05T20:40:31,MRC_001,CUST-0277,PROC_C,wallet,GB,29529,USD,2026-08-05,PAY-103885,posted
INT-HISTORICAL-003886,2026-08-05T20:42:22,MRC_001,CUST-0280,PROC_A,ach,GB,18349,EUR,2026-08-05,PAY-103886,posted
INT-HISTORICAL-003887,2026-08-05T20:43:58,MRC_003,CUST-0163,PROC_A,ach,US,13689,EUR,2026-08-05,PAY-103887,posted
INT-HISTORICAL-003888,2026-08-05T20:44:40,MRC_004,CUST-0004,PROC_A,ach,CA,22482,USD,2026-08-05,PAY-103888,posted
INT-HISTORICAL-003889,2026-08-05T20:45:03,MRC_001,CUST-0045,PROC_B,card,US,11638,GBP,2026-08-05,PAY-103889,posted
INT-HISTORICAL-003890,2026-08-05T20:46:06,MRC_005,CUST-0353,PROC_C,ach,CA,6622,GBP,2026-08-05,PAY-103890,posted
INT-HISTORICAL-003891,2026-08-05T20:47:47,MRC_005,CUST-0221,PROC_C,card,US,76963,USD,2026-08-05,PAY-103891,posted
INT-HISTORICAL-003892,2026-08-05T20:48:43,MRC_002,CUST-0041,PROC_A,ach,US,5970,USD,2026-08-05,PAY-103892,posted
INT-HISTORICAL-003893,2026-08-05T20:50:04,MRC_004,CUST-0301,PROC_A,ach,CA,4176,EUR,2026-08-05,PAY-103893,posted
INT-HISTORICAL-003894,2026-08-05T20:51:09,MRC_002,CUST-0040,PROC_C,card,CA,15334,USD,2026-08-05,PAY-103894,posted
INT-HISTORICAL-003895,2026-08-05T20:52:02,MRC_001,CUST-0090,PROC_C,card,US,6227,GBP,2026-08-05,PAY-103895,posted
INT-HISTORICAL-003896,2026-08-05T20:52:25,MRC_001,CUST-0233,PROC_A,ach,CA,4167,EUR,2026-08-05,PAY-103896,posted
INT-HISTORICAL-003897,2026-08-05T20:55:14,MRC_004,CUST-0390,PROC_A,wallet,US,28380,USD,2026-08-05,PAY-103897,posted
INT-HISTORICAL-003898,2026-08-05T20:57:59,MRC_002,CUST-0372,PROC_A,ach,CA,21487,USD,2026-08-05,PAY-103898,posted
INT-HISTORICAL-003899,2026-08-05T20:59:16,MRC_004,CUST-0380,PROC_C,card,US,30416,USD,2026-08-05,PAY-103899,posted
INT-HISTORICAL-003900,2026-08-05T20:59:47,MRC_003,CUST-0273,PROC_A,wire,GB,11654,GBP,2026-08-05,PAY-103900,posted
INT-HISTORICAL-003901,2026-08-05T21:00:51,MRC_005,CUST-0171,PROC_A,ach,CA,21504,USD,2026-08-05,PAY-103901,posted
INT-HISTORICAL-003902,2026-08-05T21:03:42,MRC_001,CUST-0087,PROC_A,card,US,32014,USD,2026-08-05,PAY-103902,posted
INT-HISTORICAL-003903,2026-08-05T21:06:05,MRC_005,CUST-0345,PROC_B,wire,GB,5642,GBP,2026-08-05,PAY-103903,posted
INT-HISTORICAL-003904,2026-08-05T21:08:37,MRC_004,CUST-0077,PROC_A,card,DE,5324,EUR,2026-08-05,PAY-103904,posted
INT-HISTORICAL-003905,2026-08-05T21:10:22,MRC_001,CUST-0058,PROC_C,card,GB,3445,USD,2026-08-05,PAY-103905,posted
INT-HISTORICAL-003906,2026-08-05T21:11:17,MRC_004,CUST-0095,PROC_C,card,CA,13965,USD,2026-08-05,PAY-103906,posted
INT-HISTORICAL-003907,2026-08-05T21:13:20,MRC_001,CUST-0253,PROC_B,ach,US,7548,USD,2026-08-05,PAY-103907,posted
INT-HISTORICAL-003908,2026-08-05T21:15:26,MRC_002,CUST-0009,PROC_A,ach,GB,35323,USD,2026-08-05,PAY-103908,posted
INT-HISTORICAL-003909,2026-08-05T21:17:31,MRC_004,CUST-0383,PROC_C,card,US,11871,USD,2026-08-05,PAY-103909,posted
INT-HISTORICAL-003910,2026-08-05T21:18:33,MRC_004,CUST-0140,PROC_A,wire,CA,10453,USD,2026-08-05,PAY-103910,posted
INT-HISTORICAL-003911,2026-08-05T21:21:17,MRC_002,CUST-0367,PROC_B,wire,US,12332,GBP,2026-08-05,PAY-103911,posted
INT-HISTORICAL-003912,2026-08-05T21:24:04,MRC_005,CUST-0044,PROC_C,ach,US,26172,USD,2026-08-05,PAY-103912,posted
INT-HISTORICAL-003913,2026-08-05T21:25:41,MRC_002,CUST-0097,PROC_C,card,US,16457,USD,2026-08-05,PAY-103913,posted
INT-HISTORICAL-003914,2026-08-05T21:27:10,MRC_002,CUST-0163,PROC_A,card,US,108418,EUR,2026-08-05,PAY-103914,posted
INT-HISTORICAL-003915,2026-08-05T21:29:47,MRC_005,CUST-0092,PROC_C,wire,US,5308,EUR,2026-08-05,PAY-103915,posted
INT-HISTORICAL-003916,2026-08-05T21:32:01,MRC_001,CUST-0233,PROC_C,card,US,3555,USD,2026-08-05,PAY-103916,posted
INT-HISTORICAL-003917,2026-08-05T21:34:43,MRC_002,CUST-0371,PROC_A,card,CA,44575,USD,2026-08-05,PAY-103917,posted
INT-HISTORICAL-003918,2026-08-05T21:36:59,MRC_002,CUST-0324,PROC_B,card,US,6249,USD,2026-08-05,PAY-103918,posted
INT-HISTORICAL-003919,2026-08-05T21:39:42,MRC_001,CUST-0241,PROC_C,card,DE,19122,USD,2026-08-05,PAY-103919,posted
INT-HISTORICAL-003920,2026-08-05T21:42:37,MRC_003,CUST-0395,PROC_C,ach,GB,9648,EUR,2026-08-05,PAY-103920,posted
INT-HISTORICAL-003921,2026-08-05T21:43:08,MRC_002,CUST-0033,PROC_C,wire,CA,19450,USD,2026-08-05,PAY-103921,posted
INT-HISTORICAL-003922,2026-08-05T21:45:02,MRC_001,CUST-0105,PROC_B,wallet,US,15346,USD,2026-08-05,PAY-103922,posted
INT-HISTORICAL-003923,2026-08-05T21:47:23,MRC_003,CUST-0048,PROC_A,card,US,4027,USD,2026-08-05,PAY-103923,posted
INT-HISTORICAL-003924,2026-08-05T21:49:22,MRC_004,CUST-0077,PROC_A,ach,US,660,GBP,2026-08-05,PAY-103924,posted
INT-HISTORICAL-003925,2026-08-05T21:52:22,MRC_004,CUST-0168,PROC_C,wire,US,32866,EUR,2026-08-05,PAY-103925,posted
INT-HISTORICAL-003926,2026-08-05T21:54:17,MRC_003,CUST-0359,PROC_C,ach,US,23655,USD,2026-08-05,PAY-103926,posted
INT-HISTORICAL-003927,2026-08-05T21:57:07,MRC_001,CUST-0014,PROC_C,wallet,US,21255,USD,2026-08-05,PAY-103927,posted
INT-HISTORICAL-003928,2026-08-05T21:59:49,MRC_004,CUST-0268,PROC_C,card,DE,4832,USD,2026-08-05,PAY-103928,posted
INT-HISTORICAL-003929,2026-08-05T22:00:09,MRC_005,CUST-0155,PROC_A,card,DE,10308,EUR,2026-08-05,PAY-103929,posted
INT-HISTORICAL-003930,2026-08-05T22:00:36,MRC_002,CUST-0079,PROC_A,wallet,US,7834,GBP,2026-08-05,PAY-103930,posted
INT-HISTORICAL-003931,2026-08-05T22:01:08,MRC_005,CUST-0110,PROC_B,wallet,GB,25198,EUR,2026-08-05,PAY-103931,posted
INT-HISTORICAL-003932,2026-08-05T22:02:35,MRC_002,CUST-0011,PROC_B,card,US,15828,USD,2026-08-05,PAY-103932,posted
INT-HISTORICAL-003933,2026-08-05T22:04:03,MRC_001,CUST-0015,PROC_B,wire,US,7260,USD,2026-08-05,PAY-103933,posted
INT-HISTORICAL-003934,2026-08-05T22:06:47,MRC_001,CUST-0306,PROC_B,wire,DE,18754,EUR,2026-08-05,PAY-103934,posted
INT-HISTORICAL-003935,2026-08-05T22:08:18,MRC_003,CUST-0371,PROC_B,wire,GB,6404,GBP,2026-08-05,PAY-103935,posted
INT-HISTORICAL-003936,2026-08-05T22:09:52,MRC_005,CUST-0026,PROC_B,wire,US,12980,USD,2026-08-05,PAY-103936,posted
INT-HISTORICAL-003937,2026-08-05T22:11:51,MRC_002,CUST-0200,PROC_C,wire,CA,9325,USD,2026-08-05,PAY-103937,posted
INT-HISTORICAL-003938,2026-08-05T22:14:34,MRC_001,CUST-0163,PROC_B,ach,GB,9179,GBP,2026-08-05,PAY-103938,posted
INT-HISTORICAL-003939,2026-08-05T22:15:07,MRC_003,CUST-0356,PROC_A,wallet,US,4839,USD,2026-08-05,PAY-103939,posted
INT-HISTORICAL-003940,2026-08-05T22:16:09,MRC_004,CUST-0294,PROC_C,card,US,5828,USD,2026-08-05,PAY-103940,posted
INT-HISTORICAL-003941,2026-08-05T22:17:42,MRC_004,CUST-0391,PROC_C,wallet,CA,17649,EUR,2026-08-05,PAY-103941,posted
INT-HISTORICAL-003942,2026-08-05T22:19:12,MRC_003,CUST-0080,PROC_C,card,DE,46911,USD,2026-08-05,PAY-103942,posted
INT-HISTORICAL-003943,2026-08-05T22:21:04,MRC_003,CUST-0255,PROC_C,card,DE,56878,USD,2026-08-05,PAY-103943,posted
INT-HISTORICAL-003944,2026-08-05T22:22:36,MRC_005,CUST-0165,PROC_A,wire,CA,9982,USD,2026-08-05,PAY-103944,posted
INT-HISTORICAL-003945,2026-08-05T22:23:41,MRC_001,CUST-0331,PROC_B,wire,GB,28873,USD,2026-08-05,PAY-103945,posted
INT-HISTORICAL-003946,2026-08-05T22:25:50,MRC_003,CUST-0026,PROC_A,wallet,GB,12264,USD,2026-08-05,PAY-103946,posted
INT-HISTORICAL-003947,2026-08-05T22:27:54,MRC_003,CUST-0099,PROC_A,card,US,7668,EUR,2026-08-05,PAY-103947,posted
INT-HISTORICAL-003948,2026-08-05T22:28:42,MRC_005,CUST-0137,PROC_B,wire,CA,6340,GBP,2026-08-05,PAY-103948,posted
INT-HISTORICAL-003949,2026-08-05T22:29:51,MRC_005,CUST-0333,PROC_C,card,CA,23124,USD,2026-08-05,PAY-103949,posted
INT-HISTORICAL-003950,2026-08-05T22:32:38,MRC_003,CUST-0014,PROC_B,card,US,9469,EUR,2026-08-05,PAY-103950,posted
INT-HISTORICAL-003951,2026-08-05T22:34:18,MRC_001,CUST-0265,PROC_C,ach,US,37804,USD,2026-08-05,PAY-103951,posted
INT-HISTORICAL-003952,2026-08-05T22:34:38,MRC_003,CUST-0391,PROC_B,card,US,4616,USD,2026-08-05,PAY-103952,posted
INT-HISTORICAL-003953,2026-08-05T22:34:59,MRC_005,CUST-0182,PROC_C,wallet,DE,5556,USD,2026-08-05,PAY-103953,posted
INT-HISTORICAL-003954,2026-08-05T22:35:55,MRC_001,CUST-0069,PROC_B,wire,CA,29625,EUR,2026-08-05,PAY-103954,posted
INT-HISTORICAL-003955,2026-08-05T22:36:31,MRC_002,CUST-0075,PROC_B,wire,GB,12250,GBP,2026-08-05,PAY-103955,posted
INT-HISTORICAL-003956,2026-08-05T22:38:08,MRC_003,CUST-0097,PROC_A,wallet,CA,44395,GBP,2026-08-05,PAY-103956,posted
INT-HISTORICAL-003957,2026-08-05T22:39:47,MRC_005,CUST-0309,PROC_A,wallet,US,5367,USD,2026-08-05,PAY-103957,posted
INT-HISTORICAL-003958,2026-08-05T22:40:32,MRC_005,CUST-0061,PROC_C,ach,DE,19625,GBP,2026-08-05,PAY-103958,posted
INT-HISTORICAL-003959,2026-08-05T22:42:56,MRC_001,CUST-0262,PROC_B,wire,GB,1877,USD,2026-08-05,PAY-103959,posted
INT-HISTORICAL-003960,2026-08-05T22:43:21,MRC_005,CUST-0202,PROC_A,card,US,39961,USD,2026-08-05,PAY-103960,posted
INT-HISTORICAL-003961,2026-08-05T22:45:36,MRC_002,CUST-0077,PROC_C,ach,DE,12833,GBP,2026-08-05,PAY-103961,posted
INT-HISTORICAL-003962,2026-08-05T22:46:56,MRC_003,CUST-0128,PROC_B,ach,US,14738,USD,2026-08-05,PAY-103962,posted
INT-HISTORICAL-003963,2026-08-05T22:49:36,MRC_003,CUST-0027,PROC_A,wallet,DE,4083,USD,2026-08-05,PAY-103963,posted
INT-HISTORICAL-003964,2026-08-05T22:51:47,MRC_004,CUST-0218,PROC_B,wallet,DE,35754,USD,2026-08-05,PAY-103964,posted
INT-HISTORICAL-003965,2026-08-05T22:53:32,MRC_003,CUST-0137,PROC_B,wallet,US,55586,EUR,2026-08-05,PAY-103965,posted
INT-HISTORICAL-003966,2026-08-05T22:54:28,MRC_005,CUST-0067,PROC_A,wire,DE,12808,USD,2026-08-05,PAY-103966,posted
INT-HISTORICAL-003967,2026-08-05T22:56:32,MRC_002,CUST-0389,PROC_C,wire,US,20906,EUR,2026-08-05,PAY-103967,posted
INT-HISTORICAL-003968,2026-08-05T22:58:35,MRC_005,CUST-0037,PROC_C,wallet,US,8379,USD,2026-08-05,PAY-103968,posted
INT-HISTORICAL-003969,2026-08-05T22:59:42,MRC_003,CUST-0233,PROC_C,wire,GB,1343,EUR,2026-08-05,PAY-103969,posted
INT-HISTORICAL-003970,2026-08-05T23:01:17,MRC_003,CUST-0109,PROC_B,ach,GB,95179,GBP,2026-08-05,PAY-103970,posted
INT-HISTORICAL-003971,2026-08-05T23:03:55,MRC_004,CUST-0069,PROC_A,wire,US,19525,USD,2026-08-05,PAY-103971,posted
INT-HISTORICAL-003972,2026-08-05T23:06:01,MRC_003,CUST-0052,PROC_B,card,US,25594,EUR,2026-08-05,PAY-103972,posted
INT-HISTORICAL-003973,2026-08-05T23:07:46,MRC_005,CUST-0374,PROC_A,card,DE,7845,USD,2026-08-05,PAY-103973,posted
INT-HISTORICAL-003974,2026-08-05T23:08:26,MRC_002,CUST-0018,PROC_A,ach,US,18612,GBP,2026-08-05,PAY-103974,posted
INT-HISTORICAL-003975,2026-08-05T23:09:40,MRC_005,CUST-0190,PROC_B,card,US,27761,EUR,2026-08-05,PAY-103975,posted
INT-HISTORICAL-003976,2026-08-05T23:11:57,MRC_002,CUST-0083,PROC_A,wire,US,33189,USD,2026-08-05,PAY-103976,posted
INT-HISTORICAL-003977,2026-08-05T23:13:54,MRC_003,CUST-0085,PROC_A,card,GB,4334,USD,2026-08-05,PAY-103977,posted
INT-HISTORICAL-003978,2026-08-05T23:16:44,MRC_005,CUST-0181,PROC_C,card,GB,36161,USD,2026-08-05,PAY-103978,posted
INT-HISTORICAL-003979,2026-08-05T23:18:12,MRC_004,CUST-0089,PROC_C,card,DE,3951,USD,2026-08-05,PAY-103979,posted
INT-HISTORICAL-003980,2026-08-05T23:21:00,MRC_003,CUST-0100,PROC_B,wallet,DE,4476,USD,2026-08-05,PAY-103980,posted
INT-HISTORICAL-003981,2026-08-05T23:23:25,MRC_003,CUST-0350,PROC_C,card,US,12629,EUR,2026-08-05,PAY-103981,posted
INT-HISTORICAL-003982,2026-08-05T23:24:26,MRC_003,CUST-0380,PROC_C,card,US,15187,USD,2026-08-05,PAY-103982,posted
INT-HISTORICAL-003983,2026-08-05T23:25:42,MRC_004,CUST-0201,PROC_C,card,US,16227,USD,2026-08-05,PAY-103983,posted
INT-HISTORICAL-003984,2026-08-05T23:27:10,MRC_002,CUST-0244,PROC_A,wire,US,16843,USD,2026-08-05,PAY-103984,posted
INT-HISTORICAL-003985,2026-08-05T23:28:03,MRC_005,CUST-0209,PROC_C,wire,CA,37482,USD,2026-08-05,PAY-103985,posted
INT-HISTORICAL-003986,2026-08-05T23:28:28,MRC_004,CUST-0194,PROC_C,wire,US,4108,USD,2026-08-05,PAY-103986,posted
INT-HISTORICAL-003987,2026-08-05T23:30:59,MRC_003,CUST-0064,PROC_A,wire,DE,47501,GBP,2026-08-05,PAY-103987,posted
INT-HISTORICAL-003988,2026-08-05T23:33:40,MRC_003,CUST-0305,PROC_B,wallet,US,8123,USD,2026-08-05,PAY-103988,posted
INT-HISTORICAL-003989,2026-08-05T23:35:00,MRC_003,CUST-0164,PROC_C,card,DE,32424,GBP,2026-08-05,PAY-103989,posted
INT-HISTORICAL-003990,2026-08-05T23:36:34,MRC_004,CUST-0332,PROC_C,wire,US,5465,USD,2026-08-05,PAY-103990,posted
INT-HISTORICAL-003991,2026-08-05T23:37:13,MRC_005,CUST-0199,PROC_B,ach,CA,13315,GBP,2026-08-05,PAY-103991,posted
INT-HISTORICAL-003992,2026-08-05T23:39:11,MRC_002,CUST-0249,PROC_A,wallet,US,3035,USD,2026-08-05,PAY-103992,posted
INT-HISTORICAL-003993,2026-08-05T23:39:34,MRC_001,CUST-0327,PROC_A,card,US,7015,USD,2026-08-05,PAY-103993,posted
INT-HISTORICAL-003994,2026-08-05T23:41:53,MRC_001,CUST-0387,PROC_C,wire,US,13529,GBP,2026-08-05,PAY-103994,posted
INT-HISTORICAL-003995,2026-08-05T23:44:32,MRC_002,CUST-0097,PROC_A,wire,GB,2397,EUR,2026-08-05,PAY-103995,posted
INT-HISTORICAL-003996,2026-08-05T23:45:52,MRC_002,CUST-0153,PROC_C,wire,GB,9570,USD,2026-08-05,PAY-103996,posted
INT-HISTORICAL-003997,2026-08-05T23:46:52,MRC_002,CUST-0394,PROC_A,wire,US,4708,USD,2026-08-05,PAY-103997,posted
INT-HISTORICAL-003998,2026-08-05T23:48:49,MRC_001,CUST-0209,PROC_C,wire,US,30044,EUR,2026-08-05,PAY-103998,posted
INT-HISTORICAL-003999,2026-08-05T23:51:41,MRC_005,CUST-0119,PROC_B,wallet,US,10684,USD,2026-08-05,PAY-103999,posted
INT-HISTORICAL-004000,2026-08-05T23:54:37,MRC_003,CUST-0166,PROC_B,ach,US,30054,USD,2026-08-05,PAY-104000,posted
INT-HISTORICAL-004001,2026-08-05T23:56:07,MRC_001,CUST-0323,PROC_B,wire,US,20680,GBP,2026-08-05,PAY-104001,posted
INT-HISTORICAL-004002,2026-08-05T23:58:18,MRC_002,CUST-0112,PROC_C,ach,US,6415,USD,2026-08-05,PAY-104002,posted
INT-HISTORICAL-004003,2026-08-06T00:00:15,MRC_001,CUST-0270,PROC_B,card,DE,13221,GBP,2026-08-06,PAY-104003,posted
INT-HISTORICAL-004004,2026-08-06T00:01:39,MRC_002,CUST-0356,PROC_B,wallet,US,31581,EUR,2026-08-06,PAY-104004,posted
INT-HISTORICAL-004005,2026-08-06T00:03:57,MRC_005,CUST-0309,PROC_B,card,US,5736,USD,2026-08-06,PAY-104005,posted
INT-HISTORICAL-004006,2026-08-06T00:04:56,MRC_001,CUST-0235,PROC_A,ach,DE,57404,USD,2026-08-06,PAY-104006,posted
INT-HISTORICAL-004007,2026-08-06T00:06:05,MRC_003,CUST-0062,PROC_C,wallet,GB,1653,USD,2026-08-06,PAY-104007,posted
INT-HISTORICAL-004008,2026-08-06T00:06:43,MRC_004,CUST-0101,PROC_B,wallet,US,22849,USD,2026-08-06,PAY-104008,posted
INT-HISTORICAL-004009,2026-08-06T00:07:38,MRC_004,CUST-0380,PROC_A,wire,US,22055,USD,2026-08-06,PAY-104009,posted
INT-HISTORICAL-004010,2026-08-06T00:09:16,MRC_001,CUST-0138,PROC_C,ach,US,34773,USD,2026-08-06,PAY-104010,posted
INT-HISTORICAL-004011,2026-08-06T00:11:29,MRC_001,CUST-0274,PROC_B,wallet,GB,12529,USD,2026-08-06,PAY-104011,posted
INT-HISTORICAL-004012,2026-08-06T00:11:50,MRC_003,CUST-0057,PROC_A,wallet,US,16347,USD,2026-08-06,PAY-104012,posted
INT-HISTORICAL-004013,2026-08-06T00:13:37,MRC_005,CUST-0162,PROC_B,card,GB,21733,EUR,2026-08-06,PAY-104013,posted
INT-HISTORICAL-004014,2026-08-06T00:15:38,MRC_004,CUST-0382,PROC_A,wire,CA,45229,USD,2026-08-06,PAY-104014,posted
INT-HISTORICAL-004015,2026-08-06T00:17:05,MRC_002,CUST-0022,PROC_B,card,US,5291,USD,2026-08-06,PAY-104015,posted
INT-HISTORICAL-004016,2026-08-06T00:18:50,MRC_004,CUST-0042,PROC_A,wire,US,7499,GBP,2026-08-06,PAY-104016,posted
INT-HISTORICAL-004017,2026-08-06T00:20:35,MRC_004,CUST-0179,PROC_B,card,DE,9098,USD,2026-08-06,PAY-104017,posted
INT-HISTORICAL-004018,2026-08-06T00:20:56,MRC_002,CUST-0247,PROC_B,wire,DE,6802,USD,2026-08-06,PAY-104018,posted
INT-HISTORICAL-004019,2026-08-06T00:23:37,MRC_001,CUST-0384,PROC_B,wallet,CA,21047,USD,2026-08-06,PAY-104019,posted
INT-HISTORICAL-004020,2026-08-06T00:24:38,MRC_005,CUST-0126,PROC_C,wire,GB,15725,USD,2026-08-06,PAY-104020,posted
INT-HISTORICAL-004021,2026-08-06T00:26:34,MRC_003,CUST-0334,PROC_A,wire,CA,7190,USD,2026-08-06,PAY-104021,posted
INT-HISTORICAL-004022,2026-08-06T00:27:45,MRC_003,CUST-0192,PROC_A,wallet,DE,2503,USD,2026-08-06,PAY-104022,posted
INT-HISTORICAL-004023,2026-08-06T00:28:06,MRC_001,CUST-0271,PROC_C,card,DE,5563,USD,2026-08-06,PAY-104023,posted
INT-HISTORICAL-004024,2026-08-06T00:30:44,MRC_003,CUST-0025,PROC_C,wire,CA,19625,GBP,2026-08-06,PAY-104024,posted
INT-HISTORICAL-004025,2026-08-06T00:33:31,MRC_003,CUST-0013,PROC_C,card,US,11724,USD,2026-08-06,PAY-104025,posted
INT-HISTORICAL-004026,2026-08-06T00:34:39,MRC_005,CUST-0085,PROC_C,wire,US,5903,USD,2026-08-06,PAY-104026,posted
INT-HISTORICAL-004027,2026-08-06T00:36:13,MRC_004,CUST-0277,PROC_A,wire,CA,11899,USD,2026-08-06,PAY-104027,posted
INT-HISTORICAL-004028,2026-08-06T00:36:49,MRC_003,CUST-0334,PROC_B,card,US,3081,USD,2026-08-06,PAY-104028,posted
INT-HISTORICAL-004029,2026-08-06T00:37:17,MRC_002,CUST-0387,PROC_C,card,US,19957,USD,2026-08-06,PAY-104029,posted
INT-HISTORICAL-004030,2026-08-06T00:38:32,MRC_001,CUST-0339,PROC_C,card,GB,34814,USD,2026-08-06,PAY-104030,posted
INT-HISTORICAL-004031,2026-08-06T00:41:00,MRC_002,CUST-0217,PROC_C,wire,US,12217,USD,2026-08-06,PAY-104031,posted
INT-HISTORICAL-004032,2026-08-06T00:43:32,MRC_002,CUST-0245,PROC_C,wire,GB,2782,USD,2026-08-06,PAY-104032,posted
INT-HISTORICAL-004033,2026-08-06T00:46:05,MRC_004,CUST-0342,PROC_C,card,GB,12219,GBP,2026-08-06,PAY-104033,posted
INT-HISTORICAL-004034,2026-08-06T00:48:02,MRC_005,CUST-0337,PROC_A,wire,US,7365,GBP,2026-08-06,PAY-104034,posted
INT-HISTORICAL-004035,2026-08-06T00:49:07,MRC_002,CUST-0164,PROC_C,card,CA,3817,USD,2026-08-06,PAY-104035,posted
INT-HISTORICAL-004036,2026-08-06T00:49:27,MRC_003,CUST-0182,PROC_A,wallet,CA,5115,GBP,2026-08-06,PAY-104036,posted
INT-HISTORICAL-004037,2026-08-06T00:51:39,MRC_001,CUST-0352,PROC_A,card,CA,5730,USD,2026-08-06,PAY-104037,posted
INT-HISTORICAL-004038,2026-08-06T00:54:32,MRC_001,CUST-0370,PROC_B,wallet,US,12595,GBP,2026-08-06,PAY-104038,posted
INT-HISTORICAL-004039,2026-08-06T00:56:49,MRC_005,CUST-0270,PROC_A,wire,US,7550,GBP,2026-08-06,PAY-104039,posted
INT-HISTORICAL-004040,2026-08-06T00:58:19,MRC_002,CUST-0251,PROC_C,wire,US,13264,GBP,2026-08-06,PAY-104040,posted
INT-HISTORICAL-004041,2026-08-06T01:01:07,MRC_005,CUST-0210,PROC_C,wire,DE,2404,USD,2026-08-06,PAY-104041,posted
INT-HISTORICAL-004042,2026-08-06T01:03:19,MRC_004,CUST-0134,PROC_C,card,US,11941,EUR,2026-08-06,PAY-104042,posted
INT-HISTORICAL-004043,2026-08-06T01:03:50,MRC_005,CUST-0262,PROC_A,ach,DE,6677,USD,2026-08-06,PAY-104043,posted
INT-HISTORICAL-004044,2026-08-06T01:05:41,MRC_004,CUST-0198,PROC_B,wire,DE,9205,GBP,2026-08-06,PAY-104044,posted
INT-HISTORICAL-004045,2026-08-06T01:06:06,MRC_005,CUST-0378,PROC_A,wire,US,134715,USD,2026-08-06,PAY-104045,posted
INT-HISTORICAL-004046,2026-08-06T01:07:28,MRC_001,CUST-0031,PROC_A,wallet,US,15162,USD,2026-08-06,PAY-104046,posted
INT-HISTORICAL-004047,2026-08-06T01:09:52,MRC_001,CUST-0161,PROC_A,ach,US,13467,USD,2026-08-06,PAY-104047,posted
INT-HISTORICAL-004048,2026-08-06T01:12:41,MRC_003,CUST-0366,PROC_A,card,US,5446,USD,2026-08-06,PAY-104048,posted
INT-HISTORICAL-004049,2026-08-06T01:13:51,MRC_003,CUST-0373,PROC_C,wire,US,160738,GBP,2026-08-06,PAY-104049,posted
INT-HISTORICAL-004050,2026-08-06T01:16:46,MRC_003,CUST-0034,PROC_A,wallet,DE,5434,EUR,2026-08-06,PAY-104050,posted
INT-HISTORICAL-004051,2026-08-06T01:19:32,MRC_003,CUST-0149,PROC_B,wallet,GB,2832,USD,2026-08-06,PAY-104051,posted
INT-HISTORICAL-004052,2026-08-06T01:21:50,MRC_004,CUST-0349,PROC_B,wire,US,6851,GBP,2026-08-06,PAY-104052,posted
INT-HISTORICAL-004053,2026-08-06T01:23:25,MRC_005,CUST-0143,PROC_C,wallet,US,14536,USD,2026-08-06,PAY-104053,posted
INT-HISTORICAL-004054,2026-08-06T01:25:05,MRC_002,CUST-0068,PROC_C,card,US,1360,GBP,2026-08-06,PAY-104054,posted
INT-HISTORICAL-004055,2026-08-06T01:26:27,MRC_001,CUST-0059,PROC_B,wallet,US,9978,USD,2026-08-06,PAY-104055,posted
INT-HISTORICAL-004056,2026-08-06T01:29:19,MRC_001,CUST-0197,PROC_A,wire,US,12739,USD,2026-08-06,PAY-104056,posted
INT-HISTORICAL-004057,2026-08-06T01:32:11,MRC_005,CUST-0310,PROC_B,card,US,22484,USD,2026-08-06,PAY-104057,posted
INT-HISTORICAL-004058,2026-08-06T01:34:04,MRC_002,CUST-0140,PROC_B,wire,US,5996,USD,2026-08-06,PAY-104058,posted
INT-HISTORICAL-004059,2026-08-06T01:35:15,MRC_004,CUST-0017,PROC_C,wallet,US,18229,USD,2026-08-06,PAY-104059,posted
INT-HISTORICAL-004060,2026-08-06T01:37:25,MRC_003,CUST-0163,PROC_C,wire,GB,21156,USD,2026-08-06,PAY-104060,posted
INT-HISTORICAL-004061,2026-08-06T01:37:57,MRC_003,CUST-0253,PROC_C,ach,DE,5965,USD,2026-08-06,PAY-104061,posted
INT-HISTORICAL-004062,2026-08-06T01:40:08,MRC_003,CUST-0123,PROC_A,wire,GB,21953,GBP,2026-08-06,PAY-104062,posted
INT-HISTORICAL-004063,2026-08-06T01:43:01,MRC_001,CUST-0291,PROC_C,wire,US,10374,USD,2026-08-06,PAY-104063,posted
INT-HISTORICAL-004064,2026-08-06T01:43:41,MRC_003,CUST-0396,PROC_C,card,US,11660,USD,2026-08-06,PAY-104064,posted
INT-HISTORICAL-004065,2026-08-06T01:45:54,MRC_005,CUST-0363,PROC_C,ach,US,19984,USD,2026-08-06,PAY-104065,posted
INT-HISTORICAL-004066,2026-08-06T01:48:30,MRC_004,CUST-0382,PROC_A,card,US,13514,USD,2026-08-06,PAY-104066,posted
INT-HISTORICAL-004067,2026-08-06T01:50:16,MRC_004,CUST-0137,PROC_A,ach,GB,2947,GBP,2026-08-06,PAY-104067,posted
INT-HISTORICAL-004068,2026-08-06T01:50:36,MRC_002,CUST-0242,PROC_B,ach,US,17305,EUR,2026-08-06,PAY-104068,posted
INT-HISTORICAL-004069,2026-08-06T01:52:42,MRC_003,CUST-0172,PROC_C,ach,CA,28312,USD,2026-08-06,PAY-104069,posted
INT-HISTORICAL-004070,2026-08-06T01:54:34,MRC_002,CUST-0296,PROC_A,wallet,US,26704,USD,2026-08-06,PAY-104070,posted
INT-HISTORICAL-004071,2026-08-06T01:56:45,MRC_004,CUST-0189,PROC_C,wallet,US,9879,USD,2026-08-06,PAY-104071,posted
INT-HISTORICAL-004072,2026-08-06T01:58:51,MRC_002,CUST-0030,PROC_C,wire,GB,12417,USD,2026-08-06,PAY-104072,posted
INT-HISTORICAL-004073,2026-08-06T02:00:46,MRC_002,CUST-0122,PROC_A,ach,US,8192,USD,2026-08-06,PAY-104073,posted
INT-HISTORICAL-004074,2026-08-06T02:03:18,MRC_003,CUST-0077,PROC_C,wire,CA,40031,USD,2026-08-06,PAY-104074,posted
INT-HISTORICAL-004075,2026-08-06T02:05:09,MRC_005,CUST-0160,PROC_B,wallet,DE,50580,USD,2026-08-06,PAY-104075,posted
INT-HISTORICAL-004076,2026-08-06T02:05:43,MRC_001,CUST-0046,PROC_A,card,CA,7333,USD,2026-08-06,PAY-104076,posted
INT-HISTORICAL-004077,2026-08-06T02:06:57,MRC_003,CUST-0053,PROC_A,wire,US,16479,EUR,2026-08-06,PAY-104077,posted
INT-HISTORICAL-004078,2026-08-06T02:07:23,MRC_002,CUST-0311,PROC_B,wire,CA,4435,USD,2026-08-06,PAY-104078,posted
INT-HISTORICAL-004079,2026-08-06T02:09:35,MRC_002,CUST-0333,PROC_C,ach,CA,27931,USD,2026-08-06,PAY-104079,posted
INT-HISTORICAL-004080,2026-08-06T02:10:17,MRC_005,CUST-0156,PROC_A,ach,US,9097,USD,2026-08-06,PAY-104080,posted
INT-HISTORICAL-004081,2026-08-06T02:11:14,MRC_005,CUST-0210,PROC_A,ach,DE,1769,GBP,2026-08-06,PAY-104081,posted
INT-HISTORICAL-004082,2026-08-06T02:11:40,MRC_002,CUST-0267,PROC_A,ach,CA,23038,USD,2026-08-06,PAY-104082,posted
INT-HISTORICAL-004083,2026-08-06T02:12:04,MRC_003,CUST-0304,PROC_C,card,DE,4973,USD,2026-08-06,PAY-104083,posted
INT-HISTORICAL-004084,2026-08-06T02:14:01,MRC_003,CUST-0310,PROC_A,wire,GB,67148,USD,2026-08-06,PAY-104084,posted
INT-HISTORICAL-004085,2026-08-06T02:14:53,MRC_004,CUST-0140,PROC_B,card,US,32147,USD,2026-08-06,PAY-104085,posted
INT-HISTORICAL-004086,2026-08-06T02:17:26,MRC_003,CUST-0062,PROC_B,card,US,33238,USD,2026-08-06,PAY-104086,posted
INT-HISTORICAL-004087,2026-08-06T02:19:37,MRC_003,CUST-0322,PROC_C,wallet,DE,5336,GBP,2026-08-06,PAY-104087,posted
INT-HISTORICAL-004088,2026-08-06T02:20:47,MRC_003,CUST-0110,PROC_C,wallet,US,19124,USD,2026-08-06,PAY-104088,posted
INT-HISTORICAL-004089,2026-08-06T02:21:48,MRC_003,CUST-0208,PROC_A,ach,DE,67789,EUR,2026-08-06,PAY-104089,posted
INT-HISTORICAL-004090,2026-08-06T02:22:32,MRC_001,CUST-0044,PROC_C,card,GB,14004,USD,2026-08-06,PAY-104090,posted
INT-HISTORICAL-004091,2026-08-06T02:23:36,MRC_002,CUST-0314,PROC_B,wire,US,4362,USD,2026-08-06,PAY-104091,posted
INT-HISTORICAL-004092,2026-08-06T02:24:58,MRC_004,CUST-0140,PROC_C,ach,DE,6647,USD,2026-08-06,PAY-104092,posted
INT-HISTORICAL-004093,2026-08-06T02:26:46,MRC_001,CUST-0242,PROC_B,card,CA,23923,USD,2026-08-06,PAY-104093,posted
INT-HISTORICAL-004094,2026-08-06T02:29:19,MRC_004,CUST-0163,PROC_B,ach,DE,32373,USD,2026-08-06,PAY-104094,posted
INT-HISTORICAL-004095,2026-08-06T02:30:05,MRC_003,CUST-0109,PROC_C,card,GB,10586,USD,2026-08-06,PAY-104095,posted
INT-HISTORICAL-004096,2026-08-06T02:32:36,MRC_002,CUST-0307,PROC_B,ach,US,13247,USD,2026-08-06,PAY-104096,posted
INT-HISTORICAL-004097,2026-08-06T02:35:03,MRC_004,CUST-0234,PROC_C,wallet,US,11332,USD,2026-08-06,PAY-104097,posted
INT-HISTORICAL-004098,2026-08-06T02:36:24,MRC_004,CUST-0046,PROC_B,wire,DE,22545,EUR,2026-08-06,PAY-104098,posted
INT-HISTORICAL-004099,2026-08-06T02:39:21,MRC_005,CUST-0206,PROC_C,ach,CA,82005,GBP,2026-08-06,PAY-104099,posted
INT-HISTORICAL-004100,2026-08-06T02:39:52,MRC_004,CUST-0160,PROC_A,wallet,GB,23199,USD,2026-08-06,PAY-104100,posted
INT-HISTORICAL-004101,2026-08-06T02:42:21,MRC_004,CUST-0355,PROC_C,card,US,11239,GBP,2026-08-06,PAY-104101,posted
INT-HISTORICAL-004102,2026-08-06T02:42:54,MRC_005,CUST-0122,PROC_B,wallet,CA,11916,GBP,2026-08-06,PAY-104102,posted
INT-HISTORICAL-004103,2026-08-06T02:45:34,MRC_005,CUST-0225,PROC_A,wire,US,54090,USD,2026-08-06,PAY-104103,posted
INT-HISTORICAL-004104,2026-08-06T02:47:45,MRC_005,CUST-0003,PROC_A,wallet,US,78299,GBP,2026-08-06,PAY-104104,posted
INT-HISTORICAL-004105,2026-08-06T02:48:32,MRC_004,CUST-0269,PROC_B,wallet,GB,44114,USD,2026-08-06,PAY-104105,posted
INT-HISTORICAL-004106,2026-08-06T02:49:09,MRC_001,CUST-0193,PROC_C,ach,DE,3019,USD,2026-08-06,PAY-104106,posted
INT-HISTORICAL-004107,2026-08-06T02:51:25,MRC_004,CUST-0181,PROC_B,ach,US,19768,USD,2026-08-06,PAY-104107,posted
INT-HISTORICAL-004108,2026-08-06T02:52:02,MRC_005,CUST-0036,PROC_C,wire,US,5710,USD,2026-08-06,PAY-104108,posted
INT-HISTORICAL-004109,2026-08-06T02:53:48,MRC_005,CUST-0357,PROC_C,ach,US,13330,USD,2026-08-06,PAY-104109,posted
INT-HISTORICAL-004110,2026-08-06T02:56:35,MRC_004,CUST-0247,PROC_B,card,US,11262,USD,2026-08-06,PAY-104110,posted
INT-HISTORICAL-004111,2026-08-06T02:57:13,MRC_005,CUST-0114,PROC_C,ach,US,21348,USD,2026-08-06,PAY-104111,posted
INT-HISTORICAL-004112,2026-08-06T02:59:04,MRC_002,CUST-0361,PROC_C,wire,US,3971,GBP,2026-08-06,PAY-104112,posted
INT-HISTORICAL-004113,2026-08-06T03:01:04,MRC_003,CUST-0271,PROC_C,ach,US,5340,USD,2026-08-06,PAY-104113,posted
INT-HISTORICAL-004114,2026-08-06T03:03:34,MRC_004,CUST-0357,PROC_B,card,CA,12273,USD,2026-08-06,PAY-104114,posted
INT-HISTORICAL-004115,2026-08-06T03:05:27,MRC_002,CUST-0265,PROC_A,wallet,US,7050,EUR,2026-08-06,PAY-104115,posted
INT-HISTORICAL-004116,2026-08-06T03:06:49,MRC_003,CUST-0128,PROC_A,ach,DE,11514,EUR,2026-08-06,PAY-104116,posted
INT-HISTORICAL-004117,2026-08-06T03:07:20,MRC_005,CUST-0186,PROC_B,wire,CA,2773,USD,2026-08-06,PAY-104117,posted
INT-HISTORICAL-004118,2026-08-06T03:09:39,MRC_004,CUST-0181,PROC_C,card,GB,15812,GBP,2026-08-06,PAY-104118,posted
INT-HISTORICAL-004119,2026-08-06T03:12:20,MRC_003,CUST-0288,PROC_C,ach,US,16252,USD,2026-08-06,PAY-104119,posted
INT-HISTORICAL-004120,2026-08-06T03:14:33,MRC_005,CUST-0004,PROC_B,ach,GB,28045,GBP,2026-08-06,PAY-104120,posted
INT-HISTORICAL-004121,2026-08-06T03:16:25,MRC_004,CUST-0261,PROC_A,wire,US,4930,USD,2026-08-06,PAY-104121,posted
INT-HISTORICAL-004122,2026-08-06T03:16:57,MRC_002,CUST-0243,PROC_B,card,US,3335,USD,2026-08-06,PAY-104122,posted
INT-HISTORICAL-004123,2026-08-06T03:19:53,MRC_005,CUST-0097,PROC_A,ach,CA,19377,USD,2026-08-06,PAY-104123,posted
INT-HISTORICAL-004124,2026-08-06T03:22:53,MRC_004,CUST-0221,PROC_B,wallet,US,4155,USD,2026-08-06,PAY-104124,posted
INT-HISTORICAL-004125,2026-08-06T03:25:36,MRC_005,CUST-0208,PROC_C,wire,DE,25741,USD,2026-08-06,PAY-104125,posted
INT-HISTORICAL-004126,2026-08-06T03:26:52,MRC_002,CUST-0289,PROC_C,card,US,3440,USD,2026-08-06,PAY-104126,posted
INT-HISTORICAL-004127,2026-08-06T03:27:19,MRC_001,CUST-0259,PROC_B,wallet,GB,15272,USD,2026-08-06,PAY-104127,posted
INT-HISTORICAL-004128,2026-08-06T03:29:14,MRC_005,CUST-0033,PROC_B,wire,GB,6916,USD,2026-08-06,PAY-104128,posted
INT-HISTORICAL-004129,2026-08-06T03:31:23,MRC_003,CUST-0208,PROC_C,wallet,CA,13289,USD,2026-08-06,PAY-104129,posted
INT-HISTORICAL-004130,2026-08-06T03:32:00,MRC_001,CUST-0094,PROC_C,wire,DE,7557,GBP,2026-08-06,PAY-104130,posted
INT-HISTORICAL-004131,2026-08-06T03:33:38,MRC_002,CUST-0344,PROC_C,card,US,3765,USD,2026-08-06,PAY-104131,posted
INT-HISTORICAL-004132,2026-08-06T03:34:43,MRC_002,CUST-0322,PROC_B,wallet,US,7177,USD,2026-08-06,PAY-104132,posted
INT-HISTORICAL-004133,2026-08-06T03:36:40,MRC_001,CUST-0331,PROC_C,card,US,14414,USD,2026-08-06,PAY-104133,posted
INT-HISTORICAL-004134,2026-08-06T03:39:40,MRC_002,CUST-0046,PROC_C,wire,US,18120,EUR,2026-08-06,PAY-104134,posted
INT-HISTORICAL-004135,2026-08-06T03:42:26,MRC_003,CUST-0387,PROC_C,wire,US,5916,USD,2026-08-06,PAY-104135,posted
INT-HISTORICAL-004136,2026-08-06T03:44:04,MRC_002,CUST-0220,PROC_C,ach,CA,6578,USD,2026-08-06,PAY-104136,posted
INT-HISTORICAL-004137,2026-08-06T03:46:38,MRC_001,CUST-0352,PROC_B,card,GB,15097,USD,2026-08-06,PAY-104137,posted
INT-HISTORICAL-004138,2026-08-06T03:48:18,MRC_001,CUST-0037,PROC_A,ach,CA,19892,GBP,2026-08-06,PAY-104138,posted
INT-HISTORICAL-004139,2026-08-06T03:48:38,MRC_003,CUST-0274,PROC_C,wallet,DE,8546,GBP,2026-08-06,PAY-104139,posted
INT-HISTORICAL-004140,2026-08-06T03:49:05,MRC_004,CUST-0035,PROC_A,ach,US,7041,USD,2026-08-06,PAY-104140,posted
INT-HISTORICAL-004141,2026-08-06T03:50:46,MRC_002,CUST-0122,PROC_B,card,CA,11810,GBP,2026-08-06,PAY-104141,posted
INT-HISTORICAL-004142,2026-08-06T03:53:06,MRC_001,CUST-0248,PROC_B,wire,US,12710,USD,2026-08-06,PAY-104142,posted
INT-HISTORICAL-004143,2026-08-06T03:55:48,MRC_005,CUST-0011,PROC_C,wallet,US,9781,GBP,2026-08-06,PAY-104143,posted
INT-HISTORICAL-004144,2026-08-06T03:57:36,MRC_004,CUST-0360,PROC_B,wire,CA,7331,EUR,2026-08-06,PAY-104144,posted
INT-HISTORICAL-004145,2026-08-06T03:58:02,MRC_002,CUST-0271,PROC_C,ach,CA,9057,USD,2026-08-06,PAY-104145,posted
INT-HISTORICAL-004146,2026-08-06T04:00:01,MRC_003,CUST-0191,PROC_B,ach,GB,31690,EUR,2026-08-06,PAY-104146,posted
INT-HISTORICAL-004147,2026-08-06T04:02:31,MRC_004,CUST-0073,PROC_A,wallet,DE,59450,EUR,2026-08-06,PAY-104147,posted
INT-HISTORICAL-004148,2026-08-06T04:03:46,MRC_005,CUST-0024,PROC_B,wire,US,11480,USD,2026-08-06,PAY-104148,posted
INT-HISTORICAL-004149,2026-08-06T04:05:42,MRC_005,CUST-0003,PROC_B,card,US,110634,GBP,2026-08-06,PAY-104149,posted
INT-HISTORICAL-004150,2026-08-06T04:06:12,MRC_004,CUST-0023,PROC_B,wire,GB,7467,EUR,2026-08-06,PAY-104150,posted
INT-HISTORICAL-004151,2026-08-06T04:08:57,MRC_004,CUST-0331,PROC_C,ach,DE,5304,USD,2026-08-06,PAY-104151,posted
INT-HISTORICAL-004152,2026-08-06T04:10:36,MRC_001,CUST-0301,PROC_A,ach,US,6222,EUR,2026-08-06,PAY-104152,posted
INT-HISTORICAL-004153,2026-08-06T04:11:05,MRC_004,CUST-0288,PROC_A,card,DE,11615,USD,2026-08-06,PAY-104153,posted
INT-HISTORICAL-004154,2026-08-06T04:11:57,MRC_004,CUST-0372,PROC_A,wallet,CA,27135,USD,2026-08-06,PAY-104154,posted
INT-HISTORICAL-004155,2026-08-06T04:14:13,MRC_003,CUST-0148,PROC_C,card,GB,4825,USD,2026-08-06,PAY-104155,posted
INT-HISTORICAL-004156,2026-08-06T04:17:01,MRC_002,CUST-0004,PROC_A,card,GB,14028,USD,2026-08-06,PAY-104156,posted
INT-HISTORICAL-004157,2026-08-06T04:19:55,MRC_001,CUST-0243,PROC_B,wire,US,8329,USD,2026-08-06,PAY-104157,posted
INT-HISTORICAL-004158,2026-08-06T04:20:40,MRC_004,CUST-0374,PROC_A,wallet,DE,7196,USD,2026-08-06,PAY-104158,posted
INT-HISTORICAL-004159,2026-08-06T04:23:31,MRC_002,CUST-0281,PROC_A,wallet,DE,16096,GBP,2026-08-06,PAY-104159,posted
INT-HISTORICAL-004160,2026-08-06T04:23:53,MRC_002,CUST-0361,PROC_C,wire,US,10020,EUR,2026-08-06,PAY-104160,posted
INT-HISTORICAL-004161,2026-08-06T04:24:50,MRC_001,CUST-0390,PROC_B,wallet,US,5972,GBP,2026-08-06,PAY-104161,posted
INT-HISTORICAL-004162,2026-08-06T04:25:37,MRC_005,CUST-0185,PROC_A,card,GB,19577,USD,2026-08-06,PAY-104162,posted
INT-HISTORICAL-004163,2026-08-06T04:26:13,MRC_001,CUST-0328,PROC_C,card,CA,17732,USD,2026-08-06,PAY-104163,posted
INT-HISTORICAL-004164,2026-08-06T04:27:37,MRC_001,CUST-0113,PROC_A,wire,CA,18095,USD,2026-08-06,PAY-104164,posted
INT-HISTORICAL-004165,2026-08-06T04:29:12,MRC_001,CUST-0078,PROC_C,card,US,8484,USD,2026-08-06,PAY-104165,posted
INT-HISTORICAL-004166,2026-08-06T04:29:48,MRC_003,CUST-0014,PROC_B,ach,US,37879,USD,2026-08-06,PAY-104166,posted
INT-HISTORICAL-004167,2026-08-06T04:31:22,MRC_004,CUST-0335,PROC_C,ach,US,27771,EUR,2026-08-06,PAY-104167,posted
INT-HISTORICAL-004168,2026-08-06T04:32:11,MRC_001,CUST-0004,PROC_C,ach,US,33360,GBP,2026-08-06,PAY-104168,posted
INT-HISTORICAL-004169,2026-08-06T04:34:59,MRC_003,CUST-0343,PROC_C,ach,US,19143,EUR,2026-08-06,PAY-104169,posted
INT-HISTORICAL-004170,2026-08-06T04:37:40,MRC_005,CUST-0248,PROC_B,ach,US,7496,EUR,2026-08-06,PAY-104170,posted
INT-HISTORICAL-004171,2026-08-06T04:39:34,MRC_004,CUST-0352,PROC_A,wallet,US,7071,USD,2026-08-06,PAY-104171,posted
INT-HISTORICAL-004172,2026-08-06T04:40:36,MRC_003,CUST-0359,PROC_A,wallet,DE,16389,GBP,2026-08-06,PAY-104172,posted
INT-HISTORICAL-004173,2026-08-06T04:43:15,MRC_005,CUST-0376,PROC_A,card,CA,32180,GBP,2026-08-06,PAY-104173,posted
INT-HISTORICAL-004174,2026-08-06T04:45:34,MRC_003,CUST-0119,PROC_B,wire,US,38298,EUR,2026-08-06,PAY-104174,posted
INT-HISTORICAL-004175,2026-08-06T04:48:06,MRC_001,CUST-0347,PROC_C,wire,US,14950,USD,2026-08-06,PAY-104175,posted
INT-HISTORICAL-004176,2026-08-06T04:49:17,MRC_001,CUST-0173,PROC_C,card,GB,1799,EUR,2026-08-06,PAY-104176,posted
INT-HISTORICAL-004177,2026-08-06T04:49:51,MRC_003,CUST-0013,PROC_B,wire,US,13744,USD,2026-08-06,PAY-104177,posted
INT-HISTORICAL-004178,2026-08-06T04:50:12,MRC_005,CUST-0381,PROC_C,wire,US,4840,USD,2026-08-06,PAY-104178,posted
INT-HISTORICAL-004179,2026-08-06T04:50:43,MRC_005,CUST-0062,PROC_B,wire,DE,7129,USD,2026-08-06,PAY-104179,posted
INT-HISTORICAL-004180,2026-08-06T04:53:39,MRC_002,CUST-0278,PROC_B,wire,US,1667,EUR,2026-08-06,PAY-104180,posted
INT-HISTORICAL-004181,2026-08-06T04:54:26,MRC_004,CUST-0350,PROC_B,wallet,US,6734,USD,2026-08-06,PAY-104181,posted
INT-HISTORICAL-004182,2026-08-06T04:57:24,MRC_001,CUST-0069,PROC_C,wallet,US,29508,USD,2026-08-06,PAY-104182,posted
INT-HISTORICAL-004183,2026-08-06T04:59:47,MRC_004,CUST-0184,PROC_B,ach,US,61241,EUR,2026-08-06,PAY-104183,posted
INT-HISTORICAL-004184,2026-08-06T05:02:35,MRC_002,CUST-0252,PROC_C,card,US,7972,GBP,2026-08-06,PAY-104184,posted
INT-HISTORICAL-004185,2026-08-06T05:04:13,MRC_001,CUST-0313,PROC_B,wire,DE,6120,USD,2026-08-06,PAY-104185,posted
INT-HISTORICAL-004186,2026-08-06T05:05:44,MRC_004,CUST-0136,PROC_B,card,DE,54785,EUR,2026-08-06,PAY-104186,posted
INT-HISTORICAL-004187,2026-08-06T05:06:36,MRC_003,CUST-0322,PROC_B,wallet,CA,25686,USD,2026-08-06,PAY-104187,posted
INT-HISTORICAL-004188,2026-08-06T05:09:35,MRC_001,CUST-0089,PROC_B,wallet,US,29688,USD,2026-08-06,PAY-104188,posted
INT-HISTORICAL-004189,2026-08-06T05:12:04,MRC_001,CUST-0247,PROC_C,ach,CA,11657,USD,2026-08-06,PAY-104189,posted
INT-HISTORICAL-004190,2026-08-06T05:14:03,MRC_002,CUST-0283,PROC_A,ach,US,77121,USD,2026-08-06,PAY-104190,posted
INT-HISTORICAL-004191,2026-08-06T05:15:39,MRC_002,CUST-0161,PROC_B,ach,US,1522,USD,2026-08-06,PAY-104191,posted
INT-HISTORICAL-004192,2026-08-06T05:18:24,MRC_005,CUST-0290,PROC_A,card,US,1556,GBP,2026-08-06,PAY-104192,posted
INT-HISTORICAL-004193,2026-08-06T05:19:44,MRC_004,CUST-0365,PROC_C,wallet,GB,18101,EUR,2026-08-06,PAY-104193,posted
INT-HISTORICAL-004194,2026-08-06T05:22:34,MRC_004,CUST-0340,PROC_A,card,GB,14660,EUR,2026-08-06,PAY-104194,posted
INT-HISTORICAL-004195,2026-08-06T05:24:11,MRC_005,CUST-0344,PROC_B,wallet,CA,1768,GBP,2026-08-06,PAY-104195,posted
INT-HISTORICAL-004196,2026-08-06T05:26:47,MRC_002,CUST-0262,PROC_B,wire,US,24560,USD,2026-08-06,PAY-104196,posted
INT-HISTORICAL-004197,2026-08-06T05:29:38,MRC_001,CUST-0191,PROC_B,wire,DE,3154,USD,2026-08-06,PAY-104197,posted
INT-HISTORICAL-004198,2026-08-06T05:30:50,MRC_003,CUST-0321,PROC_C,card,DE,19151,USD,2026-08-06,PAY-104198,posted
INT-HISTORICAL-004199,2026-08-06T05:31:30,MRC_005,CUST-0354,PROC_A,wire,US,3296,USD,2026-08-06,PAY-104199,posted
INT-HISTORICAL-004200,2026-08-06T05:34:06,MRC_004,CUST-0308,PROC_B,ach,US,14866,EUR,2026-08-06,PAY-104200,posted
INT-HISTORICAL-004201,2026-08-06T05:34:43,MRC_004,CUST-0139,PROC_C,ach,CA,9202,USD,2026-08-06,PAY-104201,posted
INT-HISTORICAL-004202,2026-08-06T05:37:31,MRC_001,CUST-0030,PROC_B,wallet,GB,2683,USD,2026-08-06,PAY-104202,posted
INT-HISTORICAL-004203,2026-08-06T05:37:55,MRC_003,CUST-0156,PROC_A,ach,US,16067,EUR,2026-08-06,PAY-104203,posted
INT-HISTORICAL-004204,2026-08-06T05:40:05,MRC_004,CUST-0074,PROC_B,ach,US,18524,USD,2026-08-06,PAY-104204,posted
INT-HISTORICAL-004205,2026-08-06T05:42:06,MRC_002,CUST-0169,PROC_A,card,DE,9889,GBP,2026-08-06,PAY-104205,posted
INT-HISTORICAL-004206,2026-08-06T05:42:26,MRC_004,CUST-0167,PROC_B,wallet,GB,13186,USD,2026-08-06,PAY-104206,posted
INT-HISTORICAL-004207,2026-08-06T05:44:50,MRC_004,CUST-0366,PROC_C,ach,DE,9161,GBP,2026-08-06,PAY-104207,posted
INT-HISTORICAL-004208,2026-08-06T05:45:30,MRC_001,CUST-0103,PROC_C,wire,DE,11861,USD,2026-08-06,PAY-104208,posted
INT-HISTORICAL-004209,2026-08-06T05:47:17,MRC_001,CUST-0386,PROC_A,card,US,2850,EUR,2026-08-06,PAY-104209,posted
INT-HISTORICAL-004210,2026-08-06T05:48:22,MRC_004,CUST-0320,PROC_B,wire,DE,6511,USD,2026-08-06,PAY-104210,posted
INT-HISTORICAL-004211,2026-08-06T05:49:29,MRC_002,CUST-0123,PROC_B,wire,GB,30307,USD,2026-08-06,PAY-104211,posted
INT-HISTORICAL-004212,2026-08-06T05:51:12,MRC_004,CUST-0133,PROC_B,card,US,7796,USD,2026-08-06,PAY-104212,posted
INT-HISTORICAL-004213,2026-08-06T05:53:23,MRC_001,CUST-0009,PROC_A,ach,GB,4008,USD,2026-08-06,PAY-104213,posted
INT-HISTORICAL-004214,2026-08-06T05:55:22,MRC_003,CUST-0051,PROC_B,wire,US,7757,GBP,2026-08-06,PAY-104214,posted
INT-HISTORICAL-004215,2026-08-06T05:56:17,MRC_003,CUST-0015,PROC_B,wallet,US,67445,USD,2026-08-06,PAY-104215,posted
INT-HISTORICAL-004216,2026-08-06T05:57:19,MRC_002,CUST-0062,PROC_A,ach,DE,11760,USD,2026-08-06,PAY-104216,posted
INT-HISTORICAL-004217,2026-08-06T06:00:01,MRC_004,CUST-0125,PROC_A,wallet,US,8804,USD,2026-08-06,PAY-104217,posted
INT-HISTORICAL-004218,2026-08-06T06:02:37,MRC_003,CUST-0307,PROC_B,wire,GB,3801,USD,2026-08-06,PAY-104218,posted
INT-HISTORICAL-004219,2026-08-06T06:03:29,MRC_004,CUST-0384,PROC_C,wallet,CA,12057,EUR,2026-08-06,PAY-104219,posted
INT-HISTORICAL-004220,2026-08-06T06:05:50,MRC_001,CUST-0014,PROC_B,ach,US,6652,USD,2026-08-06,PAY-104220,posted
INT-HISTORICAL-004221,2026-08-06T06:06:21,MRC_003,CUST-0235,PROC_A,ach,GB,8025,USD,2026-08-06,PAY-104221,posted
INT-HISTORICAL-004222,2026-08-06T06:09:14,MRC_004,CUST-0263,PROC_A,wallet,DE,7885,USD,2026-08-06,PAY-104222,posted
INT-HISTORICAL-004223,2026-08-06T06:11:57,MRC_004,CUST-0185,PROC_B,card,DE,6192,USD,2026-08-06,PAY-104223,posted
INT-HISTORICAL-004224,2026-08-06T06:13:27,MRC_005,CUST-0330,PROC_C,ach,US,15643,USD,2026-08-06,PAY-104224,posted
INT-HISTORICAL-004225,2026-08-06T06:16:05,MRC_003,CUST-0319,PROC_A,wallet,US,5657,USD,2026-08-06,PAY-104225,posted
INT-HISTORICAL-004226,2026-08-06T06:16:59,MRC_002,CUST-0088,PROC_B,wallet,DE,3058,EUR,2026-08-06,PAY-104226,posted
INT-HISTORICAL-004227,2026-08-06T06:18:28,MRC_003,CUST-0394,PROC_B,wire,GB,7078,USD,2026-08-06,PAY-104227,posted
INT-HISTORICAL-004228,2026-08-06T06:19:47,MRC_004,CUST-0287,PROC_C,wallet,US,20677,USD,2026-08-06,PAY-104228,posted
INT-HISTORICAL-004229,2026-08-06T06:22:07,MRC_001,CUST-0200,PROC_C,card,US,9751,USD,2026-08-06,PAY-104229,posted
INT-HISTORICAL-004230,2026-08-06T06:23:56,MRC_003,CUST-0315,PROC_A,ach,US,5735,USD,2026-08-06,PAY-104230,posted
INT-HISTORICAL-004231,2026-08-06T06:26:38,MRC_005,CUST-0293,PROC_C,wallet,CA,27625,USD,2026-08-06,PAY-104231,posted
INT-HISTORICAL-004232,2026-08-06T06:28:47,MRC_004,CUST-0227,PROC_C,ach,DE,20263,USD,2026-08-06,PAY-104232,posted
INT-HISTORICAL-004233,2026-08-06T06:29:11,MRC_003,CUST-0292,PROC_A,wire,CA,28177,USD,2026-08-06,PAY-104233,posted
INT-HISTORICAL-004234,2026-08-06T06:30:12,MRC_003,CUST-0309,PROC_C,ach,CA,15428,USD,2026-08-06,PAY-104234,posted
INT-HISTORICAL-004235,2026-08-06T06:31:42,MRC_004,CUST-0032,PROC_B,card,US,5040,USD,2026-08-06,PAY-104235,posted
INT-HISTORICAL-004236,2026-08-06T06:34:02,MRC_002,CUST-0351,PROC_B,wallet,DE,5902,EUR,2026-08-06,PAY-104236,posted
INT-HISTORICAL-004237,2026-08-06T06:36:06,MRC_001,CUST-0170,PROC_A,ach,US,13791,USD,2026-08-06,PAY-104237,posted
INT-HISTORICAL-004238,2026-08-06T06:36:48,MRC_003,CUST-0159,PROC_B,card,US,4902,USD,2026-08-06,PAY-104238,posted
INT-HISTORICAL-004239,2026-08-06T06:38:20,MRC_002,CUST-0187,PROC_C,ach,GB,10447,USD,2026-08-06,PAY-104239,posted
INT-HISTORICAL-004240,2026-08-06T06:40:30,MRC_002,CUST-0205,PROC_C,wire,CA,26769,USD,2026-08-06,PAY-104240,posted
INT-HISTORICAL-004241,2026-08-06T06:41:47,MRC_003,CUST-0167,PROC_B,wire,US,79632,USD,2026-08-06,PAY-104241,posted
INT-HISTORICAL-004242,2026-08-06T06:44:19,MRC_005,CUST-0202,PROC_C,wallet,DE,20257,USD,2026-08-06,PAY-104242,posted
INT-HISTORICAL-004243,2026-08-06T06:45:52,MRC_004,CUST-0124,PROC_B,card,DE,7887,USD,2026-08-06,PAY-104243,posted
INT-HISTORICAL-004244,2026-08-06T06:46:21,MRC_002,CUST-0246,PROC_A,ach,CA,21337,USD,2026-08-06,PAY-104244,posted
INT-HISTORICAL-004245,2026-08-06T06:48:10,MRC_001,CUST-0245,PROC_A,ach,GB,18335,USD,2026-08-06,PAY-104245,posted
INT-HISTORICAL-004246,2026-08-06T06:50:39,MRC_005,CUST-0323,PROC_B,wire,DE,18211,USD,2026-08-06,PAY-104246,posted
INT-HISTORICAL-004247,2026-08-06T06:51:25,MRC_003,CUST-0011,PROC_A,ach,DE,2595,USD,2026-08-06,PAY-104247,posted
INT-HISTORICAL-004248,2026-08-06T06:52:27,MRC_003,CUST-0353,PROC_C,card,DE,16096,USD,2026-08-06,PAY-104248,posted
INT-HISTORICAL-004249,2026-08-06T06:53:05,MRC_004,CUST-0253,PROC_C,wire,US,98661,GBP,2026-08-06,PAY-104249,posted
INT-HISTORICAL-004250,2026-08-06T06:54:00,MRC_004,CUST-0362,PROC_C,ach,GB,22348,EUR,2026-08-06,PAY-104250,posted
INT-HISTORICAL-004251,2026-08-06T06:55:03,MRC_003,CUST-0065,PROC_A,wire,GB,6022,USD,2026-08-06,PAY-104251,posted
INT-HISTORICAL-004252,2026-08-06T06:55:25,MRC_002,CUST-0340,PROC_B,wallet,US,13330,USD,2026-08-06,PAY-104252,posted
INT-HISTORICAL-004253,2026-08-06T06:56:57,MRC_005,CUST-0358,PROC_B,wallet,DE,3360,USD,2026-08-06,PAY-104253,posted
INT-HISTORICAL-004254,2026-08-06T06:57:43,MRC_001,CUST-0357,PROC_A,wallet,US,19837,USD,2026-08-06,PAY-104254,posted
INT-HISTORICAL-004255,2026-08-06T07:00:18,MRC_004,CUST-0289,PROC_A,ach,GB,1962,USD,2026-08-06,PAY-104255,posted
INT-HISTORICAL-004256,2026-08-06T07:00:49,MRC_002,CUST-0045,PROC_A,wallet,CA,44885,GBP,2026-08-06,PAY-104256,posted
INT-HISTORICAL-004257,2026-08-06T07:02:58,MRC_004,CUST-0127,PROC_B,wire,GB,14405,USD,2026-08-06,PAY-104257,posted
INT-HISTORICAL-004258,2026-08-06T07:05:19,MRC_005,CUST-0364,PROC_A,wire,US,2437,USD,2026-08-06,PAY-104258,posted
INT-HISTORICAL-004259,2026-08-06T07:06:46,MRC_002,CUST-0363,PROC_A,wire,CA,4224,USD,2026-08-06,PAY-104259,posted
INT-HISTORICAL-004260,2026-08-06T07:07:10,MRC_005,CUST-0375,PROC_B,ach,CA,24235,EUR,2026-08-06,PAY-104260,posted
INT-HISTORICAL-004261,2026-08-06T07:10:08,MRC_003,CUST-0049,PROC_B,wire,US,5201,USD,2026-08-06,PAY-104261,posted
INT-HISTORICAL-004262,2026-08-06T07:10:54,MRC_002,CUST-0213,PROC_B,wallet,US,24493,USD,2026-08-06,PAY-104262,posted
INT-HISTORICAL-004263,2026-08-06T07:12:31,MRC_005,CUST-0038,PROC_A,ach,US,19818,USD,2026-08-06,PAY-104263,posted
INT-HISTORICAL-004264,2026-08-06T07:13:45,MRC_004,CUST-0008,PROC_A,card,DE,10729,EUR,2026-08-06,PAY-104264,posted
INT-HISTORICAL-004265,2026-08-06T07:14:15,MRC_003,CUST-0380,PROC_A,card,US,9955,USD,2026-08-06,PAY-104265,posted
INT-HISTORICAL-004266,2026-08-06T07:15:50,MRC_003,CUST-0209,PROC_C,wire,US,43090,EUR,2026-08-06,PAY-104266,posted
INT-HISTORICAL-004267,2026-08-06T07:18:24,MRC_003,CUST-0390,PROC_A,wallet,CA,20802,USD,2026-08-06,PAY-104267,posted
INT-HISTORICAL-004268,2026-08-06T07:20:28,MRC_005,CUST-0342,PROC_B,ach,US,16406,USD,2026-08-06,PAY-104268,posted
INT-HISTORICAL-004269,2026-08-06T07:23:23,MRC_001,CUST-0051,PROC_B,wallet,DE,16686,USD,2026-08-06,PAY-104269,posted
INT-HISTORICAL-004270,2026-08-06T07:24:44,MRC_005,CUST-0214,PROC_A,wallet,GB,2906,USD,2026-08-06,PAY-104270,posted
INT-HISTORICAL-004271,2026-08-06T07:27:10,MRC_005,CUST-0053,PROC_A,wire,GB,22865,USD,2026-08-06,PAY-104271,posted
INT-HISTORICAL-004272,2026-08-06T07:27:38,MRC_005,CUST-0288,PROC_A,wire,DE,19742,USD,2026-08-06,PAY-104272,posted
INT-HISTORICAL-004273,2026-08-06T07:28:40,MRC_002,CUST-0328,PROC_A,ach,DE,11965,GBP,2026-08-06,PAY-104273,posted
INT-HISTORICAL-004274,2026-08-06T07:30:15,MRC_002,CUST-0062,PROC_B,wallet,CA,2559,GBP,2026-08-06,PAY-104274,posted
INT-HISTORICAL-004275,2026-08-06T07:33:07,MRC_005,CUST-0080,PROC_C,wire,GB,38191,GBP,2026-08-06,PAY-104275,posted
INT-HISTORICAL-004276,2026-08-06T07:33:35,MRC_002,CUST-0070,PROC_C,wire,CA,4270,EUR,2026-08-06,PAY-104276,posted
INT-HISTORICAL-004277,2026-08-06T07:36:26,MRC_005,CUST-0211,PROC_A,ach,US,10469,USD,2026-08-06,PAY-104277,posted
INT-HISTORICAL-004278,2026-08-06T07:37:43,MRC_001,CUST-0186,PROC_B,card,GB,5325,GBP,2026-08-06,PAY-104278,posted
INT-HISTORICAL-004279,2026-08-06T07:40:15,MRC_003,CUST-0208,PROC_B,wire,DE,6292,EUR,2026-08-06,PAY-104279,posted
INT-HISTORICAL-004280,2026-08-06T07:41:05,MRC_001,CUST-0332,PROC_C,ach,US,15832,USD,2026-08-06,PAY-104280,posted
INT-HISTORICAL-004281,2026-08-06T07:43:46,MRC_003,CUST-0091,PROC_B,wire,US,7263,GBP,2026-08-06,PAY-104281,posted
INT-HISTORICAL-004282,2026-08-06T07:45:45,MRC_001,CUST-0240,PROC_B,wallet,US,78582,USD,2026-08-06,PAY-104282,posted
INT-HISTORICAL-004283,2026-08-06T07:46:56,MRC_005,CUST-0275,PROC_A,wire,US,7429,USD,2026-08-06,PAY-104283,posted
INT-HISTORICAL-004284,2026-08-06T07:47:28,MRC_002,CUST-0388,PROC_B,card,US,42064,USD,2026-08-06,PAY-104284,posted
INT-HISTORICAL-004285,2026-08-06T07:50:21,MRC_003,CUST-0270,PROC_B,wallet,DE,4952,EUR,2026-08-06,PAY-104285,posted
INT-HISTORICAL-004286,2026-08-06T07:51:12,MRC_001,CUST-0005,PROC_C,wallet,US,27826,EUR,2026-08-06,PAY-104286,posted
INT-HISTORICAL-004287,2026-08-06T07:53:32,MRC_004,CUST-0163,PROC_C,wallet,DE,15764,USD,2026-08-06,PAY-104287,posted
INT-HISTORICAL-004288,2026-08-06T07:56:21,MRC_005,CUST-0204,PROC_C,card,CA,1931,USD,2026-08-06,PAY-104288,posted
INT-HISTORICAL-004289,2026-08-06T07:57:46,MRC_002,CUST-0111,PROC_A,wallet,GB,1629,EUR,2026-08-06,PAY-104289,posted
INT-HISTORICAL-004290,2026-08-06T07:58:42,MRC_003,CUST-0264,PROC_B,ach,GB,34450,USD,2026-08-06,PAY-104290,posted
INT-HISTORICAL-004291,2026-08-06T08:01:29,MRC_001,CUST-0324,PROC_B,card,CA,24999,USD,2026-08-06,PAY-104291,posted
INT-HISTORICAL-004292,2026-08-06T08:04:27,MRC_005,CUST-0300,PROC_A,wire,CA,11363,USD,2026-08-06,PAY-104292,posted
INT-HISTORICAL-004293,2026-08-06T08:04:52,MRC_002,CUST-0030,PROC_B,wire,CA,13878,USD,2026-08-06,PAY-104293,posted
INT-HISTORICAL-004294,2026-08-06T08:05:43,MRC_005,CUST-0263,PROC_A,wallet,US,32440,EUR,2026-08-06,PAY-104294,posted
INT-HISTORICAL-004295,2026-08-06T08:07:09,MRC_001,CUST-0187,PROC_A,wire,GB,5020,USD,2026-08-06,PAY-104295,posted
INT-HISTORICAL-004296,2026-08-06T08:09:06,MRC_002,CUST-0390,PROC_C,ach,GB,15985,GBP,2026-08-06,PAY-104296,posted
INT-HISTORICAL-004297,2026-08-06T08:10:42,MRC_004,CUST-0265,PROC_B,wallet,US,7598,GBP,2026-08-06,PAY-104297,posted
INT-HISTORICAL-004298,2026-08-06T08:12:10,MRC_003,CUST-0254,PROC_A,wallet,US,17630,USD,2026-08-06,PAY-104298,posted
INT-HISTORICAL-004299,2026-08-06T08:12:58,MRC_002,CUST-0271,PROC_C,wire,CA,4599,EUR,2026-08-06,PAY-104299,posted
INT-HISTORICAL-004300,2026-08-06T08:15:38,MRC_003,CUST-0339,PROC_B,wallet,US,2846,USD,2026-08-06,PAY-104300,posted
INT-HISTORICAL-004301,2026-08-06T08:15:59,MRC_004,CUST-0202,PROC_B,wallet,GB,8431,USD,2026-08-06,PAY-104301,posted
INT-HISTORICAL-004302,2026-08-06T08:17:19,MRC_004,CUST-0279,PROC_B,wire,GB,8678,GBP,2026-08-06,PAY-104302,posted
INT-HISTORICAL-004303,2026-08-06T08:20:11,MRC_001,CUST-0176,PROC_C,ach,US,5915,USD,2026-08-06,PAY-104303,posted
INT-HISTORICAL-004304,2026-08-06T08:21:26,MRC_001,CUST-0260,PROC_B,card,CA,5111,EUR,2026-08-06,PAY-104304,posted
INT-HISTORICAL-004305,2026-08-06T08:22:05,MRC_001,CUST-0115,PROC_C,wire,US,4502,USD,2026-08-06,PAY-104305,posted
INT-HISTORICAL-004306,2026-08-06T08:24:30,MRC_003,CUST-0147,PROC_C,wallet,US,10383,USD,2026-08-06,PAY-104306,posted
INT-HISTORICAL-004307,2026-08-06T08:25:44,MRC_001,CUST-0068,PROC_B,ach,CA,14727,USD,2026-08-06,PAY-104307,posted
INT-HISTORICAL-004308,2026-08-06T08:26:30,MRC_005,CUST-0253,PROC_B,card,GB,10475,EUR,2026-08-06,PAY-104308,posted
INT-HISTORICAL-004309,2026-08-06T08:28:23,MRC_005,CUST-0292,PROC_C,wallet,US,20339,USD,2026-08-06,PAY-104309,posted
INT-HISTORICAL-004310,2026-08-06T08:29:03,MRC_002,CUST-0038,PROC_A,wallet,GB,4916,USD,2026-08-06,PAY-104310,posted
INT-HISTORICAL-004311,2026-08-06T08:31:10,MRC_004,CUST-0023,PROC_A,wire,CA,29091,USD,2026-08-06,PAY-104311,posted
INT-HISTORICAL-004312,2026-08-06T08:33:19,MRC_001,CUST-0110,PROC_B,card,GB,4933,USD,2026-08-06,PAY-104312,posted
INT-HISTORICAL-004313,2026-08-06T08:34:27,MRC_003,CUST-0228,PROC_C,wire,DE,4570,EUR,2026-08-06,PAY-104313,posted
INT-HISTORICAL-004314,2026-08-06T08:36:59,MRC_004,CUST-0039,PROC_C,card,DE,7193,EUR,2026-08-06,PAY-104314,posted
INT-HISTORICAL-004315,2026-08-06T08:39:31,MRC_003,CUST-0022,PROC_A,ach,DE,30552,USD,2026-08-06,PAY-104315,posted
INT-HISTORICAL-004316,2026-08-06T08:40:22,MRC_001,CUST-0232,PROC_C,wire,DE,6809,USD,2026-08-06,PAY-104316,posted
INT-HISTORICAL-004317,2026-08-06T08:41:45,MRC_004,CUST-0157,PROC_B,ach,CA,2342,USD,2026-08-06,PAY-104317,posted
INT-HISTORICAL-004318,2026-08-06T08:42:18,MRC_001,CUST-0288,PROC_B,ach,DE,9279,USD,2026-08-06,PAY-104318,posted
INT-HISTORICAL-004319,2026-08-06T08:45:05,MRC_001,CUST-0219,PROC_B,card,CA,21577,GBP,2026-08-06,PAY-104319,posted
INT-HISTORICAL-004320,2026-08-06T08:47:27,MRC_004,CUST-0275,PROC_C,ach,US,10935,USD,2026-08-06,PAY-104320,posted
INT-HISTORICAL-004321,2026-08-06T08:48:20,MRC_003,CUST-0329,PROC_B,card,DE,46539,USD,2026-08-06,PAY-104321,posted
INT-HISTORICAL-004322,2026-08-06T08:48:47,MRC_001,CUST-0203,PROC_C,wallet,GB,20579,USD,2026-08-06,PAY-104322,posted
INT-HISTORICAL-004323,2026-08-06T08:51:40,MRC_001,CUST-0267,PROC_C,card,US,24590,USD,2026-08-06,PAY-104323,posted
INT-HISTORICAL-004324,2026-08-06T08:54:36,MRC_001,CUST-0260,PROC_C,ach,US,22176,USD,2026-08-06,PAY-104324,posted
INT-HISTORICAL-004325,2026-08-06T08:55:26,MRC_004,CUST-0240,PROC_C,ach,CA,30310,GBP,2026-08-06,PAY-104325,posted
INT-HISTORICAL-004326,2026-08-06T08:58:15,MRC_003,CUST-0335,PROC_A,wire,GB,19028,GBP,2026-08-06,PAY-104326,posted
INT-HISTORICAL-004327,2026-08-06T08:59:29,MRC_004,CUST-0036,PROC_B,card,US,5476,USD,2026-08-06,PAY-104327,posted
INT-HISTORICAL-004328,2026-08-06T09:02:01,MRC_003,CUST-0095,PROC_C,wallet,GB,9641,USD,2026-08-06,PAY-104328,posted
INT-HISTORICAL-004329,2026-08-06T09:04:22,MRC_001,CUST-0355,PROC_A,wire,CA,7197,USD,2026-08-06,PAY-104329,posted
INT-HISTORICAL-004330,2026-08-06T09:05:36,MRC_002,CUST-0025,PROC_C,card,US,3750,EUR,2026-08-06,PAY-104330,posted
INT-HISTORICAL-004331,2026-08-06T09:06:48,MRC_001,CUST-0090,PROC_A,card,US,3358,USD,2026-08-06,PAY-104331,posted
INT-HISTORICAL-004332,2026-08-06T09:09:11,MRC_003,CUST-0310,PROC_C,card,US,4120,USD,2026-08-06,PAY-104332,posted
INT-HISTORICAL-004333,2026-08-06T09:11:11,MRC_005,CUST-0230,PROC_C,wallet,US,13166,USD,2026-08-06,PAY-104333,posted
INT-HISTORICAL-004334,2026-08-06T09:13:22,MRC_005,CUST-0363,PROC_C,wire,DE,20766,USD,2026-08-06,PAY-104334,posted
INT-HISTORICAL-004335,2026-08-06T09:16:13,MRC_003,CUST-0074,PROC_A,ach,US,28367,GBP,2026-08-06,PAY-104335,posted
INT-HISTORICAL-004336,2026-08-06T09:17:34,MRC_001,CUST-0017,PROC_B,ach,CA,10545,USD,2026-08-06,PAY-104336,posted
INT-HISTORICAL-004337,2026-08-06T09:18:29,MRC_003,CUST-0277,PROC_B,wallet,US,3871,USD,2026-08-06,PAY-104337,posted
INT-HISTORICAL-004338,2026-08-06T09:19:57,MRC_004,CUST-0108,PROC_B,ach,US,31536,USD,2026-08-06,PAY-104338,posted
INT-HISTORICAL-004339,2026-08-06T09:20:23,MRC_002,CUST-0301,PROC_A,ach,US,8747,USD,2026-08-06,PAY-104339,posted
INT-HISTORICAL-004340,2026-08-06T09:21:21,MRC_004,CUST-0381,PROC_A,card,US,10281,USD,2026-08-06,PAY-104340,posted
INT-HISTORICAL-004341,2026-08-06T09:22:34,MRC_002,CUST-0347,PROC_A,wallet,US,10589,EUR,2026-08-06,PAY-104341,posted
INT-HISTORICAL-004342,2026-08-06T09:23:48,MRC_004,CUST-0362,PROC_A,card,GB,30016,USD,2026-08-06,PAY-104342,posted
INT-HISTORICAL-004343,2026-08-06T09:26:23,MRC_001,CUST-0337,PROC_A,wallet,CA,18135,USD,2026-08-06,PAY-104343,posted
INT-HISTORICAL-004344,2026-08-06T09:29:08,MRC_001,CUST-0308,PROC_A,wire,CA,21678,USD,2026-08-06,PAY-104344,posted
INT-HISTORICAL-004345,2026-08-06T09:31:35,MRC_005,CUST-0371,PROC_C,card,US,122344,USD,2026-08-06,PAY-104345,posted
INT-HISTORICAL-004346,2026-08-06T09:33:08,MRC_003,CUST-0080,PROC_C,card,GB,2974,EUR,2026-08-06,PAY-104346,posted
INT-HISTORICAL-004347,2026-08-06T09:33:45,MRC_003,CUST-0148,PROC_C,card,GB,3249,USD,2026-08-06,PAY-104347,posted
INT-HISTORICAL-004348,2026-08-06T09:35:48,MRC_004,CUST-0001,PROC_C,card,US,22582,EUR,2026-08-06,PAY-104348,posted
INT-HISTORICAL-004349,2026-08-06T09:36:08,MRC_001,CUST-0171,PROC_A,wire,US,3715,USD,2026-08-06,PAY-104349,posted
INT-HISTORICAL-004350,2026-08-06T09:37:34,MRC_001,CUST-0316,PROC_C,card,US,16119,USD,2026-08-06,PAY-104350,posted
INT-HISTORICAL-004351,2026-08-06T09:40:19,MRC_001,CUST-0051,PROC_C,card,US,3979,USD,2026-08-06,PAY-104351,posted
INT-HISTORICAL-004352,2026-08-06T09:41:39,MRC_003,CUST-0172,PROC_B,wallet,GB,21105,USD,2026-08-06,PAY-104352,posted
INT-HISTORICAL-004353,2026-08-06T09:42:57,MRC_002,CUST-0170,PROC_B,wallet,CA,11750,USD,2026-08-06,PAY-104353,posted
INT-HISTORICAL-004354,2026-08-06T09:43:40,MRC_004,CUST-0391,PROC_B,ach,CA,26669,USD,2026-08-06,PAY-104354,posted
INT-HISTORICAL-004355,2026-08-06T09:44:59,MRC_003,CUST-0029,PROC_C,wire,DE,32088,USD,2026-08-06,PAY-104355,posted
INT-HISTORICAL-004356,2026-08-06T09:47:18,MRC_002,CUST-0152,PROC_A,card,US,7443,USD,2026-08-06,PAY-104356,posted
INT-HISTORICAL-004357,2026-08-06T09:49:00,MRC_003,CUST-0223,PROC_B,wire,US,45016,GBP,2026-08-06,PAY-104357,posted
INT-HISTORICAL-004358,2026-08-06T09:50:18,MRC_005,CUST-0314,PROC_A,card,US,48554,EUR,2026-08-06,PAY-104358,posted
INT-HISTORICAL-004359,2026-08-06T09:53:05,MRC_004,CUST-0236,PROC_C,wire,US,11158,GBP,2026-08-06,PAY-104359,posted
INT-HISTORICAL-004360,2026-08-06T09:55:18,MRC_004,CUST-0123,PROC_B,wallet,DE,6358,USD,2026-08-06,PAY-104360,posted
INT-HISTORICAL-004361,2026-08-06T09:57:42,MRC_002,CUST-0298,PROC_B,card,US,8228,USD,2026-08-06,PAY-104361,posted
INT-HISTORICAL-004362,2026-08-06T10:00:02,MRC_005,CUST-0113,PROC_A,wire,GB,35783,USD,2026-08-06,PAY-104362,posted
INT-HISTORICAL-004363,2026-08-06T10:02:01,MRC_001,CUST-0020,PROC_B,card,US,17672,USD,2026-08-06,PAY-104363,posted
INT-HISTORICAL-004364,2026-08-06T10:03:38,MRC_002,CUST-0347,PROC_A,card,DE,4674,EUR,2026-08-06,PAY-104364,posted
INT-HISTORICAL-004365,2026-08-06T10:04:33,MRC_002,CUST-0212,PROC_C,wallet,DE,112187,USD,2026-08-06,PAY-104365,posted
INT-HISTORICAL-004366,2026-08-06T10:05:14,MRC_004,CUST-0253,PROC_A,wire,GB,21844,EUR,2026-08-06,PAY-104366,posted
INT-HISTORICAL-004367,2026-08-06T10:05:48,MRC_003,CUST-0094,PROC_C,wallet,GB,42780,USD,2026-08-06,PAY-104367,posted
INT-HISTORICAL-004368,2026-08-06T10:07:43,MRC_004,CUST-0007,PROC_B,ach,US,6741,USD,2026-08-06,PAY-104368,posted
INT-HISTORICAL-004369,2026-08-06T10:09:42,MRC_001,CUST-0349,PROC_B,wallet,DE,21716,EUR,2026-08-06,PAY-104369,posted
INT-HISTORICAL-004370,2026-08-06T10:12:08,MRC_005,CUST-0097,PROC_A,wire,US,17793,EUR,2026-08-06,PAY-104370,posted
INT-HISTORICAL-004371,2026-08-06T10:15:08,MRC_001,CUST-0301,PROC_A,wallet,US,3443,USD,2026-08-06,PAY-104371,posted
INT-HISTORICAL-004372,2026-08-06T10:16:06,MRC_004,CUST-0214,PROC_C,wire,DE,9791,EUR,2026-08-06,PAY-104372,posted
INT-HISTORICAL-004373,2026-08-06T10:18:51,MRC_005,CUST-0266,PROC_A,wire,US,17743,USD,2026-08-06,PAY-104373,posted
INT-HISTORICAL-004374,2026-08-06T10:21:36,MRC_004,CUST-0015,PROC_C,card,CA,3836,USD,2026-08-06,PAY-104374,posted
INT-HISTORICAL-004375,2026-08-06T10:23:06,MRC_001,CUST-0391,PROC_A,wire,US,9658,USD,2026-08-06,PAY-104375,posted
INT-HISTORICAL-004376,2026-08-06T10:25:50,MRC_005,CUST-0349,PROC_A,wallet,GB,5081,USD,2026-08-06,PAY-104376,posted
INT-HISTORICAL-004377,2026-08-06T10:28:33,MRC_005,CUST-0007,PROC_A,ach,CA,3581,USD,2026-08-06,PAY-104377,posted
INT-HISTORICAL-004378,2026-08-06T10:29:15,MRC_002,CUST-0362,PROC_B,ach,US,8130,USD,2026-08-06,PAY-104378,posted
INT-HISTORICAL-004379,2026-08-06T10:31:45,MRC_003,CUST-0277,PROC_B,wallet,CA,7464,USD,2026-08-06,PAY-104379,posted
INT-HISTORICAL-004380,2026-08-06T10:33:34,MRC_002,CUST-0358,PROC_C,wire,DE,18622,EUR,2026-08-06,PAY-104380,posted
INT-HISTORICAL-004381,2026-08-06T10:34:26,MRC_001,CUST-0076,PROC_B,card,GB,10704,USD,2026-08-06,PAY-104381,posted
INT-HISTORICAL-004382,2026-08-06T10:36:33,MRC_005,CUST-0209,PROC_B,ach,US,17131,USD,2026-08-06,PAY-104382,posted
INT-HISTORICAL-004383,2026-08-06T10:38:53,MRC_003,CUST-0025,PROC_C,ach,CA,21067,USD,2026-08-06,PAY-104383,posted
INT-HISTORICAL-004384,2026-08-06T10:39:35,MRC_003,CUST-0186,PROC_A,wallet,US,2090,USD,2026-08-06,PAY-104384,posted
INT-HISTORICAL-004385,2026-08-06T10:40:58,MRC_003,CUST-0056,PROC_A,wallet,DE,7295,EUR,2026-08-06,PAY-104385,posted
INT-HISTORICAL-004386,2026-08-06T10:42:35,MRC_002,CUST-0118,PROC_B,wire,US,19514,GBP,2026-08-06,PAY-104386,posted
INT-HISTORICAL-004387,2026-08-06T10:43:40,MRC_003,CUST-0146,PROC_C,card,CA,17726,USD,2026-08-06,PAY-104387,posted
INT-HISTORICAL-004388,2026-08-06T10:44:19,MRC_001,CUST-0103,PROC_C,wire,US,30049,USD,2026-08-06,PAY-104388,posted
INT-HISTORICAL-004389,2026-08-06T10:44:55,MRC_005,CUST-0207,PROC_A,ach,CA,75758,GBP,2026-08-06,PAY-104389,posted
INT-HISTORICAL-004390,2026-08-06T10:47:15,MRC_003,CUST-0250,PROC_C,wire,US,21847,USD,2026-08-06,PAY-104390,posted
INT-HISTORICAL-004391,2026-08-06T10:50:15,MRC_003,CUST-0115,PROC_A,card,US,38859,USD,2026-08-06,PAY-104391,posted
INT-HISTORICAL-004392,2026-08-06T10:52:03,MRC_002,CUST-0055,PROC_B,ach,US,12134,USD,2026-08-06,PAY-104392,posted
INT-HISTORICAL-004393,2026-08-06T10:53:56,MRC_004,CUST-0248,PROC_A,wire,US,1392,USD,2026-08-06,PAY-104393,posted
INT-HISTORICAL-004394,2026-08-06T10:54:26,MRC_003,CUST-0315,PROC_C,wallet,DE,4767,USD,2026-08-06,PAY-104394,posted
INT-HISTORICAL-004395,2026-08-06T10:55:31,MRC_003,CUST-0375,PROC_B,card,DE,7265,USD,2026-08-06,PAY-104395,posted
INT-HISTORICAL-004396,2026-08-06T10:58:24,MRC_003,CUST-0305,PROC_B,wallet,CA,17758,USD,2026-08-06,PAY-104396,posted
INT-HISTORICAL-004397,2026-08-06T10:59:02,MRC_001,CUST-0150,PROC_C,wire,CA,50232,USD,2026-08-06,PAY-104397,posted
INT-HISTORICAL-004398,2026-08-06T11:01:31,MRC_003,CUST-0282,PROC_B,wallet,US,5698,GBP,2026-08-06,PAY-104398,posted
INT-HISTORICAL-004399,2026-08-06T11:03:35,MRC_003,CUST-0318,PROC_A,card,CA,34536,EUR,2026-08-06,PAY-104399,posted
INT-HISTORICAL-004400,2026-08-06T11:05:51,MRC_001,CUST-0136,PROC_C,card,DE,40928,USD,2026-08-06,PAY-104400,posted
INT-HISTORICAL-004401,2026-08-06T11:08:19,MRC_002,CUST-0267,PROC_C,wallet,DE,50371,USD,2026-08-06,PAY-104401,posted
INT-HISTORICAL-004402,2026-08-06T11:11:15,MRC_005,CUST-0375,PROC_A,wire,US,15179,EUR,2026-08-06,PAY-104402,posted
INT-HISTORICAL-004403,2026-08-06T11:11:38,MRC_001,CUST-0266,PROC_A,wire,US,22457,USD,2026-08-06,PAY-104403,posted
INT-HISTORICAL-004404,2026-08-06T11:13:18,MRC_004,CUST-0235,PROC_A,ach,DE,9296,EUR,2026-08-06,PAY-104404,posted
INT-HISTORICAL-004405,2026-08-06T11:14:38,MRC_003,CUST-0121,PROC_A,card,GB,9023,GBP,2026-08-06,PAY-104405,posted
INT-HISTORICAL-004406,2026-08-06T11:16:08,MRC_004,CUST-0066,PROC_C,wire,US,1796,GBP,2026-08-06,PAY-104406,posted
INT-HISTORICAL-004407,2026-08-06T11:19:02,MRC_003,CUST-0221,PROC_A,wallet,DE,24507,EUR,2026-08-06,PAY-104407,posted
INT-HISTORICAL-004408,2026-08-06T11:21:24,MRC_001,CUST-0131,PROC_B,wallet,US,42680,GBP,2026-08-06,PAY-104408,posted
INT-HISTORICAL-004409,2026-08-06T11:23:21,MRC_001,CUST-0214,PROC_B,wallet,US,20983,EUR,2026-08-06,PAY-104409,posted
INT-HISTORICAL-004410,2026-08-06T11:26:07,MRC_003,CUST-0387,PROC_C,wire,CA,13620,USD,2026-08-06,PAY-104410,posted
INT-HISTORICAL-004411,2026-08-06T11:26:28,MRC_004,CUST-0273,PROC_B,card,US,2374,USD,2026-08-06,PAY-104411,posted
INT-HISTORICAL-004412,2026-08-06T11:28:56,MRC_002,CUST-0034,PROC_B,card,US,2944,GBP,2026-08-06,PAY-104412,posted
INT-HISTORICAL-004413,2026-08-06T11:31:04,MRC_005,CUST-0091,PROC_A,card,US,51440,GBP,2026-08-06,PAY-104413,posted
INT-HISTORICAL-004414,2026-08-06T11:33:42,MRC_001,CUST-0123,PROC_A,wire,GB,4023,GBP,2026-08-06,PAY-104414,posted
INT-HISTORICAL-004415,2026-08-06T11:36:13,MRC_005,CUST-0273,PROC_A,ach,US,58373,GBP,2026-08-06,PAY-104415,posted
INT-HISTORICAL-004416,2026-08-06T11:37:52,MRC_004,CUST-0392,PROC_A,wire,US,9110,USD,2026-08-06,PAY-104416,posted
INT-HISTORICAL-004417,2026-08-06T11:39:54,MRC_002,CUST-0190,PROC_B,ach,US,11134,EUR,2026-08-06,PAY-104417,posted
INT-HISTORICAL-004418,2026-08-06T11:40:32,MRC_005,CUST-0391,PROC_A,wallet,US,4719,USD,2026-08-06,PAY-104418,posted
INT-HISTORICAL-004419,2026-08-06T11:41:11,MRC_004,CUST-0169,PROC_C,card,DE,29812,USD,2026-08-06,PAY-104419,posted
INT-HISTORICAL-004420,2026-08-06T11:42:10,MRC_003,CUST-0152,PROC_C,wire,US,8111,USD,2026-08-06,PAY-104420,posted
INT-HISTORICAL-004421,2026-08-06T11:42:41,MRC_001,CUST-0309,PROC_C,wire,CA,14097,USD,2026-08-06,PAY-104421,posted
INT-HISTORICAL-004422,2026-08-06T11:43:44,MRC_002,CUST-0124,PROC_B,ach,DE,6155,USD,2026-08-06,PAY-104422,posted
INT-HISTORICAL-004423,2026-08-06T11:45:18,MRC_001,CUST-0140,PROC_A,ach,US,14957,USD,2026-08-06,PAY-104423,posted
INT-HISTORICAL-004424,2026-08-06T11:46:27,MRC_002,CUST-0062,PROC_B,card,US,4119,USD,2026-08-06,PAY-104424,posted
INT-HISTORICAL-004425,2026-08-06T11:47:30,MRC_003,CUST-0147,PROC_A,wire,US,69722,EUR,2026-08-06,PAY-104425,posted
INT-HISTORICAL-004426,2026-08-06T11:50:30,MRC_005,CUST-0209,PROC_A,wire,DE,5593,EUR,2026-08-06,PAY-104426,posted
INT-HISTORICAL-004427,2026-08-06T11:52:42,MRC_001,CUST-0385,PROC_B,wallet,US,4041,USD,2026-08-06,PAY-104427,posted
INT-HISTORICAL-004428,2026-08-06T11:53:51,MRC_001,CUST-0376,PROC_B,wallet,CA,8482,EUR,2026-08-06,PAY-104428,posted
INT-HISTORICAL-004429,2026-08-06T11:56:34,MRC_002,CUST-0223,PROC_B,wire,US,34233,USD,2026-08-06,PAY-104429,posted
INT-HISTORICAL-004430,2026-08-06T11:59:04,MRC_004,CUST-0055,PROC_C,wire,CA,14950,EUR,2026-08-06,PAY-104430,posted
INT-HISTORICAL-004431,2026-08-06T12:01:48,MRC_004,CUST-0022,PROC_B,wire,US,15870,GBP,2026-08-06,PAY-104431,posted
INT-HISTORICAL-004432,2026-08-06T12:02:49,MRC_004,CUST-0399,PROC_B,ach,CA,26691,USD,2026-08-06,PAY-104432,posted
INT-HISTORICAL-004433,2026-08-06T12:03:14,MRC_001,CUST-0278,PROC_C,wire,CA,11635,USD,2026-08-06,PAY-104433,posted
INT-HISTORICAL-004434,2026-08-06T12:06:14,MRC_004,CUST-0377,PROC_C,wallet,US,4285,USD,2026-08-06,PAY-104434,posted
INT-HISTORICAL-004435,2026-08-06T12:08:13,MRC_002,CUST-0319,PROC_C,card,DE,8710,USD,2026-08-06,PAY-104435,posted
INT-HISTORICAL-004436,2026-08-06T12:08:42,MRC_003,CUST-0291,PROC_B,card,US,7282,USD,2026-08-06,PAY-104436,posted
INT-HISTORICAL-004437,2026-08-06T12:09:54,MRC_001,CUST-0359,PROC_B,ach,US,6007,USD,2026-08-06,PAY-104437,posted
INT-HISTORICAL-004438,2026-08-06T12:12:28,MRC_005,CUST-0377,PROC_B,wallet,GB,23331,USD,2026-08-06,PAY-104438,posted
INT-HISTORICAL-004439,2026-08-06T12:13:50,MRC_003,CUST-0115,PROC_B,wallet,US,6512,USD,2026-08-06,PAY-104439,posted
INT-HISTORICAL-004440,2026-08-06T12:14:40,MRC_004,CUST-0065,PROC_C,ach,GB,6353,USD,2026-08-06,PAY-104440,posted
INT-HISTORICAL-004441,2026-08-06T12:17:18,MRC_004,CUST-0305,PROC_A,wallet,CA,78903,GBP,2026-08-06,PAY-104441,posted
INT-HISTORICAL-004442,2026-08-06T12:20:16,MRC_004,CUST-0100,PROC_B,wallet,US,2897,USD,2026-08-06,PAY-104442,posted
INT-HISTORICAL-004443,2026-08-06T12:20:42,MRC_004,CUST-0371,PROC_B,ach,DE,8489,USD,2026-08-06,PAY-104443,posted
INT-HISTORICAL-004444,2026-08-06T12:21:39,MRC_005,CUST-0095,PROC_A,wire,US,10986,USD,2026-08-06,PAY-104444,posted
INT-HISTORICAL-004445,2026-08-06T12:22:29,MRC_003,CUST-0279,PROC_C,wire,US,17786,EUR,2026-08-06,PAY-104445,posted
INT-HISTORICAL-004446,2026-08-06T12:23:20,MRC_003,CUST-0129,PROC_A,wallet,GB,16653,EUR,2026-08-06,PAY-104446,posted
INT-HISTORICAL-004447,2026-08-06T12:26:15,MRC_004,CUST-0260,PROC_C,ach,GB,11095,USD,2026-08-06,PAY-104447,posted
INT-HISTORICAL-004448,2026-08-06T12:26:55,MRC_004,CUST-0257,PROC_C,card,US,4641,USD,2026-08-06,PAY-104448,posted
INT-HISTORICAL-004449,2026-08-06T12:29:22,MRC_004,CUST-0268,PROC_B,wire,DE,2404,EUR,2026-08-06,PAY-104449,posted
INT-HISTORICAL-004450,2026-08-06T12:32:04,MRC_003,CUST-0037,PROC_A,ach,US,7693,USD,2026-08-06,PAY-104450,posted
INT-HISTORICAL-004451,2026-08-06T12:33:48,MRC_005,CUST-0241,PROC_B,ach,US,1665,GBP,2026-08-06,PAY-104451,posted
INT-HISTORICAL-004452,2026-08-06T12:35:21,MRC_003,CUST-0379,PROC_A,ach,CA,25884,USD,2026-08-06,PAY-104452,posted
INT-HISTORICAL-004453,2026-08-06T12:37:24,MRC_001,CUST-0024,PROC_B,card,CA,1661,USD,2026-08-06,PAY-104453,posted
INT-HISTORICAL-004454,2026-08-06T12:38:59,MRC_001,CUST-0213,PROC_A,wire,CA,10411,USD,2026-08-06,PAY-104454,posted
INT-HISTORICAL-004455,2026-08-06T12:40:16,MRC_001,CUST-0237,PROC_B,wallet,CA,2841,USD,2026-08-06,PAY-104455,posted
INT-HISTORICAL-004456,2026-08-06T12:41:48,MRC_004,CUST-0028,PROC_A,card,US,7237,USD,2026-08-06,PAY-104456,posted
INT-HISTORICAL-004457,2026-08-06T12:44:42,MRC_003,CUST-0046,PROC_A,card,GB,49156,USD,2026-08-06,PAY-104457,posted
INT-HISTORICAL-004458,2026-08-06T12:45:54,MRC_002,CUST-0014,PROC_C,ach,US,23679,USD,2026-08-06,PAY-104458,posted
INT-HISTORICAL-004459,2026-08-06T12:46:50,MRC_004,CUST-0229,PROC_A,wallet,US,16364,EUR,2026-08-06,PAY-104459,posted
INT-HISTORICAL-004460,2026-08-06T12:49:34,MRC_003,CUST-0177,PROC_C,card,DE,14876,USD,2026-08-06,PAY-104460,posted
INT-HISTORICAL-004461,2026-08-06T12:52:27,MRC_002,CUST-0020,PROC_A,wire,DE,5548,EUR,2026-08-06,PAY-104461,posted
INT-HISTORICAL-004462,2026-08-06T12:53:09,MRC_004,CUST-0191,PROC_B,wallet,CA,14030,EUR,2026-08-06,PAY-104462,posted
INT-HISTORICAL-004463,2026-08-06T12:53:41,MRC_002,CUST-0340,PROC_A,ach,US,8148,USD,2026-08-06,PAY-104463,posted
INT-HISTORICAL-004464,2026-08-06T12:56:36,MRC_002,CUST-0379,PROC_A,wire,DE,2643,USD,2026-08-06,PAY-104464,posted
INT-HISTORICAL-004465,2026-08-06T12:57:33,MRC_003,CUST-0016,PROC_A,wire,US,34016,GBP,2026-08-06,PAY-104465,posted
INT-HISTORICAL-004466,2026-08-06T12:57:56,MRC_005,CUST-0031,PROC_C,card,US,11710,USD,2026-08-06,PAY-104466,posted
INT-HISTORICAL-004467,2026-08-06T12:59:47,MRC_005,CUST-0126,PROC_B,wallet,US,4079,USD,2026-08-06,PAY-104467,posted
INT-HISTORICAL-004468,2026-08-06T13:00:29,MRC_003,CUST-0053,PROC_C,card,DE,16268,EUR,2026-08-06,PAY-104468,posted
INT-HISTORICAL-004469,2026-08-06T13:02:10,MRC_004,CUST-0325,PROC_C,wire,CA,24287,USD,2026-08-06,PAY-104469,posted
INT-HISTORICAL-004470,2026-08-06T13:02:55,MRC_004,CUST-0375,PROC_A,wire,DE,5430,USD,2026-08-06,PAY-104470,posted
INT-HISTORICAL-004471,2026-08-06T13:04:14,MRC_003,CUST-0056,PROC_B,ach,US,9651,EUR,2026-08-06,PAY-104471,posted
INT-HISTORICAL-004472,2026-08-06T13:06:16,MRC_005,CUST-0173,PROC_C,wallet,US,6958,USD,2026-08-06,PAY-104472,posted
INT-HISTORICAL-004473,2026-08-06T13:09:09,MRC_005,CUST-0387,PROC_C,wallet,US,20867,USD,2026-08-06,PAY-104473,posted
INT-HISTORICAL-004474,2026-08-06T13:11:12,MRC_003,CUST-0222,PROC_B,wire,US,7534,USD,2026-08-06,PAY-104474,posted
INT-HISTORICAL-004475,2026-08-06T13:13:40,MRC_002,CUST-0097,PROC_C,ach,US,5003,EUR,2026-08-06,PAY-104475,posted
INT-HISTORICAL-004476,2026-08-06T13:15:19,MRC_002,CUST-0267,PROC_C,wire,GB,116252,USD,2026-08-06,PAY-104476,posted
INT-HISTORICAL-004477,2026-08-06T13:17:01,MRC_005,CUST-0287,PROC_C,card,CA,96261,EUR,2026-08-06,PAY-104477,posted
INT-HISTORICAL-004478,2026-08-06T13:19:25,MRC_003,CUST-0103,PROC_A,wire,GB,6217,EUR,2026-08-06,PAY-104478,posted
INT-HISTORICAL-004479,2026-08-06T13:21:16,MRC_002,CUST-0174,PROC_C,wire,US,8057,USD,2026-08-06,PAY-104479,posted
INT-HISTORICAL-004480,2026-08-06T13:22:14,MRC_004,CUST-0241,PROC_C,card,CA,1291,GBP,2026-08-06,PAY-104480,posted
INT-HISTORICAL-004481,2026-08-06T13:24:52,MRC_001,CUST-0371,PROC_B,wallet,US,5159,EUR,2026-08-06,PAY-104481,posted
INT-HISTORICAL-004482,2026-08-06T13:27:07,MRC_003,CUST-0083,PROC_C,wallet,US,3268,USD,2026-08-06,PAY-104482,posted
INT-HISTORICAL-004483,2026-08-06T13:29:30,MRC_003,CUST-0395,PROC_B,card,US,3075,EUR,2026-08-06,PAY-104483,posted
INT-HISTORICAL-004484,2026-08-06T13:30:52,MRC_003,CUST-0199,PROC_A,wallet,US,2737,USD,2026-08-06,PAY-104484,posted
INT-HISTORICAL-004485,2026-08-06T13:31:21,MRC_001,CUST-0108,PROC_A,wire,CA,15632,GBP,2026-08-06,PAY-104485,posted
INT-HISTORICAL-004486,2026-08-06T13:32:50,MRC_005,CUST-0055,PROC_B,card,CA,7828,USD,2026-08-06,PAY-104486,posted
INT-HISTORICAL-004487,2026-08-06T13:35:33,MRC_002,CUST-0021,PROC_B,ach,DE,49678,USD,2026-08-06,PAY-104487,posted
INT-HISTORICAL-004488,2026-08-06T13:38:10,MRC_004,CUST-0280,PROC_A,ach,US,23970,USD,2026-08-06,PAY-104488,posted
INT-HISTORICAL-004489,2026-08-06T13:39:14,MRC_001,CUST-0338,PROC_A,wallet,US,23942,USD,2026-08-06,PAY-104489,posted
INT-HISTORICAL-004490,2026-08-06T13:42:08,MRC_001,CUST-0121,PROC_B,ach,US,39636,USD,2026-08-06,PAY-104490,posted
INT-HISTORICAL-004491,2026-08-06T13:44:38,MRC_001,CUST-0069,PROC_C,wire,CA,33136,GBP,2026-08-06,PAY-104491,posted
INT-HISTORICAL-004492,2026-08-06T13:47:38,MRC_005,CUST-0113,PROC_A,ach,US,33408,USD,2026-08-06,PAY-104492,posted
INT-HISTORICAL-004493,2026-08-06T13:50:38,MRC_005,CUST-0396,PROC_C,wallet,US,5384,USD,2026-08-06,PAY-104493,posted
INT-HISTORICAL-004494,2026-08-06T13:51:36,MRC_002,CUST-0364,PROC_C,ach,GB,7822,GBP,2026-08-06,PAY-104494,posted
INT-HISTORICAL-004495,2026-08-06T13:54:23,MRC_004,CUST-0042,PROC_B,wire,US,10532,USD,2026-08-06,PAY-104495,posted
INT-HISTORICAL-004496,2026-08-06T13:56:20,MRC_003,CUST-0166,PROC_C,ach,US,2198,EUR,2026-08-06,PAY-104496,posted
INT-HISTORICAL-004497,2026-08-06T13:58:18,MRC_001,CUST-0365,PROC_B,wire,US,7887,USD,2026-08-06,PAY-104497,posted
INT-HISTORICAL-004498,2026-08-06T14:00:09,MRC_002,CUST-0068,PROC_B,card,US,15223,USD,2026-08-06,PAY-104498,posted
INT-HISTORICAL-004499,2026-08-06T14:02:55,MRC_005,CUST-0310,PROC_A,wallet,GB,18435,EUR,2026-08-06,PAY-104499,posted
INT-HISTORICAL-004500,2026-08-06T14:04:07,MRC_003,CUST-0074,PROC_A,card,CA,7570,USD,2026-08-06,PAY-104500,posted
INT-HISTORICAL-004501,2026-08-06T14:04:47,MRC_001,CUST-0173,PROC_C,wallet,US,8393,USD,2026-08-06,PAY-104501,posted
INT-HISTORICAL-004502,2026-08-06T14:05:29,MRC_005,CUST-0335,PROC_A,ach,US,2870,GBP,2026-08-06,PAY-104502,posted
INT-HISTORICAL-004503,2026-08-06T14:07:40,MRC_003,CUST-0061,PROC_B,ach,DE,70249,USD,2026-08-06,PAY-104503,posted
INT-HISTORICAL-004504,2026-08-06T14:08:58,MRC_003,CUST-0315,PROC_C,card,US,18585,USD,2026-08-06,PAY-104504,posted
INT-HISTORICAL-004505,2026-08-06T14:11:44,MRC_003,CUST-0253,PROC_A,wire,US,10030,EUR,2026-08-06,PAY-104505,posted
INT-HISTORICAL-004506,2026-08-06T14:12:08,MRC_003,CUST-0381,PROC_A,wire,GB,11907,USD,2026-08-06,PAY-104506,posted
INT-HISTORICAL-004507,2026-08-06T14:13:36,MRC_003,CUST-0321,PROC_A,wallet,US,10358,USD,2026-08-06,PAY-104507,posted
INT-HISTORICAL-004508,2026-08-06T14:13:57,MRC_005,CUST-0349,PROC_A,ach,GB,8201,EUR,2026-08-06,PAY-104508,posted
INT-HISTORICAL-004509,2026-08-06T14:15:10,MRC_004,CUST-0086,PROC_B,ach,DE,20830,USD,2026-08-06,PAY-104509,posted
INT-HISTORICAL-004510,2026-08-06T14:17:04,MRC_005,CUST-0219,PROC_A,ach,US,13188,USD,2026-08-06,PAY-104510,posted
INT-HISTORICAL-004511,2026-08-06T14:18:13,MRC_004,CUST-0097,PROC_B,card,US,17974,USD,2026-08-06,PAY-104511,posted
INT-HISTORICAL-004512,2026-08-06T14:19:37,MRC_002,CUST-0036,PROC_A,wallet,US,17056,GBP,2026-08-06,PAY-104512,posted
INT-HISTORICAL-004513,2026-08-06T14:21:47,MRC_001,CUST-0357,PROC_A,wire,CA,71034,USD,2026-08-06,PAY-104513,posted
INT-HISTORICAL-004514,2026-08-06T14:22:41,MRC_002,CUST-0334,PROC_B,wire,US,7552,EUR,2026-08-06,PAY-104514,posted
INT-HISTORICAL-004515,2026-08-06T14:25:06,MRC_004,CUST-0043,PROC_C,ach,DE,16190,USD,2026-08-06,PAY-104515,posted
INT-HISTORICAL-004516,2026-08-06T14:26:54,MRC_002,CUST-0302,PROC_A,wire,US,14173,USD,2026-08-06,PAY-104516,posted
INT-HISTORICAL-004517,2026-08-06T14:29:18,MRC_004,CUST-0140,PROC_B,ach,US,14489,USD,2026-08-06,PAY-104517,posted
INT-HISTORICAL-004518,2026-08-06T14:31:59,MRC_001,CUST-0306,PROC_A,wallet,US,28285,GBP,2026-08-06,PAY-104518,posted
INT-HISTORICAL-004519,2026-08-06T14:34:00,MRC_003,CUST-0223,PROC_A,wire,CA,24043,USD,2026-08-06,PAY-104519,posted
INT-HISTORICAL-004520,2026-08-06T14:35:30,MRC_001,CUST-0132,PROC_B,ach,US,25139,EUR,2026-08-06,PAY-104520,posted
INT-HISTORICAL-004521,2026-08-06T14:37:09,MRC_005,CUST-0197,PROC_A,ach,DE,7986,USD,2026-08-06,PAY-104521,posted
INT-HISTORICAL-004522,2026-08-06T14:40:03,MRC_004,CUST-0298,PROC_B,wire,DE,6635,GBP,2026-08-06,PAY-104522,posted
INT-HISTORICAL-004523,2026-08-06T14:42:19,MRC_001,CUST-0022,PROC_C,card,US,17318,GBP,2026-08-06,PAY-104523,posted
INT-HISTORICAL-004524,2026-08-06T14:43:13,MRC_003,CUST-0253,PROC_C,ach,GB,1444,USD,2026-08-06,PAY-104524,posted
INT-HISTORICAL-004525,2026-08-06T14:45:59,MRC_002,CUST-0226,PROC_C,wire,US,21302,USD,2026-08-06,PAY-104525,posted
INT-HISTORICAL-004526,2026-08-06T14:48:14,MRC_004,CUST-0234,PROC_A,card,US,12012,GBP,2026-08-06,PAY-104526,posted
INT-HISTORICAL-004527,2026-08-06T14:49:14,MRC_002,CUST-0092,PROC_C,card,US,2677,USD,2026-08-06,PAY-104527,posted
INT-HISTORICAL-004528,2026-08-06T14:49:37,MRC_002,CUST-0151,PROC_B,ach,GB,6499,USD,2026-08-06,PAY-104528,posted
INT-HISTORICAL-004529,2026-08-06T14:50:15,MRC_001,CUST-0272,PROC_B,wallet,US,18035,USD,2026-08-06,PAY-104529,posted
INT-HISTORICAL-004530,2026-08-06T14:53:09,MRC_003,CUST-0019,PROC_A,card,DE,9111,USD,2026-08-06,PAY-104530,posted
INT-HISTORICAL-004531,2026-08-06T14:53:59,MRC_003,CUST-0039,PROC_A,card,DE,2639,USD,2026-08-06,PAY-104531,posted
INT-HISTORICAL-004532,2026-08-06T14:55:52,MRC_002,CUST-0136,PROC_A,wallet,CA,22307,EUR,2026-08-06,PAY-104532,posted
INT-HISTORICAL-004533,2026-08-06T14:57:46,MRC_003,CUST-0265,PROC_A,wire,DE,4414,USD,2026-08-06,PAY-104533,posted
INT-HISTORICAL-004534,2026-08-06T14:59:42,MRC_002,CUST-0105,PROC_A,wire,US,5594,GBP,2026-08-06,PAY-104534,posted
INT-HISTORICAL-004535,2026-08-06T15:01:14,MRC_003,CUST-0010,PROC_C,wallet,DE,8485,USD,2026-08-06,PAY-104535,posted
INT-HISTORICAL-004536,2026-08-06T15:03:26,MRC_004,CUST-0025,PROC_C,card,US,33276,GBP,2026-08-06,PAY-104536,posted
INT-HISTORICAL-004537,2026-08-06T15:06:23,MRC_004,CUST-0074,PROC_B,ach,US,4051,GBP,2026-08-06,PAY-104537,posted
INT-HISTORICAL-004538,2026-08-06T15:08:43,MRC_005,CUST-0180,PROC_A,wallet,US,1605,EUR,2026-08-06,PAY-104538,posted
INT-HISTORICAL-004539,2026-08-06T15:10:58,MRC_004,CUST-0118,PROC_B,ach,CA,10239,USD,2026-08-06,PAY-104539,posted
INT-HISTORICAL-004540,2026-08-06T15:11:57,MRC_003,CUST-0268,PROC_B,wallet,US,17848,USD,2026-08-06,PAY-104540,posted
INT-HISTORICAL-004541,2026-08-06T15:14:25,MRC_003,CUST-0168,PROC_B,wire,US,9461,USD,2026-08-06,PAY-104541,posted
INT-HISTORICAL-004542,2026-08-06T15:15:41,MRC_004,CUST-0236,PROC_A,ach,US,34350,USD,2026-08-06,PAY-104542,posted
INT-HISTORICAL-004543,2026-08-06T15:17:19,MRC_004,CUST-0113,PROC_B,wallet,US,12682,EUR,2026-08-06,PAY-104543,posted
INT-HISTORICAL-004544,2026-08-06T15:18:27,MRC_004,CUST-0273,PROC_C,wallet,US,17829,EUR,2026-08-06,PAY-104544,posted
INT-HISTORICAL-004545,2026-08-06T15:21:18,MRC_004,CUST-0361,PROC_B,ach,CA,27379,EUR,2026-08-06,PAY-104545,posted
INT-HISTORICAL-004546,2026-08-06T15:24:13,MRC_003,CUST-0314,PROC_A,wire,CA,8906,GBP,2026-08-06,PAY-104546,posted
INT-HISTORICAL-004547,2026-08-06T15:26:00,MRC_001,CUST-0028,PROC_C,wallet,GB,14809,EUR,2026-08-06,PAY-104547,posted
INT-HISTORICAL-004548,2026-08-06T15:28:04,MRC_005,CUST-0270,PROC_B,ach,CA,5107,USD,2026-08-06,PAY-104548,posted
INT-HISTORICAL-004549,2026-08-06T15:29:26,MRC_001,CUST-0167,PROC_C,wallet,CA,15388,USD,2026-08-06,PAY-104549,posted
INT-HISTORICAL-004550,2026-08-06T15:31:03,MRC_005,CUST-0137,PROC_A,wallet,CA,16009,EUR,2026-08-06,PAY-104550,posted
INT-HISTORICAL-004551,2026-08-06T15:33:58,MRC_003,CUST-0236,PROC_C,wire,US,12860,USD,2026-08-06,PAY-104551,posted
INT-HISTORICAL-004552,2026-08-06T15:36:45,MRC_004,CUST-0271,PROC_A,wallet,US,11637,USD,2026-08-06,PAY-104552,posted
INT-HISTORICAL-004553,2026-08-06T15:37:40,MRC_001,CUST-0099,PROC_C,ach,DE,2529,USD,2026-08-06,PAY-104553,posted
INT-HISTORICAL-004554,2026-08-06T15:40:26,MRC_001,CUST-0011,PROC_A,card,US,4429,USD,2026-08-06,PAY-104554,posted
INT-HISTORICAL-004555,2026-08-06T15:42:05,MRC_004,CUST-0180,PROC_C,wallet,DE,18983,USD,2026-08-06,PAY-104555,posted
INT-HISTORICAL-004556,2026-08-06T15:43:19,MRC_005,CUST-0318,PROC_A,ach,CA,5956,USD,2026-08-06,PAY-104556,posted
INT-HISTORICAL-004557,2026-08-06T15:44:34,MRC_003,CUST-0284,PROC_C,wallet,GB,3509,EUR,2026-08-06,PAY-104557,posted
INT-HISTORICAL-004558,2026-08-06T15:45:39,MRC_005,CUST-0096,PROC_B,card,US,13843,USD,2026-08-06,PAY-104558,posted
INT-HISTORICAL-004559,2026-08-06T15:48:39,MRC_005,CUST-0173,PROC_C,card,CA,19801,USD,2026-08-06,PAY-104559,posted
INT-HISTORICAL-004560,2026-08-06T15:50:23,MRC_005,CUST-0162,PROC_B,card,DE,8803,USD,2026-08-06,PAY-104560,posted
INT-HISTORICAL-004561,2026-08-06T15:51:16,MRC_003,CUST-0092,PROC_A,wallet,US,12050,USD,2026-08-06,PAY-104561,posted
INT-HISTORICAL-004562,2026-08-06T15:52:41,MRC_003,CUST-0035,PROC_C,card,US,33386,USD,2026-08-06,PAY-104562,posted
INT-HISTORICAL-004563,2026-08-06T15:53:46,MRC_001,CUST-0104,PROC_A,card,CA,5471,USD,2026-08-06,PAY-104563,posted
INT-HISTORICAL-004564,2026-08-06T15:55:59,MRC_005,CUST-0011,PROC_B,card,GB,8664,USD,2026-08-06,PAY-104564,posted
INT-HISTORICAL-004565,2026-08-06T15:56:41,MRC_004,CUST-0060,PROC_B,wallet,US,41888,USD,2026-08-06,PAY-104565,posted
INT-HISTORICAL-004566,2026-08-06T15:59:17,MRC_005,CUST-0137,PROC_A,card,DE,38320,USD,2026-08-06,PAY-104566,posted
INT-HISTORICAL-004567,2026-08-06T16:00:09,MRC_001,CUST-0188,PROC_A,wire,DE,55969,USD,2026-08-06,PAY-104567,posted
INT-HISTORICAL-004568,2026-08-06T16:00:53,MRC_001,CUST-0379,PROC_A,wire,US,58901,EUR,2026-08-06,PAY-104568,posted
INT-HISTORICAL-004569,2026-08-06T16:01:55,MRC_002,CUST-0089,PROC_B,card,CA,23805,USD,2026-08-06,PAY-104569,posted
INT-HISTORICAL-004570,2026-08-06T16:04:33,MRC_001,CUST-0088,PROC_C,card,US,48473,USD,2026-08-06,PAY-104570,posted
INT-HISTORICAL-004571,2026-08-06T16:07:02,MRC_001,CUST-0043,PROC_C,card,US,26384,USD,2026-08-06,PAY-104571,posted
INT-HISTORICAL-004572,2026-08-06T16:09:39,MRC_002,CUST-0289,PROC_C,wire,GB,2309,GBP,2026-08-06,PAY-104572,posted
INT-HISTORICAL-004573,2026-08-06T16:10:42,MRC_002,CUST-0110,PROC_A,wallet,US,20920,USD,2026-08-06,PAY-104573,posted
INT-HISTORICAL-004574,2026-08-06T16:12:13,MRC_004,CUST-0193,PROC_A,wallet,US,6551,USD,2026-08-06,PAY-104574,posted
INT-HISTORICAL-004575,2026-08-06T16:12:39,MRC_003,CUST-0340,PROC_B,wallet,US,14048,USD,2026-08-06,PAY-104575,posted
INT-HISTORICAL-004576,2026-08-06T16:15:06,MRC_003,CUST-0309,PROC_B,wallet,US,16792,EUR,2026-08-06,PAY-104576,posted
INT-HISTORICAL-004577,2026-08-06T16:16:56,MRC_004,CUST-0329,PROC_C,card,US,8106,EUR,2026-08-06,PAY-104577,posted
INT-HISTORICAL-004578,2026-08-06T16:17:54,MRC_001,CUST-0260,PROC_C,wallet,GB,22459,USD,2026-08-06,PAY-104578,posted
INT-HISTORICAL-004579,2026-08-06T16:20:32,MRC_003,CUST-0286,PROC_A,wallet,US,8913,USD,2026-08-06,PAY-104579,posted
INT-HISTORICAL-004580,2026-08-06T16:22:59,MRC_005,CUST-0063,PROC_B,card,US,30428,USD,2026-08-06,PAY-104580,posted
INT-HISTORICAL-004581,2026-08-06T16:24:08,MRC_003,CUST-0357,PROC_B,wire,US,45954,USD,2026-08-06,PAY-104581,posted
INT-HISTORICAL-004582,2026-08-06T16:24:36,MRC_004,CUST-0259,PROC_C,wallet,DE,4099,USD,2026-08-06,PAY-104582,posted
INT-HISTORICAL-004583,2026-08-06T16:26:00,MRC_002,CUST-0050,PROC_A,card,CA,102293,USD,2026-08-06,PAY-104583,posted
INT-HISTORICAL-004584,2026-08-06T16:28:27,MRC_005,CUST-0125,PROC_C,ach,US,17118,USD,2026-08-06,PAY-104584,posted
INT-HISTORICAL-004585,2026-08-06T16:31:09,MRC_001,CUST-0006,PROC_A,card,DE,24083,USD,2026-08-06,PAY-104585,posted
INT-HISTORICAL-004586,2026-08-06T16:33:32,MRC_001,CUST-0235,PROC_A,wire,US,8326,USD,2026-08-06,PAY-104586,posted
INT-HISTORICAL-004587,2026-08-06T16:33:59,MRC_001,CUST-0228,PROC_B,wallet,GB,8982,USD,2026-08-06,PAY-104587,posted
INT-HISTORICAL-004588,2026-08-06T16:35:11,MRC_004,CUST-0256,PROC_C,wallet,DE,2996,USD,2026-08-06,PAY-104588,posted
INT-HISTORICAL-004589,2026-08-06T16:37:43,MRC_005,CUST-0142,PROC_B,wire,US,3633,USD,2026-08-06,PAY-104589,posted
INT-HISTORICAL-004590,2026-08-06T16:39:14,MRC_003,CUST-0212,PROC_B,card,GB,18736,USD,2026-08-06,PAY-104590,posted
INT-HISTORICAL-004591,2026-08-06T16:42:01,MRC_001,CUST-0016,PROC_A,card,US,15615,USD,2026-08-06,PAY-104591,posted
INT-HISTORICAL-004592,2026-08-06T16:43:24,MRC_005,CUST-0059,PROC_A,wallet,US,13155,USD,2026-08-06,PAY-104592,posted
INT-HISTORICAL-004593,2026-08-06T16:44:33,MRC_005,CUST-0333,PROC_C,wallet,GB,2263,GBP,2026-08-06,PAY-104593,posted
INT-HISTORICAL-004594,2026-08-06T16:47:33,MRC_005,CUST-0312,PROC_B,ach,GB,14413,EUR,2026-08-06,PAY-104594,posted
INT-HISTORICAL-004595,2026-08-06T16:49:13,MRC_003,CUST-0263,PROC_A,card,US,43725,USD,2026-08-06,PAY-104595,posted
INT-HISTORICAL-004596,2026-08-06T16:51:45,MRC_004,CUST-0313,PROC_A,wire,US,18704,USD,2026-08-06,PAY-104596,posted
INT-HISTORICAL-004597,2026-08-06T16:52:11,MRC_002,CUST-0173,PROC_C,ach,US,2198,USD,2026-08-06,PAY-104597,posted
INT-HISTORICAL-004598,2026-08-06T16:54:18,MRC_005,CUST-0134,PROC_A,card,GB,5959,USD,2026-08-06,PAY-104598,posted
INT-HISTORICAL-004599,2026-08-06T16:55:39,MRC_001,CUST-0024,PROC_B,wire,US,2903,GBP,2026-08-06,PAY-104599,posted
INT-HISTORICAL-004600,2026-08-06T16:58:24,MRC_001,CUST-0296,PROC_A,wire,CA,27907,USD,2026-08-06,PAY-104600,posted
INT-HISTORICAL-004601,2026-08-06T17:00:39,MRC_003,CUST-0145,PROC_C,ach,CA,9955,GBP,2026-08-06,PAY-104601,posted
INT-HISTORICAL-004602,2026-08-06T17:01:42,MRC_002,CUST-0377,PROC_B,card,US,32750,USD,2026-08-06,PAY-104602,posted
INT-HISTORICAL-004603,2026-08-06T17:03:25,MRC_002,CUST-0109,PROC_C,wallet,US,6648,USD,2026-08-06,PAY-104603,posted
INT-HISTORICAL-004604,2026-08-06T17:06:09,MRC_005,CUST-0133,PROC_B,card,US,8587,EUR,2026-08-06,PAY-104604,posted
INT-HISTORICAL-004605,2026-08-06T17:08:21,MRC_003,CUST-0294,PROC_C,ach,CA,14680,EUR,2026-08-06,PAY-104605,posted
INT-HISTORICAL-004606,2026-08-06T17:10:07,MRC_003,CUST-0350,PROC_B,ach,DE,8570,USD,2026-08-06,PAY-104606,posted
INT-HISTORICAL-004607,2026-08-06T17:12:55,MRC_003,CUST-0364,PROC_C,wire,US,2287,GBP,2026-08-06,PAY-104607,posted
INT-HISTORICAL-004608,2026-08-06T17:13:36,MRC_002,CUST-0023,PROC_B,card,US,50028,GBP,2026-08-06,PAY-104608,posted
INT-HISTORICAL-004609,2026-08-06T17:16:01,MRC_002,CUST-0026,PROC_C,wire,US,36818,EUR,2026-08-06,PAY-104609,posted
INT-HISTORICAL-004610,2026-08-06T17:18:38,MRC_003,CUST-0258,PROC_B,ach,DE,5902,GBP,2026-08-06,PAY-104610,posted
INT-HISTORICAL-004611,2026-08-06T17:20:17,MRC_004,CUST-0124,PROC_B,wallet,US,6789,USD,2026-08-06,PAY-104611,posted
INT-HISTORICAL-004612,2026-08-06T17:21:47,MRC_003,CUST-0280,PROC_A,ach,CA,40649,GBP,2026-08-06,PAY-104612,posted
INT-HISTORICAL-004613,2026-08-06T17:23:33,MRC_005,CUST-0263,PROC_C,ach,US,14794,EUR,2026-08-06,PAY-104613,posted
INT-HISTORICAL-004614,2026-08-06T17:25:57,MRC_001,CUST-0156,PROC_B,card,US,5375,GBP,2026-08-06,PAY-104614,posted
INT-HISTORICAL-004615,2026-08-06T17:27:24,MRC_002,CUST-0102,PROC_A,wallet,US,21074,USD,2026-08-06,PAY-104615,posted
INT-HISTORICAL-004616,2026-08-06T17:27:56,MRC_004,CUST-0002,PROC_A,ach,CA,3212,USD,2026-08-06,PAY-104616,posted
INT-HISTORICAL-004617,2026-08-06T17:28:23,MRC_001,CUST-0217,PROC_B,wallet,US,68657,EUR,2026-08-06,PAY-104617,posted
INT-HISTORICAL-004618,2026-08-06T17:30:42,MRC_002,CUST-0385,PROC_B,wire,US,5284,USD,2026-08-06,PAY-104618,posted
INT-HISTORICAL-004619,2026-08-06T17:32:28,MRC_002,CUST-0284,PROC_B,ach,GB,6804,EUR,2026-08-06,PAY-104619,posted
INT-HISTORICAL-004620,2026-08-06T17:34:55,MRC_003,CUST-0336,PROC_B,wire,DE,3226,GBP,2026-08-06,PAY-104620,posted
INT-HISTORICAL-004621,2026-08-06T17:36:28,MRC_004,CUST-0029,PROC_C,ach,CA,46153,USD,2026-08-06,PAY-104621,posted
INT-HISTORICAL-004622,2026-08-06T17:38:09,MRC_004,CUST-0011,PROC_A,card,CA,10005,GBP,2026-08-06,PAY-104622,posted
INT-HISTORICAL-004623,2026-08-06T17:41:09,MRC_002,CUST-0344,PROC_C,card,US,233502,EUR,2026-08-06,PAY-104623,posted
INT-HISTORICAL-004624,2026-08-06T17:42:32,MRC_002,CUST-0229,PROC_C,card,US,31046,GBP,2026-08-06,PAY-104624,posted
INT-HISTORICAL-004625,2026-08-06T17:44:34,MRC_005,CUST-0128,PROC_B,ach,GB,20325,USD,2026-08-06,PAY-104625,posted
INT-HISTORICAL-004626,2026-08-06T17:46:36,MRC_004,CUST-0014,PROC_B,wallet,GB,12197,GBP,2026-08-06,PAY-104626,posted
INT-HISTORICAL-004627,2026-08-06T17:47:34,MRC_003,CUST-0027,PROC_A,card,US,3557,USD,2026-08-06,PAY-104627,posted
INT-HISTORICAL-004628,2026-08-06T17:49:45,MRC_001,CUST-0262,PROC_C,wallet,US,24334,EUR,2026-08-06,PAY-104628,posted
INT-HISTORICAL-004629,2026-08-06T17:50:54,MRC_002,CUST-0165,PROC_B,wallet,US,2966,USD,2026-08-06,PAY-104629,posted
INT-HISTORICAL-004630,2026-08-06T17:52:05,MRC_004,CUST-0125,PROC_B,ach,US,9300,GBP,2026-08-06,PAY-104630,posted
INT-HISTORICAL-004631,2026-08-06T17:54:49,MRC_004,CUST-0117,PROC_A,card,US,14832,USD,2026-08-06,PAY-104631,posted
INT-HISTORICAL-004632,2026-08-06T17:56:35,MRC_002,CUST-0369,PROC_A,wallet,GB,11002,USD,2026-08-06,PAY-104632,posted
INT-HISTORICAL-004633,2026-08-06T17:57:46,MRC_004,CUST-0118,PROC_B,wire,GB,17931,USD,2026-08-06,PAY-104633,posted
INT-HISTORICAL-004634,2026-08-06T17:58:18,MRC_003,CUST-0108,PROC_A,wire,US,27227,USD,2026-08-06,PAY-104634,posted
INT-HISTORICAL-004635,2026-08-06T17:58:55,MRC_002,CUST-0324,PROC_A,wire,US,15297,GBP,2026-08-06,PAY-104635,posted
INT-HISTORICAL-004636,2026-08-06T17:59:41,MRC_002,CUST-0146,PROC_A,card,CA,10987,GBP,2026-08-06,PAY-104636,posted
INT-HISTORICAL-004637,2026-08-06T18:00:25,MRC_004,CUST-0043,PROC_A,wire,US,50608,USD,2026-08-06,PAY-104637,posted
INT-HISTORICAL-004638,2026-08-06T18:02:57,MRC_003,CUST-0235,PROC_A,card,US,61692,EUR,2026-08-06,PAY-104638,posted
INT-HISTORICAL-004639,2026-08-06T18:04:32,MRC_001,CUST-0069,PROC_C,card,US,15134,GBP,2026-08-06,PAY-104639,posted
INT-HISTORICAL-004640,2026-08-06T18:05:48,MRC_004,CUST-0327,PROC_A,wallet,DE,20336,USD,2026-08-06,PAY-104640,posted
INT-HISTORICAL-004641,2026-08-06T18:07:16,MRC_005,CUST-0396,PROC_A,wallet,US,6644,USD,2026-08-06,PAY-104641,posted
INT-HISTORICAL-004642,2026-08-06T18:08:04,MRC_002,CUST-0111,PROC_C,ach,DE,21785,USD,2026-08-06,PAY-104642,posted
INT-HISTORICAL-004643,2026-08-06T18:10:49,MRC_003,CUST-0105,PROC_A,ach,DE,5046,EUR,2026-08-06,PAY-104643,posted
INT-HISTORICAL-004644,2026-08-06T18:11:46,MRC_005,CUST-0025,PROC_C,card,CA,66899,USD,2026-08-06,PAY-104644,posted
INT-HISTORICAL-004645,2026-08-06T18:12:54,MRC_001,CUST-0069,PROC_C,card,US,15914,GBP,2026-08-06,PAY-104645,posted
INT-HISTORICAL-004646,2026-08-06T18:13:22,MRC_005,CUST-0233,PROC_B,card,CA,5194,EUR,2026-08-06,PAY-104646,posted
INT-HISTORICAL-004647,2026-08-06T18:15:35,MRC_005,CUST-0083,PROC_B,card,CA,17102,USD,2026-08-06,PAY-104647,posted
INT-HISTORICAL-004648,2026-08-06T18:18:11,MRC_003,CUST-0094,PROC_C,wallet,CA,6839,USD,2026-08-06,PAY-104648,posted
INT-HISTORICAL-004649,2026-08-06T18:21:02,MRC_005,CUST-0390,PROC_C,wallet,US,6463,USD,2026-08-06,PAY-104649,posted
INT-HISTORICAL-004650,2026-08-06T18:23:59,MRC_004,CUST-0372,PROC_B,card,US,11187,USD,2026-08-06,PAY-104650,posted
INT-HISTORICAL-004651,2026-08-06T18:25:22,MRC_003,CUST-0063,PROC_C,wallet,CA,33370,USD,2026-08-06,PAY-104651,posted
INT-HISTORICAL-004652,2026-08-06T18:26:01,MRC_004,CUST-0229,PROC_A,wallet,US,5749,USD,2026-08-06,PAY-104652,posted
INT-HISTORICAL-004653,2026-08-06T18:28:44,MRC_002,CUST-0393,PROC_B,card,CA,38522,USD,2026-08-06,PAY-104653,posted
INT-HISTORICAL-004654,2026-08-06T18:29:56,MRC_003,CUST-0392,PROC_C,wallet,US,1896,EUR,2026-08-06,PAY-104654,posted
INT-HISTORICAL-004655,2026-08-06T18:31:14,MRC_001,CUST-0177,PROC_C,wire,US,1559,USD,2026-08-06,PAY-104655,posted
INT-HISTORICAL-004656,2026-08-06T18:32:50,MRC_001,CUST-0206,PROC_C,ach,CA,19492,EUR,2026-08-06,PAY-104656,posted
INT-HISTORICAL-004657,2026-08-06T18:35:16,MRC_003,CUST-0268,PROC_B,ach,CA,4526,USD,2026-08-06,PAY-104657,posted
INT-HISTORICAL-004658,2026-08-06T18:36:21,MRC_001,CUST-0102,PROC_C,ach,GB,8679,GBP,2026-08-06,PAY-104658,posted
INT-HISTORICAL-004659,2026-08-06T18:37:48,MRC_003,CUST-0278,PROC_B,ach,US,8655,USD,2026-08-06,PAY-104659,posted
INT-HISTORICAL-004660,2026-08-06T18:39:43,MRC_001,CUST-0317,PROC_B,wallet,US,5010,EUR,2026-08-06,PAY-104660,posted
INT-HISTORICAL-004661,2026-08-06T18:40:17,MRC_004,CUST-0014,PROC_A,ach,US,10699,EUR,2026-08-06,PAY-104661,posted
INT-HISTORICAL-004662,2026-08-06T18:43:08,MRC_004,CUST-0311,PROC_C,card,CA,17207,USD,2026-08-06,PAY-104662,posted
INT-HISTORICAL-004663,2026-08-06T18:43:34,MRC_001,CUST-0206,PROC_B,ach,US,32020,USD,2026-08-06,PAY-104663,posted
INT-HISTORICAL-004664,2026-08-06T18:45:51,MRC_005,CUST-0364,PROC_B,card,GB,6986,USD,2026-08-06,PAY-104664,posted
INT-HISTORICAL-004665,2026-08-06T18:47:21,MRC_004,CUST-0109,PROC_A,ach,CA,8036,GBP,2026-08-06,PAY-104665,posted
INT-HISTORICAL-004666,2026-08-06T18:48:35,MRC_002,CUST-0313,PROC_B,ach,US,21076,GBP,2026-08-06,PAY-104666,posted
INT-HISTORICAL-004667,2026-08-06T18:49:14,MRC_002,CUST-0018,PROC_C,ach,GB,15102,USD,2026-08-06,PAY-104667,posted
INT-HISTORICAL-004668,2026-08-06T18:51:42,MRC_003,CUST-0339,PROC_C,card,CA,5785,USD,2026-08-06,PAY-104668,posted
INT-HISTORICAL-004669,2026-08-06T18:52:11,MRC_001,CUST-0267,PROC_B,wallet,US,13088,USD,2026-08-06,PAY-104669,posted
INT-HISTORICAL-004670,2026-08-06T18:54:41,MRC_005,CUST-0108,PROC_A,wallet,US,24656,GBP,2026-08-06,PAY-104670,posted
INT-HISTORICAL-004671,2026-08-06T18:55:40,MRC_005,CUST-0148,PROC_A,wallet,US,1159,USD,2026-08-06,PAY-104671,posted
INT-HISTORICAL-004672,2026-08-06T18:57:34,MRC_001,CUST-0171,PROC_A,ach,US,12282,USD,2026-08-06,PAY-104672,posted
INT-HISTORICAL-004673,2026-08-06T18:59:04,MRC_005,CUST-0156,PROC_A,wire,US,10281,USD,2026-08-06,PAY-104673,posted
INT-HISTORICAL-004674,2026-08-06T19:00:30,MRC_004,CUST-0044,PROC_C,card,US,5363,USD,2026-08-06,PAY-104674,posted
INT-HISTORICAL-004675,2026-08-06T19:02:10,MRC_003,CUST-0121,PROC_A,wire,DE,19059,GBP,2026-08-06,PAY-104675,posted
INT-HISTORICAL-004676,2026-08-06T19:03:13,MRC_003,CUST-0112,PROC_B,wallet,US,9118,USD,2026-08-06,PAY-104676,posted
INT-HISTORICAL-004677,2026-08-06T19:04:38,MRC_003,CUST-0061,PROC_C,wire,GB,21658,USD,2026-08-06,PAY-104677,posted
INT-HISTORICAL-004678,2026-08-06T19:07:36,MRC_001,CUST-0322,PROC_A,card,US,9560,USD,2026-08-06,PAY-104678,posted
INT-HISTORICAL-004679,2026-08-06T19:10:13,MRC_001,CUST-0098,PROC_A,card,US,5609,USD,2026-08-06,PAY-104679,posted
INT-HISTORICAL-004680,2026-08-06T19:10:42,MRC_005,CUST-0381,PROC_A,wire,US,9203,USD,2026-08-06,PAY-104680,posted
INT-HISTORICAL-004681,2026-08-06T19:11:14,MRC_003,CUST-0079,PROC_C,ach,US,4682,USD,2026-08-06,PAY-104681,posted
INT-HISTORICAL-004682,2026-08-06T19:13:24,MRC_003,CUST-0073,PROC_B,card,US,847,EUR,2026-08-06,PAY-104682,posted
INT-HISTORICAL-004683,2026-08-06T19:15:02,MRC_005,CUST-0364,PROC_A,ach,US,18962,USD,2026-08-06,PAY-104683,posted
INT-HISTORICAL-004684,2026-08-06T19:16:59,MRC_001,CUST-0388,PROC_A,card,GB,17970,USD,2026-08-06,PAY-104684,posted
INT-HISTORICAL-004685,2026-08-06T19:19:21,MRC_003,CUST-0224,PROC_A,wallet,US,36265,USD,2026-08-06,PAY-104685,posted
INT-HISTORICAL-004686,2026-08-06T19:19:46,MRC_005,CUST-0190,PROC_A,wallet,US,10928,USD,2026-08-06,PAY-104686,posted
INT-HISTORICAL-004687,2026-08-06T19:22:02,MRC_003,CUST-0059,PROC_A,ach,US,39560,GBP,2026-08-06,PAY-104687,posted
INT-HISTORICAL-004688,2026-08-06T19:24:30,MRC_004,CUST-0160,PROC_A,wallet,US,29019,GBP,2026-08-06,PAY-104688,posted
INT-HISTORICAL-004689,2026-08-06T19:26:03,MRC_001,CUST-0072,PROC_B,card,US,16639,GBP,2026-08-06,PAY-104689,posted
INT-HISTORICAL-004690,2026-08-06T19:27:41,MRC_002,CUST-0063,PROC_A,wire,US,7701,USD,2026-08-06,PAY-104690,posted
INT-HISTORICAL-004691,2026-08-06T19:28:46,MRC_003,CUST-0275,PROC_A,wallet,US,4081,USD,2026-08-06,PAY-104691,posted
INT-HISTORICAL-004692,2026-08-06T19:29:44,MRC_001,CUST-0220,PROC_B,wire,CA,9301,USD,2026-08-06,PAY-104692,posted
INT-HISTORICAL-004693,2026-08-06T19:32:17,MRC_003,CUST-0015,PROC_C,wire,GB,24183,GBP,2026-08-06,PAY-104693,posted
INT-HISTORICAL-004694,2026-08-06T19:33:44,MRC_002,CUST-0068,PROC_B,card,US,21727,USD,2026-08-06,PAY-104694,posted
INT-HISTORICAL-004695,2026-08-06T19:34:28,MRC_001,CUST-0296,PROC_B,card,GB,37024,USD,2026-08-06,PAY-104695,posted
INT-HISTORICAL-004696,2026-08-06T19:35:16,MRC_002,CUST-0308,PROC_B,wire,US,15753,USD,2026-08-06,PAY-104696,posted
INT-HISTORICAL-004697,2026-08-06T19:36:16,MRC_001,CUST-0246,PROC_C,wallet,GB,40794,USD,2026-08-06,PAY-104697,posted
INT-HISTORICAL-004698,2026-08-06T19:38:09,MRC_003,CUST-0311,PROC_C,wallet,US,8750,USD,2026-08-06,PAY-104698,posted
INT-HISTORICAL-004699,2026-08-06T19:39:31,MRC_005,CUST-0205,PROC_B,wallet,CA,26414,USD,2026-08-06,PAY-104699,posted
INT-HISTORICAL-004700,2026-08-06T19:40:18,MRC_005,CUST-0125,PROC_A,card,US,8262,USD,2026-08-06,PAY-104700,posted
INT-HISTORICAL-004701,2026-08-06T19:42:54,MRC_001,CUST-0307,PROC_A,wire,US,3695,GBP,2026-08-06,PAY-104701,posted
INT-HISTORICAL-004702,2026-08-06T19:43:14,MRC_005,CUST-0148,PROC_A,ach,US,16109,USD,2026-08-06,PAY-104702,posted
INT-HISTORICAL-004703,2026-08-06T19:45:51,MRC_002,CUST-0178,PROC_B,card,US,1590,USD,2026-08-06,PAY-104703,posted
INT-HISTORICAL-004704,2026-08-06T19:46:51,MRC_002,CUST-0222,PROC_C,wallet,US,171643,USD,2026-08-06,PAY-104704,posted
INT-HISTORICAL-004705,2026-08-06T19:48:34,MRC_001,CUST-0056,PROC_B,ach,CA,2665,USD,2026-08-06,PAY-104705,posted
INT-HISTORICAL-004706,2026-08-06T19:49:22,MRC_002,CUST-0149,PROC_A,ach,US,23472,USD,2026-08-06,PAY-104706,posted
INT-HISTORICAL-004707,2026-08-06T19:51:15,MRC_004,CUST-0169,PROC_A,wallet,US,7486,USD,2026-08-06,PAY-104707,posted
INT-HISTORICAL-004708,2026-08-06T19:52:17,MRC_005,CUST-0381,PROC_A,wire,CA,23773,USD,2026-08-06,PAY-104708,posted
INT-HISTORICAL-004709,2026-08-06T19:54:31,MRC_002,CUST-0200,PROC_A,wire,US,8890,USD,2026-08-06,PAY-104709,posted
INT-HISTORICAL-004710,2026-08-06T19:56:58,MRC_003,CUST-0134,PROC_A,wire,US,14915,USD,2026-08-06,PAY-104710,posted
INT-HISTORICAL-004711,2026-08-06T19:59:42,MRC_003,CUST-0154,PROC_A,card,US,1097,USD,2026-08-06,PAY-104711,posted
INT-HISTORICAL-004712,2026-08-06T20:02:14,MRC_001,CUST-0024,PROC_C,wallet,US,27468,GBP,2026-08-06,PAY-104712,posted
INT-HISTORICAL-004713,2026-08-06T20:02:42,MRC_001,CUST-0219,PROC_A,wire,GB,35332,USD,2026-08-06,PAY-104713,posted
INT-HISTORICAL-004714,2026-08-06T20:03:58,MRC_001,CUST-0172,PROC_C,wallet,GB,9081,USD,2026-08-06,PAY-104714,posted
INT-HISTORICAL-004715,2026-08-06T20:05:24,MRC_003,CUST-0300,PROC_A,card,US,10555,USD,2026-08-06,PAY-104715,posted
INT-HISTORICAL-004716,2026-08-06T20:06:28,MRC_003,CUST-0125,PROC_A,wallet,US,3848,USD,2026-08-06,PAY-104716,posted
INT-HISTORICAL-004717,2026-08-06T20:07:09,MRC_001,CUST-0346,PROC_A,ach,CA,9613,USD,2026-08-06,PAY-104717,posted
INT-HISTORICAL-004718,2026-08-06T20:09:09,MRC_001,CUST-0130,PROC_C,wire,US,9920,USD,2026-08-06,PAY-104718,posted
INT-HISTORICAL-004719,2026-08-06T20:09:43,MRC_005,CUST-0020,PROC_C,wire,DE,17768,GBP,2026-08-06,PAY-104719,posted
INT-HISTORICAL-004720,2026-08-06T20:11:07,MRC_002,CUST-0313,PROC_A,card,CA,18313,USD,2026-08-06,PAY-104720,posted
INT-HISTORICAL-004721,2026-08-06T20:13:41,MRC_001,CUST-0049,PROC_C,card,DE,31771,GBP,2026-08-06,PAY-104721,posted
INT-HISTORICAL-004722,2026-08-06T20:14:22,MRC_004,CUST-0274,PROC_B,ach,DE,13800,EUR,2026-08-06,PAY-104722,posted
INT-HISTORICAL-004723,2026-08-06T20:15:25,MRC_004,CUST-0297,PROC_C,card,US,19191,USD,2026-08-06,PAY-104723,posted
INT-HISTORICAL-004724,2026-08-06T20:17:21,MRC_004,CUST-0173,PROC_C,card,US,9015,USD,2026-08-06,PAY-104724,posted
INT-HISTORICAL-004725,2026-08-06T20:19:11,MRC_001,CUST-0180,PROC_A,card,CA,8935,USD,2026-08-06,PAY-104725,posted
INT-HISTORICAL-004726,2026-08-06T20:21:09,MRC_004,CUST-0327,PROC_C,card,US,20455,GBP,2026-08-06,PAY-104726,posted
INT-HISTORICAL-004727,2026-08-06T20:24:06,MRC_004,CUST-0246,PROC_A,card,US,30828,USD,2026-08-06,PAY-104727,posted
INT-HISTORICAL-004728,2026-08-06T20:25:03,MRC_001,CUST-0183,PROC_A,ach,US,10236,EUR,2026-08-06,PAY-104728,posted
INT-HISTORICAL-004729,2026-08-06T20:26:50,MRC_004,CUST-0263,PROC_B,wallet,US,9916,USD,2026-08-06,PAY-104729,posted
INT-HISTORICAL-004730,2026-08-06T20:28:47,MRC_001,CUST-0374,PROC_C,wallet,US,10358,USD,2026-08-06,PAY-104730,posted
INT-HISTORICAL-004731,2026-08-06T20:30:18,MRC_001,CUST-0194,PROC_B,wire,US,3765,USD,2026-08-06,PAY-104731,posted
INT-HISTORICAL-004732,2026-08-06T20:31:58,MRC_001,CUST-0300,PROC_A,wallet,US,16351,GBP,2026-08-06,PAY-104732,posted
INT-HISTORICAL-004733,2026-08-06T20:33:56,MRC_005,CUST-0263,PROC_B,wire,DE,15100,EUR,2026-08-06,PAY-104733,posted
INT-HISTORICAL-004734,2026-08-06T20:36:49,MRC_005,CUST-0292,PROC_A,wallet,US,39576,USD,2026-08-06,PAY-104734,posted
INT-HISTORICAL-004735,2026-08-06T20:38:30,MRC_003,CUST-0212,PROC_B,wallet,US,2397,USD,2026-08-06,PAY-104735,posted
INT-HISTORICAL-004736,2026-08-06T20:40:46,MRC_004,CUST-0065,PROC_A,ach,US,152163,GBP,2026-08-06,PAY-104736,posted
INT-HISTORICAL-004737,2026-08-06T20:41:57,MRC_001,CUST-0096,PROC_C,card,CA,6541,EUR,2026-08-06,PAY-104737,posted
INT-HISTORICAL-004738,2026-08-06T20:44:45,MRC_003,CUST-0364,PROC_B,card,CA,7016,USD,2026-08-06,PAY-104738,posted
INT-HISTORICAL-004739,2026-08-06T20:45:29,MRC_001,CUST-0198,PROC_A,wire,US,8430,USD,2026-08-06,PAY-104739,posted
INT-HISTORICAL-004740,2026-08-06T20:45:49,MRC_003,CUST-0164,PROC_A,wire,DE,8690,USD,2026-08-06,PAY-104740,posted
INT-HISTORICAL-004741,2026-08-06T20:47:43,MRC_005,CUST-0181,PROC_B,wallet,DE,8294,USD,2026-08-06,PAY-104741,posted
INT-HISTORICAL-004742,2026-08-06T20:50:29,MRC_002,CUST-0064,PROC_A,card,US,10565,GBP,2026-08-06,PAY-104742,posted
INT-HISTORICAL-004743,2026-08-06T20:52:36,MRC_005,CUST-0165,PROC_A,wire,CA,23388,USD,2026-08-06,PAY-104743,posted
INT-HISTORICAL-004744,2026-08-06T20:54:48,MRC_002,CUST-0109,PROC_A,wire,GB,7715,USD,2026-08-06,PAY-104744,posted
INT-HISTORICAL-004745,2026-08-06T20:55:22,MRC_003,CUST-0233,PROC_B,wire,US,5233,EUR,2026-08-06,PAY-104745,posted
INT-HISTORICAL-004746,2026-08-06T20:57:51,MRC_001,CUST-0359,PROC_B,wire,US,9348,EUR,2026-08-06,PAY-104746,posted
INT-HISTORICAL-004747,2026-08-06T20:58:17,MRC_004,CUST-0133,PROC_C,wire,GB,8209,GBP,2026-08-06,PAY-104747,posted
INT-HISTORICAL-004748,2026-08-06T20:58:37,MRC_001,CUST-0064,PROC_B,wallet,US,28903,USD,2026-08-06,PAY-104748,posted
INT-HISTORICAL-004749,2026-08-06T21:00:40,MRC_005,CUST-0343,PROC_B,ach,CA,24033,GBP,2026-08-06,PAY-104749,posted
INT-HISTORICAL-004750,2026-08-06T21:03:23,MRC_001,CUST-0110,PROC_B,ach,US,11278,EUR,2026-08-06,PAY-104750,posted
INT-HISTORICAL-004751,2026-08-06T21:05:41,MRC_005,CUST-0094,PROC_C,wire,US,5059,EUR,2026-08-06,PAY-104751,posted
INT-HISTORICAL-004752,2026-08-06T21:08:15,MRC_002,CUST-0060,PROC_C,ach,CA,7689,USD,2026-08-06,PAY-104752,posted
INT-HISTORICAL-004753,2026-08-06T21:11:12,MRC_002,CUST-0113,PROC_A,wire,US,12430,GBP,2026-08-06,PAY-104753,posted
INT-HISTORICAL-004754,2026-08-06T21:13:03,MRC_005,CUST-0142,PROC_B,wallet,US,17638,EUR,2026-08-06,PAY-104754,posted
INT-HISTORICAL-004755,2026-08-06T21:15:19,MRC_002,CUST-0043,PROC_B,card,CA,1715,EUR,2026-08-06,PAY-104755,posted
INT-HISTORICAL-004756,2026-08-06T21:16:02,MRC_001,CUST-0263,PROC_B,card,US,24938,GBP,2026-08-06,PAY-104756,posted
INT-HISTORICAL-004757,2026-08-06T21:17:01,MRC_004,CUST-0006,PROC_B,wallet,US,11826,USD,2026-08-06,PAY-104757,posted
INT-HISTORICAL-004758,2026-08-06T21:17:57,MRC_003,CUST-0241,PROC_A,ach,DE,12273,USD,2026-08-06,PAY-104758,posted
INT-HISTORICAL-004759,2026-08-06T21:20:01,MRC_003,CUST-0027,PROC_B,wallet,CA,6318,USD,2026-08-06,PAY-104759,posted
INT-HISTORICAL-004760,2026-08-06T21:21:07,MRC_002,CUST-0123,PROC_C,card,US,62048,EUR,2026-08-06,PAY-104760,posted
INT-HISTORICAL-004761,2026-08-06T21:21:55,MRC_002,CUST-0043,PROC_C,card,GB,21277,EUR,2026-08-06,PAY-104761,posted
INT-HISTORICAL-004762,2026-08-06T21:23:06,MRC_002,CUST-0370,PROC_C,ach,CA,6120,GBP,2026-08-06,PAY-104762,posted
INT-HISTORICAL-004763,2026-08-06T21:25:29,MRC_001,CUST-0296,PROC_A,wire,US,6572,USD,2026-08-06,PAY-104763,posted
INT-HISTORICAL-004764,2026-08-06T21:27:54,MRC_005,CUST-0124,PROC_A,card,DE,7736,GBP,2026-08-06,PAY-104764,posted
INT-HISTORICAL-004765,2026-08-06T21:30:04,MRC_005,CUST-0208,PROC_B,wire,US,10381,USD,2026-08-06,PAY-104765,posted
INT-HISTORICAL-004766,2026-08-06T21:32:57,MRC_004,CUST-0236,PROC_A,ach,US,7697,USD,2026-08-06,PAY-104766,posted
INT-HISTORICAL-004767,2026-08-06T21:33:49,MRC_005,CUST-0333,PROC_B,wire,GB,12841,USD,2026-08-06,PAY-104767,posted
INT-HISTORICAL-004768,2026-08-06T21:34:49,MRC_005,CUST-0185,PROC_A,ach,US,7312,USD,2026-08-06,PAY-104768,posted
INT-HISTORICAL-004769,2026-08-06T21:37:30,MRC_002,CUST-0266,PROC_B,card,US,12842,GBP,2026-08-06,PAY-104769,posted
INT-HISTORICAL-004770,2026-08-06T21:39:33,MRC_004,CUST-0182,PROC_A,wire,US,7434,USD,2026-08-06,PAY-104770,posted
INT-HISTORICAL-004771,2026-08-06T21:42:05,MRC_005,CUST-0041,PROC_A,wire,US,6649,USD,2026-08-06,PAY-104771,posted
INT-HISTORICAL-004772,2026-08-06T21:43:27,MRC_005,CUST-0372,PROC_B,ach,GB,17268,EUR,2026-08-06,PAY-104772,posted
INT-HISTORICAL-004773,2026-08-06T21:44:22,MRC_002,CUST-0379,PROC_B,card,US,9578,USD,2026-08-06,PAY-104773,posted
INT-HISTORICAL-004774,2026-08-06T21:45:48,MRC_003,CUST-0141,PROC_C,ach,DE,31989,USD,2026-08-06,PAY-104774,posted
INT-HISTORICAL-004775,2026-08-06T21:48:46,MRC_005,CUST-0178,PROC_A,ach,US,42925,USD,2026-08-06,PAY-104775,posted
INT-HISTORICAL-004776,2026-08-06T21:49:10,MRC_003,CUST-0196,PROC_C,wire,US,27500,GBP,2026-08-06,PAY-104776,posted
INT-HISTORICAL-004777,2026-08-06T21:51:48,MRC_003,CUST-0123,PROC_C,ach,US,30547,GBP,2026-08-06,PAY-104777,posted
INT-HISTORICAL-004778,2026-08-06T21:53:46,MRC_004,CUST-0247,PROC_B,wallet,US,24625,USD,2026-08-06,PAY-104778,posted
INT-HISTORICAL-004779,2026-08-06T21:54:38,MRC_004,CUST-0367,PROC_B,card,CA,4292,USD,2026-08-06,PAY-104779,posted
INT-HISTORICAL-004780,2026-08-06T21:57:25,MRC_003,CUST-0309,PROC_C,wallet,US,9048,USD,2026-08-06,PAY-104780,posted
INT-HISTORICAL-004781,2026-08-06T21:59:45,MRC_001,CUST-0337,PROC_C,wallet,CA,9979,USD,2026-08-06,PAY-104781,posted
INT-HISTORICAL-004782,2026-08-06T22:02:13,MRC_005,CUST-0261,PROC_B,wire,US,4620,USD,2026-08-06,PAY-104782,posted
INT-HISTORICAL-004783,2026-08-06T22:02:50,MRC_005,CUST-0282,PROC_B,wire,GB,5736,USD,2026-08-06,PAY-104783,posted
INT-HISTORICAL-004784,2026-08-06T22:04:00,MRC_002,CUST-0364,PROC_A,card,US,10069,GBP,2026-08-06,PAY-104784,posted
INT-HISTORICAL-004785,2026-08-06T22:05:16,MRC_001,CUST-0120,PROC_B,wire,US,31148,USD,2026-08-06,PAY-104785,posted
INT-HISTORICAL-004786,2026-08-06T22:05:55,MRC_001,CUST-0209,PROC_C,wire,CA,6632,USD,2026-08-06,PAY-104786,posted
INT-HISTORICAL-004787,2026-08-06T22:08:40,MRC_002,CUST-0131,PROC_A,wire,US,68574,EUR,2026-08-06,PAY-104787,posted
INT-HISTORICAL-004788,2026-08-06T22:11:05,MRC_004,CUST-0291,PROC_C,wire,CA,29567,USD,2026-08-06,PAY-104788,posted
INT-HISTORICAL-004789,2026-08-06T22:13:15,MRC_002,CUST-0155,PROC_C,ach,DE,14816,USD,2026-08-06,PAY-104789,posted
INT-HISTORICAL-004790,2026-08-06T22:15:24,MRC_002,CUST-0124,PROC_B,ach,US,57893,GBP,2026-08-06,PAY-104790,posted
INT-HISTORICAL-004791,2026-08-06T22:16:03,MRC_003,CUST-0185,PROC_C,wire,US,10377,USD,2026-08-06,PAY-104791,posted
INT-HISTORICAL-004792,2026-08-06T22:17:05,MRC_005,CUST-0164,PROC_B,wallet,US,6625,GBP,2026-08-06,PAY-104792,posted
INT-HISTORICAL-004793,2026-08-06T22:19:20,MRC_002,CUST-0257,PROC_C,card,DE,2471,USD,2026-08-06,PAY-104793,posted
INT-HISTORICAL-004794,2026-08-06T22:22:11,MRC_004,CUST-0232,PROC_A,card,DE,73542,USD,2026-08-06,PAY-104794,posted
INT-HISTORICAL-004795,2026-08-06T22:22:35,MRC_001,CUST-0261,PROC_C,card,US,10959,USD,2026-08-06,PAY-104795,posted
INT-HISTORICAL-004796,2026-08-06T22:23:28,MRC_004,CUST-0130,PROC_A,card,DE,3093,USD,2026-08-06,PAY-104796,posted
INT-HISTORICAL-004797,2026-08-06T22:25:48,MRC_005,CUST-0018,PROC_B,wallet,US,8618,EUR,2026-08-06,PAY-104797,posted
INT-HISTORICAL-004798,2026-08-06T22:26:59,MRC_001,CUST-0076,PROC_A,wire,DE,6161,USD,2026-08-06,PAY-104798,posted
INT-HISTORICAL-004799,2026-08-06T22:29:52,MRC_005,CUST-0143,PROC_C,card,DE,2514,USD,2026-08-06,PAY-104799,posted
INT-HISTORICAL-004800,2026-08-06T22:32:38,MRC_005,CUST-0299,PROC_A,card,GB,39724,USD,2026-08-06,PAY-104800,posted
INT-HISTORICAL-004801,2026-08-06T22:33:23,MRC_003,CUST-0394,PROC_A,wallet,GB,5558,EUR,2026-08-06,PAY-104801,posted
INT-HISTORICAL-004802,2026-08-06T22:34:43,MRC_001,CUST-0360,PROC_A,ach,US,11600,GBP,2026-08-06,PAY-104802,posted
INT-HISTORICAL-004803,2026-08-06T22:36:26,MRC_003,CUST-0089,PROC_C,wire,US,5802,USD,2026-08-06,PAY-104803,posted
INT-HISTORICAL-004804,2026-08-06T22:38:26,MRC_005,CUST-0127,PROC_C,card,US,19613,USD,2026-08-06,PAY-104804,posted
INT-HISTORICAL-004805,2026-08-06T22:39:11,MRC_004,CUST-0292,PROC_A,card,CA,27971,USD,2026-08-06,PAY-104805,posted
INT-HISTORICAL-004806,2026-08-06T22:39:36,MRC_005,CUST-0341,PROC_A,wallet,GB,6162,USD,2026-08-06,PAY-104806,posted
INT-HISTORICAL-004807,2026-08-06T22:41:52,MRC_005,CUST-0203,PROC_C,wallet,US,8725,USD,2026-08-06,PAY-104807,posted
INT-HISTORICAL-004808,2026-08-06T22:42:57,MRC_001,CUST-0063,PROC_C,wire,CA,18605,EUR,2026-08-06,PAY-104808,posted
INT-HISTORICAL-004809,2026-08-06T22:43:19,MRC_005,CUST-0390,PROC_B,wallet,CA,13403,USD,2026-08-06,PAY-104809,posted
INT-HISTORICAL-004810,2026-08-06T22:45:45,MRC_003,CUST-0016,PROC_A,card,GB,36459,USD,2026-08-06,PAY-104810,posted
INT-HISTORICAL-004811,2026-08-06T22:46:16,MRC_001,CUST-0313,PROC_A,wire,GB,49085,USD,2026-08-06,PAY-104811,posted
INT-HISTORICAL-004812,2026-08-06T22:47:34,MRC_004,CUST-0320,PROC_B,wallet,US,7785,EUR,2026-08-06,PAY-104812,posted
INT-HISTORICAL-004813,2026-08-06T22:49:37,MRC_004,CUST-0239,PROC_A,wallet,US,58630,USD,2026-08-06,PAY-104813,posted
INT-HISTORICAL-004814,2026-08-06T22:51:41,MRC_005,CUST-0015,PROC_A,wallet,US,11990,USD,2026-08-06,PAY-104814,posted
INT-HISTORICAL-004815,2026-08-06T22:52:31,MRC_001,CUST-0339,PROC_B,card,US,6797,USD,2026-08-06,PAY-104815,posted
INT-HISTORICAL-004816,2026-08-06T22:53:37,MRC_004,CUST-0014,PROC_B,wallet,US,36298,USD,2026-08-06,PAY-104816,posted
INT-HISTORICAL-004817,2026-08-06T22:55:15,MRC_003,CUST-0384,PROC_A,wire,DE,1221,USD,2026-08-06,PAY-104817,posted
INT-HISTORICAL-004818,2026-08-06T22:56:50,MRC_003,CUST-0322,PROC_A,ach,CA,30522,USD,2026-08-06,PAY-104818,posted
INT-HISTORICAL-004819,2026-08-06T22:58:04,MRC_002,CUST-0129,PROC_B,ach,US,7838,EUR,2026-08-06,PAY-104819,posted
INT-HISTORICAL-004820,2026-08-06T22:59:10,MRC_005,CUST-0398,PROC_C,ach,US,55715,USD,2026-08-06,PAY-104820,posted
INT-HISTORICAL-004821,2026-08-06T23:00:17,MRC_002,CUST-0104,PROC_C,card,US,38978,EUR,2026-08-06,PAY-104821,posted
INT-HISTORICAL-004822,2026-08-06T23:02:43,MRC_005,CUST-0139,PROC_C,ach,DE,8242,EUR,2026-08-06,PAY-104822,posted
INT-HISTORICAL-004823,2026-08-06T23:04:43,MRC_004,CUST-0320,PROC_C,wallet,CA,28499,USD,2026-08-06,PAY-104823,posted
INT-HISTORICAL-004824,2026-08-06T23:07:10,MRC_003,CUST-0022,PROC_A,wallet,GB,11193,USD,2026-08-06,PAY-104824,posted
INT-HISTORICAL-004825,2026-08-06T23:07:42,MRC_003,CUST-0374,PROC_C,wallet,GB,15636,USD,2026-08-06,PAY-104825,posted
INT-HISTORICAL-004826,2026-08-06T23:09:00,MRC_002,CUST-0393,PROC_A,wire,US,8187,EUR,2026-08-06,PAY-104826,posted
INT-HISTORICAL-004827,2026-08-06T23:09:24,MRC_001,CUST-0202,PROC_B,wire,US,60683,EUR,2026-08-06,PAY-104827,posted
INT-HISTORICAL-004828,2026-08-06T23:12:13,MRC_004,CUST-0251,PROC_B,ach,US,1305,USD,2026-08-06,PAY-104828,posted
INT-HISTORICAL-004829,2026-08-06T23:14:27,MRC_005,CUST-0168,PROC_A,wire,US,22607,USD,2026-08-06,PAY-104829,posted
INT-HISTORICAL-004830,2026-08-06T23:16:55,MRC_005,CUST-0313,PROC_B,wallet,US,6697,USD,2026-08-06,PAY-104830,posted
INT-HISTORICAL-004831,2026-08-06T23:18:02,MRC_003,CUST-0145,PROC_C,wallet,CA,20372,USD,2026-08-06,PAY-104831,posted
INT-HISTORICAL-004832,2026-08-06T23:18:46,MRC_001,CUST-0299,PROC_C,card,US,5964,USD,2026-08-06,PAY-104832,posted
INT-HISTORICAL-004833,2026-08-06T23:19:07,MRC_003,CUST-0082,PROC_C,wire,CA,11907,USD,2026-08-06,PAY-104833,posted
INT-HISTORICAL-004834,2026-08-06T23:21:32,MRC_005,CUST-0362,PROC_A,wallet,GB,5360,GBP,2026-08-06,PAY-104834,posted
INT-HISTORICAL-004835,2026-08-06T23:21:57,MRC_002,CUST-0080,PROC_B,ach,CA,19228,USD,2026-08-06,PAY-104835,posted
INT-HISTORICAL-004836,2026-08-06T23:24:34,MRC_001,CUST-0393,PROC_A,wire,DE,5236,USD,2026-08-06,PAY-104836,posted
INT-HISTORICAL-004837,2026-08-06T23:25:16,MRC_001,CUST-0150,PROC_C,wallet,US,39314,USD,2026-08-06,PAY-104837,posted
INT-HISTORICAL-004838,2026-08-06T23:27:27,MRC_001,CUST-0321,PROC_A,ach,CA,6491,USD,2026-08-06,PAY-104838,posted
INT-HISTORICAL-004839,2026-08-06T23:30:16,MRC_001,CUST-0187,PROC_B,ach,US,3494,USD,2026-08-06,PAY-104839,posted
INT-HISTORICAL-004840,2026-08-06T23:33:16,MRC_004,CUST-0315,PROC_C,card,CA,8492,GBP,2026-08-06,PAY-104840,posted
INT-HISTORICAL-004841,2026-08-06T23:34:01,MRC_004,CUST-0105,PROC_C,ach,DE,10285,USD,2026-08-06,PAY-104841,posted
INT-HISTORICAL-004842,2026-08-06T23:35:17,MRC_002,CUST-0083,PROC_A,wire,US,5277,USD,2026-08-06,PAY-104842,posted
INT-HISTORICAL-004843,2026-08-06T23:35:55,MRC_002,CUST-0212,PROC_A,wallet,US,27553,GBP,2026-08-06,PAY-104843,posted
INT-HISTORICAL-004844,2026-08-06T23:37:59,MRC_002,CUST-0293,PROC_B,wallet,US,9732,GBP,2026-08-06,PAY-104844,posted
INT-HISTORICAL-004845,2026-08-06T23:39:56,MRC_001,CUST-0164,PROC_B,card,GB,15156,USD,2026-08-06,PAY-104845,posted
INT-HISTORICAL-004846,2026-08-06T23:40:18,MRC_003,CUST-0309,PROC_C,wallet,US,42084,EUR,2026-08-06,PAY-104846,posted
INT-HISTORICAL-004847,2026-08-06T23:42:26,MRC_002,CUST-0216,PROC_C,wire,US,2287,GBP,2026-08-06,PAY-104847,posted
INT-HISTORICAL-004848,2026-08-06T23:44:46,MRC_005,CUST-0312,PROC_C,card,DE,11904,USD,2026-08-06,PAY-104848,posted
INT-HISTORICAL-004849,2026-08-06T23:46:36,MRC_004,CUST-0069,PROC_B,ach,US,109517,EUR,2026-08-06,PAY-104849,posted
INT-HISTORICAL-004850,2026-08-06T23:48:17,MRC_004,CUST-0026,PROC_B,wallet,CA,6013,USD,2026-08-06,PAY-104850,posted
INT-HISTORICAL-004851,2026-08-06T23:50:52,MRC_001,CUST-0205,PROC_C,wallet,US,6512,USD,2026-08-06,PAY-104851,posted
INT-HISTORICAL-004852,2026-08-06T23:51:54,MRC_003,CUST-0218,PROC_C,wire,US,47851,USD,2026-08-06,PAY-104852,posted
INT-HISTORICAL-004853,2026-08-06T23:54:03,MRC_004,CUST-0339,PROC_C,wallet,US,3105,USD,2026-08-06,PAY-104853,posted
INT-HISTORICAL-004854,2026-08-06T23:55:14,MRC_004,CUST-0126,PROC_B,wallet,GB,18867,USD,2026-08-06,PAY-104854,posted
INT-HISTORICAL-004855,2026-08-06T23:56:41,MRC_002,CUST-0271,PROC_B,card,US,12537,GBP,2026-08-06,PAY-104855,posted
INT-HISTORICAL-004856,2026-08-06T23:58:59,MRC_004,CUST-0248,PROC_B,wire,DE,17272,EUR,2026-08-06,PAY-104856,posted
INT-HISTORICAL-004857,2026-08-07T00:00:49,MRC_001,CUST-0237,PROC_A,card,DE,17488,USD,2026-08-07,PAY-104857,posted
INT-HISTORICAL-004858,2026-08-07T00:03:37,MRC_001,CUST-0269,PROC_C,ach,US,57213,GBP,2026-08-07,PAY-104858,posted
INT-HISTORICAL-004859,2026-08-07T00:06:25,MRC_001,CUST-0116,PROC_B,wallet,DE,59783,USD,2026-08-07,PAY-104859,posted
INT-HISTORICAL-004860,2026-08-07T00:09:22,MRC_005,CUST-0330,PROC_B,wallet,US,1408,USD,2026-08-07,PAY-104860,posted
INT-HISTORICAL-004861,2026-08-07T00:11:09,MRC_005,CUST-0131,PROC_C,wire,US,500,USD,2026-08-07,PAY-104861,posted
INT-HISTORICAL-004862,2026-08-07T00:12:50,MRC_004,CUST-0361,PROC_B,wire,DE,61097,USD,2026-08-07,PAY-104862,posted
INT-HISTORICAL-004863,2026-08-07T00:13:40,MRC_003,CUST-0333,PROC_B,wallet,US,4469,USD,2026-08-07,PAY-104863,posted
INT-HISTORICAL-004864,2026-08-07T00:15:48,MRC_005,CUST-0385,PROC_C,card,US,9830,USD,2026-08-07,PAY-104864,posted
INT-HISTORICAL-004865,2026-08-07T00:16:50,MRC_004,CUST-0201,PROC_A,card,DE,30773,GBP,2026-08-07,PAY-104865,posted
INT-HISTORICAL-004866,2026-08-07T00:19:43,MRC_003,CUST-0384,PROC_B,wallet,DE,7169,USD,2026-08-07,PAY-104866,posted
INT-HISTORICAL-004867,2026-08-07T00:20:48,MRC_005,CUST-0108,PROC_A,card,DE,15922,USD,2026-08-07,PAY-104867,posted
INT-HISTORICAL-004868,2026-08-07T00:22:42,MRC_002,CUST-0128,PROC_A,wallet,GB,56154,GBP,2026-08-07,PAY-104868,posted
INT-HISTORICAL-004869,2026-08-07T00:23:39,MRC_005,CUST-0190,PROC_A,ach,GB,9419,EUR,2026-08-07,PAY-104869,posted
INT-HISTORICAL-004870,2026-08-07T00:25:54,MRC_005,CUST-0364,PROC_C,wire,US,13294,USD,2026-08-07,PAY-104870,posted
INT-HISTORICAL-004871,2026-08-07T00:28:16,MRC_002,CUST-0323,PROC_C,ach,CA,5854,USD,2026-08-07,PAY-104871,posted
INT-HISTORICAL-004872,2026-08-07T00:29:51,MRC_001,CUST-0118,PROC_A,card,CA,13917,USD,2026-08-07,PAY-104872,posted
INT-HISTORICAL-004873,2026-08-07T00:31:04,MRC_003,CUST-0382,PROC_C,card,CA,7979,USD,2026-08-07,PAY-104873,posted
INT-HISTORICAL-004874,2026-08-07T00:32:17,MRC_001,CUST-0248,PROC_B,ach,GB,28250,USD,2026-08-07,PAY-104874,posted
INT-HISTORICAL-004875,2026-08-07T00:34:44,MRC_005,CUST-0203,PROC_C,wallet,US,11175,EUR,2026-08-07,PAY-104875,posted
INT-HISTORICAL-004876,2026-08-07T00:35:59,MRC_003,CUST-0264,PROC_C,ach,US,12940,USD,2026-08-07,PAY-104876,posted
INT-HISTORICAL-004877,2026-08-07T00:36:53,MRC_003,CUST-0017,PROC_C,card,GB,13206,USD,2026-08-07,PAY-104877,posted
INT-HISTORICAL-004878,2026-08-07T00:38:46,MRC_001,CUST-0191,PROC_A,ach,DE,27359,GBP,2026-08-07,PAY-104878,posted
INT-HISTORICAL-004879,2026-08-07T00:40:34,MRC_004,CUST-0048,PROC_A,wallet,CA,17817,USD,2026-08-07,PAY-104879,posted
INT-HISTORICAL-004880,2026-08-07T00:43:16,MRC_002,CUST-0154,PROC_B,wallet,GB,2198,GBP,2026-08-07,PAY-104880,posted
INT-HISTORICAL-004881,2026-08-07T00:45:47,MRC_001,CUST-0322,PROC_B,wallet,US,10916,EUR,2026-08-07,PAY-104881,posted
INT-HISTORICAL-004882,2026-08-07T00:48:27,MRC_001,CUST-0101,PROC_C,wallet,GB,30747,USD,2026-08-07,PAY-104882,posted
INT-HISTORICAL-004883,2026-08-07T00:50:49,MRC_005,CUST-0358,PROC_B,ach,US,4028,EUR,2026-08-07,PAY-104883,posted
INT-HISTORICAL-004884,2026-08-07T00:52:53,MRC_002,CUST-0293,PROC_C,card,GB,19716,GBP,2026-08-07,PAY-104884,posted
INT-HISTORICAL-004885,2026-08-07T00:53:25,MRC_003,CUST-0043,PROC_A,wire,US,26246,USD,2026-08-07,PAY-104885,posted
INT-HISTORICAL-004886,2026-08-07T00:54:27,MRC_005,CUST-0128,PROC_A,wire,US,34735,USD,2026-08-07,PAY-104886,posted
INT-HISTORICAL-004887,2026-08-07T00:56:36,MRC_004,CUST-0280,PROC_B,wire,GB,19531,USD,2026-08-07,PAY-104887,posted
INT-HISTORICAL-004888,2026-08-07T00:57:44,MRC_002,CUST-0209,PROC_A,card,US,2876,USD,2026-08-07,PAY-104888,posted
INT-HISTORICAL-004889,2026-08-07T01:00:40,MRC_002,CUST-0341,PROC_A,wire,CA,9969,GBP,2026-08-07,PAY-104889,posted
INT-HISTORICAL-004890,2026-08-07T01:02:09,MRC_001,CUST-0225,PROC_B,card,GB,10746,GBP,2026-08-07,PAY-104890,posted
INT-HISTORICAL-004891,2026-08-07T01:04:33,MRC_001,CUST-0169,PROC_B,wire,US,4304,GBP,2026-08-07,PAY-104891,posted
INT-HISTORICAL-004892,2026-08-07T01:06:17,MRC_002,CUST-0295,PROC_C,ach,US,13688,USD,2026-08-07,PAY-104892,posted
INT-HISTORICAL-004893,2026-08-07T01:06:38,MRC_001,CUST-0216,PROC_C,wire,CA,32263,USD,2026-08-07,PAY-104893,posted
INT-HISTORICAL-004894,2026-08-07T01:09:08,MRC_001,CUST-0012,PROC_B,ach,US,5595,EUR,2026-08-07,PAY-104894,posted
INT-HISTORICAL-004895,2026-08-07T01:10:52,MRC_002,CUST-0350,PROC_C,ach,US,41668,USD,2026-08-07,PAY-104895,posted
INT-HISTORICAL-004896,2026-08-07T01:13:08,MRC_002,CUST-0347,PROC_A,card,US,13816,USD,2026-08-07,PAY-104896,posted
INT-HISTORICAL-004897,2026-08-07T01:14:18,MRC_001,CUST-0090,PROC_C,card,US,5849,USD,2026-08-07,PAY-104897,posted
INT-HISTORICAL-004898,2026-08-07T01:17:00,MRC_004,CUST-0301,PROC_B,ach,US,43780,USD,2026-08-07,PAY-104898,posted
INT-HISTORICAL-004899,2026-08-07T01:17:24,MRC_001,CUST-0231,PROC_C,wallet,US,39770,USD,2026-08-07,PAY-104899,posted
INT-HISTORICAL-004900,2026-08-07T01:19:44,MRC_003,CUST-0379,PROC_C,wire,US,17830,USD,2026-08-07,PAY-104900,posted
INT-HISTORICAL-004901,2026-08-07T01:20:34,MRC_004,CUST-0016,PROC_A,ach,CA,10296,GBP,2026-08-07,PAY-104901,posted
INT-HISTORICAL-004902,2026-08-07T01:22:03,MRC_001,CUST-0091,PROC_A,card,US,8910,USD,2026-08-07,PAY-104902,posted
INT-HISTORICAL-004903,2026-08-07T01:23:30,MRC_001,CUST-0122,PROC_A,wire,US,23651,USD,2026-08-07,PAY-104903,posted
INT-HISTORICAL-004904,2026-08-07T01:24:46,MRC_002,CUST-0316,PROC_A,ach,DE,4096,EUR,2026-08-07,PAY-104904,posted
INT-HISTORICAL-004905,2026-08-07T01:26:23,MRC_004,CUST-0072,PROC_C,wire,GB,15078,GBP,2026-08-07,PAY-104905,posted
INT-HISTORICAL-004906,2026-08-07T01:28:49,MRC_003,CUST-0365,PROC_B,wire,CA,5289,USD,2026-08-07,PAY-104906,posted
INT-HISTORICAL-004907,2026-08-07T01:29:14,MRC_005,CUST-0069,PROC_C,wire,DE,52712,GBP,2026-08-07,PAY-104907,posted
INT-HISTORICAL-004908,2026-08-07T01:32:04,MRC_004,CUST-0121,PROC_B,card,CA,32515,GBP,2026-08-07,PAY-104908,posted
INT-HISTORICAL-004909,2026-08-07T01:35:02,MRC_005,CUST-0203,PROC_C,wallet,GB,54317,USD,2026-08-07,PAY-104909,posted
INT-HISTORICAL-004910,2026-08-07T01:36:42,MRC_001,CUST-0194,PROC_A,wire,US,8723,USD,2026-08-07,PAY-104910,posted
INT-HISTORICAL-004911,2026-08-07T01:39:31,MRC_001,CUST-0201,PROC_B,ach,DE,4857,USD,2026-08-07,PAY-104911,posted
INT-HISTORICAL-004912,2026-08-07T01:41:35,MRC_003,CUST-0069,PROC_B,wire,US,42891,USD,2026-08-07,PAY-104912,posted
INT-HISTORICAL-004913,2026-08-07T01:43:50,MRC_002,CUST-0003,PROC_B,card,DE,5884,USD,2026-08-07,PAY-104913,posted
INT-HISTORICAL-004914,2026-08-07T01:45:56,MRC_002,CUST-0133,PROC_B,card,DE,9927,USD,2026-08-07,PAY-104914,posted
INT-HISTORICAL-004915,2026-08-07T01:47:50,MRC_004,CUST-0209,PROC_C,ach,US,44014,USD,2026-08-07,PAY-104915,posted
INT-HISTORICAL-004916,2026-08-07T01:48:57,MRC_004,CUST-0012,PROC_B,wallet,US,26595,USD,2026-08-07,PAY-104916,posted
INT-HISTORICAL-004917,2026-08-07T01:51:45,MRC_001,CUST-0328,PROC_B,wire,US,1680,USD,2026-08-07,PAY-104917,posted
INT-HISTORICAL-004918,2026-08-07T01:53:04,MRC_003,CUST-0239,PROC_B,card,US,26650,USD,2026-08-07,PAY-104918,posted
INT-HISTORICAL-004919,2026-08-07T01:55:45,MRC_005,CUST-0331,PROC_C,wallet,CA,9627,USD,2026-08-07,PAY-104919,posted
INT-HISTORICAL-004920,2026-08-07T01:58:45,MRC_001,CUST-0167,PROC_C,card,US,6478,USD,2026-08-07,PAY-104920,posted
INT-HISTORICAL-004921,2026-08-07T02:00:57,MRC_002,CUST-0194,PROC_A,card,GB,17206,EUR,2026-08-07,PAY-104921,posted
INT-HISTORICAL-004922,2026-08-07T02:02:09,MRC_003,CUST-0308,PROC_A,ach,US,6282,GBP,2026-08-07,PAY-104922,posted
INT-HISTORICAL-004923,2026-08-07T02:03:06,MRC_001,CUST-0200,PROC_A,card,US,20961,USD,2026-08-07,PAY-104923,posted
INT-HISTORICAL-004924,2026-08-07T02:05:58,MRC_002,CUST-0264,PROC_B,card,CA,4464,USD,2026-08-07,PAY-104924,posted
INT-HISTORICAL-004925,2026-08-07T02:08:56,MRC_005,CUST-0265,PROC_B,wallet,US,12950,USD,2026-08-07,PAY-104925,posted
INT-HISTORICAL-004926,2026-08-07T02:11:02,MRC_002,CUST-0097,PROC_A,wire,CA,63964,USD,2026-08-07,PAY-104926,posted
INT-HISTORICAL-004927,2026-08-07T02:11:50,MRC_004,CUST-0241,PROC_C,ach,US,8224,USD,2026-08-07,PAY-104927,posted
INT-HISTORICAL-004928,2026-08-07T02:13:30,MRC_005,CUST-0184,PROC_B,wire,US,21584,USD,2026-08-07,PAY-104928,posted
INT-HISTORICAL-004929,2026-08-07T02:15:30,MRC_003,CUST-0312,PROC_C,card,GB,18121,GBP,2026-08-07,PAY-104929,posted
INT-HISTORICAL-004930,2026-08-07T02:15:52,MRC_001,CUST-0214,PROC_B,ach,CA,9064,USD,2026-08-07,PAY-104930,posted
INT-HISTORICAL-004931,2026-08-07T02:16:41,MRC_003,CUST-0042,PROC_A,ach,GB,14509,GBP,2026-08-07,PAY-104931,posted
INT-HISTORICAL-004932,2026-08-07T02:19:26,MRC_005,CUST-0090,PROC_C,wire,DE,6781,USD,2026-08-07,PAY-104932,posted
INT-HISTORICAL-004933,2026-08-07T02:19:50,MRC_004,CUST-0112,PROC_B,wallet,US,26654,USD,2026-08-07,PAY-104933,posted
INT-HISTORICAL-004934,2026-08-07T02:22:32,MRC_004,CUST-0221,PROC_B,ach,US,6303,USD,2026-08-07,PAY-104934,posted
INT-HISTORICAL-004935,2026-08-07T02:24:21,MRC_004,CUST-0280,PROC_A,ach,US,91676,GBP,2026-08-07,PAY-104935,posted
INT-HISTORICAL-004936,2026-08-07T02:26:37,MRC_005,CUST-0395,PROC_A,ach,DE,10848,USD,2026-08-07,PAY-104936,posted
INT-HISTORICAL-004937,2026-08-07T02:27:46,MRC_004,CUST-0239,PROC_A,wire,US,31961,USD,2026-08-07,PAY-104937,posted
INT-HISTORICAL-004938,2026-08-07T02:30:33,MRC_004,CUST-0301,PROC_B,card,CA,35503,EUR,2026-08-07,PAY-104938,posted
INT-HISTORICAL-004939,2026-08-07T02:32:26,MRC_003,CUST-0178,PROC_B,wire,GB,11140,USD,2026-08-07,PAY-104939,posted
INT-HISTORICAL-004940,2026-08-07T02:33:33,MRC_004,CUST-0015,PROC_A,wire,CA,5519,GBP,2026-08-07,PAY-104940,posted
INT-HISTORICAL-004941,2026-08-07T02:36:17,MRC_004,CUST-0125,PROC_C,ach,US,7886,GBP,2026-08-07,PAY-104941,posted
INT-HISTORICAL-004942,2026-08-07T02:38:29,MRC_005,CUST-0176,PROC_C,ach,US,38340,GBP,2026-08-07,PAY-104942,posted
INT-HISTORICAL-004943,2026-08-07T02:39:40,MRC_003,CUST-0343,PROC_C,wallet,GB,5892,USD,2026-08-07,PAY-104943,posted
INT-HISTORICAL-004944,2026-08-07T02:42:04,MRC_003,CUST-0240,PROC_B,ach,GB,82188,EUR,2026-08-07,PAY-104944,posted
INT-HISTORICAL-004945,2026-08-07T02:42:58,MRC_001,CUST-0256,PROC_C,wallet,GB,14113,EUR,2026-08-07,PAY-104945,posted
INT-HISTORICAL-004946,2026-08-07T02:45:39,MRC_002,CUST-0309,PROC_B,card,DE,65753,USD,2026-08-07,PAY-104946,posted
INT-HISTORICAL-004947,2026-08-07T02:47:21,MRC_004,CUST-0151,PROC_C,card,US,14051,USD,2026-08-07,PAY-104947,posted
INT-HISTORICAL-004948,2026-08-07T02:47:54,MRC_003,CUST-0057,PROC_B,ach,GB,30563,EUR,2026-08-07,PAY-104948,posted
INT-HISTORICAL-004949,2026-08-07T02:50:47,MRC_001,CUST-0021,PROC_A,wire,DE,3822,EUR,2026-08-07,PAY-104949,posted
INT-HISTORICAL-004950,2026-08-07T02:51:40,MRC_001,CUST-0347,PROC_A,ach,US,3507,USD,2026-08-07,PAY-104950,posted
INT-HISTORICAL-004951,2026-08-07T02:52:55,MRC_005,CUST-0062,PROC_B,wire,GB,4420,USD,2026-08-07,PAY-104951,posted
INT-HISTORICAL-004952,2026-08-07T02:55:23,MRC_003,CUST-0234,PROC_A,card,US,15430,EUR,2026-08-07,PAY-104952,posted
INT-HISTORICAL-004953,2026-08-07T02:55:49,MRC_003,CUST-0070,PROC_A,card,US,2686,GBP,2026-08-07,PAY-104953,posted
INT-HISTORICAL-004954,2026-08-07T02:56:41,MRC_005,CUST-0201,PROC_A,card,GB,26484,USD,2026-08-07,PAY-104954,posted
INT-HISTORICAL-004955,2026-08-07T02:59:32,MRC_004,CUST-0252,PROC_B,card,US,5100,USD,2026-08-07,PAY-104955,posted
INT-HISTORICAL-004956,2026-08-07T03:00:09,MRC_001,CUST-0210,PROC_B,wire,GB,19090,GBP,2026-08-07,PAY-104956,posted
INT-HISTORICAL-004957,2026-08-07T03:01:54,MRC_001,CUST-0092,PROC_A,ach,US,31210,EUR,2026-08-07,PAY-104957,posted
INT-HISTORICAL-004958,2026-08-07T03:03:19,MRC_001,CUST-0061,PROC_C,ach,CA,25839,EUR,2026-08-07,PAY-104958,posted
INT-HISTORICAL-004959,2026-08-07T03:05:35,MRC_002,CUST-0106,PROC_C,ach,US,21373,EUR,2026-08-07,PAY-104959,posted
INT-HISTORICAL-004960,2026-08-07T03:07:46,MRC_002,CUST-0119,PROC_A,ach,US,28757,USD,2026-08-07,PAY-104960,posted
INT-HISTORICAL-004961,2026-08-07T03:08:53,MRC_002,CUST-0330,PROC_C,wallet,US,20594,GBP,2026-08-07,PAY-104961,posted
INT-HISTORICAL-004962,2026-08-07T03:11:51,MRC_005,CUST-0381,PROC_C,ach,CA,11159,USD,2026-08-07,PAY-104962,posted
INT-HISTORICAL-004963,2026-08-07T03:13:21,MRC_005,CUST-0024,PROC_B,wire,US,5680,USD,2026-08-07,PAY-104963,posted
INT-HISTORICAL-004964,2026-08-07T03:14:52,MRC_005,CUST-0366,PROC_A,ach,US,6242,USD,2026-08-07,PAY-104964,posted
INT-HISTORICAL-004965,2026-08-07T03:16:16,MRC_001,CUST-0353,PROC_C,wire,GB,8534,USD,2026-08-07,PAY-104965,posted
INT-HISTORICAL-004966,2026-08-07T03:16:47,MRC_002,CUST-0173,PROC_C,ach,DE,7736,GBP,2026-08-07,PAY-104966,posted
INT-HISTORICAL-004967,2026-08-07T03:18:16,MRC_004,CUST-0199,PROC_C,card,US,24129,USD,2026-08-07,PAY-104967,posted
INT-HISTORICAL-004968,2026-08-07T03:20:35,MRC_003,CUST-0145,PROC_C,wire,DE,11440,EUR,2026-08-07,PAY-104968,posted
INT-HISTORICAL-004969,2026-08-07T03:23:00,MRC_005,CUST-0177,PROC_B,card,DE,2837,USD,2026-08-07,PAY-104969,posted
INT-HISTORICAL-004970,2026-08-07T03:24:23,MRC_003,CUST-0019,PROC_A,ach,US,32589,USD,2026-08-07,PAY-104970,posted
INT-HISTORICAL-004971,2026-08-07T03:26:29,MRC_002,CUST-0386,PROC_A,wallet,US,5519,USD,2026-08-07,PAY-104971,posted
INT-HISTORICAL-004972,2026-08-07T03:29:11,MRC_004,CUST-0212,PROC_B,wire,DE,4845,USD,2026-08-07,PAY-104972,posted
INT-HISTORICAL-004973,2026-08-07T03:31:15,MRC_003,CUST-0048,PROC_B,ach,CA,13672,EUR,2026-08-07,PAY-104973,posted
INT-HISTORICAL-004974,2026-08-07T03:33:19,MRC_003,CUST-0287,PROC_A,ach,DE,73137,EUR,2026-08-07,PAY-104974,posted
INT-HISTORICAL-004975,2026-08-07T03:33:47,MRC_003,CUST-0385,PROC_C,wire,US,57452,USD,2026-08-07,PAY-104975,posted
INT-HISTORICAL-004976,2026-08-07T03:36:19,MRC_004,CUST-0250,PROC_B,wire,GB,36801,USD,2026-08-07,PAY-104976,posted
INT-HISTORICAL-004977,2026-08-07T03:38:31,MRC_005,CUST-0309,PROC_C,wire,CA,36701,USD,2026-08-07,PAY-104977,posted
INT-HISTORICAL-004978,2026-08-07T03:39:31,MRC_005,CUST-0242,PROC_B,ach,US,26246,USD,2026-08-07,PAY-104978,posted
INT-HISTORICAL-004979,2026-08-07T03:42:11,MRC_001,CUST-0271,PROC_C,card,US,11040,USD,2026-08-07,PAY-104979,posted
INT-HISTORICAL-004980,2026-08-07T03:44:29,MRC_004,CUST-0226,PROC_C,wire,CA,16021,USD,2026-08-07,PAY-104980,posted
INT-HISTORICAL-004981,2026-08-07T03:47:07,MRC_005,CUST-0084,PROC_A,ach,US,13124,USD,2026-08-07,PAY-104981,posted
INT-HISTORICAL-004982,2026-08-07T03:49:10,MRC_005,CUST-0334,PROC_C,ach,US,12728,USD,2026-08-07,PAY-104982,posted
INT-HISTORICAL-004983,2026-08-07T03:51:29,MRC_002,CUST-0346,PROC_B,wire,GB,994,USD,2026-08-07,PAY-104983,posted
INT-HISTORICAL-004984,2026-08-07T03:54:29,MRC_001,CUST-0194,PROC_C,ach,US,4552,USD,2026-08-07,PAY-104984,posted
INT-HISTORICAL-004985,2026-08-07T03:55:07,MRC_005,CUST-0325,PROC_A,ach,US,26104,EUR,2026-08-07,PAY-104985,posted
INT-HISTORICAL-004986,2026-08-07T03:56:43,MRC_005,CUST-0061,PROC_A,wire,US,10616,USD,2026-08-07,PAY-104986,posted
INT-HISTORICAL-004987,2026-08-07T03:57:36,MRC_002,CUST-0216,PROC_C,wire,US,23099,EUR,2026-08-07,PAY-104987,posted
INT-HISTORICAL-004988,2026-08-07T03:59:55,MRC_001,CUST-0202,PROC_A,wire,GB,8325,EUR,2026-08-07,PAY-104988,posted
INT-HISTORICAL-004989,2026-08-07T04:01:54,MRC_004,CUST-0008,PROC_A,card,US,15704,USD,2026-08-07,PAY-104989,posted
INT-HISTORICAL-004990,2026-08-07T04:04:17,MRC_001,CUST-0168,PROC_B,ach,US,35307,EUR,2026-08-07,PAY-104990,posted
INT-HISTORICAL-004991,2026-08-07T04:06:31,MRC_005,CUST-0197,PROC_B,wire,DE,10346,USD,2026-08-07,PAY-104991,posted
INT-HISTORICAL-004992,2026-08-07T04:07:48,MRC_002,CUST-0037,PROC_C,ach,CA,48409,USD,2026-08-07,PAY-104992,posted
INT-HISTORICAL-004993,2026-08-07T04:10:32,MRC_005,CUST-0186,PROC_C,wire,US,8868,EUR,2026-08-07,PAY-104993,posted
INT-HISTORICAL-004994,2026-08-07T04:12:19,MRC_005,CUST-0336,PROC_B,card,CA,29306,USD,2026-08-07,PAY-104994,posted
INT-HISTORICAL-004995,2026-08-07T04:14:22,MRC_003,CUST-0137,PROC_B,wallet,US,17775,GBP,2026-08-07,PAY-104995,posted
INT-HISTORICAL-004996,2026-08-07T04:16:16,MRC_001,CUST-0108,PROC_A,wire,GB,858,GBP,2026-08-07,PAY-104996,posted
INT-HISTORICAL-004997,2026-08-07T04:18:14,MRC_005,CUST-0174,PROC_B,card,US,9191,USD,2026-08-07,PAY-104997,posted
INT-HISTORICAL-004998,2026-08-07T04:19:25,MRC_001,CUST-0153,PROC_B,wire,US,3921,USD,2026-08-07,PAY-104998,posted
INT-HISTORICAL-004999,2026-08-07T04:22:15,MRC_005,CUST-0085,PROC_B,ach,US,23896,USD,2026-08-07,PAY-104999,posted
INT-HISTORICAL-005000,2026-08-07T04:23:58,MRC_005,CUST-0193,PROC_A,card,GB,30397,GBP,2026-08-07,PAY-105000,posted
INT-HISTORICAL-005001,2026-08-07T04:25:15,MRC_003,CUST-0167,PROC_B,ach,US,9192,USD,2026-08-07,PAY-105001,posted
INT-HISTORICAL-005002,2026-08-07T04:26:57,MRC_001,CUST-0069,PROC_A,ach,CA,83295,USD,2026-08-07,PAY-105002,posted
INT-HISTORICAL-005003,2026-08-07T04:27:31,MRC_003,CUST-0384,PROC_B,wire,CA,33777,EUR,2026-08-07,PAY-105003,posted
INT-HISTORICAL-005004,2026-08-07T04:28:40,MRC_003,CUST-0069,PROC_A,wallet,GB,15799,EUR,2026-08-07,PAY-105004,posted
INT-HISTORICAL-005005,2026-08-07T04:30:46,MRC_005,CUST-0257,PROC_C,wire,US,5043,USD,2026-08-07,PAY-105005,posted
INT-HISTORICAL-005006,2026-08-07T04:33:06,MRC_004,CUST-0168,PROC_B,ach,US,2714,USD,2026-08-07,PAY-105006,posted
INT-HISTORICAL-005007,2026-08-07T04:33:57,MRC_004,CUST-0113,PROC_A,wallet,GB,4468,EUR,2026-08-07,PAY-105007,posted
INT-HISTORICAL-005008,2026-08-07T04:36:22,MRC_001,CUST-0260,PROC_A,ach,US,11803,EUR,2026-08-07,PAY-105008,posted
INT-HISTORICAL-005009,2026-08-07T04:36:52,MRC_001,CUST-0111,PROC_C,card,DE,16385,EUR,2026-08-07,PAY-105009,posted
INT-HISTORICAL-005010,2026-08-07T04:37:22,MRC_005,CUST-0393,PROC_A,wallet,US,5764,USD,2026-08-07,PAY-105010,posted
INT-HISTORICAL-005011,2026-08-07T04:39:33,MRC_005,CUST-0114,PROC_B,wire,US,27475,USD,2026-08-07,PAY-105011,posted
INT-HISTORICAL-005012,2026-08-07T04:40:42,MRC_004,CUST-0245,PROC_C,wire,US,42624,GBP,2026-08-07,PAY-105012,posted
INT-HISTORICAL-005013,2026-08-07T04:41:16,MRC_003,CUST-0164,PROC_B,ach,GB,6335,EUR,2026-08-07,PAY-105013,posted
INT-HISTORICAL-005014,2026-08-07T04:42:19,MRC_001,CUST-0117,PROC_C,wire,GB,13966,USD,2026-08-07,PAY-105014,posted
INT-HISTORICAL-005015,2026-08-07T04:44:53,MRC_001,CUST-0273,PROC_B,card,US,11374,USD,2026-08-07,PAY-105015,posted
INT-HISTORICAL-005016,2026-08-07T04:47:46,MRC_004,CUST-0188,PROC_C,card,DE,50195,EUR,2026-08-07,PAY-105016,posted
INT-HISTORICAL-005017,2026-08-07T04:49:13,MRC_003,CUST-0148,PROC_A,wallet,CA,9282,USD,2026-08-07,PAY-105017,posted
INT-HISTORICAL-005018,2026-08-07T04:49:56,MRC_003,CUST-0107,PROC_B,wire,US,3225,USD,2026-08-07,PAY-105018,posted
INT-HISTORICAL-005019,2026-08-07T04:51:18,MRC_004,CUST-0399,PROC_B,card,DE,8567,USD,2026-08-07,PAY-105019,posted
INT-HISTORICAL-005020,2026-08-07T04:52:44,MRC_001,CUST-0059,PROC_C,ach,CA,13150,EUR,2026-08-07,PAY-105020,posted
INT-HISTORICAL-005021,2026-08-07T04:55:06,MRC_003,CUST-0079,PROC_C,wire,DE,43347,USD,2026-08-07,PAY-105021,posted
INT-HISTORICAL-005022,2026-08-07T04:57:01,MRC_001,CUST-0043,PROC_A,wire,DE,16501,GBP,2026-08-07,PAY-105022,posted
INT-HISTORICAL-005023,2026-08-07T04:58:36,MRC_005,CUST-0306,PROC_C,ach,CA,18051,USD,2026-08-07,PAY-105023,posted
INT-HISTORICAL-005024,2026-08-07T04:59:27,MRC_002,CUST-0111,PROC_A,ach,GB,16408,GBP,2026-08-07,PAY-105024,posted
INT-HISTORICAL-005025,2026-08-07T05:00:07,MRC_003,CUST-0153,PROC_A,card,CA,16353,EUR,2026-08-07,PAY-105025,posted
INT-HISTORICAL-005026,2026-08-07T05:01:24,MRC_003,CUST-0140,PROC_A,wallet,US,15336,GBP,2026-08-07,PAY-105026,posted
INT-HISTORICAL-005027,2026-08-07T05:03:17,MRC_002,CUST-0172,PROC_A,ach,US,2748,GBP,2026-08-07,PAY-105027,posted
INT-HISTORICAL-005028,2026-08-07T05:04:16,MRC_002,CUST-0068,PROC_C,card,US,22461,EUR,2026-08-07,PAY-105028,posted
INT-HISTORICAL-005029,2026-08-07T05:07:15,MRC_004,CUST-0329,PROC_A,wallet,CA,4124,USD,2026-08-07,PAY-105029,posted
INT-HISTORICAL-005030,2026-08-07T05:09:14,MRC_001,CUST-0231,PROC_C,ach,US,9625,USD,2026-08-07,PAY-105030,posted
INT-HISTORICAL-005031,2026-08-07T05:10:36,MRC_002,CUST-0179,PROC_B,wire,US,6587,USD,2026-08-07,PAY-105031,posted
INT-HISTORICAL-005032,2026-08-07T05:12:56,MRC_002,CUST-0039,PROC_A,card,DE,2823,USD,2026-08-07,PAY-105032,posted
INT-HISTORICAL-005033,2026-08-07T05:13:16,MRC_003,CUST-0036,PROC_C,wallet,US,5005,USD,2026-08-07,PAY-105033,posted
INT-HISTORICAL-005034,2026-08-07T05:15:34,MRC_003,CUST-0205,PROC_B,ach,US,10988,USD,2026-08-07,PAY-105034,posted
INT-HISTORICAL-005035,2026-08-07T05:16:29,MRC_003,CUST-0052,PROC_B,wallet,GB,2912,GBP,2026-08-07,PAY-105035,posted
INT-HISTORICAL-005036,2026-08-07T05:18:22,MRC_004,CUST-0154,PROC_C,wire,GB,5897,EUR,2026-08-07,PAY-105036,posted
INT-HISTORICAL-005037,2026-08-07T05:20:19,MRC_001,CUST-0295,PROC_B,card,DE,35888,EUR,2026-08-07,PAY-105037,posted
INT-HISTORICAL-005038,2026-08-07T05:21:55,MRC_003,CUST-0093,PROC_C,wire,CA,8149,USD,2026-08-07,PAY-105038,posted
INT-HISTORICAL-005039,2026-08-07T05:22:32,MRC_002,CUST-0274,PROC_C,ach,DE,44827,USD,2026-08-07,PAY-105039,posted
INT-HISTORICAL-005040,2026-08-07T05:23:31,MRC_001,CUST-0315,PROC_C,ach,DE,21837,USD,2026-08-07,PAY-105040,posted
INT-HISTORICAL-005041,2026-08-07T05:24:39,MRC_005,CUST-0257,PROC_B,wire,GB,4498,USD,2026-08-07,PAY-105041,posted
INT-HISTORICAL-005042,2026-08-07T05:26:58,MRC_003,CUST-0227,PROC_C,ach,CA,3677,USD,2026-08-07,PAY-105042,posted
INT-HISTORICAL-005043,2026-08-07T05:28:50,MRC_003,CUST-0212,PROC_A,wallet,US,52543,USD,2026-08-07,PAY-105043,posted
INT-HISTORICAL-005044,2026-08-07T05:31:42,MRC_001,CUST-0049,PROC_C,ach,US,7550,USD,2026-08-07,PAY-105044,posted
INT-HISTORICAL-005045,2026-08-07T05:34:24,MRC_002,CUST-0188,PROC_A,wire,US,6070,EUR,2026-08-07,PAY-105045,posted
INT-HISTORICAL-005046,2026-08-07T05:36:41,MRC_001,CUST-0081,PROC_A,card,US,15086,USD,2026-08-07,PAY-105046,posted
INT-HISTORICAL-005047,2026-08-07T05:39:25,MRC_005,CUST-0109,PROC_A,card,DE,18401,EUR,2026-08-07,PAY-105047,posted
INT-HISTORICAL-005048,2026-08-07T05:42:00,MRC_003,CUST-0077,PROC_B,card,US,4683,EUR,2026-08-07,PAY-105048,posted
INT-HISTORICAL-005049,2026-08-07T05:43:40,MRC_003,CUST-0034,PROC_A,wire,CA,8501,GBP,2026-08-07,PAY-105049,posted
INT-HISTORICAL-005050,2026-08-07T05:45:40,MRC_005,CUST-0284,PROC_B,wire,CA,9630,USD,2026-08-07,PAY-105050,posted
INT-HISTORICAL-005051,2026-08-07T05:47:29,MRC_003,CUST-0101,PROC_C,card,DE,8992,GBP,2026-08-07,PAY-105051,posted
INT-HISTORICAL-005052,2026-08-07T05:48:03,MRC_002,CUST-0350,PROC_A,wire,US,6227,USD,2026-08-07,PAY-105052,posted
INT-HISTORICAL-005053,2026-08-07T05:48:40,MRC_003,CUST-0009,PROC_B,wallet,CA,25497,EUR,2026-08-07,PAY-105053,posted
INT-HISTORICAL-005054,2026-08-07T05:50:48,MRC_003,CUST-0193,PROC_B,wire,DE,7936,GBP,2026-08-07,PAY-105054,posted
INT-HISTORICAL-005055,2026-08-07T05:52:18,MRC_003,CUST-0376,PROC_C,wire,GB,15237,USD,2026-08-07,PAY-105055,posted
INT-HISTORICAL-005056,2026-08-07T05:53:01,MRC_004,CUST-0131,PROC_A,ach,US,34272,USD,2026-08-07,PAY-105056,posted
INT-HISTORICAL-005057,2026-08-07T05:53:37,MRC_002,CUST-0352,PROC_C,ach,US,8700,USD,2026-08-07,PAY-105057,posted
INT-HISTORICAL-005058,2026-08-07T05:54:20,MRC_004,CUST-0070,PROC_A,card,CA,30686,USD,2026-08-07,PAY-105058,posted
INT-HISTORICAL-005059,2026-08-07T05:55:01,MRC_004,CUST-0247,PROC_C,wire,DE,19002,EUR,2026-08-07,PAY-105059,posted
INT-HISTORICAL-005060,2026-08-07T05:57:20,MRC_004,CUST-0398,PROC_B,wire,GB,78443,EUR,2026-08-07,PAY-105060,posted
INT-HISTORICAL-005061,2026-08-07T05:59:58,MRC_003,CUST-0041,PROC_A,ach,US,7134,USD,2026-08-07,PAY-105061,posted
INT-HISTORICAL-005062,2026-08-07T06:00:51,MRC_002,CUST-0324,PROC_A,wire,US,8197,GBP,2026-08-07,PAY-105062,posted
INT-HISTORICAL-005063,2026-08-07T06:02:19,MRC_005,CUST-0306,PROC_C,card,CA,2528,USD,2026-08-07,PAY-105063,posted
INT-HISTORICAL-005064,2026-08-07T06:03:17,MRC_004,CUST-0360,PROC_B,wire,GB,2129,USD,2026-08-07,PAY-105064,posted
INT-HISTORICAL-005065,2026-08-07T06:04:53,MRC_004,CUST-0343,PROC_B,ach,US,14142,GBP,2026-08-07,PAY-105065,posted
INT-HISTORICAL-005066,2026-08-07T06:06:01,MRC_001,CUST-0292,PROC_B,ach,US,19603,USD,2026-08-07,PAY-105066,posted
INT-HISTORICAL-005067,2026-08-07T06:07:38,MRC_003,CUST-0344,PROC_B,wallet,US,24379,EUR,2026-08-07,PAY-105067,posted
INT-HISTORICAL-005068,2026-08-07T06:08:19,MRC_004,CUST-0212,PROC_A,wire,US,7555,GBP,2026-08-07,PAY-105068,posted
INT-HISTORICAL-005069,2026-08-07T06:09:51,MRC_005,CUST-0215,PROC_B,wire,US,50353,EUR,2026-08-07,PAY-105069,posted
INT-HISTORICAL-005070,2026-08-07T06:10:12,MRC_004,CUST-0193,PROC_B,wallet,US,1617,USD,2026-08-07,PAY-105070,posted
INT-HISTORICAL-005071,2026-08-07T06:13:05,MRC_001,CUST-0286,PROC_B,ach,US,170429,USD,2026-08-07,PAY-105071,posted
INT-HISTORICAL-005072,2026-08-07T06:15:03,MRC_003,CUST-0066,PROC_C,wire,US,19771,USD,2026-08-07,PAY-105072,posted
INT-HISTORICAL-005073,2026-08-07T06:17:16,MRC_003,CUST-0389,PROC_A,ach,DE,7669,USD,2026-08-07,PAY-105073,posted
INT-HISTORICAL-005074,2026-08-07T06:17:48,MRC_001,CUST-0177,PROC_A,wire,US,3392,GBP,2026-08-07,PAY-105074,posted
INT-HISTORICAL-005075,2026-08-07T06:18:09,MRC_005,CUST-0102,PROC_C,wire,DE,17241,GBP,2026-08-07,PAY-105075,posted
INT-HISTORICAL-005076,2026-08-07T06:19:38,MRC_001,CUST-0105,PROC_A,wallet,US,6748,USD,2026-08-07,PAY-105076,posted
INT-HISTORICAL-005077,2026-08-07T06:21:48,MRC_001,CUST-0391,PROC_A,ach,US,7062,USD,2026-08-07,PAY-105077,posted
INT-HISTORICAL-005078,2026-08-07T06:22:22,MRC_005,CUST-0058,PROC_B,wallet,GB,8720,EUR,2026-08-07,PAY-105078,posted
INT-HISTORICAL-005079,2026-08-07T06:24:20,MRC_003,CUST-0051,PROC_C,wire,CA,9506,EUR,2026-08-07,PAY-105079,posted
INT-HISTORICAL-005080,2026-08-07T06:25:03,MRC_001,CUST-0141,PROC_A,wallet,GB,30384,USD,2026-08-07,PAY-105080,posted
INT-HISTORICAL-005081,2026-08-07T06:26:24,MRC_002,CUST-0097,PROC_B,ach,US,6800,USD,2026-08-07,PAY-105081,posted
INT-HISTORICAL-005082,2026-08-07T06:28:26,MRC_002,CUST-0285,PROC_C,ach,US,2073,EUR,2026-08-07,PAY-105082,posted
INT-HISTORICAL-005083,2026-08-07T06:30:04,MRC_002,CUST-0281,PROC_A,card,GB,18365,USD,2026-08-07,PAY-105083,posted
INT-HISTORICAL-005084,2026-08-07T06:30:53,MRC_003,CUST-0231,PROC_C,wire,US,31151,USD,2026-08-07,PAY-105084,posted
INT-HISTORICAL-005085,2026-08-07T06:33:40,MRC_005,CUST-0284,PROC_A,ach,GB,6970,USD,2026-08-07,PAY-105085,posted
INT-HISTORICAL-005086,2026-08-07T06:35:03,MRC_001,CUST-0084,PROC_B,wire,DE,3628,EUR,2026-08-07,PAY-105086,posted
INT-HISTORICAL-005087,2026-08-07T06:36:07,MRC_002,CUST-0343,PROC_A,ach,US,14291,USD,2026-08-07,PAY-105087,posted
INT-HISTORICAL-005088,2026-08-07T06:36:31,MRC_004,CUST-0310,PROC_B,card,US,19285,USD,2026-08-07,PAY-105088,posted
INT-HISTORICAL-005089,2026-08-07T06:38:29,MRC_004,CUST-0194,PROC_A,card,DE,4281,USD,2026-08-07,PAY-105089,posted
INT-HISTORICAL-005090,2026-08-07T06:40:43,MRC_002,CUST-0251,PROC_A,ach,US,35343,GBP,2026-08-07,PAY-105090,posted
INT-HISTORICAL-005091,2026-08-07T06:42:00,MRC_002,CUST-0389,PROC_A,wire,US,25334,USD,2026-08-07,PAY-105091,posted
INT-HISTORICAL-005092,2026-08-07T06:42:43,MRC_003,CUST-0106,PROC_C,ach,US,8390,GBP,2026-08-07,PAY-105092,posted
INT-HISTORICAL-005093,2026-08-07T06:43:15,MRC_001,CUST-0087,PROC_A,card,US,4072,USD,2026-08-07,PAY-105093,posted
INT-HISTORICAL-005094,2026-08-07T06:43:59,MRC_002,CUST-0330,PROC_A,ach,US,59093,USD,2026-08-07,PAY-105094,posted
INT-HISTORICAL-005095,2026-08-07T06:46:25,MRC_004,CUST-0102,PROC_C,ach,CA,6346,USD,2026-08-07,PAY-105095,posted
INT-HISTORICAL-005096,2026-08-07T06:48:57,MRC_004,CUST-0338,PROC_C,card,US,13370,EUR,2026-08-07,PAY-105096,posted
INT-HISTORICAL-005097,2026-08-07T06:51:25,MRC_003,CUST-0350,PROC_C,card,US,38011,USD,2026-08-07,PAY-105097,posted
INT-HISTORICAL-005098,2026-08-07T06:52:02,MRC_003,CUST-0379,PROC_B,ach,DE,11248,GBP,2026-08-07,PAY-105098,posted
INT-HISTORICAL-005099,2026-08-07T06:54:47,MRC_002,CUST-0152,PROC_A,wire,US,75554,EUR,2026-08-07,PAY-105099,posted
INT-HISTORICAL-005100,2026-08-07T06:55:09,MRC_004,CUST-0387,PROC_A,wire,US,46067,EUR,2026-08-07,PAY-105100,posted
INT-HISTORICAL-005101,2026-08-07T06:57:57,MRC_003,CUST-0315,PROC_B,wire,DE,4481,EUR,2026-08-07,PAY-105101,posted
INT-HISTORICAL-005102,2026-08-07T06:59:51,MRC_005,CUST-0310,PROC_B,card,CA,11255,GBP,2026-08-07,PAY-105102,posted
INT-HISTORICAL-005103,2026-08-07T07:00:34,MRC_005,CUST-0354,PROC_C,wire,GB,4114,GBP,2026-08-07,PAY-105103,posted
INT-HISTORICAL-005104,2026-08-07T07:03:25,MRC_005,CUST-0251,PROC_A,ach,US,8252,USD,2026-08-07,PAY-105104,posted
INT-HISTORICAL-005105,2026-08-07T07:04:34,MRC_005,CUST-0116,PROC_C,wallet,US,61214,USD,2026-08-07,PAY-105105,posted
INT-HISTORICAL-005106,2026-08-07T07:06:02,MRC_005,CUST-0052,PROC_A,ach,US,16198,USD,2026-08-07,PAY-105106,posted
INT-HISTORICAL-005107,2026-08-07T07:07:35,MRC_003,CUST-0123,PROC_A,ach,US,10915,EUR,2026-08-07,PAY-105107,posted
INT-HISTORICAL-005108,2026-08-07T07:08:59,MRC_001,CUST-0396,PROC_A,card,US,14638,USD,2026-08-07,PAY-105108,posted
INT-HISTORICAL-005109,2026-08-07T07:09:30,MRC_004,CUST-0037,PROC_B,card,GB,140244,USD,2026-08-07,PAY-105109,posted
INT-HISTORICAL-005110,2026-08-07T07:10:47,MRC_001,CUST-0079,PROC_C,wire,CA,3316,EUR,2026-08-07,PAY-105110,posted
INT-HISTORICAL-005111,2026-08-07T07:11:11,MRC_005,CUST-0251,PROC_A,ach,US,31218,USD,2026-08-07,PAY-105111,posted
INT-HISTORICAL-005112,2026-08-07T07:12:16,MRC_004,CUST-0213,PROC_B,wire,US,17183,USD,2026-08-07,PAY-105112,posted
INT-HISTORICAL-005113,2026-08-07T07:14:11,MRC_004,CUST-0373,PROC_B,wallet,GB,29059,USD,2026-08-07,PAY-105113,posted
INT-HISTORICAL-005114,2026-08-07T07:16:44,MRC_003,CUST-0385,PROC_A,card,DE,26302,USD,2026-08-07,PAY-105114,posted
INT-HISTORICAL-005115,2026-08-07T07:19:10,MRC_004,CUST-0206,PROC_B,ach,US,12636,USD,2026-08-07,PAY-105115,posted
INT-HISTORICAL-005116,2026-08-07T07:21:33,MRC_004,CUST-0232,PROC_A,wire,US,12928,EUR,2026-08-07,PAY-105116,posted
INT-HISTORICAL-005117,2026-08-07T07:22:34,MRC_004,CUST-0107,PROC_C,wire,GB,52478,EUR,2026-08-07,PAY-105117,posted
INT-HISTORICAL-005118,2026-08-07T07:23:11,MRC_003,CUST-0048,PROC_A,ach,CA,7718,GBP,2026-08-07,PAY-105118,posted
INT-HISTORICAL-005119,2026-08-07T07:25:11,MRC_003,CUST-0201,PROC_A,wallet,US,4283,USD,2026-08-07,PAY-105119,posted
INT-HISTORICAL-005120,2026-08-07T07:27:59,MRC_002,CUST-0008,PROC_B,wallet,US,13432,GBP,2026-08-07,PAY-105120,posted
INT-HISTORICAL-005121,2026-08-07T07:28:53,MRC_003,CUST-0186,PROC_A,card,US,4622,USD,2026-08-07,PAY-105121,posted
INT-HISTORICAL-005122,2026-08-07T07:30:07,MRC_003,CUST-0197,PROC_A,card,US,21032,USD,2026-08-07,PAY-105122,posted
INT-HISTORICAL-005123,2026-08-07T07:31:43,MRC_001,CUST-0094,PROC_B,card,GB,13176,USD,2026-08-07,PAY-105123,posted
INT-HISTORICAL-005124,2026-08-07T07:33:06,MRC_002,CUST-0004,PROC_B,ach,CA,36696,GBP,2026-08-07,PAY-105124,posted
INT-HISTORICAL-005125,2026-08-07T07:34:51,MRC_001,CUST-0221,PROC_C,card,DE,4091,USD,2026-08-07,PAY-105125,posted
INT-HISTORICAL-005126,2026-08-07T07:36:17,MRC_004,CUST-0064,PROC_C,ach,CA,30476,USD,2026-08-07,PAY-105126,posted
INT-HISTORICAL-005127,2026-08-07T07:37:23,MRC_002,CUST-0257,PROC_C,ach,GB,1900,EUR,2026-08-07,PAY-105127,posted
INT-HISTORICAL-005128,2026-08-07T07:40:13,MRC_003,CUST-0226,PROC_B,ach,GB,10073,GBP,2026-08-07,PAY-105128,posted
INT-HISTORICAL-005129,2026-08-07T07:41:58,MRC_005,CUST-0357,PROC_B,card,CA,13066,USD,2026-08-07,PAY-105129,posted
INT-HISTORICAL-005130,2026-08-07T07:43:28,MRC_003,CUST-0042,PROC_B,ach,CA,2853,USD,2026-08-07,PAY-105130,posted
INT-HISTORICAL-005131,2026-08-07T07:46:27,MRC_004,CUST-0093,PROC_C,card,CA,25578,USD,2026-08-07,PAY-105131,posted
INT-HISTORICAL-005132,2026-08-07T07:47:20,MRC_005,CUST-0051,PROC_B,card,US,4244,USD,2026-08-07,PAY-105132,posted
INT-HISTORICAL-005133,2026-08-07T07:50:20,MRC_005,CUST-0122,PROC_A,card,US,10808,USD,2026-08-07,PAY-105133,posted
INT-HISTORICAL-005134,2026-08-07T07:52:48,MRC_002,CUST-0073,PROC_B,wallet,US,45228,GBP,2026-08-07,PAY-105134,posted
INT-HISTORICAL-005135,2026-08-07T07:54:28,MRC_002,CUST-0309,PROC_B,wallet,US,3545,EUR,2026-08-07,PAY-105135,posted
INT-HISTORICAL-005136,2026-08-07T07:57:22,MRC_004,CUST-0027,PROC_B,ach,CA,34292,EUR,2026-08-07,PAY-105136,posted
INT-HISTORICAL-005137,2026-08-07T07:58:37,MRC_004,CUST-0230,PROC_C,wire,GB,2001,USD,2026-08-07,PAY-105137,posted
INT-HISTORICAL-005138,2026-08-07T08:01:35,MRC_005,CUST-0203,PROC_C,wire,CA,15785,USD,2026-08-07,PAY-105138,posted
INT-HISTORICAL-005139,2026-08-07T08:02:15,MRC_005,CUST-0301,PROC_A,ach,GB,8715,EUR,2026-08-07,PAY-105139,posted
INT-HISTORICAL-005140,2026-08-07T08:04:23,MRC_005,CUST-0373,PROC_C,ach,DE,5481,USD,2026-08-07,PAY-105140,posted
INT-HISTORICAL-005141,2026-08-07T08:06:14,MRC_004,CUST-0143,PROC_A,ach,GB,18697,USD,2026-08-07,PAY-105141,posted
INT-HISTORICAL-005142,2026-08-07T08:06:52,MRC_002,CUST-0367,PROC_C,wallet,US,5569,EUR,2026-08-07,PAY-105142,posted
INT-HISTORICAL-005143,2026-08-07T08:09:27,MRC_004,CUST-0017,PROC_B,card,GB,40803,EUR,2026-08-07,PAY-105143,posted
INT-HISTORICAL-005144,2026-08-07T08:10:14,MRC_001,CUST-0108,PROC_A,card,DE,9080,USD,2026-08-07,PAY-105144,posted
INT-HISTORICAL-005145,2026-08-07T08:12:37,MRC_001,CUST-0037,PROC_C,wallet,US,39181,USD,2026-08-07,PAY-105145,posted
INT-HISTORICAL-005146,2026-08-07T08:14:55,MRC_001,CUST-0195,PROC_B,card,DE,9015,USD,2026-08-07,PAY-105146,posted
INT-HISTORICAL-005147,2026-08-07T08:15:59,MRC_004,CUST-0190,PROC_B,ach,CA,34656,GBP,2026-08-07,PAY-105147,posted
INT-HISTORICAL-005148,2026-08-07T08:16:47,MRC_003,CUST-0278,PROC_A,wallet,CA,26365,USD,2026-08-07,PAY-105148,posted
INT-HISTORICAL-005149,2026-08-07T08:17:29,MRC_003,CUST-0019,PROC_A,wire,US,9809,USD,2026-08-07,PAY-105149,posted
INT-HISTORICAL-005150,2026-08-07T08:18:47,MRC_003,CUST-0336,PROC_C,wallet,US,32231,EUR,2026-08-07,PAY-105150,posted
INT-HISTORICAL-005151,2026-08-07T08:21:05,MRC_005,CUST-0017,PROC_A,card,CA,42950,USD,2026-08-07,PAY-105151,posted
INT-HISTORICAL-005152,2026-08-07T08:22:20,MRC_004,CUST-0079,PROC_B,ach,GB,53345,EUR,2026-08-07,PAY-105152,posted
INT-HISTORICAL-005153,2026-08-07T08:23:50,MRC_001,CUST-0279,PROC_B,ach,DE,14036,USD,2026-08-07,PAY-105153,posted
INT-HISTORICAL-005154,2026-08-07T08:26:38,MRC_003,CUST-0314,PROC_B,ach,CA,3561,USD,2026-08-07,PAY-105154,posted
INT-HISTORICAL-005155,2026-08-07T08:28:45,MRC_004,CUST-0398,PROC_A,wallet,US,4438,EUR,2026-08-07,PAY-105155,posted
INT-HISTORICAL-005156,2026-08-07T08:31:28,MRC_004,CUST-0161,PROC_A,wire,CA,10057,USD,2026-08-07,PAY-105156,posted
INT-HISTORICAL-005157,2026-08-07T08:32:13,MRC_002,CUST-0257,PROC_A,card,US,3620,USD,2026-08-07,PAY-105157,posted
INT-HISTORICAL-005158,2026-08-07T08:34:46,MRC_003,CUST-0189,PROC_C,wallet,DE,10311,USD,2026-08-07,PAY-105158,posted
INT-HISTORICAL-005159,2026-08-07T08:35:10,MRC_003,CUST-0160,PROC_C,card,US,2895,USD,2026-08-07,PAY-105159,posted
INT-HISTORICAL-005160,2026-08-07T08:37:11,MRC_004,CUST-0146,PROC_A,ach,CA,7323,USD,2026-08-07,PAY-105160,posted
INT-HISTORICAL-005161,2026-08-07T08:39:05,MRC_002,CUST-0066,PROC_B,wallet,CA,16970,USD,2026-08-07,PAY-105161,posted
INT-HISTORICAL-005162,2026-08-07T08:41:40,MRC_004,CUST-0340,PROC_C,wire,GB,16394,USD,2026-08-07,PAY-105162,posted
INT-HISTORICAL-005163,2026-08-07T08:43:32,MRC_004,CUST-0347,PROC_B,card,GB,590,USD,2026-08-07,PAY-105163,posted
INT-HISTORICAL-005164,2026-08-07T08:46:15,MRC_003,CUST-0220,PROC_B,wire,US,53501,USD,2026-08-07,PAY-105164,posted
INT-HISTORICAL-005165,2026-08-07T08:48:38,MRC_003,CUST-0310,PROC_C,wire,DE,7443,EUR,2026-08-07,PAY-105165,posted
INT-HISTORICAL-005166,2026-08-07T08:50:44,MRC_002,CUST-0377,PROC_A,wallet,GB,7186,USD,2026-08-07,PAY-105166,posted
INT-HISTORICAL-005167,2026-08-07T08:52:53,MRC_004,CUST-0135,PROC_B,wire,GB,7066,GBP,2026-08-07,PAY-105167,posted
INT-HISTORICAL-005168,2026-08-07T08:55:02,MRC_004,CUST-0395,PROC_B,card,CA,4167,GBP,2026-08-07,PAY-105168,posted
INT-HISTORICAL-005169,2026-08-07T08:57:44,MRC_003,CUST-0397,PROC_C,ach,US,12745,USD,2026-08-07,PAY-105169,posted
INT-HISTORICAL-005170,2026-08-07T09:00:13,MRC_002,CUST-0392,PROC_B,card,CA,3760,GBP,2026-08-07,PAY-105170,posted
INT-HISTORICAL-005171,2026-08-07T09:02:00,MRC_003,CUST-0147,PROC_B,card,US,15031,USD,2026-08-07,PAY-105171,posted
INT-HISTORICAL-005172,2026-08-07T09:03:18,MRC_004,CUST-0029,PROC_B,wallet,DE,44133,USD,2026-08-07,PAY-105172,posted
INT-HISTORICAL-005173,2026-08-07T09:05:58,MRC_003,CUST-0219,PROC_C,card,GB,9778,USD,2026-08-07,PAY-105173,posted
INT-HISTORICAL-005174,2026-08-07T09:06:57,MRC_004,CUST-0112,PROC_B,wire,CA,15502,USD,2026-08-07,PAY-105174,posted
INT-HISTORICAL-005175,2026-08-07T09:08:21,MRC_005,CUST-0356,PROC_C,ach,US,11263,USD,2026-08-07,PAY-105175,posted
INT-HISTORICAL-005176,2026-08-07T09:11:02,MRC_001,CUST-0307,PROC_B,ach,GB,17830,USD,2026-08-07,PAY-105176,posted
INT-HISTORICAL-005177,2026-08-07T09:12:39,MRC_005,CUST-0051,PROC_B,wire,DE,50489,EUR,2026-08-07,PAY-105177,posted
INT-HISTORICAL-005178,2026-08-07T09:15:12,MRC_003,CUST-0035,PROC_A,wallet,DE,7900,USD,2026-08-07,PAY-105178,posted
INT-HISTORICAL-005179,2026-08-07T09:17:12,MRC_001,CUST-0004,PROC_A,wallet,CA,12076,USD,2026-08-07,PAY-105179,posted
INT-HISTORICAL-005180,2026-08-07T09:17:53,MRC_002,CUST-0021,PROC_B,ach,US,6448,GBP,2026-08-07,PAY-105180,posted
INT-HISTORICAL-005181,2026-08-07T09:20:11,MRC_005,CUST-0275,PROC_B,ach,US,24810,USD,2026-08-07,PAY-105181,posted
INT-HISTORICAL-005182,2026-08-07T09:21:08,MRC_003,CUST-0234,PROC_A,wire,CA,13323,USD,2026-08-07,PAY-105182,posted
INT-HISTORICAL-005183,2026-08-07T09:21:39,MRC_005,CUST-0051,PROC_A,ach,US,40349,USD,2026-08-07,PAY-105183,posted
INT-HISTORICAL-005184,2026-08-07T09:24:19,MRC_003,CUST-0308,PROC_B,wallet,DE,11100,GBP,2026-08-07,PAY-105184,posted
INT-HISTORICAL-005185,2026-08-07T09:26:51,MRC_005,CUST-0025,PROC_B,card,GB,1728,USD,2026-08-07,PAY-105185,posted
INT-HISTORICAL-005186,2026-08-07T09:28:50,MRC_005,CUST-0049,PROC_C,card,US,2506,USD,2026-08-07,PAY-105186,posted
INT-HISTORICAL-005187,2026-08-07T09:31:40,MRC_001,CUST-0204,PROC_C,ach,CA,6316,USD,2026-08-07,PAY-105187,posted
INT-HISTORICAL-005188,2026-08-07T09:32:42,MRC_002,CUST-0259,PROC_B,card,US,24143,USD,2026-08-07,PAY-105188,posted
INT-HISTORICAL-005189,2026-08-07T09:35:19,MRC_004,CUST-0086,PROC_B,ach,US,9635,USD,2026-08-07,PAY-105189,posted
INT-HISTORICAL-005190,2026-08-07T09:36:55,MRC_005,CUST-0199,PROC_C,ach,CA,67760,GBP,2026-08-07,PAY-105190,posted
INT-HISTORICAL-005191,2026-08-07T09:37:36,MRC_005,CUST-0215,PROC_A,ach,CA,3573,USD,2026-08-07,PAY-105191,posted
INT-HISTORICAL-005192,2026-08-07T09:40:04,MRC_004,CUST-0138,PROC_C,wallet,US,12751,USD,2026-08-07,PAY-105192,posted
INT-HISTORICAL-005193,2026-08-07T09:40:48,MRC_003,CUST-0281,PROC_A,wire,DE,1577,GBP,2026-08-07,PAY-105193,posted
INT-HISTORICAL-005194,2026-08-07T09:43:08,MRC_003,CUST-0332,PROC_A,card,US,6494,USD,2026-08-07,PAY-105194,posted
INT-HISTORICAL-005195,2026-08-07T09:44:56,MRC_005,CUST-0059,PROC_B,card,US,2005,USD,2026-08-07,PAY-105195,posted
INT-HISTORICAL-005196,2026-08-07T09:46:52,MRC_002,CUST-0395,PROC_C,ach,CA,5940,USD,2026-08-07,PAY-105196,posted
INT-HISTORICAL-005197,2026-08-07T09:49:10,MRC_002,CUST-0234,PROC_B,card,DE,4298,GBP,2026-08-07,PAY-105197,posted
INT-HISTORICAL-005198,2026-08-07T09:50:33,MRC_001,CUST-0239,PROC_C,card,DE,3610,USD,2026-08-07,PAY-105198,posted
INT-HISTORICAL-005199,2026-08-07T09:52:16,MRC_004,CUST-0265,PROC_C,ach,US,41813,EUR,2026-08-07,PAY-105199,posted
INT-HISTORICAL-005200,2026-08-07T09:52:40,MRC_003,CUST-0110,PROC_B,wallet,GB,20265,USD,2026-08-07,PAY-105200,posted
INT-HISTORICAL-005201,2026-08-07T09:54:34,MRC_004,CUST-0156,PROC_B,wallet,US,20937,USD,2026-08-07,PAY-105201,posted
INT-HISTORICAL-005202,2026-08-07T09:55:11,MRC_004,CUST-0386,PROC_C,card,US,5950,GBP,2026-08-07,PAY-105202,posted
INT-HISTORICAL-005203,2026-08-07T09:57:54,MRC_004,CUST-0157,PROC_B,ach,US,20213,USD,2026-08-07,PAY-105203,posted
INT-HISTORICAL-005204,2026-08-07T09:58:24,MRC_003,CUST-0259,PROC_B,wallet,US,8669,GBP,2026-08-07,PAY-105204,posted
INT-HISTORICAL-005205,2026-08-07T09:59:47,MRC_004,CUST-0151,PROC_C,wallet,US,18954,USD,2026-08-07,PAY-105205,posted
INT-HISTORICAL-005206,2026-08-07T10:00:22,MRC_002,CUST-0350,PROC_A,wallet,US,9266,GBP,2026-08-07,PAY-105206,posted
INT-HISTORICAL-005207,2026-08-07T10:01:22,MRC_005,CUST-0155,PROC_B,card,GB,27622,USD,2026-08-07,PAY-105207,posted
INT-HISTORICAL-005208,2026-08-07T10:03:59,MRC_004,CUST-0043,PROC_B,ach,US,2552,USD,2026-08-07,PAY-105208,posted
INT-HISTORICAL-005209,2026-08-07T10:05:18,MRC_001,CUST-0148,PROC_A,ach,CA,25800,USD,2026-08-07,PAY-105209,posted
INT-HISTORICAL-005210,2026-08-07T10:08:15,MRC_003,CUST-0026,PROC_A,card,DE,19648,EUR,2026-08-07,PAY-105210,posted
INT-HISTORICAL-005211,2026-08-07T10:10:35,MRC_005,CUST-0316,PROC_C,wire,US,12992,USD,2026-08-07,PAY-105211,posted
INT-HISTORICAL-005212,2026-08-07T10:12:18,MRC_003,CUST-0073,PROC_C,card,US,190880,USD,2026-08-07,PAY-105212,posted
INT-HISTORICAL-005213,2026-08-07T10:14:08,MRC_001,CUST-0047,PROC_B,wallet,GB,8274,GBP,2026-08-07,PAY-105213,posted
INT-HISTORICAL-005214,2026-08-07T10:15:34,MRC_004,CUST-0359,PROC_C,wire,US,20854,USD,2026-08-07,PAY-105214,posted
INT-HISTORICAL-005215,2026-08-07T10:17:02,MRC_004,CUST-0382,PROC_C,card,DE,3060,GBP,2026-08-07,PAY-105215,posted
INT-HISTORICAL-005216,2026-08-07T10:19:02,MRC_002,CUST-0029,PROC_C,wallet,US,12234,USD,2026-08-07,PAY-105216,posted
INT-HISTORICAL-005217,2026-08-07T10:21:06,MRC_001,CUST-0121,PROC_C,wire,US,10672,USD,2026-08-07,PAY-105217,posted
INT-HISTORICAL-005218,2026-08-07T10:23:46,MRC_004,CUST-0336,PROC_B,wallet,DE,14375,USD,2026-08-07,PAY-105218,posted
INT-HISTORICAL-005219,2026-08-07T10:25:52,MRC_002,CUST-0330,PROC_C,wire,DE,26044,USD,2026-08-07,PAY-105219,posted
INT-HISTORICAL-005220,2026-08-07T10:27:04,MRC_002,CUST-0336,PROC_A,wallet,US,4848,EUR,2026-08-07,PAY-105220,posted
INT-HISTORICAL-005221,2026-08-07T10:27:33,MRC_004,CUST-0308,PROC_B,card,US,47272,USD,2026-08-07,PAY-105221,posted
INT-HISTORICAL-005222,2026-08-07T10:30:32,MRC_003,CUST-0315,PROC_B,ach,US,6141,GBP,2026-08-07,PAY-105222,posted
INT-HISTORICAL-005223,2026-08-07T10:33:10,MRC_005,CUST-0251,PROC_C,wallet,US,12586,GBP,2026-08-07,PAY-105223,posted
INT-HISTORICAL-005224,2026-08-07T10:33:51,MRC_005,CUST-0004,PROC_A,ach,US,8579,USD,2026-08-07,PAY-105224,posted
INT-HISTORICAL-005225,2026-08-07T10:36:19,MRC_005,CUST-0048,PROC_B,ach,US,5542,USD,2026-08-07,PAY-105225,posted
INT-HISTORICAL-005226,2026-08-07T10:37:47,MRC_001,CUST-0033,PROC_C,wallet,DE,10362,EUR,2026-08-07,PAY-105226,posted
INT-HISTORICAL-005227,2026-08-07T10:40:37,MRC_001,CUST-0390,PROC_B,wire,US,10298,USD,2026-08-07,PAY-105227,posted
INT-HISTORICAL-005228,2026-08-07T10:42:06,MRC_001,CUST-0263,PROC_B,wallet,DE,14376,USD,2026-08-07,PAY-105228,posted
INT-HISTORICAL-005229,2026-08-07T10:44:16,MRC_003,CUST-0124,PROC_C,wallet,CA,20499,USD,2026-08-07,PAY-105229,posted
INT-HISTORICAL-005230,2026-08-07T10:44:56,MRC_002,CUST-0229,PROC_A,wire,GB,7154,EUR,2026-08-07,PAY-105230,posted
INT-HISTORICAL-005231,2026-08-07T10:47:07,MRC_002,CUST-0234,PROC_C,wire,DE,4433,GBP,2026-08-07,PAY-105231,posted
INT-HISTORICAL-005232,2026-08-07T10:49:03,MRC_005,CUST-0035,PROC_A,wallet,GB,8966,USD,2026-08-07,PAY-105232,posted
INT-HISTORICAL-005233,2026-08-07T10:51:03,MRC_005,CUST-0164,PROC_A,wallet,US,15966,USD,2026-08-07,PAY-105233,posted
INT-HISTORICAL-005234,2026-08-07T10:53:47,MRC_001,CUST-0123,PROC_C,card,US,41776,USD,2026-08-07,PAY-105234,posted
INT-HISTORICAL-005235,2026-08-07T10:55:28,MRC_003,CUST-0102,PROC_C,wallet,US,4329,USD,2026-08-07,PAY-105235,posted
INT-HISTORICAL-005236,2026-08-07T10:58:17,MRC_003,CUST-0188,PROC_C,wire,CA,15572,EUR,2026-08-07,PAY-105236,posted
INT-HISTORICAL-005237,2026-08-07T10:59:45,MRC_002,CUST-0026,PROC_B,wallet,DE,35099,USD,2026-08-07,PAY-105237,posted
INT-HISTORICAL-005238,2026-08-07T11:02:32,MRC_001,CUST-0284,PROC_B,card,US,58779,EUR,2026-08-07,PAY-105238,posted
INT-HISTORICAL-005239,2026-08-07T11:04:43,MRC_004,CUST-0388,PROC_B,card,DE,18742,USD,2026-08-07,PAY-105239,posted
INT-HISTORICAL-005240,2026-08-07T11:06:34,MRC_001,CUST-0127,PROC_B,card,US,12826,USD,2026-08-07,PAY-105240,posted
INT-HISTORICAL-005241,2026-08-07T11:09:16,MRC_004,CUST-0138,PROC_B,wire,DE,6956,EUR,2026-08-07,PAY-105241,posted
INT-HISTORICAL-005242,2026-08-07T11:11:47,MRC_001,CUST-0049,PROC_C,wallet,GB,1250,GBP,2026-08-07,PAY-105242,posted
INT-HISTORICAL-005243,2026-08-07T11:13:08,MRC_005,CUST-0334,PROC_A,ach,US,32541,EUR,2026-08-07,PAY-105243,posted
INT-HISTORICAL-005244,2026-08-07T11:15:03,MRC_005,CUST-0235,PROC_C,wire,CA,15990,USD,2026-08-07,PAY-105244,posted
INT-HISTORICAL-005245,2026-08-07T11:15:58,MRC_002,CUST-0217,PROC_A,ach,US,5852,USD,2026-08-07,PAY-105245,posted
INT-HISTORICAL-005246,2026-08-07T11:18:25,MRC_001,CUST-0206,PROC_A,card,US,23386,USD,2026-08-07,PAY-105246,posted
INT-HISTORICAL-005247,2026-08-07T11:19:14,MRC_002,CUST-0079,PROC_C,wire,DE,2469,USD,2026-08-07,PAY-105247,posted
INT-HISTORICAL-005248,2026-08-07T11:21:29,MRC_002,CUST-0038,PROC_A,wire,US,39535,EUR,2026-08-07,PAY-105248,posted
INT-HISTORICAL-005249,2026-08-07T11:21:52,MRC_004,CUST-0181,PROC_B,wire,US,10127,USD,2026-08-07,PAY-105249,posted
INT-HISTORICAL-005250,2026-08-07T11:24:12,MRC_002,CUST-0257,PROC_B,wallet,DE,4113,USD,2026-08-07,PAY-105250,posted
INT-HISTORICAL-005251,2026-08-07T11:26:51,MRC_004,CUST-0230,PROC_B,card,US,13963,USD,2026-08-07,PAY-105251,posted
INT-HISTORICAL-005252,2026-08-07T11:27:51,MRC_002,CUST-0124,PROC_B,wallet,CA,6345,USD,2026-08-07,PAY-105252,posted
INT-HISTORICAL-005253,2026-08-07T11:28:49,MRC_001,CUST-0107,PROC_B,wire,GB,20055,EUR,2026-08-07,PAY-105253,posted
INT-HISTORICAL-005254,2026-08-07T11:30:24,MRC_001,CUST-0245,PROC_A,wire,US,25052,USD,2026-08-07,PAY-105254,posted
INT-HISTORICAL-005255,2026-08-07T11:33:15,MRC_002,CUST-0113,PROC_C,ach,US,36053,USD,2026-08-07,PAY-105255,posted
INT-HISTORICAL-005256,2026-08-07T11:35:43,MRC_001,CUST-0078,PROC_C,ach,CA,19029,USD,2026-08-07,PAY-105256,posted
INT-HISTORICAL-005257,2026-08-07T11:36:10,MRC_005,CUST-0104,PROC_A,ach,DE,48408,USD,2026-08-07,PAY-105257,posted
INT-HISTORICAL-005258,2026-08-07T11:36:32,MRC_003,CUST-0151,PROC_B,wire,US,11373,GBP,2026-08-07,PAY-105258,posted
INT-HISTORICAL-005259,2026-08-07T11:39:22,MRC_002,CUST-0129,PROC_B,ach,GB,3125,GBP,2026-08-07,PAY-105259,posted
INT-HISTORICAL-005260,2026-08-07T11:41:32,MRC_005,CUST-0187,PROC_B,wallet,US,3718,EUR,2026-08-07,PAY-105260,posted
INT-HISTORICAL-005261,2026-08-07T11:42:48,MRC_001,CUST-0004,PROC_A,ach,CA,49017,USD,2026-08-07,PAY-105261,posted
INT-HISTORICAL-005262,2026-08-07T11:44:39,MRC_001,CUST-0142,PROC_B,wire,CA,29951,USD,2026-08-07,PAY-105262,posted
INT-HISTORICAL-005263,2026-08-07T11:47:29,MRC_005,CUST-0033,PROC_B,ach,US,43141,USD,2026-08-07,PAY-105263,posted
INT-HISTORICAL-005264,2026-08-07T11:49:08,MRC_004,CUST-0298,PROC_A,wallet,CA,30551,GBP,2026-08-07,PAY-105264,posted
INT-HISTORICAL-005265,2026-08-07T11:50:05,MRC_001,CUST-0389,PROC_C,wallet,GB,6929,EUR,2026-08-07,PAY-105265,posted
INT-HISTORICAL-005266,2026-08-07T11:52:59,MRC_004,CUST-0260,PROC_C,ach,CA,9613,GBP,2026-08-07,PAY-105266,posted
INT-HISTORICAL-005267,2026-08-07T11:55:54,MRC_004,CUST-0063,PROC_C,ach,US,7465,USD,2026-08-07,PAY-105267,posted
INT-HISTORICAL-005268,2026-08-07T11:58:02,MRC_005,CUST-0341,PROC_B,wallet,CA,10570,GBP,2026-08-07,PAY-105268,posted
INT-HISTORICAL-005269,2026-08-07T12:00:27,MRC_004,CUST-0176,PROC_C,wallet,CA,16926,USD,2026-08-07,PAY-105269,posted
INT-HISTORICAL-005270,2026-08-07T12:02:37,MRC_003,CUST-0310,PROC_C,ach,US,16603,EUR,2026-08-07,PAY-105270,posted
INT-HISTORICAL-005271,2026-08-07T12:04:05,MRC_004,CUST-0179,PROC_B,card,US,14565,GBP,2026-08-07,PAY-105271,posted
INT-HISTORICAL-005272,2026-08-07T12:06:51,MRC_002,CUST-0115,PROC_C,wallet,US,11049,USD,2026-08-07,PAY-105272,posted
INT-HISTORICAL-005273,2026-08-07T12:07:28,MRC_004,CUST-0167,PROC_C,wallet,US,17011,GBP,2026-08-07,PAY-105273,posted
INT-HISTORICAL-005274,2026-08-07T12:08:53,MRC_003,CUST-0204,PROC_B,wallet,DE,3640,USD,2026-08-07,PAY-105274,posted
INT-HISTORICAL-005275,2026-08-07T12:10:29,MRC_001,CUST-0296,PROC_B,wire,GB,16662,GBP,2026-08-07,PAY-105275,posted
INT-HISTORICAL-005276,2026-08-07T12:11:59,MRC_005,CUST-0118,PROC_C,card,US,7431,GBP,2026-08-07,PAY-105276,posted
INT-HISTORICAL-005277,2026-08-07T12:12:52,MRC_004,CUST-0087,PROC_B,wallet,US,3963,USD,2026-08-07,PAY-105277,posted
INT-HISTORICAL-005278,2026-08-07T12:14:42,MRC_001,CUST-0374,PROC_B,card,DE,3536,GBP,2026-08-07,PAY-105278,posted
INT-HISTORICAL-005279,2026-08-07T12:16:57,MRC_002,CUST-0018,PROC_A,ach,US,18993,USD,2026-08-07,PAY-105279,posted
INT-HISTORICAL-005280,2026-08-07T12:18:31,MRC_002,CUST-0274,PROC_A,card,CA,11324,USD,2026-08-07,PAY-105280,posted
INT-HISTORICAL-005281,2026-08-07T12:20:23,MRC_005,CUST-0186,PROC_B,wallet,DE,1355,USD,2026-08-07,PAY-105281,posted
INT-HISTORICAL-005282,2026-08-07T12:21:24,MRC_004,CUST-0292,PROC_C,card,US,9099,USD,2026-08-07,PAY-105282,posted
INT-HISTORICAL-005283,2026-08-07T12:23:13,MRC_003,CUST-0015,PROC_C,ach,US,3841,USD,2026-08-07,PAY-105283,posted
INT-HISTORICAL-005284,2026-08-07T12:23:44,MRC_004,CUST-0231,PROC_A,ach,US,52818,USD,2026-08-07,PAY-105284,posted
INT-HISTORICAL-005285,2026-08-07T12:26:23,MRC_001,CUST-0223,PROC_A,wire,US,8135,USD,2026-08-07,PAY-105285,posted
INT-HISTORICAL-005286,2026-08-07T12:28:43,MRC_002,CUST-0237,PROC_C,wire,US,17878,GBP,2026-08-07,PAY-105286,posted
INT-HISTORICAL-005287,2026-08-07T12:29:45,MRC_005,CUST-0166,PROC_A,wire,DE,2662,GBP,2026-08-07,PAY-105287,posted
INT-HISTORICAL-005288,2026-08-07T12:31:54,MRC_003,CUST-0341,PROC_B,wallet,CA,44447,USD,2026-08-07,PAY-105288,posted
INT-HISTORICAL-005289,2026-08-07T12:33:08,MRC_005,CUST-0257,PROC_B,card,US,38447,GBP,2026-08-07,PAY-105289,posted
INT-HISTORICAL-005290,2026-08-07T12:35:42,MRC_004,CUST-0001,PROC_C,card,CA,19820,USD,2026-08-07,PAY-105290,posted
INT-HISTORICAL-005291,2026-08-07T12:36:35,MRC_001,CUST-0024,PROC_B,ach,US,12997,USD,2026-08-07,PAY-105291,posted
INT-HISTORICAL-005292,2026-08-07T12:38:30,MRC_003,CUST-0145,PROC_A,ach,US,5261,USD,2026-08-07,PAY-105292,posted
INT-HISTORICAL-005293,2026-08-07T12:40:08,MRC_002,CUST-0073,PROC_C,wire,US,16570,EUR,2026-08-07,PAY-105293,posted
INT-HISTORICAL-005294,2026-08-07T12:42:09,MRC_004,CUST-0357,PROC_B,ach,DE,21634,EUR,2026-08-07,PAY-105294,posted
INT-HISTORICAL-005295,2026-08-07T12:42:58,MRC_001,CUST-0124,PROC_C,wire,US,1360,EUR,2026-08-07,PAY-105295,posted
INT-HISTORICAL-005296,2026-08-07T12:44:19,MRC_004,CUST-0045,PROC_B,wallet,US,7957,EUR,2026-08-07,PAY-105296,posted
INT-HISTORICAL-005297,2026-08-07T12:45:40,MRC_005,CUST-0221,PROC_A,wallet,GB,11669,USD,2026-08-07,PAY-105297,posted
INT-HISTORICAL-005298,2026-08-07T12:48:13,MRC_001,CUST-0384,PROC_A,card,CA,5334,USD,2026-08-07,PAY-105298,posted
INT-HISTORICAL-005299,2026-08-07T12:50:20,MRC_005,CUST-0032,PROC_B,card,CA,24512,EUR,2026-08-07,PAY-105299,posted
INT-HISTORICAL-005300,2026-08-07T12:53:15,MRC_004,CUST-0190,PROC_C,wallet,CA,6715,USD,2026-08-07,PAY-105300,posted
INT-HISTORICAL-005301,2026-08-07T12:55:09,MRC_003,CUST-0033,PROC_C,ach,US,37566,USD,2026-08-07,PAY-105301,posted
INT-HISTORICAL-005302,2026-08-07T12:55:53,MRC_001,CUST-0228,PROC_A,wallet,US,10485,USD,2026-08-07,PAY-105302,posted
INT-HISTORICAL-005303,2026-08-07T12:57:57,MRC_004,CUST-0268,PROC_B,wallet,US,19232,USD,2026-08-07,PAY-105303,posted
INT-HISTORICAL-005304,2026-08-07T13:00:28,MRC_004,CUST-0363,PROC_A,card,DE,1914,USD,2026-08-07,PAY-105304,posted
INT-HISTORICAL-005305,2026-08-07T13:03:15,MRC_005,CUST-0351,PROC_C,ach,CA,80305,USD,2026-08-07,PAY-105305,posted
INT-HISTORICAL-005306,2026-08-07T13:05:57,MRC_004,CUST-0320,PROC_C,wallet,US,8310,USD,2026-08-07,PAY-105306,posted
INT-HISTORICAL-005307,2026-08-07T13:08:00,MRC_005,CUST-0331,PROC_A,ach,US,3075,GBP,2026-08-07,PAY-105307,posted
INT-HISTORICAL-005308,2026-08-07T13:09:29,MRC_003,CUST-0244,PROC_C,wallet,US,28436,USD,2026-08-07,PAY-105308,posted
INT-HISTORICAL-005309,2026-08-07T13:10:34,MRC_003,CUST-0060,PROC_A,wire,DE,4233,USD,2026-08-07,PAY-105309,posted
INT-HISTORICAL-005310,2026-08-07T13:11:13,MRC_003,CUST-0357,PROC_C,wire,US,44002,USD,2026-08-07,PAY-105310,posted
INT-HISTORICAL-005311,2026-08-07T13:13:39,MRC_004,CUST-0086,PROC_B,wallet,US,1771,USD,2026-08-07,PAY-105311,posted
INT-HISTORICAL-005312,2026-08-07T13:15:27,MRC_003,CUST-0079,PROC_A,card,CA,2841,GBP,2026-08-07,PAY-105312,posted
INT-HISTORICAL-005313,2026-08-07T13:16:46,MRC_002,CUST-0004,PROC_C,card,DE,7763,USD,2026-08-07,PAY-105313,posted
INT-HISTORICAL-005314,2026-08-07T13:17:40,MRC_005,CUST-0389,PROC_A,ach,CA,14451,GBP,2026-08-07,PAY-105314,posted
INT-HISTORICAL-005315,2026-08-07T13:19:04,MRC_004,CUST-0086,PROC_A,card,CA,30718,GBP,2026-08-07,PAY-105315,posted
INT-HISTORICAL-005316,2026-08-07T13:20:37,MRC_001,CUST-0214,PROC_A,wallet,GB,14596,USD,2026-08-07,PAY-105316,posted
INT-HISTORICAL-005317,2026-08-07T13:23:17,MRC_003,CUST-0233,PROC_A,card,US,10313,USD,2026-08-07,PAY-105317,posted
INT-HISTORICAL-005318,2026-08-07T13:24:42,MRC_004,CUST-0018,PROC_A,card,DE,10111,USD,2026-08-07,PAY-105318,posted
INT-HISTORICAL-005319,2026-08-07T13:26:38,MRC_004,CUST-0048,PROC_B,wallet,DE,9784,USD,2026-08-07,PAY-105319,posted
INT-HISTORICAL-005320,2026-08-07T13:27:50,MRC_001,CUST-0346,PROC_C,wallet,GB,7697,EUR,2026-08-07,PAY-105320,posted
INT-HISTORICAL-005321,2026-08-07T13:29:50,MRC_004,CUST-0031,PROC_B,wire,US,64087,USD,2026-08-07,PAY-105321,posted
INT-HISTORICAL-005322,2026-08-07T13:31:34,MRC_004,CUST-0192,PROC_A,card,US,12852,USD,2026-08-07,PAY-105322,posted
INT-HISTORICAL-005323,2026-08-07T13:33:28,MRC_002,CUST-0280,PROC_B,card,DE,24463,USD,2026-08-07,PAY-105323,posted
INT-HISTORICAL-005324,2026-08-07T13:34:03,MRC_005,CUST-0121,PROC_A,ach,CA,17364,USD,2026-08-07,PAY-105324,posted
INT-HISTORICAL-005325,2026-08-07T13:35:38,MRC_002,CUST-0342,PROC_C,wire,US,3192,EUR,2026-08-07,PAY-105325,posted
INT-HISTORICAL-005326,2026-08-07T13:38:15,MRC_003,CUST-0300,PROC_C,card,US,9408,GBP,2026-08-07,PAY-105326,posted
INT-HISTORICAL-005327,2026-08-07T13:39:32,MRC_004,CUST-0284,PROC_B,ach,US,14837,USD,2026-08-07,PAY-105327,posted
INT-HISTORICAL-005328,2026-08-07T13:42:32,MRC_002,CUST-0285,PROC_C,ach,CA,35865,EUR,2026-08-07,PAY-105328,posted
INT-HISTORICAL-005329,2026-08-07T13:44:03,MRC_002,CUST-0237,PROC_C,ach,US,1147,EUR,2026-08-07,PAY-105329,posted
INT-HISTORICAL-005330,2026-08-07T13:44:46,MRC_001,CUST-0119,PROC_B,wallet,DE,11859,USD,2026-08-07,PAY-105330,posted
INT-HISTORICAL-005331,2026-08-07T13:47:23,MRC_001,CUST-0372,PROC_C,wire,CA,16849,EUR,2026-08-07,PAY-105331,posted
INT-HISTORICAL-005332,2026-08-07T13:48:47,MRC_005,CUST-0058,PROC_B,wallet,US,3919,USD,2026-08-07,PAY-105332,posted
INT-HISTORICAL-005333,2026-08-07T13:50:46,MRC_001,CUST-0057,PROC_B,card,DE,5232,EUR,2026-08-07,PAY-105333,posted
INT-HISTORICAL-005334,2026-08-07T13:52:00,MRC_001,CUST-0278,PROC_C,wallet,US,18824,EUR,2026-08-07,PAY-105334,posted
INT-HISTORICAL-005335,2026-08-07T13:53:57,MRC_001,CUST-0094,PROC_A,ach,GB,3328,GBP,2026-08-07,PAY-105335,posted
INT-HISTORICAL-005336,2026-08-07T13:56:50,MRC_003,CUST-0130,PROC_C,ach,GB,2869,EUR,2026-08-07,PAY-105336,posted
INT-HISTORICAL-005337,2026-08-07T13:59:37,MRC_005,CUST-0391,PROC_C,card,DE,7656,USD,2026-08-07,PAY-105337,posted
INT-HISTORICAL-005338,2026-08-07T14:00:05,MRC_003,CUST-0090,PROC_C,wallet,CA,4213,USD,2026-08-07,PAY-105338,posted
INT-HISTORICAL-005339,2026-08-07T14:00:56,MRC_004,CUST-0322,PROC_B,ach,DE,18613,USD,2026-08-07,PAY-105339,posted
INT-HISTORICAL-005340,2026-08-07T14:03:08,MRC_004,CUST-0035,PROC_B,card,US,4089,USD,2026-08-07,PAY-105340,posted
INT-HISTORICAL-005341,2026-08-07T14:05:16,MRC_001,CUST-0220,PROC_B,card,US,5284,USD,2026-08-07,PAY-105341,posted
INT-HISTORICAL-005342,2026-08-07T14:05:58,MRC_003,CUST-0037,PROC_B,card,DE,17047,USD,2026-08-07,PAY-105342,posted
INT-HISTORICAL-005343,2026-08-07T14:06:47,MRC_005,CUST-0323,PROC_C,wire,US,21444,USD,2026-08-07,PAY-105343,posted
INT-HISTORICAL-005344,2026-08-07T14:08:37,MRC_004,CUST-0235,PROC_B,card,GB,7284,USD,2026-08-07,PAY-105344,posted
INT-HISTORICAL-005345,2026-08-07T14:11:27,MRC_003,CUST-0080,PROC_A,wire,US,16211,USD,2026-08-07,PAY-105345,posted
INT-HISTORICAL-005346,2026-08-07T14:12:46,MRC_004,CUST-0236,PROC_B,ach,US,55932,USD,2026-08-07,PAY-105346,posted
INT-HISTORICAL-005347,2026-08-07T14:15:28,MRC_002,CUST-0270,PROC_A,wire,US,3757,USD,2026-08-07,PAY-105347,posted
INT-HISTORICAL-005348,2026-08-07T14:18:26,MRC_003,CUST-0131,PROC_C,ach,US,25914,USD,2026-08-07,PAY-105348,posted
INT-HISTORICAL-005349,2026-08-07T14:21:26,MRC_002,CUST-0335,PROC_C,card,GB,2578,USD,2026-08-07,PAY-105349,posted
INT-HISTORICAL-005350,2026-08-07T14:22:35,MRC_003,CUST-0297,PROC_A,card,DE,37182,EUR,2026-08-07,PAY-105350,posted
INT-HISTORICAL-005351,2026-08-07T14:24:41,MRC_003,CUST-0037,PROC_A,card,US,13589,USD,2026-08-07,PAY-105351,posted
INT-HISTORICAL-005352,2026-08-07T14:27:26,MRC_003,CUST-0086,PROC_A,card,CA,6635,USD,2026-08-07,PAY-105352,posted
INT-HISTORICAL-005353,2026-08-07T14:29:27,MRC_001,CUST-0034,PROC_A,wire,CA,15187,USD,2026-08-07,PAY-105353,posted
INT-HISTORICAL-005354,2026-08-07T14:30:43,MRC_003,CUST-0030,PROC_B,ach,CA,27376,EUR,2026-08-07,PAY-105354,posted
INT-HISTORICAL-005355,2026-08-07T14:32:03,MRC_002,CUST-0067,PROC_C,card,CA,17946,USD,2026-08-07,PAY-105355,posted
INT-HISTORICAL-005356,2026-08-07T14:34:52,MRC_005,CUST-0030,PROC_A,ach,US,2912,GBP,2026-08-07,PAY-105356,posted
INT-HISTORICAL-005357,2026-08-07T14:35:20,MRC_003,CUST-0038,PROC_B,card,US,3301,USD,2026-08-07,PAY-105357,posted
INT-HISTORICAL-005358,2026-08-07T14:37:54,MRC_001,CUST-0080,PROC_B,wire,CA,30490,USD,2026-08-07,PAY-105358,posted
INT-HISTORICAL-005359,2026-08-07T14:40:50,MRC_002,CUST-0265,PROC_A,wallet,US,2379,USD,2026-08-07,PAY-105359,posted
INT-HISTORICAL-005360,2026-08-07T14:43:36,MRC_001,CUST-0320,PROC_C,wire,CA,6261,EUR,2026-08-07,PAY-105360,posted
INT-HISTORICAL-005361,2026-08-07T14:44:59,MRC_003,CUST-0078,PROC_C,wire,US,2443,USD,2026-08-07,PAY-105361,posted
INT-HISTORICAL-005362,2026-08-07T14:46:16,MRC_003,CUST-0256,PROC_C,wallet,US,3563,GBP,2026-08-07,PAY-105362,posted
INT-HISTORICAL-005363,2026-08-07T14:47:16,MRC_003,CUST-0054,PROC_C,wallet,US,17055,EUR,2026-08-07,PAY-105363,posted
INT-HISTORICAL-005364,2026-08-07T14:49:52,MRC_003,CUST-0247,PROC_A,wire,DE,19387,EUR,2026-08-07,PAY-105364,posted
INT-HISTORICAL-005365,2026-08-07T14:51:51,MRC_005,CUST-0003,PROC_A,wire,US,10576,USD,2026-08-07,PAY-105365,posted
INT-HISTORICAL-005366,2026-08-07T14:53:42,MRC_003,CUST-0105,PROC_B,wire,DE,3162,EUR,2026-08-07,PAY-105366,posted
INT-HISTORICAL-005367,2026-08-07T14:55:55,MRC_002,CUST-0149,PROC_B,wallet,US,21845,EUR,2026-08-07,PAY-105367,posted
INT-HISTORICAL-005368,2026-08-07T14:57:12,MRC_002,CUST-0382,PROC_C,ach,US,14558,GBP,2026-08-07,PAY-105368,posted
INT-HISTORICAL-005369,2026-08-07T14:57:45,MRC_003,CUST-0365,PROC_B,wallet,DE,9195,EUR,2026-08-07,PAY-105369,posted
INT-HISTORICAL-005370,2026-08-07T14:58:19,MRC_002,CUST-0329,PROC_A,ach,DE,24313,EUR,2026-08-07,PAY-105370,posted
INT-HISTORICAL-005371,2026-08-07T14:58:42,MRC_004,CUST-0160,PROC_A,ach,DE,7553,USD,2026-08-07,PAY-105371,posted
INT-HISTORICAL-005372,2026-08-07T14:59:37,MRC_001,CUST-0294,PROC_A,wallet,US,17393,EUR,2026-08-07,PAY-105372,posted
INT-HISTORICAL-005373,2026-08-07T15:00:05,MRC_002,CUST-0258,PROC_C,ach,US,46692,EUR,2026-08-07,PAY-105373,posted
INT-HISTORICAL-005374,2026-08-07T15:01:13,MRC_004,CUST-0369,PROC_B,card,CA,5842,GBP,2026-08-07,PAY-105374,posted
INT-HISTORICAL-005375,2026-08-07T15:02:33,MRC_003,CUST-0026,PROC_C,wallet,GB,14131,USD,2026-08-07,PAY-105375,posted
INT-HISTORICAL-005376,2026-08-07T15:03:41,MRC_003,CUST-0178,PROC_C,wire,DE,3327,USD,2026-08-07,PAY-105376,posted
INT-HISTORICAL-005377,2026-08-07T15:04:21,MRC_005,CUST-0370,PROC_B,wire,CA,7365,GBP,2026-08-07,PAY-105377,posted
INT-HISTORICAL-005378,2026-08-07T15:06:42,MRC_003,CUST-0259,PROC_B,wallet,US,5866,USD,2026-08-07,PAY-105378,posted
INT-HISTORICAL-005379,2026-08-07T15:08:58,MRC_002,CUST-0343,PROC_C,wire,DE,5432,USD,2026-08-07,PAY-105379,posted
INT-HISTORICAL-005380,2026-08-07T15:09:58,MRC_005,CUST-0086,PROC_C,card,US,4106,GBP,2026-08-07,PAY-105380,posted
INT-HISTORICAL-005381,2026-08-07T15:12:08,MRC_001,CUST-0373,PROC_B,ach,CA,58340,USD,2026-08-07,PAY-105381,posted
INT-HISTORICAL-005382,2026-08-07T15:12:58,MRC_001,CUST-0326,PROC_B,card,GB,11795,USD,2026-08-07,PAY-105382,posted
INT-HISTORICAL-005383,2026-08-07T15:14:30,MRC_002,CUST-0200,PROC_A,wire,GB,9136,USD,2026-08-07,PAY-105383,posted
INT-HISTORICAL-005384,2026-08-07T15:15:55,MRC_001,CUST-0268,PROC_C,wallet,DE,31270,USD,2026-08-07,PAY-105384,posted
INT-HISTORICAL-005385,2026-08-07T15:16:27,MRC_001,CUST-0075,PROC_A,card,US,6367,USD,2026-08-07,PAY-105385,posted
INT-HISTORICAL-005386,2026-08-07T15:17:03,MRC_003,CUST-0064,PROC_C,wire,US,42903,GBP,2026-08-07,PAY-105386,posted
INT-HISTORICAL-005387,2026-08-07T15:18:51,MRC_002,CUST-0150,PROC_C,ach,US,10170,USD,2026-08-07,PAY-105387,posted
INT-HISTORICAL-005388,2026-08-07T15:19:57,MRC_001,CUST-0058,PROC_A,wire,US,10575,USD,2026-08-07,PAY-105388,posted
INT-HISTORICAL-005389,2026-08-07T15:21:49,MRC_002,CUST-0397,PROC_B,ach,DE,4696,GBP,2026-08-07,PAY-105389,posted
INT-HISTORICAL-005390,2026-08-07T15:22:52,MRC_002,CUST-0352,PROC_B,wire,CA,11005,USD,2026-08-07,PAY-105390,posted
INT-HISTORICAL-005391,2026-08-07T15:24:07,MRC_003,CUST-0221,PROC_A,card,US,2242,USD,2026-08-07,PAY-105391,posted
INT-HISTORICAL-005392,2026-08-07T15:24:46,MRC_003,CUST-0021,PROC_B,wire,US,8969,GBP,2026-08-07,PAY-105392,posted
INT-HISTORICAL-005393,2026-08-07T15:27:28,MRC_002,CUST-0355,PROC_A,wallet,CA,1165,USD,2026-08-07,PAY-105393,posted
INT-HISTORICAL-005394,2026-08-07T15:28:14,MRC_002,CUST-0377,PROC_B,wallet,US,39549,EUR,2026-08-07,PAY-105394,posted
INT-HISTORICAL-005395,2026-08-07T15:30:15,MRC_005,CUST-0301,PROC_C,wallet,GB,6340,USD,2026-08-07,PAY-105395,posted
INT-HISTORICAL-005396,2026-08-07T15:30:43,MRC_005,CUST-0176,PROC_C,ach,US,6893,USD,2026-08-07,PAY-105396,posted
INT-HISTORICAL-005397,2026-08-07T15:31:24,MRC_005,CUST-0056,PROC_B,wallet,US,17517,USD,2026-08-07,PAY-105397,posted
INT-HISTORICAL-005398,2026-08-07T15:33:01,MRC_001,CUST-0285,PROC_A,ach,US,7564,EUR,2026-08-07,PAY-105398,posted
INT-HISTORICAL-005399,2026-08-07T15:34:26,MRC_005,CUST-0187,PROC_B,wallet,GB,33605,GBP,2026-08-07,PAY-105399,posted
INT-HISTORICAL-005400,2026-08-07T15:35:06,MRC_003,CUST-0224,PROC_C,wallet,US,23257,USD,2026-08-07,PAY-105400,posted
INT-HISTORICAL-005401,2026-08-07T15:37:37,MRC_004,CUST-0154,PROC_B,card,US,27270,USD,2026-08-07,PAY-105401,posted
INT-HISTORICAL-005402,2026-08-07T15:38:02,MRC_003,CUST-0295,PROC_C,wallet,CA,33110,EUR,2026-08-07,PAY-105402,posted
INT-HISTORICAL-005403,2026-08-07T15:39:33,MRC_001,CUST-0064,PROC_C,card,DE,7101,USD,2026-08-07,PAY-105403,posted
INT-HISTORICAL-005404,2026-08-07T15:41:57,MRC_005,CUST-0347,PROC_A,ach,US,26216,EUR,2026-08-07,PAY-105404,posted
INT-HISTORICAL-005405,2026-08-07T15:43:20,MRC_004,CUST-0075,PROC_B,card,US,6089,EUR,2026-08-07,PAY-105405,posted
INT-HISTORICAL-005406,2026-08-07T15:45:32,MRC_005,CUST-0057,PROC_B,wallet,GB,15656,USD,2026-08-07,PAY-105406,posted
INT-HISTORICAL-005407,2026-08-07T15:46:29,MRC_002,CUST-0102,PROC_A,ach,CA,9953,EUR,2026-08-07,PAY-105407,posted
INT-HISTORICAL-005408,2026-08-07T15:47:02,MRC_001,CUST-0361,PROC_C,ach,US,12984,USD,2026-08-07,PAY-105408,posted
INT-HISTORICAL-005409,2026-08-07T15:48:54,MRC_001,CUST-0102,PROC_C,wallet,CA,20699,USD,2026-08-07,PAY-105409,posted
INT-HISTORICAL-005410,2026-08-07T15:51:19,MRC_005,CUST-0089,PROC_C,ach,CA,12449,EUR,2026-08-07,PAY-105410,posted
INT-HISTORICAL-005411,2026-08-07T15:54:14,MRC_004,CUST-0183,PROC_A,wire,GB,3939,EUR,2026-08-07,PAY-105411,posted
INT-HISTORICAL-005412,2026-08-07T15:55:31,MRC_005,CUST-0346,PROC_A,wallet,CA,21499,EUR,2026-08-07,PAY-105412,posted
INT-HISTORICAL-005413,2026-08-07T15:57:28,MRC_003,CUST-0365,PROC_B,wire,US,11925,USD,2026-08-07,PAY-105413,posted
INT-HISTORICAL-005414,2026-08-07T15:59:42,MRC_003,CUST-0253,PROC_A,ach,CA,10504,USD,2026-08-07,PAY-105414,posted
INT-HISTORICAL-005415,2026-08-07T16:01:53,MRC_002,CUST-0215,PROC_C,wallet,CA,6503,USD,2026-08-07,PAY-105415,posted
INT-HISTORICAL-005416,2026-08-07T16:02:23,MRC_002,CUST-0060,PROC_C,card,US,34159,USD,2026-08-07,PAY-105416,posted
INT-HISTORICAL-005417,2026-08-07T16:03:57,MRC_005,CUST-0279,PROC_A,wallet,DE,52003,USD,2026-08-07,PAY-105417,posted
INT-HISTORICAL-005418,2026-08-07T16:06:31,MRC_002,CUST-0291,PROC_C,ach,US,7198,USD,2026-08-07,PAY-105418,posted
INT-HISTORICAL-005419,2026-08-07T16:09:17,MRC_001,CUST-0386,PROC_A,wallet,US,15961,USD,2026-08-07,PAY-105419,posted
INT-HISTORICAL-005420,2026-08-07T16:11:18,MRC_001,CUST-0138,PROC_A,card,CA,24750,USD,2026-08-07,PAY-105420,posted
INT-HISTORICAL-005421,2026-08-07T16:13:47,MRC_005,CUST-0288,PROC_B,wallet,US,17711,USD,2026-08-07,PAY-105421,posted
INT-HISTORICAL-005422,2026-08-07T16:16:33,MRC_001,CUST-0152,PROC_B,card,DE,6071,USD,2026-08-07,PAY-105422,posted
INT-HISTORICAL-005423,2026-08-07T16:18:47,MRC_005,CUST-0357,PROC_B,wire,DE,4445,USD,2026-08-07,PAY-105423,posted
INT-HISTORICAL-005424,2026-08-07T16:20:01,MRC_002,CUST-0382,PROC_A,ach,CA,33193,USD,2026-08-07,PAY-105424,posted
INT-HISTORICAL-005425,2026-08-07T16:22:10,MRC_004,CUST-0203,PROC_B,ach,DE,11422,GBP,2026-08-07,PAY-105425,posted
INT-HISTORICAL-005426,2026-08-07T16:24:44,MRC_005,CUST-0379,PROC_A,card,US,4783,USD,2026-08-07,PAY-105426,posted
INT-HISTORICAL-005427,2026-08-07T16:25:29,MRC_005,CUST-0257,PROC_C,ach,CA,5506,USD,2026-08-07,PAY-105427,posted
INT-HISTORICAL-005428,2026-08-07T16:27:30,MRC_005,CUST-0133,PROC_A,card,US,4928,USD,2026-08-07,PAY-105428,posted
INT-HISTORICAL-005429,2026-08-07T16:27:51,MRC_002,CUST-0102,PROC_A,ach,US,7121,USD,2026-08-07,PAY-105429,posted
INT-HISTORICAL-005430,2026-08-07T16:29:17,MRC_005,CUST-0223,PROC_B,card,CA,7289,USD,2026-08-07,PAY-105430,posted
INT-HISTORICAL-005431,2026-08-07T16:31:20,MRC_002,CUST-0056,PROC_B,wire,GB,8094,USD,2026-08-07,PAY-105431,posted
INT-HISTORICAL-005432,2026-08-07T16:33:54,MRC_005,CUST-0227,PROC_C,card,DE,9247,USD,2026-08-07,PAY-105432,posted
INT-HISTORICAL-005433,2026-08-07T16:35:23,MRC_005,CUST-0111,PROC_B,ach,DE,18825,EUR,2026-08-07,PAY-105433,posted
INT-HISTORICAL-005434,2026-08-07T16:36:37,MRC_001,CUST-0387,PROC_B,card,CA,21843,EUR,2026-08-07,PAY-105434,posted
INT-HISTORICAL-005435,2026-08-07T16:38:09,MRC_003,CUST-0192,PROC_B,card,CA,26679,USD,2026-08-07,PAY-105435,posted
INT-HISTORICAL-005436,2026-08-07T16:38:39,MRC_001,CUST-0113,PROC_A,card,DE,12671,USD,2026-08-07,PAY-105436,posted
INT-HISTORICAL-005437,2026-08-07T16:40:21,MRC_004,CUST-0266,PROC_A,card,DE,11164,EUR,2026-08-07,PAY-105437,posted
INT-HISTORICAL-005438,2026-08-07T16:41:16,MRC_001,CUST-0385,PROC_C,ach,US,8510,USD,2026-08-07,PAY-105438,posted
INT-HISTORICAL-005439,2026-08-07T16:41:58,MRC_003,CUST-0320,PROC_C,ach,DE,8348,USD,2026-08-07,PAY-105439,posted
INT-HISTORICAL-005440,2026-08-07T16:44:38,MRC_004,CUST-0193,PROC_B,card,GB,18069,USD,2026-08-07,PAY-105440,posted
INT-HISTORICAL-005441,2026-08-07T16:46:26,MRC_005,CUST-0312,PROC_B,ach,US,11521,USD,2026-08-07,PAY-105441,posted
INT-HISTORICAL-005442,2026-08-07T16:48:21,MRC_005,CUST-0249,PROC_A,ach,US,7282,USD,2026-08-07,PAY-105442,posted
INT-HISTORICAL-005443,2026-08-07T16:50:03,MRC_003,CUST-0265,PROC_A,wallet,GB,12393,EUR,2026-08-07,PAY-105443,posted
INT-HISTORICAL-005444,2026-08-07T16:50:58,MRC_001,CUST-0200,PROC_C,wallet,US,4700,USD,2026-08-07,PAY-105444,posted
INT-HISTORICAL-005445,2026-08-07T16:53:24,MRC_001,CUST-0019,PROC_C,card,GB,19417,USD,2026-08-07,PAY-105445,posted
INT-HISTORICAL-005446,2026-08-07T16:54:24,MRC_004,CUST-0057,PROC_C,card,US,18357,USD,2026-08-07,PAY-105446,posted
INT-HISTORICAL-005447,2026-08-07T16:56:31,MRC_001,CUST-0220,PROC_A,wire,US,6534,USD,2026-08-07,PAY-105447,posted
INT-HISTORICAL-005448,2026-08-07T16:58:35,MRC_004,CUST-0159,PROC_A,wire,US,65484,USD,2026-08-07,PAY-105448,posted
INT-HISTORICAL-005449,2026-08-07T17:00:59,MRC_002,CUST-0388,PROC_C,ach,US,8795,USD,2026-08-07,PAY-105449,posted
INT-HISTORICAL-005450,2026-08-07T17:03:48,MRC_005,CUST-0193,PROC_C,card,DE,14184,USD,2026-08-07,PAY-105450,posted
INT-HISTORICAL-005451,2026-08-07T17:04:23,MRC_004,CUST-0221,PROC_A,card,DE,8287,USD,2026-08-07,PAY-105451,posted
INT-HISTORICAL-005452,2026-08-07T17:05:13,MRC_004,CUST-0237,PROC_A,wire,CA,14970,USD,2026-08-07,PAY-105452,posted
INT-HISTORICAL-005453,2026-08-07T17:07:08,MRC_003,CUST-0204,PROC_B,wire,DE,5907,USD,2026-08-07,PAY-105453,posted
INT-HISTORICAL-005454,2026-08-07T17:08:26,MRC_002,CUST-0228,PROC_A,card,DE,25763,USD,2026-08-07,PAY-105454,posted
INT-HISTORICAL-005455,2026-08-07T17:08:46,MRC_002,CUST-0333,PROC_C,ach,GB,10765,USD,2026-08-07,PAY-105455,posted
INT-HISTORICAL-005456,2026-08-07T17:10:54,MRC_005,CUST-0144,PROC_C,wire,GB,8041,GBP,2026-08-07,PAY-105456,posted
INT-HISTORICAL-005457,2026-08-07T17:12:13,MRC_001,CUST-0002,PROC_A,ach,US,8176,USD,2026-08-07,PAY-105457,posted
INT-HISTORICAL-005458,2026-08-07T17:13:37,MRC_004,CUST-0361,PROC_C,wire,DE,9127,GBP,2026-08-07,PAY-105458,posted
INT-HISTORICAL-005459,2026-08-07T17:15:03,MRC_003,CUST-0049,PROC_B,wire,DE,12620,USD,2026-08-07,PAY-105459,posted
INT-HISTORICAL-005460,2026-08-07T17:15:24,MRC_003,CUST-0233,PROC_B,wire,CA,11601,USD,2026-08-07,PAY-105460,posted
INT-HISTORICAL-005461,2026-08-07T17:17:08,MRC_003,CUST-0008,PROC_A,card,US,8894,USD,2026-08-07,PAY-105461,posted
INT-HISTORICAL-005462,2026-08-07T17:18:48,MRC_001,CUST-0210,PROC_C,wallet,US,22348,GBP,2026-08-07,PAY-105462,posted
INT-HISTORICAL-005463,2026-08-07T17:21:26,MRC_001,CUST-0281,PROC_A,wallet,CA,18164,USD,2026-08-07,PAY-105463,posted
INT-HISTORICAL-005464,2026-08-07T17:22:15,MRC_002,CUST-0207,PROC_B,wire,GB,9426,USD,2026-08-07,PAY-105464,posted
INT-HISTORICAL-005465,2026-08-07T17:22:49,MRC_002,CUST-0345,PROC_C,wallet,US,29726,USD,2026-08-07,PAY-105465,posted
INT-HISTORICAL-005466,2026-08-07T17:23:22,MRC_001,CUST-0186,PROC_C,ach,US,56919,USD,2026-08-07,PAY-105466,posted
INT-HISTORICAL-005467,2026-08-07T17:24:00,MRC_002,CUST-0337,PROC_C,ach,US,9002,USD,2026-08-07,PAY-105467,posted
INT-HISTORICAL-005468,2026-08-07T17:25:55,MRC_004,CUST-0117,PROC_C,wire,DE,1665,USD,2026-08-07,PAY-105468,posted
INT-HISTORICAL-005469,2026-08-07T17:28:36,MRC_004,CUST-0242,PROC_B,ach,US,27115,USD,2026-08-07,PAY-105469,posted
INT-HISTORICAL-005470,2026-08-07T17:29:43,MRC_005,CUST-0229,PROC_A,card,GB,17276,GBP,2026-08-07,PAY-105470,posted
INT-HISTORICAL-005471,2026-08-07T17:32:02,MRC_003,CUST-0018,PROC_B,wallet,US,396577,GBP,2026-08-07,PAY-105471,posted
INT-HISTORICAL-005472,2026-08-07T17:34:21,MRC_004,CUST-0031,PROC_A,wallet,US,31273,USD,2026-08-07,PAY-105472,posted
INT-HISTORICAL-005473,2026-08-07T17:37:16,MRC_001,CUST-0110,PROC_B,wire,DE,7734,USD,2026-08-07,PAY-105473,posted
INT-HISTORICAL-005474,2026-08-07T17:39:02,MRC_003,CUST-0160,PROC_A,ach,CA,19990,GBP,2026-08-07,PAY-105474,posted
INT-HISTORICAL-005475,2026-08-07T17:39:48,MRC_003,CUST-0081,PROC_A,wallet,CA,1937,USD,2026-08-07,PAY-105475,posted
INT-HISTORICAL-005476,2026-08-07T17:40:26,MRC_002,CUST-0180,PROC_B,ach,GB,4970,USD,2026-08-07,PAY-105476,posted
INT-HISTORICAL-005477,2026-08-07T17:42:45,MRC_005,CUST-0151,PROC_C,ach,CA,8203,GBP,2026-08-07,PAY-105477,posted
INT-HISTORICAL-005478,2026-08-07T17:43:32,MRC_001,CUST-0278,PROC_A,wire,US,20456,GBP,2026-08-07,PAY-105478,posted
INT-HISTORICAL-005479,2026-08-07T17:46:10,MRC_004,CUST-0370,PROC_A,ach,US,5925,USD,2026-08-07,PAY-105479,posted
INT-HISTORICAL-005480,2026-08-07T17:47:55,MRC_002,CUST-0286,PROC_A,wire,CA,2059,GBP,2026-08-07,PAY-105480,posted
INT-HISTORICAL-005481,2026-08-07T17:49:34,MRC_002,CUST-0128,PROC_B,wire,US,11588,USD,2026-08-07,PAY-105481,posted
INT-HISTORICAL-005482,2026-08-07T17:50:52,MRC_003,CUST-0367,PROC_A,card,DE,29920,USD,2026-08-07,PAY-105482,posted
INT-HISTORICAL-005483,2026-08-07T17:51:16,MRC_004,CUST-0352,PROC_B,wire,US,20133,EUR,2026-08-07,PAY-105483,posted
INT-HISTORICAL-005484,2026-08-07T17:53:54,MRC_003,CUST-0051,PROC_B,wallet,US,5891,USD,2026-08-07,PAY-105484,posted
INT-HISTORICAL-005485,2026-08-07T17:54:52,MRC_005,CUST-0102,PROC_B,wallet,US,13469,GBP,2026-08-07,PAY-105485,posted
INT-HISTORICAL-005486,2026-08-07T17:57:18,MRC_005,CUST-0270,PROC_A,wallet,DE,7323,USD,2026-08-07,PAY-105486,posted
INT-HISTORICAL-005487,2026-08-07T17:57:39,MRC_003,CUST-0055,PROC_A,ach,GB,111593,EUR,2026-08-07,PAY-105487,posted
INT-HISTORICAL-005488,2026-08-07T17:58:57,MRC_005,CUST-0146,PROC_B,card,GB,27435,USD,2026-08-07,PAY-105488,posted
INT-HISTORICAL-005489,2026-08-07T18:00:46,MRC_001,CUST-0187,PROC_A,wire,GB,24936,USD,2026-08-07,PAY-105489,posted
INT-HISTORICAL-005490,2026-08-07T18:01:48,MRC_001,CUST-0313,PROC_A,wire,US,23784,USD,2026-08-07,PAY-105490,posted
INT-HISTORICAL-005491,2026-08-07T18:04:12,MRC_005,CUST-0128,PROC_B,wallet,GB,2954,GBP,2026-08-07,PAY-105491,posted
INT-HISTORICAL-005492,2026-08-07T18:04:44,MRC_004,CUST-0317,PROC_A,card,GB,35497,USD,2026-08-07,PAY-105492,posted
INT-HISTORICAL-005493,2026-08-07T18:07:34,MRC_002,CUST-0246,PROC_C,ach,CA,5355,USD,2026-08-07,PAY-105493,posted
INT-HISTORICAL-005494,2026-08-07T18:08:00,MRC_003,CUST-0028,PROC_C,card,US,5979,GBP,2026-08-07,PAY-105494,posted
INT-HISTORICAL-005495,2026-08-07T18:09:27,MRC_003,CUST-0156,PROC_C,wallet,GB,99030,EUR,2026-08-07,PAY-105495,posted
INT-HISTORICAL-005496,2026-08-07T18:10:40,MRC_004,CUST-0215,PROC_C,ach,CA,16895,USD,2026-08-07,PAY-105496,posted
INT-HISTORICAL-005497,2026-08-07T18:12:34,MRC_005,CUST-0035,PROC_A,wallet,US,42397,GBP,2026-08-07,PAY-105497,posted
INT-HISTORICAL-005498,2026-08-07T18:14:54,MRC_003,CUST-0044,PROC_A,ach,US,24484,EUR,2026-08-07,PAY-105498,posted
INT-HISTORICAL-005499,2026-08-07T18:16:40,MRC_003,CUST-0388,PROC_A,card,DE,12578,GBP,2026-08-07,PAY-105499,posted
INT-HISTORICAL-005500,2026-08-07T18:18:46,MRC_004,CUST-0224,PROC_B,wallet,GB,11696,USD,2026-08-07,PAY-105500,posted
INT-HISTORICAL-005501,2026-08-07T18:21:21,MRC_004,CUST-0335,PROC_A,card,US,7249,USD,2026-08-07,PAY-105501,posted
INT-HISTORICAL-005502,2026-08-07T18:23:46,MRC_001,CUST-0366,PROC_B,ach,US,7483,USD,2026-08-07,PAY-105502,posted
INT-HISTORICAL-005503,2026-08-07T18:24:35,MRC_004,CUST-0355,PROC_B,card,CA,29911,USD,2026-08-07,PAY-105503,posted
INT-HISTORICAL-005504,2026-08-07T18:27:13,MRC_001,CUST-0063,PROC_B,ach,US,2791,USD,2026-08-07,PAY-105504,posted
INT-HISTORICAL-005505,2026-08-07T18:28:53,MRC_004,CUST-0035,PROC_B,wire,DE,5093,USD,2026-08-07,PAY-105505,posted
INT-HISTORICAL-005506,2026-08-07T18:30:50,MRC_001,CUST-0203,PROC_A,wire,US,6234,USD,2026-08-07,PAY-105506,posted
INT-HISTORICAL-005507,2026-08-07T18:31:33,MRC_004,CUST-0017,PROC_B,wire,GB,15207,USD,2026-08-07,PAY-105507,posted
INT-HISTORICAL-005508,2026-08-07T18:32:46,MRC_003,CUST-0274,PROC_B,card,CA,12403,USD,2026-08-07,PAY-105508,posted
INT-HISTORICAL-005509,2026-08-07T18:34:33,MRC_005,CUST-0308,PROC_C,card,GB,9421,USD,2026-08-07,PAY-105509,posted
INT-HISTORICAL-005510,2026-08-07T18:35:01,MRC_003,CUST-0092,PROC_B,wallet,GB,9988,USD,2026-08-07,PAY-105510,posted
INT-HISTORICAL-005511,2026-08-07T18:36:53,MRC_002,CUST-0241,PROC_A,wallet,US,2052,USD,2026-08-07,PAY-105511,posted
INT-HISTORICAL-005512,2026-08-07T18:39:27,MRC_005,CUST-0142,PROC_A,wire,US,32166,USD,2026-08-07,PAY-105512,posted
INT-HISTORICAL-005513,2026-08-07T18:42:07,MRC_003,CUST-0306,PROC_C,ach,GB,62697,USD,2026-08-07,PAY-105513,posted
INT-HISTORICAL-005514,2026-08-07T18:44:57,MRC_002,CUST-0337,PROC_C,ach,US,5228,GBP,2026-08-07,PAY-105514,posted
INT-HISTORICAL-005515,2026-08-07T18:47:55,MRC_003,CUST-0386,PROC_A,card,US,8957,EUR,2026-08-07,PAY-105515,posted
INT-HISTORICAL-005516,2026-08-07T18:50:22,MRC_001,CUST-0049,PROC_A,wire,US,5601,EUR,2026-08-07,PAY-105516,posted
INT-HISTORICAL-005517,2026-08-07T18:53:07,MRC_004,CUST-0045,PROC_B,ach,US,16431,EUR,2026-08-07,PAY-105517,posted
INT-HISTORICAL-005518,2026-08-07T18:53:46,MRC_004,CUST-0089,PROC_C,wire,CA,8418,USD,2026-08-07,PAY-105518,posted
INT-HISTORICAL-005519,2026-08-07T18:54:28,MRC_005,CUST-0241,PROC_A,ach,US,5664,USD,2026-08-07,PAY-105519,posted
INT-HISTORICAL-005520,2026-08-07T18:57:18,MRC_003,CUST-0229,PROC_A,ach,GB,16081,USD,2026-08-07,PAY-105520,posted
INT-HISTORICAL-005521,2026-08-07T19:00:12,MRC_001,CUST-0373,PROC_B,wire,GB,10124,EUR,2026-08-07,PAY-105521,posted
INT-HISTORICAL-005522,2026-08-07T19:02:51,MRC_003,CUST-0230,PROC_B,wire,US,15385,GBP,2026-08-07,PAY-105522,posted
INT-HISTORICAL-005523,2026-08-07T19:04:48,MRC_003,CUST-0019,PROC_B,wire,US,16517,USD,2026-08-07,PAY-105523,posted
INT-HISTORICAL-005524,2026-08-07T19:05:12,MRC_002,CUST-0190,PROC_A,wire,US,2993,USD,2026-08-07,PAY-105524,posted
INT-HISTORICAL-005525,2026-08-07T19:06:53,MRC_005,CUST-0260,PROC_B,card,DE,56235,USD,2026-08-07,PAY-105525,posted
INT-HISTORICAL-005526,2026-08-07T19:09:01,MRC_004,CUST-0289,PROC_B,wire,US,7975,EUR,2026-08-07,PAY-105526,posted
INT-HISTORICAL-005527,2026-08-07T19:10:18,MRC_001,CUST-0086,PROC_A,ach,US,6292,USD,2026-08-07,PAY-105527,posted
INT-HISTORICAL-005528,2026-08-07T19:12:02,MRC_002,CUST-0044,PROC_C,card,US,17842,USD,2026-08-07,PAY-105528,posted
INT-HISTORICAL-005529,2026-08-07T19:13:38,MRC_005,CUST-0244,PROC_C,wire,US,11007,USD,2026-08-07,PAY-105529,posted
INT-HISTORICAL-005530,2026-08-07T19:15:30,MRC_003,CUST-0376,PROC_A,card,US,6167,USD,2026-08-07,PAY-105530,posted
INT-HISTORICAL-005531,2026-08-07T19:16:46,MRC_002,CUST-0124,PROC_A,ach,DE,22447,GBP,2026-08-07,PAY-105531,posted
INT-HISTORICAL-005532,2026-08-07T19:18:11,MRC_005,CUST-0266,PROC_C,wire,DE,6745,USD,2026-08-07,PAY-105532,posted
INT-HISTORICAL-005533,2026-08-07T19:19:05,MRC_004,CUST-0159,PROC_B,wire,CA,3310,GBP,2026-08-07,PAY-105533,posted
INT-HISTORICAL-005534,2026-08-07T19:19:29,MRC_003,CUST-0336,PROC_C,card,DE,37081,USD,2026-08-07,PAY-105534,posted
INT-HISTORICAL-005535,2026-08-07T19:20:54,MRC_004,CUST-0250,PROC_C,ach,US,7613,USD,2026-08-07,PAY-105535,posted
INT-HISTORICAL-005536,2026-08-07T19:21:29,MRC_004,CUST-0302,PROC_B,wallet,US,3454,EUR,2026-08-07,PAY-105536,posted
INT-HISTORICAL-005537,2026-08-07T19:22:50,MRC_005,CUST-0022,PROC_A,wallet,GB,9432,EUR,2026-08-07,PAY-105537,posted
INT-HISTORICAL-005538,2026-08-07T19:25:04,MRC_002,CUST-0094,PROC_C,card,US,7732,USD,2026-08-07,PAY-105538,posted
INT-HISTORICAL-005539,2026-08-07T19:25:53,MRC_001,CUST-0367,PROC_C,wallet,US,18949,USD,2026-08-07,PAY-105539,posted
INT-HISTORICAL-005540,2026-08-07T19:26:38,MRC_003,CUST-0189,PROC_B,wallet,CA,35294,USD,2026-08-07,PAY-105540,posted
INT-HISTORICAL-005541,2026-08-07T19:27:57,MRC_002,CUST-0145,PROC_B,card,GB,63546,USD,2026-08-07,PAY-105541,posted
INT-HISTORICAL-005542,2026-08-07T19:28:56,MRC_005,CUST-0388,PROC_B,wallet,US,1585,USD,2026-08-07,PAY-105542,posted
INT-HISTORICAL-005543,2026-08-07T19:30:01,MRC_002,CUST-0125,PROC_B,card,CA,56195,GBP,2026-08-07,PAY-105543,posted
INT-HISTORICAL-005544,2026-08-07T19:32:16,MRC_002,CUST-0384,PROC_A,ach,CA,16196,USD,2026-08-07,PAY-105544,posted
INT-HISTORICAL-005545,2026-08-07T19:34:13,MRC_001,CUST-0354,PROC_B,ach,US,71181,USD,2026-08-07,PAY-105545,posted
INT-HISTORICAL-005546,2026-08-07T19:34:58,MRC_003,CUST-0173,PROC_A,ach,US,111475,USD,2026-08-07,PAY-105546,posted
INT-HISTORICAL-005547,2026-08-07T19:35:28,MRC_001,CUST-0381,PROC_B,wallet,US,15723,USD,2026-08-07,PAY-105547,posted
INT-HISTORICAL-005548,2026-08-07T19:36:37,MRC_001,CUST-0034,PROC_C,wallet,GB,13378,USD,2026-08-07,PAY-105548,posted
INT-HISTORICAL-005549,2026-08-07T19:39:04,MRC_005,CUST-0028,PROC_B,card,US,4489,USD,2026-08-07,PAY-105549,posted
INT-HISTORICAL-005550,2026-08-07T19:40:39,MRC_003,CUST-0023,PROC_C,ach,CA,115582,USD,2026-08-07,PAY-105550,posted
INT-HISTORICAL-005551,2026-08-07T19:41:58,MRC_005,CUST-0286,PROC_C,wallet,DE,3112,USD,2026-08-07,PAY-105551,posted
INT-HISTORICAL-005552,2026-08-07T19:44:41,MRC_001,CUST-0105,PROC_C,card,US,10931,GBP,2026-08-07,PAY-105552,posted
INT-HISTORICAL-005553,2026-08-07T19:46:15,MRC_004,CUST-0007,PROC_A,card,DE,11069,USD,2026-08-07,PAY-105553,posted
INT-HISTORICAL-005554,2026-08-07T19:49:01,MRC_004,CUST-0350,PROC_C,ach,US,12980,USD,2026-08-07,PAY-105554,posted
INT-HISTORICAL-005555,2026-08-07T19:50:37,MRC_003,CUST-0187,PROC_A,ach,US,20941,USD,2026-08-07,PAY-105555,posted
INT-HISTORICAL-005556,2026-08-07T19:53:24,MRC_003,CUST-0070,PROC_C,card,CA,41180,USD,2026-08-07,PAY-105556,posted
INT-HISTORICAL-005557,2026-08-07T19:54:23,MRC_005,CUST-0053,PROC_B,wallet,US,12071,GBP,2026-08-07,PAY-105557,posted
INT-HISTORICAL-005558,2026-08-07T19:54:55,MRC_003,CUST-0208,PROC_C,wire,US,5033,USD,2026-08-07,PAY-105558,posted
INT-HISTORICAL-005559,2026-08-07T19:55:58,MRC_005,CUST-0290,PROC_B,wire,US,4106,USD,2026-08-07,PAY-105559,posted
INT-HISTORICAL-005560,2026-08-07T19:58:57,MRC_001,CUST-0049,PROC_A,wallet,US,2595,USD,2026-08-07,PAY-105560,posted
INT-HISTORICAL-005561,2026-08-07T20:01:53,MRC_003,CUST-0104,PROC_A,wallet,US,5269,USD,2026-08-07,PAY-105561,posted
INT-HISTORICAL-005562,2026-08-07T20:02:24,MRC_002,CUST-0175,PROC_C,wire,DE,6115,EUR,2026-08-07,PAY-105562,posted
INT-HISTORICAL-005563,2026-08-07T20:03:23,MRC_002,CUST-0288,PROC_A,wire,GB,7302,GBP,2026-08-07,PAY-105563,posted
INT-HISTORICAL-005564,2026-08-07T20:04:00,MRC_005,CUST-0044,PROC_B,card,US,24590,USD,2026-08-07,PAY-105564,posted
INT-HISTORICAL-005565,2026-08-07T20:04:36,MRC_005,CUST-0323,PROC_A,ach,US,8499,USD,2026-08-07,PAY-105565,posted
INT-HISTORICAL-005566,2026-08-07T20:06:09,MRC_002,CUST-0237,PROC_A,card,CA,8719,USD,2026-08-07,PAY-105566,posted
INT-HISTORICAL-005567,2026-08-07T20:06:44,MRC_004,CUST-0133,PROC_C,card,GB,5607,USD,2026-08-07,PAY-105567,posted
INT-HISTORICAL-005568,2026-08-07T20:08:44,MRC_004,CUST-0037,PROC_A,wallet,CA,14414,USD,2026-08-07,PAY-105568,posted
INT-HISTORICAL-005569,2026-08-07T20:10:58,MRC_004,CUST-0022,PROC_B,wire,CA,3547,EUR,2026-08-07,PAY-105569,posted
INT-HISTORICAL-005570,2026-08-07T20:13:53,MRC_005,CUST-0181,PROC_A,wallet,US,49714,EUR,2026-08-07,PAY-105570,posted
INT-HISTORICAL-005571,2026-08-07T20:16:44,MRC_002,CUST-0276,PROC_A,wire,US,26678,USD,2026-08-07,PAY-105571,posted
INT-HISTORICAL-005572,2026-08-07T20:19:33,MRC_003,CUST-0343,PROC_A,wire,DE,37877,EUR,2026-08-07,PAY-105572,posted
INT-HISTORICAL-005573,2026-08-07T20:20:23,MRC_002,CUST-0097,PROC_C,ach,US,18995,EUR,2026-08-07,PAY-105573,posted
INT-HISTORICAL-005574,2026-08-07T20:21:33,MRC_001,CUST-0136,PROC_B,card,US,6654,USD,2026-08-07,PAY-105574,posted
INT-HISTORICAL-005575,2026-08-07T20:22:27,MRC_003,CUST-0015,PROC_C,wire,DE,3229,USD,2026-08-07,PAY-105575,posted
INT-HISTORICAL-005576,2026-08-07T20:25:16,MRC_003,CUST-0291,PROC_C,wire,DE,20433,USD,2026-08-07,PAY-105576,posted
INT-HISTORICAL-005577,2026-08-07T20:25:46,MRC_001,CUST-0301,PROC_C,wire,GB,4479,USD,2026-08-07,PAY-105577,posted
INT-HISTORICAL-005578,2026-08-07T20:28:08,MRC_004,CUST-0247,PROC_A,wire,CA,13730,EUR,2026-08-07,PAY-105578,posted
INT-HISTORICAL-005579,2026-08-07T20:29:58,MRC_005,CUST-0300,PROC_B,ach,GB,20781,GBP,2026-08-07,PAY-105579,posted
INT-HISTORICAL-005580,2026-08-07T20:31:29,MRC_004,CUST-0294,PROC_C,ach,US,30846,USD,2026-08-07,PAY-105580,posted
INT-HISTORICAL-005581,2026-08-07T20:32:53,MRC_002,CUST-0332,PROC_C,wallet,US,2620,USD,2026-08-07,PAY-105581,posted
INT-HISTORICAL-005582,2026-08-07T20:33:33,MRC_005,CUST-0344,PROC_B,ach,US,11139,USD,2026-08-07,PAY-105582,posted
INT-HISTORICAL-005583,2026-08-07T20:35:14,MRC_005,CUST-0387,PROC_C,ach,DE,22562,GBP,2026-08-07,PAY-105583,posted
INT-HISTORICAL-005584,2026-08-07T20:36:56,MRC_001,CUST-0364,PROC_A,ach,US,5024,EUR,2026-08-07,PAY-105584,posted
INT-HISTORICAL-005585,2026-08-07T20:39:20,MRC_005,CUST-0032,PROC_B,ach,US,32798,USD,2026-08-07,PAY-105585,posted
INT-HISTORICAL-005586,2026-08-07T20:40:54,MRC_005,CUST-0360,PROC_B,card,US,7633,GBP,2026-08-07,PAY-105586,posted
INT-HISTORICAL-005587,2026-08-07T20:42:15,MRC_005,CUST-0241,PROC_B,wire,US,10578,USD,2026-08-07,PAY-105587,posted
INT-HISTORICAL-005588,2026-08-07T20:43:26,MRC_004,CUST-0001,PROC_C,wire,CA,13471,USD,2026-08-07,PAY-105588,posted
INT-HISTORICAL-005589,2026-08-07T20:44:32,MRC_004,CUST-0053,PROC_C,ach,US,3027,USD,2026-08-07,PAY-105589,posted
INT-HISTORICAL-005590,2026-08-07T20:46:39,MRC_003,CUST-0072,PROC_C,ach,US,1581,GBP,2026-08-07,PAY-105590,posted
INT-HISTORICAL-005591,2026-08-07T20:47:41,MRC_002,CUST-0237,PROC_B,wallet,US,63906,USD,2026-08-07,PAY-105591,posted
INT-HISTORICAL-005592,2026-08-07T20:50:01,MRC_005,CUST-0250,PROC_A,wallet,US,2788,USD,2026-08-07,PAY-105592,posted
INT-HISTORICAL-005593,2026-08-07T20:50:34,MRC_005,CUST-0257,PROC_C,ach,CA,20534,USD,2026-08-07,PAY-105593,posted
INT-HISTORICAL-005594,2026-08-07T20:52:33,MRC_001,CUST-0121,PROC_B,card,US,17929,USD,2026-08-07,PAY-105594,posted
INT-HISTORICAL-005595,2026-08-07T20:52:55,MRC_004,CUST-0094,PROC_A,wallet,US,16045,USD,2026-08-07,PAY-105595,posted
INT-HISTORICAL-005596,2026-08-07T20:54:17,MRC_004,CUST-0392,PROC_C,ach,US,2426,USD,2026-08-07,PAY-105596,posted
INT-HISTORICAL-005597,2026-08-07T20:56:24,MRC_005,CUST-0144,PROC_A,ach,CA,9973,GBP,2026-08-07,PAY-105597,posted
INT-HISTORICAL-005598,2026-08-07T20:57:24,MRC_002,CUST-0079,PROC_B,wallet,CA,13627,USD,2026-08-07,PAY-105598,posted
INT-HISTORICAL-005599,2026-08-07T21:00:19,MRC_001,CUST-0254,PROC_B,ach,US,49692,GBP,2026-08-07,PAY-105599,posted
INT-HISTORICAL-005600,2026-08-07T21:01:05,MRC_005,CUST-0085,PROC_A,card,GB,883,EUR,2026-08-07,PAY-105600,posted
INT-HISTORICAL-005601,2026-08-07T21:03:41,MRC_004,CUST-0259,PROC_B,wire,US,12399,USD,2026-08-07,PAY-105601,posted
INT-HISTORICAL-005602,2026-08-07T21:04:41,MRC_001,CUST-0319,PROC_C,wire,DE,9155,GBP,2026-08-07,PAY-105602,posted
INT-HISTORICAL-005603,2026-08-07T21:07:29,MRC_002,CUST-0292,PROC_B,wire,CA,13131,USD,2026-08-07,PAY-105603,posted
INT-HISTORICAL-005604,2026-08-07T21:08:12,MRC_004,CUST-0353,PROC_B,ach,GB,21039,USD,2026-08-07,PAY-105604,posted
INT-HISTORICAL-005605,2026-08-07T21:09:15,MRC_003,CUST-0131,PROC_C,card,GB,34902,EUR,2026-08-07,PAY-105605,posted
INT-HISTORICAL-005606,2026-08-07T21:09:41,MRC_004,CUST-0011,PROC_C,wallet,CA,15088,GBP,2026-08-07,PAY-105606,posted
INT-HISTORICAL-005607,2026-08-07T21:10:47,MRC_004,CUST-0302,PROC_B,wallet,US,16343,USD,2026-08-07,PAY-105607,posted
INT-HISTORICAL-005608,2026-08-07T21:12:20,MRC_003,CUST-0185,PROC_C,wallet,GB,21676,USD,2026-08-07,PAY-105608,posted
INT-HISTORICAL-005609,2026-08-07T21:15:08,MRC_005,CUST-0283,PROC_C,wallet,US,28443,GBP,2026-08-07,PAY-105609,posted
INT-HISTORICAL-005610,2026-08-07T21:17:20,MRC_003,CUST-0293,PROC_B,ach,DE,4709,GBP,2026-08-07,PAY-105610,posted
INT-HISTORICAL-005611,2026-08-07T21:19:50,MRC_005,CUST-0241,PROC_C,wallet,US,9493,USD,2026-08-07,PAY-105611,posted
INT-HISTORICAL-005612,2026-08-07T21:22:09,MRC_003,CUST-0087,PROC_A,ach,US,67083,EUR,2026-08-07,PAY-105612,posted
INT-HISTORICAL-005613,2026-08-07T21:25:08,MRC_003,CUST-0147,PROC_B,card,US,3202,EUR,2026-08-07,PAY-105613,posted
INT-HISTORICAL-005614,2026-08-07T21:26:57,MRC_001,CUST-0244,PROC_C,wire,CA,18546,EUR,2026-08-07,PAY-105614,posted
INT-HISTORICAL-005615,2026-08-07T21:29:22,MRC_001,CUST-0399,PROC_A,card,US,9675,USD,2026-08-07,PAY-105615,posted
INT-HISTORICAL-005616,2026-08-07T21:31:29,MRC_003,CUST-0102,PROC_C,wallet,US,23255,USD,2026-08-07,PAY-105616,posted
INT-HISTORICAL-005617,2026-08-07T21:31:59,MRC_004,CUST-0362,PROC_C,card,US,4719,USD,2026-08-07,PAY-105617,posted
INT-HISTORICAL-005618,2026-08-07T21:34:37,MRC_001,CUST-0042,PROC_B,card,GB,2555,GBP,2026-08-07,PAY-105618,posted
INT-HISTORICAL-005619,2026-08-07T21:37:05,MRC_003,CUST-0296,PROC_B,wire,GB,12613,USD,2026-08-07,PAY-105619,posted
INT-HISTORICAL-005620,2026-08-07T21:39:57,MRC_005,CUST-0220,PROC_B,ach,GB,28048,USD,2026-08-07,PAY-105620,posted
INT-HISTORICAL-005621,2026-08-07T21:41:01,MRC_001,CUST-0336,PROC_A,ach,CA,7660,EUR,2026-08-07,PAY-105621,posted
INT-HISTORICAL-005622,2026-08-07T21:41:51,MRC_001,CUST-0235,PROC_A,card,GB,6182,EUR,2026-08-07,PAY-105622,posted
INT-HISTORICAL-005623,2026-08-07T21:42:41,MRC_001,CUST-0046,PROC_B,ach,DE,21888,USD,2026-08-07,PAY-105623,posted
INT-HISTORICAL-005624,2026-08-07T21:45:39,MRC_003,CUST-0263,PROC_A,wire,US,26982,USD,2026-08-07,PAY-105624,posted
INT-HISTORICAL-005625,2026-08-07T21:47:15,MRC_002,CUST-0322,PROC_C,card,US,17914,USD,2026-08-07,PAY-105625,posted
INT-HISTORICAL-005626,2026-08-07T21:49:59,MRC_005,CUST-0197,PROC_A,wire,CA,14641,USD,2026-08-07,PAY-105626,posted
INT-HISTORICAL-005627,2026-08-07T21:52:52,MRC_003,CUST-0109,PROC_B,ach,GB,8835,EUR,2026-08-07,PAY-105627,posted
INT-HISTORICAL-005628,2026-08-07T21:55:16,MRC_005,CUST-0318,PROC_A,wallet,GB,21840,USD,2026-08-07,PAY-105628,posted
INT-HISTORICAL-005629,2026-08-07T21:56:41,MRC_002,CUST-0054,PROC_A,wire,GB,2106,USD,2026-08-07,PAY-105629,posted
INT-HISTORICAL-005630,2026-08-07T21:57:37,MRC_004,CUST-0060,PROC_C,card,US,22637,USD,2026-08-07,PAY-105630,posted
INT-HISTORICAL-005631,2026-08-07T21:58:57,MRC_005,CUST-0348,PROC_B,ach,DE,62508,GBP,2026-08-07,PAY-105631,posted
INT-HISTORICAL-005632,2026-08-07T22:00:28,MRC_003,CUST-0281,PROC_B,ach,GB,8318,EUR,2026-08-07,PAY-105632,posted
INT-HISTORICAL-005633,2026-08-07T22:01:12,MRC_005,CUST-0295,PROC_B,wallet,US,41792,EUR,2026-08-07,PAY-105633,posted
INT-HISTORICAL-005634,2026-08-07T22:02:59,MRC_003,CUST-0056,PROC_A,wire,CA,14600,USD,2026-08-07,PAY-105634,posted
INT-HISTORICAL-005635,2026-08-07T22:03:50,MRC_001,CUST-0155,PROC_C,ach,GB,168380,USD,2026-08-07,PAY-105635,posted
INT-HISTORICAL-005636,2026-08-07T22:06:43,MRC_004,CUST-0096,PROC_B,card,DE,26662,USD,2026-08-07,PAY-105636,posted
INT-HISTORICAL-005637,2026-08-07T22:09:24,MRC_001,CUST-0001,PROC_A,card,US,5505,USD,2026-08-07,PAY-105637,posted
INT-HISTORICAL-005638,2026-08-07T22:09:48,MRC_002,CUST-0294,PROC_A,ach,US,1322,GBP,2026-08-07,PAY-105638,posted
INT-HISTORICAL-005639,2026-08-07T22:11:22,MRC_001,CUST-0011,PROC_A,wire,CA,2912,USD,2026-08-07,PAY-105639,posted
INT-HISTORICAL-005640,2026-08-07T22:11:44,MRC_004,CUST-0126,PROC_C,wire,US,26304,USD,2026-08-07,PAY-105640,posted
INT-HISTORICAL-005641,2026-08-07T22:14:36,MRC_002,CUST-0148,PROC_A,wallet,CA,7132,EUR,2026-08-07,PAY-105641,posted
INT-HISTORICAL-005642,2026-08-07T22:15:20,MRC_002,CUST-0109,PROC_C,wallet,DE,9322,USD,2026-08-07,PAY-105642,posted
INT-HISTORICAL-005643,2026-08-07T22:16:15,MRC_003,CUST-0212,PROC_C,wallet,US,12642,USD,2026-08-07,PAY-105643,posted
INT-HISTORICAL-005644,2026-08-07T22:19:05,MRC_002,CUST-0037,PROC_A,wallet,GB,20536,USD,2026-08-07,PAY-105644,posted
INT-HISTORICAL-005645,2026-08-07T22:19:42,MRC_005,CUST-0335,PROC_B,wallet,CA,4813,GBP,2026-08-07,PAY-105645,posted
INT-HISTORICAL-005646,2026-08-07T22:21:01,MRC_002,CUST-0391,PROC_C,card,US,113114,USD,2026-08-07,PAY-105646,posted
INT-HISTORICAL-005647,2026-08-07T22:21:27,MRC_003,CUST-0400,PROC_A,ach,US,13010,USD,2026-08-07,PAY-105647,posted
INT-HISTORICAL-005648,2026-08-07T22:23:45,MRC_003,CUST-0194,PROC_B,ach,CA,7228,USD,2026-08-07,PAY-105648,posted
INT-HISTORICAL-005649,2026-08-07T22:24:33,MRC_001,CUST-0389,PROC_B,wallet,US,2684,USD,2026-08-07,PAY-105649,posted
INT-HISTORICAL-005650,2026-08-07T22:27:10,MRC_005,CUST-0078,PROC_B,card,US,27683,USD,2026-08-07,PAY-105650,posted
INT-HISTORICAL-005651,2026-08-07T22:29:36,MRC_003,CUST-0157,PROC_A,ach,US,7058,USD,2026-08-07,PAY-105651,posted
INT-HISTORICAL-005652,2026-08-07T22:29:56,MRC_003,CUST-0302,PROC_B,ach,DE,21105,GBP,2026-08-07,PAY-105652,posted
INT-HISTORICAL-005653,2026-08-07T22:32:31,MRC_002,CUST-0005,PROC_A,wire,GB,25639,EUR,2026-08-07,PAY-105653,posted
INT-HISTORICAL-005654,2026-08-07T22:33:40,MRC_005,CUST-0136,PROC_B,ach,CA,5218,USD,2026-08-07,PAY-105654,posted
INT-HISTORICAL-005655,2026-08-07T22:34:45,MRC_001,CUST-0288,PROC_B,ach,CA,6102,USD,2026-08-07,PAY-105655,posted
INT-HISTORICAL-005656,2026-08-07T22:37:26,MRC_004,CUST-0179,PROC_B,card,US,6227,USD,2026-08-07,PAY-105656,posted
INT-HISTORICAL-005657,2026-08-07T22:39:33,MRC_005,CUST-0343,PROC_B,ach,US,38104,USD,2026-08-07,PAY-105657,posted
INT-HISTORICAL-005658,2026-08-07T22:42:11,MRC_005,CUST-0040,PROC_A,card,DE,4250,USD,2026-08-07,PAY-105658,posted
INT-HISTORICAL-005659,2026-08-07T22:43:26,MRC_005,CUST-0322,PROC_B,wire,GB,52281,GBP,2026-08-07,PAY-105659,posted
INT-HISTORICAL-005660,2026-08-07T22:45:57,MRC_001,CUST-0291,PROC_C,ach,US,10897,USD,2026-08-07,PAY-105660,posted
INT-HISTORICAL-005661,2026-08-07T22:47:15,MRC_005,CUST-0024,PROC_B,card,GB,9657,USD,2026-08-07,PAY-105661,posted
INT-HISTORICAL-005662,2026-08-07T22:50:00,MRC_005,CUST-0056,PROC_A,wire,DE,3003,USD,2026-08-07,PAY-105662,posted
INT-HISTORICAL-005663,2026-08-07T22:51:57,MRC_003,CUST-0169,PROC_A,wire,DE,40736,GBP,2026-08-07,PAY-105663,posted
INT-HISTORICAL-005664,2026-08-07T22:52:25,MRC_002,CUST-0337,PROC_C,wire,DE,4674,EUR,2026-08-07,PAY-105664,posted
INT-HISTORICAL-005665,2026-08-07T22:52:45,MRC_002,CUST-0171,PROC_A,ach,GB,4125,EUR,2026-08-07,PAY-105665,posted
INT-HISTORICAL-005666,2026-08-07T22:55:31,MRC_004,CUST-0076,PROC_C,ach,CA,14838,EUR,2026-08-07,PAY-105666,posted
INT-HISTORICAL-005667,2026-08-07T22:56:08,MRC_005,CUST-0307,PROC_A,card,US,2932,USD,2026-08-07,PAY-105667,posted
INT-HISTORICAL-005668,2026-08-07T22:59:06,MRC_005,CUST-0189,PROC_B,card,US,5520,USD,2026-08-07,PAY-105668,posted
INT-HISTORICAL-005669,2026-08-07T22:59:31,MRC_001,CUST-0240,PROC_C,wallet,US,4290,USD,2026-08-07,PAY-105669,posted
INT-HISTORICAL-005670,2026-08-07T23:01:49,MRC_001,CUST-0030,PROC_B,wire,GB,11880,USD,2026-08-07,PAY-105670,posted
INT-HISTORICAL-005671,2026-08-07T23:02:19,MRC_005,CUST-0280,PROC_B,ach,GB,14712,USD,2026-08-07,PAY-105671,posted
INT-HISTORICAL-005672,2026-08-07T23:04:49,MRC_004,CUST-0328,PROC_A,wallet,DE,29799,USD,2026-08-07,PAY-105672,posted
INT-HISTORICAL-005673,2026-08-07T23:07:26,MRC_003,CUST-0396,PROC_C,ach,CA,30898,GBP,2026-08-07,PAY-105673,posted
INT-HISTORICAL-005674,2026-08-07T23:08:59,MRC_001,CUST-0355,PROC_A,ach,US,35453,USD,2026-08-07,PAY-105674,posted
INT-HISTORICAL-005675,2026-08-07T23:11:18,MRC_002,CUST-0387,PROC_B,ach,CA,28170,GBP,2026-08-07,PAY-105675,posted
INT-HISTORICAL-005676,2026-08-07T23:14:15,MRC_001,CUST-0250,PROC_C,card,DE,66673,USD,2026-08-07,PAY-105676,posted
INT-HISTORICAL-005677,2026-08-07T23:15:18,MRC_001,CUST-0110,PROC_A,card,US,27172,USD,2026-08-07,PAY-105677,posted
INT-HISTORICAL-005678,2026-08-07T23:18:08,MRC_001,CUST-0315,PROC_A,ach,US,20933,USD,2026-08-07,PAY-105678,posted
INT-HISTORICAL-005679,2026-08-07T23:19:26,MRC_005,CUST-0157,PROC_A,ach,US,4173,EUR,2026-08-07,PAY-105679,posted
INT-HISTORICAL-005680,2026-08-07T23:21:18,MRC_003,CUST-0121,PROC_C,card,US,2060,USD,2026-08-07,PAY-105680,posted
INT-HISTORICAL-005681,2026-08-07T23:22:38,MRC_003,CUST-0233,PROC_C,wallet,DE,12356,EUR,2026-08-07,PAY-105681,posted
INT-HISTORICAL-005682,2026-08-07T23:23:32,MRC_005,CUST-0063,PROC_B,wallet,US,6237,USD,2026-08-07,PAY-105682,posted
INT-HISTORICAL-005683,2026-08-07T23:24:55,MRC_002,CUST-0138,PROC_C,card,US,1361,USD,2026-08-07,PAY-105683,posted
INT-HISTORICAL-005684,2026-08-07T23:25:24,MRC_004,CUST-0351,PROC_B,ach,US,15349,GBP,2026-08-07,PAY-105684,posted
INT-HISTORICAL-005685,2026-08-07T23:27:45,MRC_002,CUST-0399,PROC_B,ach,GB,3675,USD,2026-08-07,PAY-105685,posted
INT-HISTORICAL-005686,2026-08-07T23:28:24,MRC_004,CUST-0369,PROC_A,wallet,CA,4148,USD,2026-08-07,PAY-105686,posted
INT-HISTORICAL-005687,2026-08-07T23:30:45,MRC_005,CUST-0270,PROC_C,wire,CA,6110,EUR,2026-08-07,PAY-105687,posted
INT-HISTORICAL-005688,2026-08-07T23:33:24,MRC_001,CUST-0210,PROC_C,card,US,6261,USD,2026-08-07,PAY-105688,posted
INT-HISTORICAL-005689,2026-08-07T23:35:49,MRC_004,CUST-0214,PROC_A,card,CA,7188,USD,2026-08-07,PAY-105689,posted
INT-HISTORICAL-005690,2026-08-07T23:38:48,MRC_005,CUST-0085,PROC_C,card,US,1734,EUR,2026-08-07,PAY-105690,posted
INT-HISTORICAL-005691,2026-08-07T23:39:44,MRC_003,CUST-0318,PROC_A,wallet,CA,15547,USD,2026-08-07,PAY-105691,posted
INT-HISTORICAL-005692,2026-08-07T23:41:19,MRC_005,CUST-0349,PROC_C,wallet,US,8097,GBP,2026-08-07,PAY-105692,posted
INT-HISTORICAL-005693,2026-08-07T23:44:18,MRC_001,CUST-0175,PROC_B,wallet,US,62717,GBP,2026-08-07,PAY-105693,posted
INT-HISTORICAL-005694,2026-08-07T23:44:56,MRC_001,CUST-0194,PROC_A,wire,US,10608,GBP,2026-08-07,PAY-105694,posted
INT-HISTORICAL-005695,2026-08-07T23:47:27,MRC_002,CUST-0061,PROC_A,wallet,GB,4262,USD,2026-08-07,PAY-105695,posted
INT-HISTORICAL-005696,2026-08-07T23:50:19,MRC_005,CUST-0286,PROC_C,card,US,13077,EUR,2026-08-07,PAY-105696,posted
INT-HISTORICAL-005697,2026-08-07T23:51:33,MRC_003,CUST-0003,PROC_B,ach,US,15998,EUR,2026-08-07,PAY-105697,posted
INT-HISTORICAL-005698,2026-08-07T23:54:23,MRC_005,CUST-0387,PROC_C,wallet,GB,13638,USD,2026-08-07,PAY-105698,posted
INT-HISTORICAL-005699,2026-08-07T23:55:34,MRC_001,CUST-0041,PROC_C,card,US,2489,USD,2026-08-07,PAY-105699,posted
INT-HISTORICAL-005700,2026-08-07T23:56:52,MRC_002,CUST-0220,PROC_B,card,US,7613,GBP,2026-08-07,PAY-105700,posted
INT-HISTORICAL-005701,2026-08-07T23:58:07,MRC_003,CUST-0148,PROC_A,wire,US,6883,EUR,2026-08-07,PAY-105701,posted
INT-HISTORICAL-005702,2026-08-08T00:01:03,MRC_005,CUST-0148,PROC_B,ach,US,16428,USD,2026-08-08,PAY-105702,posted
INT-HISTORICAL-005703,2026-08-08T00:03:14,MRC_005,CUST-0314,PROC_B,wallet,DE,11086,USD,2026-08-08,PAY-105703,posted
INT-HISTORICAL-005704,2026-08-08T00:04:53,MRC_004,CUST-0227,PROC_C,wallet,US,66052,USD,2026-08-08,PAY-105704,posted
INT-HISTORICAL-005705,2026-08-08T00:05:34,MRC_004,CUST-0070,PROC_B,wallet,GB,31205,USD,2026-08-08,PAY-105705,posted
INT-HISTORICAL-005706,2026-08-08T00:06:51,MRC_001,CUST-0350,PROC_B,wire,US,28685,USD,2026-08-08,PAY-105706,posted
INT-HISTORICAL-005707,2026-08-08T00:09:29,MRC_005,CUST-0157,PROC_B,card,GB,6157,USD,2026-08-08,PAY-105707,posted
INT-HISTORICAL-005708,2026-08-08T00:10:47,MRC_001,CUST-0069,PROC_B,wire,US,11852,EUR,2026-08-08,PAY-105708,posted
INT-HISTORICAL-005709,2026-08-08T00:11:40,MRC_002,CUST-0257,PROC_B,wire,CA,11691,USD,2026-08-08,PAY-105709,posted
INT-HISTORICAL-005710,2026-08-08T00:14:40,MRC_001,CUST-0337,PROC_B,ach,CA,16638,GBP,2026-08-08,PAY-105710,posted
INT-HISTORICAL-005711,2026-08-08T00:16:24,MRC_001,CUST-0159,PROC_A,card,US,19172,EUR,2026-08-08,PAY-105711,posted
INT-HISTORICAL-005712,2026-08-08T00:17:31,MRC_003,CUST-0112,PROC_A,wallet,US,13504,USD,2026-08-08,PAY-105712,posted
INT-HISTORICAL-005713,2026-08-08T00:18:08,MRC_002,CUST-0174,PROC_C,wallet,US,7249,GBP,2026-08-08,PAY-105713,posted
INT-HISTORICAL-005714,2026-08-08T00:20:53,MRC_005,CUST-0183,PROC_C,ach,US,17559,USD,2026-08-08,PAY-105714,posted
INT-HISTORICAL-005715,2026-08-08T00:23:40,MRC_003,CUST-0395,PROC_B,ach,DE,24257,GBP,2026-08-08,PAY-105715,posted
INT-HISTORICAL-005716,2026-08-08T00:24:01,MRC_004,CUST-0279,PROC_A,wire,US,6669,USD,2026-08-08,PAY-105716,posted
INT-HISTORICAL-005717,2026-08-08T00:26:03,MRC_005,CUST-0085,PROC_C,wallet,US,5746,USD,2026-08-08,PAY-105717,posted
INT-HISTORICAL-005718,2026-08-08T00:28:55,MRC_003,CUST-0198,PROC_C,wallet,US,8000,EUR,2026-08-08,PAY-105718,posted
INT-HISTORICAL-005719,2026-08-08T00:29:20,MRC_004,CUST-0210,PROC_B,wire,US,28734,USD,2026-08-08,PAY-105719,posted
INT-HISTORICAL-005720,2026-08-08T00:30:32,MRC_002,CUST-0233,PROC_B,ach,DE,11307,USD,2026-08-08,PAY-105720,posted
INT-HISTORICAL-005721,2026-08-08T00:33:08,MRC_003,CUST-0085,PROC_B,wallet,US,10927,GBP,2026-08-08,PAY-105721,posted
INT-HISTORICAL-005722,2026-08-08T00:35:15,MRC_004,CUST-0316,PROC_B,card,GB,5917,USD,2026-08-08,PAY-105722,posted
INT-HISTORICAL-005723,2026-08-08T00:36:14,MRC_002,CUST-0023,PROC_B,card,DE,13587,USD,2026-08-08,PAY-105723,posted
INT-HISTORICAL-005724,2026-08-08T00:38:21,MRC_004,CUST-0045,PROC_C,ach,US,7666,GBP,2026-08-08,PAY-105724,posted
INT-HISTORICAL-005725,2026-08-08T00:39:46,MRC_005,CUST-0179,PROC_B,wallet,DE,28783,USD,2026-08-08,PAY-105725,posted
INT-HISTORICAL-005726,2026-08-08T00:41:26,MRC_005,CUST-0397,PROC_B,card,CA,12684,GBP,2026-08-08,PAY-105726,posted
INT-HISTORICAL-005727,2026-08-08T00:43:40,MRC_002,CUST-0143,PROC_B,card,US,7588,GBP,2026-08-08,PAY-105727,posted
INT-HISTORICAL-005728,2026-08-08T00:44:00,MRC_001,CUST-0178,PROC_A,card,DE,14622,GBP,2026-08-08,PAY-105728,posted
INT-HISTORICAL-005729,2026-08-08T00:44:45,MRC_004,CUST-0203,PROC_A,wallet,CA,10299,EUR,2026-08-08,PAY-105729,posted
INT-HISTORICAL-005730,2026-08-08T00:47:27,MRC_005,CUST-0056,PROC_C,ach,US,55782,USD,2026-08-08,PAY-105730,posted
INT-HISTORICAL-005731,2026-08-08T00:48:45,MRC_004,CUST-0245,PROC_B,ach,US,3503,USD,2026-08-08,PAY-105731,posted
INT-HISTORICAL-005732,2026-08-08T00:50:10,MRC_004,CUST-0154,PROC_C,wallet,DE,55713,USD,2026-08-08,PAY-105732,posted
INT-HISTORICAL-005733,2026-08-08T00:53:05,MRC_001,CUST-0308,PROC_B,wallet,DE,7585,USD,2026-08-08,PAY-105733,posted
INT-HISTORICAL-005734,2026-08-08T00:56:03,MRC_004,CUST-0108,PROC_B,wallet,GB,23818,USD,2026-08-08,PAY-105734,posted
INT-HISTORICAL-005735,2026-08-08T00:58:28,MRC_001,CUST-0202,PROC_C,ach,DE,25514,EUR,2026-08-08,PAY-105735,posted
INT-HISTORICAL-005736,2026-08-08T01:01:18,MRC_002,CUST-0255,PROC_B,wire,GB,43988,GBP,2026-08-08,PAY-105736,posted
INT-HISTORICAL-005737,2026-08-08T01:01:52,MRC_004,CUST-0230,PROC_C,wire,US,21419,GBP,2026-08-08,PAY-105737,posted
INT-HISTORICAL-005738,2026-08-08T01:04:25,MRC_002,CUST-0038,PROC_C,wire,US,36879,USD,2026-08-08,PAY-105738,posted
INT-HISTORICAL-005739,2026-08-08T01:06:28,MRC_005,CUST-0085,PROC_C,wallet,US,4374,GBP,2026-08-08,PAY-105739,posted
INT-HISTORICAL-005740,2026-08-08T01:07:00,MRC_001,CUST-0054,PROC_A,wire,DE,34495,USD,2026-08-08,PAY-105740,posted
INT-HISTORICAL-005741,2026-08-08T01:08:28,MRC_005,CUST-0287,PROC_A,wire,GB,26981,GBP,2026-08-08,PAY-105741,posted
INT-HISTORICAL-005742,2026-08-08T01:09:38,MRC_005,CUST-0352,PROC_B,wallet,GB,25193,USD,2026-08-08,PAY-105742,posted
INT-HISTORICAL-005743,2026-08-08T01:09:59,MRC_004,CUST-0079,PROC_A,card,US,12389,USD,2026-08-08,PAY-105743,posted
INT-HISTORICAL-005744,2026-08-08T01:12:34,MRC_003,CUST-0017,PROC_C,ach,US,26285,USD,2026-08-08,PAY-105744,posted
INT-HISTORICAL-005745,2026-08-08T01:13:44,MRC_002,CUST-0065,PROC_A,ach,CA,38705,EUR,2026-08-08,PAY-105745,posted
INT-HISTORICAL-005746,2026-08-08T01:15:20,MRC_001,CUST-0133,PROC_C,wire,US,2008,GBP,2026-08-08,PAY-105746,posted
INT-HISTORICAL-005747,2026-08-08T01:16:16,MRC_005,CUST-0063,PROC_A,wire,CA,14671,USD,2026-08-08,PAY-105747,posted
INT-HISTORICAL-005748,2026-08-08T01:18:54,MRC_005,CUST-0197,PROC_C,ach,DE,2970,USD,2026-08-08,PAY-105748,posted
INT-HISTORICAL-005749,2026-08-08T01:20:49,MRC_003,CUST-0342,PROC_B,card,GB,38886,USD,2026-08-08,PAY-105749,posted
INT-HISTORICAL-005750,2026-08-08T01:22:34,MRC_003,CUST-0332,PROC_B,wire,US,3349,USD,2026-08-08,PAY-105750,posted
INT-HISTORICAL-005751,2026-08-08T01:24:46,MRC_003,CUST-0105,PROC_A,wallet,CA,5126,EUR,2026-08-08,PAY-105751,posted
INT-HISTORICAL-005752,2026-08-08T01:25:26,MRC_004,CUST-0276,PROC_B,wallet,US,7769,EUR,2026-08-08,PAY-105752,posted
INT-HISTORICAL-005753,2026-08-08T01:27:19,MRC_003,CUST-0313,PROC_C,ach,US,86676,EUR,2026-08-08,PAY-105753,posted
INT-HISTORICAL-005754,2026-08-08T01:28:13,MRC_002,CUST-0162,PROC_A,card,US,31723,EUR,2026-08-08,PAY-105754,posted
INT-HISTORICAL-005755,2026-08-08T01:31:01,MRC_002,CUST-0375,PROC_A,ach,US,39120,USD,2026-08-08,PAY-105755,posted
INT-HISTORICAL-005756,2026-08-08T01:31:36,MRC_005,CUST-0141,PROC_C,ach,CA,6160,GBP,2026-08-08,PAY-105756,posted
INT-HISTORICAL-005757,2026-08-08T01:32:55,MRC_005,CUST-0364,PROC_A,wire,US,73619,USD,2026-08-08,PAY-105757,posted
INT-HISTORICAL-005758,2026-08-08T01:34:20,MRC_004,CUST-0302,PROC_B,wire,GB,2208,USD,2026-08-08,PAY-105758,posted
INT-HISTORICAL-005759,2026-08-08T01:35:37,MRC_002,CUST-0042,PROC_C,wire,DE,8893,USD,2026-08-08,PAY-105759,posted
INT-HISTORICAL-005760,2026-08-08T01:36:34,MRC_001,CUST-0355,PROC_A,card,US,21560,EUR,2026-08-08,PAY-105760,posted
INT-HISTORICAL-005761,2026-08-08T01:39:22,MRC_002,CUST-0196,PROC_B,card,US,3813,USD,2026-08-08,PAY-105761,posted
INT-HISTORICAL-005762,2026-08-08T01:41:13,MRC_004,CUST-0270,PROC_C,wallet,GB,5005,USD,2026-08-08,PAY-105762,posted
INT-HISTORICAL-005763,2026-08-08T01:42:24,MRC_001,CUST-0373,PROC_C,ach,US,27530,USD,2026-08-08,PAY-105763,posted
INT-HISTORICAL-005764,2026-08-08T01:45:16,MRC_001,CUST-0385,PROC_B,wire,CA,5462,USD,2026-08-08,PAY-105764,posted
INT-HISTORICAL-005765,2026-08-08T01:46:58,MRC_002,CUST-0227,PROC_B,card,US,25219,GBP,2026-08-08,PAY-105765,posted
INT-HISTORICAL-005766,2026-08-08T01:48:52,MRC_001,CUST-0194,PROC_B,wallet,GB,5422,USD,2026-08-08,PAY-105766,posted
INT-HISTORICAL-005767,2026-08-08T01:51:18,MRC_004,CUST-0357,PROC_A,ach,DE,22148,GBP,2026-08-08,PAY-105767,posted
INT-HISTORICAL-005768,2026-08-08T01:53:17,MRC_003,CUST-0079,PROC_A,card,GB,46884,USD,2026-08-08,PAY-105768,posted
INT-HISTORICAL-005769,2026-08-08T01:55:05,MRC_005,CUST-0153,PROC_A,card,US,7475,USD,2026-08-08,PAY-105769,posted
INT-HISTORICAL-005770,2026-08-08T01:56:26,MRC_005,CUST-0013,PROC_A,ach,US,8865,USD,2026-08-08,PAY-105770,posted
INT-HISTORICAL-005771,2026-08-08T01:58:00,MRC_002,CUST-0236,PROC_A,card,CA,1222,EUR,2026-08-08,PAY-105771,posted
INT-HISTORICAL-005772,2026-08-08T02:00:57,MRC_004,CUST-0052,PROC_C,wire,US,2906,EUR,2026-08-08,PAY-105772,posted
INT-HISTORICAL-005773,2026-08-08T02:02:17,MRC_001,CUST-0074,PROC_C,ach,GB,13017,USD,2026-08-08,PAY-105773,posted
INT-HISTORICAL-005774,2026-08-08T02:05:15,MRC_003,CUST-0220,PROC_C,ach,US,7234,USD,2026-08-08,PAY-105774,posted
INT-HISTORICAL-005775,2026-08-08T02:07:05,MRC_004,CUST-0210,PROC_C,card,DE,15668,USD,2026-08-08,PAY-105775,posted
INT-HISTORICAL-005776,2026-08-08T02:08:06,MRC_003,CUST-0255,PROC_C,card,US,1560,USD,2026-08-08,PAY-105776,posted
INT-HISTORICAL-005777,2026-08-08T02:09:00,MRC_002,CUST-0032,PROC_C,wallet,US,9166,GBP,2026-08-08,PAY-105777,posted
INT-HISTORICAL-005778,2026-08-08T02:11:16,MRC_003,CUST-0062,PROC_B,wire,US,2709,EUR,2026-08-08,PAY-105778,posted
INT-HISTORICAL-005779,2026-08-08T02:11:38,MRC_005,CUST-0326,PROC_B,wire,US,27558,USD,2026-08-08,PAY-105779,posted
INT-HISTORICAL-005780,2026-08-08T02:13:19,MRC_003,CUST-0133,PROC_B,wire,US,5562,USD,2026-08-08,PAY-105780,posted
INT-HISTORICAL-005781,2026-08-08T02:15:39,MRC_004,CUST-0360,PROC_A,card,CA,7319,GBP,2026-08-08,PAY-105781,posted
INT-HISTORICAL-005782,2026-08-08T02:16:40,MRC_005,CUST-0257,PROC_C,wire,US,21993,USD,2026-08-08,PAY-105782,posted
INT-HISTORICAL-005783,2026-08-08T02:18:03,MRC_001,CUST-0314,PROC_B,card,GB,17588,USD,2026-08-08,PAY-105783,posted
INT-HISTORICAL-005784,2026-08-08T02:20:16,MRC_001,CUST-0241,PROC_A,wire,US,5835,USD,2026-08-08,PAY-105784,posted
INT-HISTORICAL-005785,2026-08-08T02:20:45,MRC_005,CUST-0195,PROC_A,card,CA,3784,EUR,2026-08-08,PAY-105785,posted
INT-HISTORICAL-005786,2026-08-08T02:22:52,MRC_002,CUST-0245,PROC_A,wire,US,17173,USD,2026-08-08,PAY-105786,posted
INT-HISTORICAL-005787,2026-08-08T02:25:33,MRC_003,CUST-0078,PROC_A,ach,US,23225,EUR,2026-08-08,PAY-105787,posted
INT-HISTORICAL-005788,2026-08-08T02:27:09,MRC_002,CUST-0306,PROC_C,wire,US,10271,USD,2026-08-08,PAY-105788,posted
INT-HISTORICAL-005789,2026-08-08T02:29:16,MRC_001,CUST-0096,PROC_A,wire,DE,34915,EUR,2026-08-08,PAY-105789,posted
INT-HISTORICAL-005790,2026-08-08T02:31:08,MRC_004,CUST-0289,PROC_C,wire,CA,16091,EUR,2026-08-08,PAY-105790,posted
INT-HISTORICAL-005791,2026-08-08T02:34:08,MRC_005,CUST-0226,PROC_C,wallet,US,3022,USD,2026-08-08,PAY-105791,posted
INT-HISTORICAL-005792,2026-08-08T02:35:46,MRC_002,CUST-0358,PROC_B,wire,DE,1313,USD,2026-08-08,PAY-105792,posted
INT-HISTORICAL-005793,2026-08-08T02:37:46,MRC_001,CUST-0041,PROC_A,wallet,CA,3811,USD,2026-08-08,PAY-105793,posted
INT-HISTORICAL-005794,2026-08-08T02:39:54,MRC_003,CUST-0356,PROC_B,wire,US,31971,EUR,2026-08-08,PAY-105794,posted
INT-HISTORICAL-005795,2026-08-08T02:42:27,MRC_001,CUST-0329,PROC_B,wallet,US,3193,EUR,2026-08-08,PAY-105795,posted
INT-HISTORICAL-005796,2026-08-08T02:43:20,MRC_001,CUST-0002,PROC_C,wire,US,4263,EUR,2026-08-08,PAY-105796,posted
INT-HISTORICAL-005797,2026-08-08T02:46:18,MRC_004,CUST-0271,PROC_C,ach,US,10894,USD,2026-08-08,PAY-105797,posted
INT-HISTORICAL-005798,2026-08-08T02:47:59,MRC_005,CUST-0040,PROC_C,wire,CA,38945,USD,2026-08-08,PAY-105798,posted
INT-HISTORICAL-005799,2026-08-08T02:50:48,MRC_002,CUST-0189,PROC_B,wire,US,4205,USD,2026-08-08,PAY-105799,posted
INT-HISTORICAL-005800,2026-08-08T02:52:45,MRC_005,CUST-0068,PROC_A,ach,DE,81168,USD,2026-08-08,PAY-105800,posted
INT-HISTORICAL-005801,2026-08-08T02:55:22,MRC_002,CUST-0296,PROC_B,ach,GB,4397,EUR,2026-08-08,PAY-105801,posted
INT-HISTORICAL-005802,2026-08-08T02:57:48,MRC_003,CUST-0204,PROC_A,card,US,13877,USD,2026-08-08,PAY-105802,posted
INT-HISTORICAL-005803,2026-08-08T03:00:34,MRC_003,CUST-0231,PROC_B,wallet,US,11711,USD,2026-08-08,PAY-105803,posted
INT-HISTORICAL-005804,2026-08-08T03:03:09,MRC_002,CUST-0197,PROC_B,ach,US,13935,GBP,2026-08-08,PAY-105804,posted
INT-HISTORICAL-005805,2026-08-08T03:04:42,MRC_005,CUST-0037,PROC_A,card,DE,117810,GBP,2026-08-08,PAY-105805,posted
INT-HISTORICAL-005806,2026-08-08T03:06:42,MRC_003,CUST-0005,PROC_C,wallet,US,18677,USD,2026-08-08,PAY-105806,posted
INT-HISTORICAL-005807,2026-08-08T03:08:37,MRC_005,CUST-0347,PROC_A,ach,DE,2268,USD,2026-08-08,PAY-105807,posted
INT-HISTORICAL-005808,2026-08-08T03:10:56,MRC_002,CUST-0075,PROC_C,card,CA,10305,USD,2026-08-08,PAY-105808,posted
INT-HISTORICAL-005809,2026-08-08T03:12:03,MRC_003,CUST-0118,PROC_C,wallet,US,5305,USD,2026-08-08,PAY-105809,posted
INT-HISTORICAL-005810,2026-08-08T03:14:26,MRC_001,CUST-0282,PROC_A,wallet,CA,5708,EUR,2026-08-08,PAY-105810,posted
INT-HISTORICAL-005811,2026-08-08T03:15:30,MRC_003,CUST-0198,PROC_C,ach,GB,8606,USD,2026-08-08,PAY-105811,posted
INT-HISTORICAL-005812,2026-08-08T03:17:45,MRC_001,CUST-0329,PROC_B,wallet,US,8546,USD,2026-08-08,PAY-105812,posted
INT-HISTORICAL-005813,2026-08-08T03:19:59,MRC_005,CUST-0085,PROC_C,card,CA,32886,USD,2026-08-08,PAY-105813,posted
INT-HISTORICAL-005814,2026-08-08T03:21:07,MRC_001,CUST-0106,PROC_B,ach,US,64790,GBP,2026-08-08,PAY-105814,posted
INT-HISTORICAL-005815,2026-08-08T03:23:47,MRC_002,CUST-0154,PROC_C,ach,CA,13600,GBP,2026-08-08,PAY-105815,posted
INT-HISTORICAL-005816,2026-08-08T03:26:05,MRC_002,CUST-0168,PROC_B,wallet,US,2341,USD,2026-08-08,PAY-105816,posted
INT-HISTORICAL-005817,2026-08-08T03:28:33,MRC_004,CUST-0138,PROC_B,wire,US,4827,USD,2026-08-08,PAY-105817,posted
INT-HISTORICAL-005818,2026-08-08T03:29:15,MRC_001,CUST-0239,PROC_C,wallet,US,28558,USD,2026-08-08,PAY-105818,posted
INT-HISTORICAL-005819,2026-08-08T03:30:20,MRC_001,CUST-0004,PROC_B,wire,CA,9216,USD,2026-08-08,PAY-105819,posted
INT-HISTORICAL-005820,2026-08-08T03:31:22,MRC_005,CUST-0156,PROC_C,ach,CA,11396,EUR,2026-08-08,PAY-105820,posted
INT-HISTORICAL-005821,2026-08-08T03:31:58,MRC_003,CUST-0237,PROC_C,ach,DE,15961,GBP,2026-08-08,PAY-105821,posted
INT-HISTORICAL-005822,2026-08-08T03:33:11,MRC_002,CUST-0312,PROC_B,card,US,23855,GBP,2026-08-08,PAY-105822,posted
INT-HISTORICAL-005823,2026-08-08T03:35:12,MRC_004,CUST-0260,PROC_A,wire,US,13589,USD,2026-08-08,PAY-105823,posted
INT-HISTORICAL-005824,2026-08-08T03:36:05,MRC_005,CUST-0386,PROC_C,card,US,2672,GBP,2026-08-08,PAY-105824,posted
INT-HISTORICAL-005825,2026-08-08T03:36:59,MRC_002,CUST-0008,PROC_A,ach,GB,13734,USD,2026-08-08,PAY-105825,posted
INT-HISTORICAL-005826,2026-08-08T03:39:30,MRC_001,CUST-0020,PROC_C,wire,US,5742,USD,2026-08-08,PAY-105826,posted
INT-HISTORICAL-005827,2026-08-08T03:40:25,MRC_002,CUST-0348,PROC_B,wallet,CA,3107,GBP,2026-08-08,PAY-105827,posted
INT-HISTORICAL-005828,2026-08-08T03:41:39,MRC_005,CUST-0187,PROC_A,wire,GB,8393,USD,2026-08-08,PAY-105828,posted
INT-HISTORICAL-005829,2026-08-08T03:42:48,MRC_002,CUST-0230,PROC_C,card,US,6023,USD,2026-08-08,PAY-105829,posted
INT-HISTORICAL-005830,2026-08-08T03:43:25,MRC_001,CUST-0106,PROC_A,wire,DE,5158,USD,2026-08-08,PAY-105830,posted
INT-HISTORICAL-005831,2026-08-08T03:45:01,MRC_005,CUST-0156,PROC_B,wallet,DE,23911,USD,2026-08-08,PAY-105831,posted
INT-HISTORICAL-005832,2026-08-08T03:47:53,MRC_003,CUST-0083,PROC_B,wallet,CA,29892,USD,2026-08-08,PAY-105832,posted
INT-HISTORICAL-005833,2026-08-08T03:49:16,MRC_001,CUST-0142,PROC_C,wallet,CA,3129,USD,2026-08-08,PAY-105833,posted
INT-HISTORICAL-005834,2026-08-08T03:49:36,MRC_005,CUST-0121,PROC_C,wallet,US,40980,EUR,2026-08-08,PAY-105834,posted
INT-HISTORICAL-005835,2026-08-08T03:51:50,MRC_004,CUST-0193,PROC_C,ach,US,4072,USD,2026-08-08,PAY-105835,posted
INT-HISTORICAL-005836,2026-08-08T03:53:33,MRC_003,CUST-0349,PROC_B,card,US,25397,EUR,2026-08-08,PAY-105836,posted
INT-HISTORICAL-005837,2026-08-08T03:55:43,MRC_004,CUST-0102,PROC_C,wallet,GB,8329,EUR,2026-08-08,PAY-105837,posted
INT-HISTORICAL-005838,2026-08-08T03:58:13,MRC_002,CUST-0141,PROC_B,ach,US,7081,USD,2026-08-08,PAY-105838,posted
INT-HISTORICAL-005839,2026-08-08T04:00:54,MRC_001,CUST-0317,PROC_C,wire,CA,6452,USD,2026-08-08,PAY-105839,posted
INT-HISTORICAL-005840,2026-08-08T04:02:44,MRC_005,CUST-0063,PROC_A,card,US,3866,USD,2026-08-08,PAY-105840,posted
INT-HISTORICAL-005841,2026-08-08T04:04:37,MRC_003,CUST-0119,PROC_C,wallet,US,32862,EUR,2026-08-08,PAY-105841,posted
INT-HISTORICAL-005842,2026-08-08T04:07:11,MRC_003,CUST-0042,PROC_C,wire,US,14784,EUR,2026-08-08,PAY-105842,posted
INT-HISTORICAL-005843,2026-08-08T04:08:59,MRC_003,CUST-0030,PROC_A,wallet,GB,2136,USD,2026-08-08,PAY-105843,posted
INT-HISTORICAL-005844,2026-08-08T04:09:20,MRC_005,CUST-0091,PROC_C,ach,CA,13219,USD,2026-08-08,PAY-105844,posted
INT-HISTORICAL-005845,2026-08-08T04:10:20,MRC_005,CUST-0225,PROC_C,wire,US,18190,USD,2026-08-08,PAY-105845,posted
INT-HISTORICAL-005846,2026-08-08T04:11:40,MRC_001,CUST-0303,PROC_A,card,US,3639,EUR,2026-08-08,PAY-105846,posted
INT-HISTORICAL-005847,2026-08-08T04:12:35,MRC_004,CUST-0315,PROC_B,wire,US,2422,USD,2026-08-08,PAY-105847,posted
INT-HISTORICAL-005848,2026-08-08T04:15:06,MRC_001,CUST-0117,PROC_B,wallet,US,24239,USD,2026-08-08,PAY-105848,posted
INT-HISTORICAL-005849,2026-08-08T04:17:16,MRC_003,CUST-0165,PROC_C,wallet,GB,20325,USD,2026-08-08,PAY-105849,posted
INT-HISTORICAL-005850,2026-08-08T04:18:04,MRC_002,CUST-0007,PROC_A,card,DE,4940,EUR,2026-08-08,PAY-105850,posted
INT-HISTORICAL-005851,2026-08-08T04:19:57,MRC_001,CUST-0090,PROC_B,ach,US,33501,GBP,2026-08-08,PAY-105851,posted
INT-HISTORICAL-005852,2026-08-08T04:21:24,MRC_005,CUST-0221,PROC_A,card,DE,27276,USD,2026-08-08,PAY-105852,posted
INT-HISTORICAL-005853,2026-08-08T04:23:11,MRC_003,CUST-0119,PROC_A,wire,US,41338,GBP,2026-08-08,PAY-105853,posted
INT-HISTORICAL-005854,2026-08-08T04:24:17,MRC_002,CUST-0395,PROC_C,wire,US,11242,GBP,2026-08-08,PAY-105854,posted
INT-HISTORICAL-005855,2026-08-08T04:26:09,MRC_001,CUST-0258,PROC_B,ach,US,16188,USD,2026-08-08,PAY-105855,posted
INT-HISTORICAL-005856,2026-08-08T04:26:37,MRC_001,CUST-0046,PROC_A,wire,US,19395,USD,2026-08-08,PAY-105856,posted
INT-HISTORICAL-005857,2026-08-08T04:27:20,MRC_003,CUST-0331,PROC_A,ach,CA,34954,EUR,2026-08-08,PAY-105857,posted
INT-HISTORICAL-005858,2026-08-08T04:28:00,MRC_002,CUST-0349,PROC_B,card,CA,5474,USD,2026-08-08,PAY-105858,posted
INT-HISTORICAL-005859,2026-08-08T04:29:59,MRC_001,CUST-0089,PROC_B,ach,CA,5840,USD,2026-08-08,PAY-105859,posted
INT-HISTORICAL-005860,2026-08-08T04:30:49,MRC_005,CUST-0099,PROC_C,wallet,US,19173,EUR,2026-08-08,PAY-105860,posted
INT-HISTORICAL-005861,2026-08-08T04:32:34,MRC_001,CUST-0303,PROC_C,wallet,GB,5786,EUR,2026-08-08,PAY-105861,posted
INT-HISTORICAL-005862,2026-08-08T04:35:31,MRC_003,CUST-0322,PROC_A,wallet,US,3427,USD,2026-08-08,PAY-105862,posted
INT-HISTORICAL-005863,2026-08-08T04:38:02,MRC_004,CUST-0158,PROC_B,card,GB,6919,USD,2026-08-08,PAY-105863,posted
INT-HISTORICAL-005864,2026-08-08T04:39:39,MRC_004,CUST-0177,PROC_C,wallet,US,31368,USD,2026-08-08,PAY-105864,posted
INT-HISTORICAL-005865,2026-08-08T04:40:26,MRC_001,CUST-0270,PROC_C,wire,US,21143,EUR,2026-08-08,PAY-105865,posted
INT-HISTORICAL-005866,2026-08-08T04:42:36,MRC_002,CUST-0379,PROC_C,card,CA,22290,GBP,2026-08-08,PAY-105866,posted
INT-HISTORICAL-005867,2026-08-08T04:45:28,MRC_005,CUST-0153,PROC_B,wallet,GB,29227,GBP,2026-08-08,PAY-105867,posted
INT-HISTORICAL-005868,2026-08-08T04:47:48,MRC_002,CUST-0294,PROC_B,card,CA,21922,USD,2026-08-08,PAY-105868,posted
INT-HISTORICAL-005869,2026-08-08T04:48:16,MRC_005,CUST-0227,PROC_C,ach,DE,7709,GBP,2026-08-08,PAY-105869,posted
INT-HISTORICAL-005870,2026-08-08T04:49:21,MRC_001,CUST-0333,PROC_A,wallet,US,10890,GBP,2026-08-08,PAY-105870,posted
INT-HISTORICAL-005871,2026-08-08T04:50:15,MRC_003,CUST-0069,PROC_A,ach,US,32349,USD,2026-08-08,PAY-105871,posted
INT-HISTORICAL-005872,2026-08-08T04:52:01,MRC_001,CUST-0065,PROC_C,card,GB,46114,USD,2026-08-08,PAY-105872,posted
INT-HISTORICAL-005873,2026-08-08T04:52:33,MRC_001,CUST-0219,PROC_B,wallet,DE,22253,EUR,2026-08-08,PAY-105873,posted
INT-HISTORICAL-005874,2026-08-08T04:54:03,MRC_005,CUST-0021,PROC_C,ach,CA,6222,USD,2026-08-08,PAY-105874,posted
INT-HISTORICAL-005875,2026-08-08T04:55:44,MRC_005,CUST-0210,PROC_B,wallet,CA,10382,GBP,2026-08-08,PAY-105875,posted
INT-HISTORICAL-005876,2026-08-08T04:57:09,MRC_002,CUST-0381,PROC_C,ach,GB,6836,USD,2026-08-08,PAY-105876,posted
INT-HISTORICAL-005877,2026-08-08T04:59:46,MRC_005,CUST-0263,PROC_A,wire,CA,10168,USD,2026-08-08,PAY-105877,posted
INT-HISTORICAL-005878,2026-08-08T05:01:04,MRC_003,CUST-0223,PROC_B,card,US,5840,USD,2026-08-08,PAY-105878,posted
INT-HISTORICAL-005879,2026-08-08T05:02:10,MRC_001,CUST-0182,PROC_C,wallet,GB,46714,USD,2026-08-08,PAY-105879,posted
INT-HISTORICAL-005880,2026-08-08T05:02:32,MRC_002,CUST-0122,PROC_B,card,GB,12767,USD,2026-08-08,PAY-105880,posted
INT-HISTORICAL-005881,2026-08-08T05:04:51,MRC_005,CUST-0220,PROC_C,wire,DE,23915,USD,2026-08-08,PAY-105881,posted
INT-HISTORICAL-005882,2026-08-08T05:05:56,MRC_001,CUST-0292,PROC_C,wallet,GB,9794,USD,2026-08-08,PAY-105882,posted
INT-HISTORICAL-005883,2026-08-08T05:07:59,MRC_005,CUST-0358,PROC_A,wire,US,21679,USD,2026-08-08,PAY-105883,posted
INT-HISTORICAL-005884,2026-08-08T05:09:07,MRC_005,CUST-0064,PROC_A,ach,CA,13451,USD,2026-08-08,PAY-105884,posted
INT-HISTORICAL-005885,2026-08-08T05:10:47,MRC_004,CUST-0120,PROC_C,ach,US,9652,USD,2026-08-08,PAY-105885,posted
INT-HISTORICAL-005886,2026-08-08T05:11:44,MRC_005,CUST-0095,PROC_C,wallet,GB,1774,EUR,2026-08-08,PAY-105886,posted
INT-HISTORICAL-005887,2026-08-08T05:14:27,MRC_003,CUST-0344,PROC_A,wallet,CA,40954,USD,2026-08-08,PAY-105887,posted
INT-HISTORICAL-005888,2026-08-08T05:17:16,MRC_005,CUST-0343,PROC_B,card,GB,10546,USD,2026-08-08,PAY-105888,posted
INT-HISTORICAL-005889,2026-08-08T05:18:14,MRC_003,CUST-0049,PROC_A,card,US,25989,EUR,2026-08-08,PAY-105889,posted
INT-HISTORICAL-005890,2026-08-08T05:20:40,MRC_005,CUST-0036,PROC_C,card,CA,6723,USD,2026-08-08,PAY-105890,posted
INT-HISTORICAL-005891,2026-08-08T05:21:59,MRC_004,CUST-0386,PROC_A,wallet,US,8930,EUR,2026-08-08,PAY-105891,posted
INT-HISTORICAL-005892,2026-08-08T05:23:33,MRC_002,CUST-0109,PROC_C,wallet,GB,17527,USD,2026-08-08,PAY-105892,posted
INT-HISTORICAL-005893,2026-08-08T05:24:17,MRC_005,CUST-0283,PROC_B,wallet,US,3026,USD,2026-08-08,PAY-105893,posted
INT-HISTORICAL-005894,2026-08-08T05:25:08,MRC_001,CUST-0173,PROC_C,wire,US,55497,USD,2026-08-08,PAY-105894,posted
INT-HISTORICAL-005895,2026-08-08T05:27:41,MRC_001,CUST-0102,PROC_A,wallet,US,4773,GBP,2026-08-08,PAY-105895,posted
INT-HISTORICAL-005896,2026-08-08T05:29:10,MRC_004,CUST-0226,PROC_C,wallet,CA,25501,USD,2026-08-08,PAY-105896,posted
INT-HISTORICAL-005897,2026-08-08T05:30:05,MRC_003,CUST-0364,PROC_B,wire,GB,13146,GBP,2026-08-08,PAY-105897,posted
INT-HISTORICAL-005898,2026-08-08T05:32:40,MRC_002,CUST-0336,PROC_B,card,DE,35859,USD,2026-08-08,PAY-105898,posted
INT-HISTORICAL-005899,2026-08-08T05:35:30,MRC_002,CUST-0017,PROC_C,card,US,4243,USD,2026-08-08,PAY-105899,posted
INT-HISTORICAL-005900,2026-08-08T05:37:14,MRC_005,CUST-0174,PROC_A,card,US,3250,USD,2026-08-08,PAY-105900,posted
INT-HISTORICAL-005901,2026-08-08T05:39:33,MRC_002,CUST-0208,PROC_C,wallet,DE,15333,USD,2026-08-08,PAY-105901,posted
INT-HISTORICAL-005902,2026-08-08T05:40:20,MRC_002,CUST-0247,PROC_B,wire,DE,12570,USD,2026-08-08,PAY-105902,posted
INT-HISTORICAL-005903,2026-08-08T05:42:44,MRC_005,CUST-0017,PROC_B,wire,US,7442,EUR,2026-08-08,PAY-105903,posted
INT-HISTORICAL-005904,2026-08-08T05:44:05,MRC_005,CUST-0052,PROC_C,card,DE,4857,USD,2026-08-08,PAY-105904,posted
INT-HISTORICAL-005905,2026-08-08T05:45:36,MRC_001,CUST-0094,PROC_B,wire,DE,4012,USD,2026-08-08,PAY-105905,posted
INT-HISTORICAL-005906,2026-08-08T05:48:12,MRC_003,CUST-0395,PROC_C,ach,US,5709,USD,2026-08-08,PAY-105906,posted
INT-HISTORICAL-005907,2026-08-08T05:50:25,MRC_005,CUST-0361,PROC_C,wire,CA,2964,USD,2026-08-08,PAY-105907,posted
INT-HISTORICAL-005908,2026-08-08T05:52:10,MRC_004,CUST-0126,PROC_A,card,US,66338,USD,2026-08-08,PAY-105908,posted
INT-HISTORICAL-005909,2026-08-08T05:54:10,MRC_004,CUST-0001,PROC_C,wire,US,73992,GBP,2026-08-08,PAY-105909,posted
INT-HISTORICAL-005910,2026-08-08T05:54:39,MRC_001,CUST-0014,PROC_B,wire,GB,33030,GBP,2026-08-08,PAY-105910,posted
INT-HISTORICAL-005911,2026-08-08T05:56:16,MRC_004,CUST-0397,PROC_B,wallet,US,6660,GBP,2026-08-08,PAY-105911,posted
INT-HISTORICAL-005912,2026-08-08T05:57:26,MRC_005,CUST-0347,PROC_C,wire,CA,5530,USD,2026-08-08,PAY-105912,posted
INT-HISTORICAL-005913,2026-08-08T05:58:14,MRC_002,CUST-0259,PROC_C,ach,DE,13646,USD,2026-08-08,PAY-105913,posted
INT-HISTORICAL-005914,2026-08-08T06:00:53,MRC_004,CUST-0367,PROC_A,ach,US,5987,GBP,2026-08-08,PAY-105914,posted
INT-HISTORICAL-005915,2026-08-08T06:03:37,MRC_002,CUST-0136,PROC_B,ach,CA,8288,GBP,2026-08-08,PAY-105915,posted
INT-HISTORICAL-005916,2026-08-08T06:05:12,MRC_004,CUST-0102,PROC_A,card,CA,9296,EUR,2026-08-08,PAY-105916,posted
INT-HISTORICAL-005917,2026-08-08T06:06:22,MRC_004,CUST-0104,PROC_A,wallet,GB,36040,GBP,2026-08-08,PAY-105917,posted
INT-HISTORICAL-005918,2026-08-08T06:07:53,MRC_001,CUST-0144,PROC_B,wire,US,23035,USD,2026-08-08,PAY-105918,posted
INT-HISTORICAL-005919,2026-08-08T06:10:44,MRC_004,CUST-0242,PROC_A,card,DE,7221,GBP,2026-08-08,PAY-105919,posted
INT-HISTORICAL-005920,2026-08-08T06:12:24,MRC_003,CUST-0121,PROC_C,wire,DE,1247,USD,2026-08-08,PAY-105920,posted
INT-HISTORICAL-005921,2026-08-08T06:13:19,MRC_003,CUST-0118,PROC_C,wallet,US,13671,USD,2026-08-08,PAY-105921,posted
INT-HISTORICAL-005922,2026-08-08T06:14:52,MRC_001,CUST-0339,PROC_A,wire,US,57497,USD,2026-08-08,PAY-105922,posted
INT-HISTORICAL-005923,2026-08-08T06:16:15,MRC_004,CUST-0162,PROC_A,ach,US,12418,GBP,2026-08-08,PAY-105923,posted
INT-HISTORICAL-005924,2026-08-08T06:17:16,MRC_003,CUST-0197,PROC_C,card,DE,25220,USD,2026-08-08,PAY-105924,posted
INT-HISTORICAL-005925,2026-08-08T06:19:35,MRC_002,CUST-0307,PROC_A,wire,US,15123,GBP,2026-08-08,PAY-105925,posted
INT-HISTORICAL-005926,2026-08-08T06:22:18,MRC_004,CUST-0124,PROC_A,ach,GB,4122,EUR,2026-08-08,PAY-105926,posted
INT-HISTORICAL-005927,2026-08-08T06:24:11,MRC_003,CUST-0228,PROC_B,wire,US,35555,USD,2026-08-08,PAY-105927,posted
INT-HISTORICAL-005928,2026-08-08T06:26:14,MRC_005,CUST-0175,PROC_A,card,US,25955,GBP,2026-08-08,PAY-105928,posted
INT-HISTORICAL-005929,2026-08-08T06:28:07,MRC_005,CUST-0230,PROC_A,wire,US,26655,GBP,2026-08-08,PAY-105929,posted
INT-HISTORICAL-005930,2026-08-08T06:28:30,MRC_002,CUST-0079,PROC_B,ach,US,35726,GBP,2026-08-08,PAY-105930,posted
INT-HISTORICAL-005931,2026-08-08T06:30:26,MRC_004,CUST-0183,PROC_B,wire,DE,18383,USD,2026-08-08,PAY-105931,posted
INT-HISTORICAL-005932,2026-08-08T06:32:32,MRC_001,CUST-0360,PROC_C,wire,US,7158,USD,2026-08-08,PAY-105932,posted
INT-HISTORICAL-005933,2026-08-08T06:34:52,MRC_003,CUST-0005,PROC_A,wallet,GB,31840,USD,2026-08-08,PAY-105933,posted
INT-HISTORICAL-005934,2026-08-08T06:35:14,MRC_005,CUST-0019,PROC_A,wallet,GB,33996,GBP,2026-08-08,PAY-105934,posted
INT-HISTORICAL-005935,2026-08-08T06:37:26,MRC_005,CUST-0194,PROC_C,wire,US,8580,USD,2026-08-08,PAY-105935,posted
INT-HISTORICAL-005936,2026-08-08T06:38:10,MRC_003,CUST-0209,PROC_B,wire,DE,10121,GBP,2026-08-08,PAY-105936,posted
INT-HISTORICAL-005937,2026-08-08T06:38:59,MRC_005,CUST-0366,PROC_C,wallet,DE,26728,EUR,2026-08-08,PAY-105937,posted
INT-HISTORICAL-005938,2026-08-08T06:39:29,MRC_001,CUST-0022,PROC_C,ach,US,31331,GBP,2026-08-08,PAY-105938,posted
INT-HISTORICAL-005939,2026-08-08T06:40:03,MRC_002,CUST-0296,PROC_B,wallet,US,8870,USD,2026-08-08,PAY-105939,posted
INT-HISTORICAL-005940,2026-08-08T06:42:24,MRC_002,CUST-0080,PROC_C,ach,DE,28648,USD,2026-08-08,PAY-105940,posted
INT-HISTORICAL-005941,2026-08-08T06:44:43,MRC_005,CUST-0338,PROC_A,wallet,DE,3687,USD,2026-08-08,PAY-105941,posted
INT-HISTORICAL-005942,2026-08-08T06:45:12,MRC_001,CUST-0253,PROC_C,ach,DE,31396,EUR,2026-08-08,PAY-105942,posted
INT-HISTORICAL-005943,2026-08-08T06:45:46,MRC_005,CUST-0099,PROC_C,ach,DE,34370,USD,2026-08-08,PAY-105943,posted
INT-HISTORICAL-005944,2026-08-08T06:46:36,MRC_002,CUST-0101,PROC_C,ach,US,6568,USD,2026-08-08,PAY-105944,posted
INT-HISTORICAL-005945,2026-08-08T06:49:10,MRC_001,CUST-0271,PROC_C,ach,CA,13571,GBP,2026-08-08,PAY-105945,posted
INT-HISTORICAL-005946,2026-08-08T06:50:17,MRC_004,CUST-0274,PROC_B,card,DE,11841,USD,2026-08-08,PAY-105946,posted
INT-HISTORICAL-005947,2026-08-08T06:52:00,MRC_004,CUST-0106,PROC_A,wire,US,4640,GBP,2026-08-08,PAY-105947,posted
INT-HISTORICAL-005948,2026-08-08T06:52:54,MRC_002,CUST-0295,PROC_A,wire,US,7621,USD,2026-08-08,PAY-105948,posted
INT-HISTORICAL-005949,2026-08-08T06:55:14,MRC_004,CUST-0337,PROC_A,ach,US,560,USD,2026-08-08,PAY-105949,posted
INT-HISTORICAL-005950,2026-08-08T06:56:44,MRC_001,CUST-0304,PROC_B,card,US,12472,USD,2026-08-08,PAY-105950,posted
INT-HISTORICAL-005951,2026-08-08T06:57:44,MRC_005,CUST-0082,PROC_C,wire,DE,29466,GBP,2026-08-08,PAY-105951,posted
INT-HISTORICAL-005952,2026-08-08T06:59:11,MRC_003,CUST-0254,PROC_A,wallet,GB,9174,USD,2026-08-08,PAY-105952,posted
INT-HISTORICAL-005953,2026-08-08T07:00:35,MRC_005,CUST-0278,PROC_A,card,US,4315,EUR,2026-08-08,PAY-105953,posted
INT-HISTORICAL-005954,2026-08-08T07:02:31,MRC_001,CUST-0250,PROC_C,wire,DE,11111,USD,2026-08-08,PAY-105954,posted
INT-HISTORICAL-005955,2026-08-08T07:03:29,MRC_005,CUST-0337,PROC_A,card,GB,3413,USD,2026-08-08,PAY-105955,posted
INT-HISTORICAL-005956,2026-08-08T07:04:33,MRC_004,CUST-0281,PROC_C,wallet,US,18384,EUR,2026-08-08,PAY-105956,posted
INT-HISTORICAL-005957,2026-08-08T07:05:29,MRC_004,CUST-0080,PROC_C,wire,US,18813,USD,2026-08-08,PAY-105957,posted
INT-HISTORICAL-005958,2026-08-08T07:06:40,MRC_003,CUST-0092,PROC_C,ach,CA,35477,USD,2026-08-08,PAY-105958,posted
INT-HISTORICAL-005959,2026-08-08T07:09:05,MRC_002,CUST-0335,PROC_B,wire,DE,8761,USD,2026-08-08,PAY-105959,posted
INT-HISTORICAL-005960,2026-08-08T07:11:45,MRC_001,CUST-0265,PROC_B,wire,US,2686,USD,2026-08-08,PAY-105960,posted
INT-HISTORICAL-005961,2026-08-08T07:13:07,MRC_003,CUST-0352,PROC_C,wire,GB,9712,USD,2026-08-08,PAY-105961,posted
INT-HISTORICAL-005962,2026-08-08T07:16:01,MRC_003,CUST-0152,PROC_B,wire,US,16824,USD,2026-08-08,PAY-105962,posted
INT-HISTORICAL-005963,2026-08-08T07:18:09,MRC_001,CUST-0091,PROC_C,wire,US,38002,USD,2026-08-08,PAY-105963,posted
INT-HISTORICAL-005964,2026-08-08T07:21:06,MRC_005,CUST-0161,PROC_A,card,US,21338,USD,2026-08-08,PAY-105964,posted
INT-HISTORICAL-005965,2026-08-08T07:22:57,MRC_002,CUST-0351,PROC_A,card,US,12060,USD,2026-08-08,PAY-105965,posted
INT-HISTORICAL-005966,2026-08-08T07:24:11,MRC_004,CUST-0255,PROC_A,wallet,CA,4042,USD,2026-08-08,PAY-105966,posted
INT-HISTORICAL-005967,2026-08-08T07:24:56,MRC_004,CUST-0056,PROC_C,wire,DE,28263,GBP,2026-08-08,PAY-105967,posted
INT-HISTORICAL-005968,2026-08-08T07:26:48,MRC_002,CUST-0094,PROC_A,wallet,CA,8430,USD,2026-08-08,PAY-105968,posted
INT-HISTORICAL-005969,2026-08-08T07:28:54,MRC_005,CUST-0398,PROC_A,card,US,18062,USD,2026-08-08,PAY-105969,posted
INT-HISTORICAL-005970,2026-08-08T07:29:31,MRC_005,CUST-0363,PROC_A,wire,US,42553,EUR,2026-08-08,PAY-105970,posted
INT-HISTORICAL-005971,2026-08-08T07:32:30,MRC_001,CUST-0392,PROC_C,ach,GB,5302,USD,2026-08-08,PAY-105971,posted
INT-HISTORICAL-005972,2026-08-08T07:34:25,MRC_003,CUST-0046,PROC_A,wallet,US,15948,USD,2026-08-08,PAY-105972,posted
INT-HISTORICAL-005973,2026-08-08T07:35:22,MRC_004,CUST-0273,PROC_A,wire,CA,13200,USD,2026-08-08,PAY-105973,posted
INT-HISTORICAL-005974,2026-08-08T07:36:13,MRC_004,CUST-0399,PROC_C,wallet,US,43690,USD,2026-08-08,PAY-105974,posted
INT-HISTORICAL-005975,2026-08-08T07:39:11,MRC_004,CUST-0357,PROC_C,wallet,GB,890,EUR,2026-08-08,PAY-105975,posted
INT-HISTORICAL-005976,2026-08-08T07:40:14,MRC_003,CUST-0230,PROC_A,card,US,14472,USD,2026-08-08,PAY-105976,posted
INT-HISTORICAL-005977,2026-08-08T07:40:45,MRC_003,CUST-0356,PROC_B,wallet,US,57145,EUR,2026-08-08,PAY-105977,posted
INT-HISTORICAL-005978,2026-08-08T07:42:14,MRC_005,CUST-0254,PROC_B,ach,US,57993,USD,2026-08-08,PAY-105978,posted
INT-HISTORICAL-005979,2026-08-08T07:44:21,MRC_002,CUST-0112,PROC_A,wire,US,99607,USD,2026-08-08,PAY-105979,posted
INT-HISTORICAL-005980,2026-08-08T07:47:02,MRC_003,CUST-0130,PROC_C,ach,US,58899,USD,2026-08-08,PAY-105980,posted
INT-HISTORICAL-005981,2026-08-08T07:49:04,MRC_001,CUST-0228,PROC_A,wire,CA,11443,USD,2026-08-08,PAY-105981,posted
INT-HISTORICAL-005982,2026-08-08T07:51:15,MRC_005,CUST-0123,PROC_C,ach,US,7123,USD,2026-08-08,PAY-105982,posted
INT-HISTORICAL-005983,2026-08-08T07:54:08,MRC_002,CUST-0349,PROC_C,ach,DE,3269,USD,2026-08-08,PAY-105983,posted
INT-HISTORICAL-005984,2026-08-08T07:57:04,MRC_001,CUST-0116,PROC_B,ach,US,9765,USD,2026-08-08,PAY-105984,posted
INT-HISTORICAL-005985,2026-08-08T07:57:35,MRC_002,CUST-0349,PROC_A,wallet,DE,22594,USD,2026-08-08,PAY-105985,posted
INT-HISTORICAL-005986,2026-08-08T08:00:20,MRC_002,CUST-0336,PROC_A,ach,GB,28858,EUR,2026-08-08,PAY-105986,posted
INT-HISTORICAL-005987,2026-08-08T08:02:30,MRC_002,CUST-0340,PROC_C,wallet,CA,1774,USD,2026-08-08,PAY-105987,posted
INT-HISTORICAL-005988,2026-08-08T08:03:44,MRC_001,CUST-0133,PROC_B,wallet,GB,5749,USD,2026-08-08,PAY-105988,posted
INT-HISTORICAL-005989,2026-08-08T08:05:25,MRC_001,CUST-0022,PROC_C,ach,DE,44003,USD,2026-08-08,PAY-105989,posted
INT-HISTORICAL-005990,2026-08-08T08:08:22,MRC_004,CUST-0094,PROC_B,card,US,15102,USD,2026-08-08,PAY-105990,posted
INT-HISTORICAL-005991,2026-08-08T08:08:56,MRC_003,CUST-0132,PROC_A,wire,US,22833,USD,2026-08-08,PAY-105991,posted
INT-HISTORICAL-005992,2026-08-08T08:10:00,MRC_004,CUST-0302,PROC_A,wire,US,3816,USD,2026-08-08,PAY-105992,posted
INT-HISTORICAL-005993,2026-08-08T08:12:20,MRC_003,CUST-0347,PROC_A,card,DE,14273,USD,2026-08-08,PAY-105993,posted
INT-HISTORICAL-005994,2026-08-08T08:15:05,MRC_004,CUST-0224,PROC_C,ach,CA,14024,GBP,2026-08-08,PAY-105994,posted
INT-HISTORICAL-005995,2026-08-08T08:16:37,MRC_002,CUST-0086,PROC_A,wire,CA,15507,GBP,2026-08-08,PAY-105995,posted
INT-HISTORICAL-005996,2026-08-08T08:17:39,MRC_003,CUST-0165,PROC_C,ach,US,18297,EUR,2026-08-08,PAY-105996,posted
INT-HISTORICAL-005997,2026-08-08T08:19:53,MRC_004,CUST-0083,PROC_B,wire,DE,15907,USD,2026-08-08,PAY-105997,posted
INT-HISTORICAL-005998,2026-08-08T08:20:39,MRC_004,CUST-0078,PROC_A,wire,US,9595,EUR,2026-08-08,PAY-105998,posted
INT-HISTORICAL-005999,2026-08-08T08:23:25,MRC_004,CUST-0113,PROC_C,card,CA,24571,USD,2026-08-08,PAY-105999,posted
INT-HISTORICAL-006000,2026-08-08T08:25:20,MRC_004,CUST-0147,PROC_B,wire,GB,29587,USD,2026-08-08,PAY-106000,posted
INT-HISTORICAL-006001,2026-08-08T08:28:12,MRC_004,CUST-0013,PROC_A,ach,CA,37320,USD,2026-08-08,PAY-106001,posted
INT-HISTORICAL-006002,2026-08-08T08:30:33,MRC_003,CUST-0372,PROC_B,ach,US,6244,USD,2026-08-08,PAY-106002,posted
INT-HISTORICAL-006003,2026-08-08T08:31:56,MRC_003,CUST-0096,PROC_A,card,DE,17767,USD,2026-08-08,PAY-106003,posted
INT-HISTORICAL-006004,2026-08-08T08:33:54,MRC_002,CUST-0034,PROC_A,ach,US,11051,USD,2026-08-08,PAY-106004,posted
INT-HISTORICAL-006005,2026-08-08T08:36:48,MRC_004,CUST-0268,PROC_A,card,GB,99442,USD,2026-08-08,PAY-106005,posted
INT-HISTORICAL-006006,2026-08-08T08:38:35,MRC_004,CUST-0256,PROC_C,card,US,6837,EUR,2026-08-08,PAY-106006,posted
INT-HISTORICAL-006007,2026-08-08T08:40:40,MRC_003,CUST-0102,PROC_A,ach,GB,8057,EUR,2026-08-08,PAY-106007,posted
INT-HISTORICAL-006008,2026-08-08T08:41:21,MRC_002,CUST-0087,PROC_C,card,US,8613,USD,2026-08-08,PAY-106008,posted
INT-HISTORICAL-006009,2026-08-08T08:41:45,MRC_001,CUST-0054,PROC_A,wire,US,13213,GBP,2026-08-08,PAY-106009,posted
INT-HISTORICAL-006010,2026-08-08T08:42:52,MRC_001,CUST-0052,PROC_B,wallet,US,51609,EUR,2026-08-08,PAY-106010,posted
INT-HISTORICAL-006011,2026-08-08T08:45:15,MRC_005,CUST-0080,PROC_C,wallet,GB,11048,USD,2026-08-08,PAY-106011,posted
INT-HISTORICAL-006012,2026-08-08T08:45:53,MRC_001,CUST-0247,PROC_C,card,DE,3715,EUR,2026-08-08,PAY-106012,posted
INT-HISTORICAL-006013,2026-08-08T08:48:23,MRC_004,CUST-0121,PROC_C,wire,GB,8416,USD,2026-08-08,PAY-106013,posted
INT-HISTORICAL-006014,2026-08-08T08:49:29,MRC_002,CUST-0391,PROC_A,card,CA,8983,USD,2026-08-08,PAY-106014,posted
INT-HISTORICAL-006015,2026-08-08T08:51:32,MRC_002,CUST-0184,PROC_C,card,US,20207,EUR,2026-08-08,PAY-106015,posted
INT-HISTORICAL-006016,2026-08-08T08:54:29,MRC_004,CUST-0195,PROC_A,wallet,DE,2980,USD,2026-08-08,PAY-106016,posted
INT-HISTORICAL-006017,2026-08-08T08:56:54,MRC_004,CUST-0031,PROC_A,card,GB,8626,USD,2026-08-08,PAY-106017,posted
INT-HISTORICAL-006018,2026-08-08T08:59:20,MRC_003,CUST-0385,PROC_A,ach,CA,51116,USD,2026-08-08,PAY-106018,posted
INT-HISTORICAL-006019,2026-08-08T09:01:08,MRC_003,CUST-0174,PROC_A,wire,CA,18589,EUR,2026-08-08,PAY-106019,posted
INT-HISTORICAL-006020,2026-08-08T09:03:55,MRC_005,CUST-0070,PROC_C,card,US,6455,USD,2026-08-08,PAY-106020,posted
INT-HISTORICAL-006021,2026-08-08T09:04:31,MRC_002,CUST-0187,PROC_A,ach,US,22373,USD,2026-08-08,PAY-106021,posted
INT-HISTORICAL-006022,2026-08-08T09:04:59,MRC_002,CUST-0027,PROC_B,wire,US,14675,GBP,2026-08-08,PAY-106022,posted
INT-HISTORICAL-006023,2026-08-08T09:05:48,MRC_001,CUST-0080,PROC_C,wire,US,222175,GBP,2026-08-08,PAY-106023,posted
INT-HISTORICAL-006024,2026-08-08T09:08:06,MRC_001,CUST-0010,PROC_A,card,US,6081,USD,2026-08-08,PAY-106024,posted
INT-HISTORICAL-006025,2026-08-08T09:10:37,MRC_005,CUST-0393,PROC_B,wire,US,5390,USD,2026-08-08,PAY-106025,posted
INT-HISTORICAL-006026,2026-08-08T09:12:03,MRC_002,CUST-0251,PROC_C,wallet,DE,2411,USD,2026-08-08,PAY-106026,posted
INT-HISTORICAL-006027,2026-08-08T09:13:23,MRC_001,CUST-0384,PROC_C,wire,US,19423,USD,2026-08-08,PAY-106027,posted
INT-HISTORICAL-006028,2026-08-08T09:16:15,MRC_003,CUST-0320,PROC_B,card,US,18231,USD,2026-08-08,PAY-106028,posted
INT-HISTORICAL-006029,2026-08-08T09:18:55,MRC_001,CUST-0067,PROC_A,wire,US,12554,USD,2026-08-08,PAY-106029,posted
INT-HISTORICAL-006030,2026-08-08T09:21:47,MRC_002,CUST-0388,PROC_C,wire,GB,8513,USD,2026-08-08,PAY-106030,posted
INT-HISTORICAL-006031,2026-08-08T09:24:34,MRC_004,CUST-0375,PROC_C,wire,US,26585,USD,2026-08-08,PAY-106031,posted
INT-HISTORICAL-006032,2026-08-08T09:26:47,MRC_001,CUST-0321,PROC_A,wire,US,740,USD,2026-08-08,PAY-106032,posted
INT-HISTORICAL-006033,2026-08-08T09:29:32,MRC_001,CUST-0349,PROC_A,card,CA,23271,EUR,2026-08-08,PAY-106033,posted
INT-HISTORICAL-006034,2026-08-08T09:30:46,MRC_005,CUST-0216,PROC_C,wire,US,11481,USD,2026-08-08,PAY-106034,posted
INT-HISTORICAL-006035,2026-08-08T09:33:07,MRC_001,CUST-0026,PROC_C,card,GB,6055,USD,2026-08-08,PAY-106035,posted
INT-HISTORICAL-006036,2026-08-08T09:33:29,MRC_004,CUST-0313,PROC_C,wire,US,5453,USD,2026-08-08,PAY-106036,posted
INT-HISTORICAL-006037,2026-08-08T09:36:10,MRC_004,CUST-0360,PROC_B,ach,US,16435,USD,2026-08-08,PAY-106037,posted
INT-HISTORICAL-006038,2026-08-08T09:37:00,MRC_002,CUST-0018,PROC_C,card,US,5795,USD,2026-08-08,PAY-106038,posted
INT-HISTORICAL-006039,2026-08-08T09:38:19,MRC_005,CUST-0167,PROC_C,wallet,CA,38565,USD,2026-08-08,PAY-106039,posted
INT-HISTORICAL-006040,2026-08-08T09:41:18,MRC_003,CUST-0339,PROC_A,wallet,DE,17889,EUR,2026-08-08,PAY-106040,posted
INT-HISTORICAL-006041,2026-08-08T09:42:36,MRC_002,CUST-0398,PROC_A,card,CA,7315,USD,2026-08-08,PAY-106041,posted
INT-HISTORICAL-006042,2026-08-08T09:42:57,MRC_003,CUST-0101,PROC_A,wallet,US,22510,USD,2026-08-08,PAY-106042,posted
INT-HISTORICAL-006043,2026-08-08T09:44:05,MRC_002,CUST-0007,PROC_C,wire,US,8813,USD,2026-08-08,PAY-106043,posted
INT-HISTORICAL-006044,2026-08-08T09:44:38,MRC_005,CUST-0299,PROC_C,ach,CA,8829,GBP,2026-08-08,PAY-106044,posted
INT-HISTORICAL-006045,2026-08-08T09:47:09,MRC_005,CUST-0313,PROC_B,wire,US,3293,USD,2026-08-08,PAY-106045,posted
INT-HISTORICAL-006046,2026-08-08T09:49:21,MRC_005,CUST-0080,PROC_A,card,GB,8072,USD,2026-08-08,PAY-106046,posted
INT-HISTORICAL-006047,2026-08-08T09:50:09,MRC_002,CUST-0250,PROC_C,ach,US,6357,USD,2026-08-08,PAY-106047,posted
INT-HISTORICAL-006048,2026-08-08T09:52:53,MRC_002,CUST-0054,PROC_C,card,CA,16317,USD,2026-08-08,PAY-106048,posted
INT-HISTORICAL-006049,2026-08-08T09:55:09,MRC_004,CUST-0065,PROC_B,ach,GB,11895,USD,2026-08-08,PAY-106049,posted
INT-HISTORICAL-006050,2026-08-08T09:55:58,MRC_002,CUST-0277,PROC_C,ach,DE,22097,USD,2026-08-08,PAY-106050,posted
INT-HISTORICAL-006051,2026-08-08T09:57:48,MRC_003,CUST-0232,PROC_C,wallet,US,1503,GBP,2026-08-08,PAY-106051,posted
INT-HISTORICAL-006052,2026-08-08T09:58:39,MRC_004,CUST-0231,PROC_B,wire,GB,17242,USD,2026-08-08,PAY-106052,posted
INT-HISTORICAL-006053,2026-08-08T10:01:12,MRC_001,CUST-0246,PROC_A,wallet,DE,3603,USD,2026-08-08,PAY-106053,posted
INT-HISTORICAL-006054,2026-08-08T10:03:39,MRC_001,CUST-0237,PROC_C,wallet,US,13664,USD,2026-08-08,PAY-106054,posted
INT-HISTORICAL-006055,2026-08-08T10:05:36,MRC_001,CUST-0221,PROC_A,ach,US,10998,USD,2026-08-08,PAY-106055,posted
INT-HISTORICAL-006056,2026-08-08T10:08:09,MRC_003,CUST-0048,PROC_B,wire,CA,9709,EUR,2026-08-08,PAY-106056,posted
INT-HISTORICAL-006057,2026-08-08T10:10:26,MRC_005,CUST-0025,PROC_B,wire,US,33277,USD,2026-08-08,PAY-106057,posted
INT-HISTORICAL-006058,2026-08-08T10:10:58,MRC_003,CUST-0170,PROC_C,card,GB,2989,GBP,2026-08-08,PAY-106058,posted
INT-HISTORICAL-006059,2026-08-08T10:12:43,MRC_003,CUST-0313,PROC_B,wire,GB,34186,GBP,2026-08-08,PAY-106059,posted
INT-HISTORICAL-006060,2026-08-08T10:15:06,MRC_001,CUST-0382,PROC_B,wire,US,58986,USD,2026-08-08,PAY-106060,posted
INT-HISTORICAL-006061,2026-08-08T10:16:27,MRC_002,CUST-0362,PROC_B,card,US,5447,USD,2026-08-08,PAY-106061,posted
INT-HISTORICAL-006062,2026-08-08T10:19:22,MRC_005,CUST-0106,PROC_C,wallet,CA,5125,USD,2026-08-08,PAY-106062,posted
INT-HISTORICAL-006063,2026-08-08T10:20:56,MRC_005,CUST-0136,PROC_B,card,US,10046,USD,2026-08-08,PAY-106063,posted
INT-HISTORICAL-006064,2026-08-08T10:21:21,MRC_004,CUST-0379,PROC_B,ach,US,32727,USD,2026-08-08,PAY-106064,posted
INT-HISTORICAL-006065,2026-08-08T10:22:25,MRC_005,CUST-0347,PROC_A,wallet,US,48652,GBP,2026-08-08,PAY-106065,posted
INT-HISTORICAL-006066,2026-08-08T10:23:23,MRC_005,CUST-0139,PROC_C,card,DE,21228,USD,2026-08-08,PAY-106066,posted
INT-HISTORICAL-006067,2026-08-08T10:24:26,MRC_002,CUST-0140,PROC_B,card,US,8257,USD,2026-08-08,PAY-106067,posted
INT-HISTORICAL-006068,2026-08-08T10:26:22,MRC_004,CUST-0383,PROC_B,card,US,18072,GBP,2026-08-08,PAY-106068,posted
INT-HISTORICAL-006069,2026-08-08T10:27:56,MRC_001,CUST-0345,PROC_C,wire,GB,4761,USD,2026-08-08,PAY-106069,posted
INT-HISTORICAL-006070,2026-08-08T10:29:37,MRC_001,CUST-0371,PROC_A,wire,US,9685,GBP,2026-08-08,PAY-106070,posted
INT-HISTORICAL-006071,2026-08-08T10:31:13,MRC_004,CUST-0194,PROC_A,card,US,52507,USD,2026-08-08,PAY-106071,posted
INT-HISTORICAL-006072,2026-08-08T10:31:49,MRC_003,CUST-0166,PROC_C,card,US,40613,USD,2026-08-08,PAY-106072,posted
INT-HISTORICAL-006073,2026-08-08T10:33:30,MRC_003,CUST-0099,PROC_B,wallet,US,8450,USD,2026-08-08,PAY-106073,posted
INT-HISTORICAL-006074,2026-08-08T10:35:55,MRC_004,CUST-0078,PROC_A,ach,US,3953,USD,2026-08-08,PAY-106074,posted
INT-HISTORICAL-006075,2026-08-08T10:36:28,MRC_001,CUST-0099,PROC_B,ach,US,5606,USD,2026-08-08,PAY-106075,posted
INT-HISTORICAL-006076,2026-08-08T10:38:13,MRC_002,CUST-0127,PROC_B,ach,DE,15613,USD,2026-08-08,PAY-106076,posted
INT-HISTORICAL-006077,2026-08-08T10:40:10,MRC_005,CUST-0394,PROC_C,ach,US,83438,USD,2026-08-08,PAY-106077,posted
INT-HISTORICAL-006078,2026-08-08T10:40:53,MRC_001,CUST-0239,PROC_C,wire,GB,8381,EUR,2026-08-08,PAY-106078,posted
INT-HISTORICAL-006079,2026-08-08T10:42:06,MRC_003,CUST-0192,PROC_C,ach,US,2929,USD,2026-08-08,PAY-106079,posted
INT-HISTORICAL-006080,2026-08-08T10:43:39,MRC_003,CUST-0023,PROC_B,wallet,GB,13520,GBP,2026-08-08,PAY-106080,posted
INT-HISTORICAL-006081,2026-08-08T10:45:30,MRC_001,CUST-0374,PROC_B,wallet,US,9094,USD,2026-08-08,PAY-106081,posted
INT-HISTORICAL-006082,2026-08-08T10:45:54,MRC_002,CUST-0400,PROC_B,wire,US,7578,USD,2026-08-08,PAY-106082,posted
INT-HISTORICAL-006083,2026-08-08T10:47:10,MRC_002,CUST-0281,PROC_B,ach,CA,17890,GBP,2026-08-08,PAY-106083,posted
INT-HISTORICAL-006084,2026-08-08T10:48:19,MRC_003,CUST-0338,PROC_B,wallet,US,790,GBP,2026-08-08,PAY-106084,posted
INT-HISTORICAL-006085,2026-08-08T10:50:28,MRC_004,CUST-0218,PROC_C,ach,US,8621,USD,2026-08-08,PAY-106085,posted
INT-HISTORICAL-006086,2026-08-08T10:50:51,MRC_003,CUST-0384,PROC_C,wire,CA,9345,USD,2026-08-08,PAY-106086,posted
INT-HISTORICAL-006087,2026-08-08T10:53:03,MRC_003,CUST-0366,PROC_A,ach,GB,11997,GBP,2026-08-08,PAY-106087,posted
INT-HISTORICAL-006088,2026-08-08T10:55:03,MRC_001,CUST-0142,PROC_B,ach,US,2526,USD,2026-08-08,PAY-106088,posted
INT-HISTORICAL-006089,2026-08-08T10:57:28,MRC_005,CUST-0006,PROC_A,wire,CA,11227,USD,2026-08-08,PAY-106089,posted
INT-HISTORICAL-006090,2026-08-08T10:58:39,MRC_004,CUST-0206,PROC_B,card,US,5380,USD,2026-08-08,PAY-106090,posted
INT-HISTORICAL-006091,2026-08-08T11:01:14,MRC_003,CUST-0195,PROC_B,ach,US,11664,EUR,2026-08-08,PAY-106091,posted
INT-HISTORICAL-006092,2026-08-08T11:03:04,MRC_005,CUST-0353,PROC_B,card,CA,7712,GBP,2026-08-08,PAY-106092,posted
INT-HISTORICAL-006093,2026-08-08T11:04:42,MRC_003,CUST-0048,PROC_A,wallet,CA,22139,EUR,2026-08-08,PAY-106093,posted
INT-HISTORICAL-006094,2026-08-08T11:05:22,MRC_005,CUST-0166,PROC_C,card,DE,15130,USD,2026-08-08,PAY-106094,posted
INT-HISTORICAL-006095,2026-08-08T11:06:10,MRC_003,CUST-0129,PROC_B,wallet,US,13201,USD,2026-08-08,PAY-106095,posted
INT-HISTORICAL-006096,2026-08-08T11:08:38,MRC_002,CUST-0056,PROC_A,wallet,US,6286,USD,2026-08-08,PAY-106096,posted
INT-HISTORICAL-006097,2026-08-08T11:10:55,MRC_004,CUST-0065,PROC_B,card,US,10582,USD,2026-08-08,PAY-106097,posted
INT-HISTORICAL-006098,2026-08-08T11:11:22,MRC_001,CUST-0133,PROC_A,wire,GB,10223,USD,2026-08-08,PAY-106098,posted
INT-HISTORICAL-006099,2026-08-08T11:13:23,MRC_003,CUST-0102,PROC_B,wallet,CA,7712,USD,2026-08-08,PAY-106099,posted
INT-HISTORICAL-006100,2026-08-08T11:14:20,MRC_003,CUST-0205,PROC_A,ach,US,36770,USD,2026-08-08,PAY-106100,posted
INT-HISTORICAL-006101,2026-08-08T11:14:47,MRC_005,CUST-0098,PROC_A,wallet,CA,17363,EUR,2026-08-08,PAY-106101,posted
INT-HISTORICAL-006102,2026-08-08T11:17:40,MRC_005,CUST-0393,PROC_C,ach,US,12181,USD,2026-08-08,PAY-106102,posted
INT-HISTORICAL-006103,2026-08-08T11:19:46,MRC_003,CUST-0156,PROC_C,card,US,16730,GBP,2026-08-08,PAY-106103,posted
INT-HISTORICAL-006104,2026-08-08T11:20:12,MRC_004,CUST-0075,PROC_C,wallet,US,33470,USD,2026-08-08,PAY-106104,posted
INT-HISTORICAL-006105,2026-08-08T11:22:34,MRC_005,CUST-0277,PROC_C,ach,US,7841,EUR,2026-08-08,PAY-106105,posted
INT-HISTORICAL-006106,2026-08-08T11:24:05,MRC_004,CUST-0325,PROC_A,wallet,US,26163,USD,2026-08-08,PAY-106106,posted
INT-HISTORICAL-006107,2026-08-08T11:25:47,MRC_005,CUST-0389,PROC_C,wire,DE,5173,EUR,2026-08-08,PAY-106107,posted
INT-HISTORICAL-006108,2026-08-08T11:27:59,MRC_002,CUST-0052,PROC_A,wallet,US,8935,USD,2026-08-08,PAY-106108,posted
INT-HISTORICAL-006109,2026-08-08T11:30:55,MRC_003,CUST-0167,PROC_C,wallet,GB,7535,USD,2026-08-08,PAY-106109,posted
INT-HISTORICAL-006110,2026-08-08T11:32:26,MRC_002,CUST-0017,PROC_C,card,US,22376,USD,2026-08-08,PAY-106110,posted
INT-HISTORICAL-006111,2026-08-08T11:34:36,MRC_004,CUST-0156,PROC_A,ach,US,106165,EUR,2026-08-08,PAY-106111,posted
INT-HISTORICAL-006112,2026-08-08T11:35:03,MRC_001,CUST-0266,PROC_A,ach,GB,1962,USD,2026-08-08,PAY-106112,posted
INT-HISTORICAL-006113,2026-08-08T11:35:51,MRC_002,CUST-0182,PROC_C,ach,US,33299,GBP,2026-08-08,PAY-106113,posted
INT-HISTORICAL-006114,2026-08-08T11:36:13,MRC_004,CUST-0285,PROC_B,ach,DE,2973,USD,2026-08-08,PAY-106114,posted
INT-HISTORICAL-006115,2026-08-08T11:38:32,MRC_002,CUST-0328,PROC_A,ach,US,75735,GBP,2026-08-08,PAY-106115,posted
INT-HISTORICAL-006116,2026-08-08T11:40:49,MRC_003,CUST-0070,PROC_C,wallet,US,37729,USD,2026-08-08,PAY-106116,posted
INT-HISTORICAL-006117,2026-08-08T11:42:07,MRC_004,CUST-0006,PROC_C,wire,US,12941,USD,2026-08-08,PAY-106117,posted
INT-HISTORICAL-006118,2026-08-08T11:43:14,MRC_005,CUST-0055,PROC_A,wallet,GB,3355,USD,2026-08-08,PAY-106118,posted
INT-HISTORICAL-006119,2026-08-08T11:45:39,MRC_003,CUST-0273,PROC_C,wire,US,13064,USD,2026-08-08,PAY-106119,posted
INT-HISTORICAL-006120,2026-08-08T11:47:59,MRC_002,CUST-0038,PROC_B,wire,US,5743,USD,2026-08-08,PAY-106120,posted
INT-HISTORICAL-006121,2026-08-08T11:50:55,MRC_003,CUST-0134,PROC_C,wallet,DE,500,GBP,2026-08-08,PAY-106121,posted
INT-HISTORICAL-006122,2026-08-08T11:53:38,MRC_001,CUST-0249,PROC_B,ach,US,41364,USD,2026-08-08,PAY-106122,posted
INT-HISTORICAL-006123,2026-08-08T11:55:07,MRC_002,CUST-0037,PROC_B,wallet,US,14330,EUR,2026-08-08,PAY-106123,posted
INT-HISTORICAL-006124,2026-08-08T11:55:57,MRC_004,CUST-0092,PROC_A,card,US,3658,USD,2026-08-08,PAY-106124,posted
INT-HISTORICAL-006125,2026-08-08T11:58:02,MRC_001,CUST-0122,PROC_A,ach,DE,31942,GBP,2026-08-08,PAY-106125,posted
INT-HISTORICAL-006126,2026-08-08T11:59:02,MRC_001,CUST-0309,PROC_A,wallet,US,37226,USD,2026-08-08,PAY-106126,posted
INT-HISTORICAL-006127,2026-08-08T12:01:52,MRC_004,CUST-0230,PROC_A,wire,US,5788,USD,2026-08-08,PAY-106127,posted
INT-HISTORICAL-006128,2026-08-08T12:02:28,MRC_003,CUST-0275,PROC_C,ach,US,7626,USD,2026-08-08,PAY-106128,posted
INT-HISTORICAL-006129,2026-08-08T12:04:54,MRC_002,CUST-0151,PROC_B,card,CA,1472,GBP,2026-08-08,PAY-106129,posted
INT-HISTORICAL-006130,2026-08-08T12:05:26,MRC_003,CUST-0119,PROC_C,ach,US,7789,USD,2026-08-08,PAY-106130,posted
INT-HISTORICAL-006131,2026-08-08T12:08:05,MRC_002,CUST-0326,PROC_A,wallet,US,8258,EUR,2026-08-08,PAY-106131,posted
INT-HISTORICAL-006132,2026-08-08T12:08:32,MRC_002,CUST-0052,PROC_B,wallet,GB,3893,EUR,2026-08-08,PAY-106132,posted
INT-HISTORICAL-006133,2026-08-08T12:10:27,MRC_003,CUST-0314,PROC_A,ach,GB,8395,GBP,2026-08-08,PAY-106133,posted
INT-HISTORICAL-006134,2026-08-08T12:11:07,MRC_003,CUST-0026,PROC_C,card,US,59914,USD,2026-08-08,PAY-106134,posted
INT-HISTORICAL-006135,2026-08-08T12:11:57,MRC_001,CUST-0116,PROC_C,ach,GB,4393,USD,2026-08-08,PAY-106135,posted
INT-HISTORICAL-006136,2026-08-08T12:13:15,MRC_002,CUST-0341,PROC_C,wire,GB,44232,USD,2026-08-08,PAY-106136,posted
INT-HISTORICAL-006137,2026-08-08T12:13:55,MRC_001,CUST-0119,PROC_A,ach,US,30835,GBP,2026-08-08,PAY-106137,posted
INT-HISTORICAL-006138,2026-08-08T12:16:40,MRC_004,CUST-0079,PROC_B,card,US,167010,USD,2026-08-08,PAY-106138,posted
INT-HISTORICAL-006139,2026-08-08T12:18:38,MRC_004,CUST-0375,PROC_B,ach,GB,20087,USD,2026-08-08,PAY-106139,posted
INT-HISTORICAL-006140,2026-08-08T12:19:08,MRC_004,CUST-0380,PROC_C,wire,US,6567,USD,2026-08-08,PAY-106140,posted
INT-HISTORICAL-006141,2026-08-08T12:19:58,MRC_002,CUST-0280,PROC_A,wire,US,14930,EUR,2026-08-08,PAY-106141,posted
INT-HISTORICAL-006142,2026-08-08T12:21:07,MRC_003,CUST-0083,PROC_B,wallet,CA,21968,USD,2026-08-08,PAY-106142,posted
INT-HISTORICAL-006143,2026-08-08T12:22:50,MRC_005,CUST-0332,PROC_C,wire,US,8711,USD,2026-08-08,PAY-106143,posted
INT-HISTORICAL-006144,2026-08-08T12:23:36,MRC_003,CUST-0241,PROC_C,wallet,CA,4044,USD,2026-08-08,PAY-106144,posted
INT-HISTORICAL-006145,2026-08-08T12:25:19,MRC_005,CUST-0035,PROC_C,card,US,22512,EUR,2026-08-08,PAY-106145,posted
INT-HISTORICAL-006146,2026-08-08T12:26:21,MRC_005,CUST-0191,PROC_C,wire,US,26974,USD,2026-08-08,PAY-106146,posted
INT-HISTORICAL-006147,2026-08-08T12:29:09,MRC_004,CUST-0397,PROC_B,ach,US,21218,GBP,2026-08-08,PAY-106147,posted
INT-HISTORICAL-006148,2026-08-08T12:29:49,MRC_005,CUST-0101,PROC_B,wallet,US,8780,USD,2026-08-08,PAY-106148,posted
INT-HISTORICAL-006149,2026-08-08T12:30:32,MRC_004,CUST-0099,PROC_A,ach,US,38411,USD,2026-08-08,PAY-106149,posted
INT-HISTORICAL-006150,2026-08-08T12:32:59,MRC_002,CUST-0026,PROC_B,wallet,US,21474,USD,2026-08-08,PAY-106150,posted
INT-HISTORICAL-006151,2026-08-08T12:33:42,MRC_004,CUST-0382,PROC_A,card,DE,7100,USD,2026-08-08,PAY-106151,posted
INT-HISTORICAL-006152,2026-08-08T12:36:20,MRC_003,CUST-0339,PROC_A,wallet,US,5585,USD,2026-08-08,PAY-106152,posted
INT-HISTORICAL-006153,2026-08-08T12:37:26,MRC_001,CUST-0377,PROC_A,card,DE,3238,USD,2026-08-08,PAY-106153,posted
INT-HISTORICAL-006154,2026-08-08T12:40:04,MRC_005,CUST-0013,PROC_B,card,US,27093,GBP,2026-08-08,PAY-106154,posted
INT-HISTORICAL-006155,2026-08-08T12:41:30,MRC_002,CUST-0110,PROC_B,card,US,14619,USD,2026-08-08,PAY-106155,posted
INT-HISTORICAL-006156,2026-08-08T12:42:55,MRC_001,CUST-0374,PROC_B,wallet,US,9925,GBP,2026-08-08,PAY-106156,posted
INT-HISTORICAL-006157,2026-08-08T12:45:27,MRC_004,CUST-0222,PROC_B,wire,US,9851,USD,2026-08-08,PAY-106157,posted
INT-HISTORICAL-006158,2026-08-08T12:46:13,MRC_003,CUST-0212,PROC_C,ach,US,39345,GBP,2026-08-08,PAY-106158,posted
INT-HISTORICAL-006159,2026-08-08T12:48:18,MRC_005,CUST-0138,PROC_A,card,US,10932,GBP,2026-08-08,PAY-106159,posted
INT-HISTORICAL-006160,2026-08-08T12:50:17,MRC_005,CUST-0152,PROC_C,wire,US,9584,USD,2026-08-08,PAY-106160,posted
INT-HISTORICAL-006161,2026-08-08T12:52:34,MRC_005,CUST-0013,PROC_C,ach,GB,5192,USD,2026-08-08,PAY-106161,posted
INT-HISTORICAL-006162,2026-08-08T12:55:24,MRC_005,CUST-0032,PROC_C,wallet,US,29689,EUR,2026-08-08,PAY-106162,posted
INT-HISTORICAL-006163,2026-08-08T12:56:24,MRC_003,CUST-0333,PROC_A,wire,DE,6274,USD,2026-08-08,PAY-106163,posted
INT-HISTORICAL-006164,2026-08-08T12:58:33,MRC_001,CUST-0286,PROC_A,card,US,33019,GBP,2026-08-08,PAY-106164,posted
INT-HISTORICAL-006165,2026-08-08T13:00:49,MRC_005,CUST-0275,PROC_C,ach,CA,9666,USD,2026-08-08,PAY-106165,posted
INT-HISTORICAL-006166,2026-08-08T13:01:39,MRC_001,CUST-0392,PROC_A,wire,US,4911,EUR,2026-08-08,PAY-106166,posted
INT-HISTORICAL-006167,2026-08-08T13:04:34,MRC_003,CUST-0237,PROC_B,card,GB,49734,USD,2026-08-08,PAY-106167,posted
INT-HISTORICAL-006168,2026-08-08T13:06:11,MRC_003,CUST-0087,PROC_A,ach,GB,13276,USD,2026-08-08,PAY-106168,posted
INT-HISTORICAL-006169,2026-08-08T13:09:09,MRC_004,CUST-0032,PROC_A,wire,US,25417,USD,2026-08-08,PAY-106169,posted
INT-HISTORICAL-006170,2026-08-08T13:09:30,MRC_003,CUST-0081,PROC_A,wire,DE,10994,USD,2026-08-08,PAY-106170,posted
INT-HISTORICAL-006171,2026-08-08T13:10:07,MRC_004,CUST-0255,PROC_C,wallet,US,5194,EUR,2026-08-08,PAY-106171,posted
INT-HISTORICAL-006172,2026-08-08T13:12:51,MRC_001,CUST-0385,PROC_A,wallet,CA,6605,GBP,2026-08-08,PAY-106172,posted
INT-HISTORICAL-006173,2026-08-08T13:15:23,MRC_004,CUST-0358,PROC_B,ach,US,4163,USD,2026-08-08,PAY-106173,posted
INT-HISTORICAL-006174,2026-08-08T13:17:15,MRC_004,CUST-0303,PROC_B,ach,US,2610,EUR,2026-08-08,PAY-106174,posted
INT-HISTORICAL-006175,2026-08-08T13:18:47,MRC_002,CUST-0335,PROC_A,wire,GB,8290,EUR,2026-08-08,PAY-106175,posted
INT-HISTORICAL-006176,2026-08-08T13:20:58,MRC_001,CUST-0174,PROC_B,ach,CA,18939,USD,2026-08-08,PAY-106176,posted
INT-HISTORICAL-006177,2026-08-08T13:21:40,MRC_005,CUST-0011,PROC_B,ach,US,7939,GBP,2026-08-08,PAY-106177,posted
INT-HISTORICAL-006178,2026-08-08T13:24:35,MRC_004,CUST-0089,PROC_B,card,US,48794,USD,2026-08-08,PAY-106178,posted
INT-HISTORICAL-006179,2026-08-08T13:25:05,MRC_003,CUST-0268,PROC_B,wire,DE,6003,USD,2026-08-08,PAY-106179,posted
INT-HISTORICAL-006180,2026-08-08T13:27:18,MRC_003,CUST-0376,PROC_C,wallet,US,11968,GBP,2026-08-08,PAY-106180,posted
INT-HISTORICAL-006181,2026-08-08T13:28:19,MRC_001,CUST-0105,PROC_C,wire,US,5285,USD,2026-08-08,PAY-106181,posted
INT-HISTORICAL-006182,2026-08-08T13:30:40,MRC_002,CUST-0362,PROC_C,wire,US,17920,USD,2026-08-08,PAY-106182,posted
INT-HISTORICAL-006183,2026-08-08T13:33:08,MRC_005,CUST-0066,PROC_B,ach,CA,7173,USD,2026-08-08,PAY-106183,posted
INT-HISTORICAL-006184,2026-08-08T13:36:04,MRC_005,CUST-0294,PROC_B,card,US,10519,GBP,2026-08-08,PAY-106184,posted
INT-HISTORICAL-006185,2026-08-08T13:38:19,MRC_004,CUST-0150,PROC_B,wire,GB,4010,GBP,2026-08-08,PAY-106185,posted
INT-HISTORICAL-006186,2026-08-08T13:40:51,MRC_002,CUST-0329,PROC_C,wire,GB,6894,GBP,2026-08-08,PAY-106186,posted
INT-HISTORICAL-006187,2026-08-08T13:42:34,MRC_005,CUST-0396,PROC_A,wallet,CA,12471,EUR,2026-08-08,PAY-106187,posted
INT-HISTORICAL-006188,2026-08-08T13:43:11,MRC_001,CUST-0245,PROC_C,card,US,12315,EUR,2026-08-08,PAY-106188,posted
INT-HISTORICAL-006189,2026-08-08T13:45:58,MRC_004,CUST-0163,PROC_A,ach,DE,6684,USD,2026-08-08,PAY-106189,posted
INT-HISTORICAL-006190,2026-08-08T13:48:54,MRC_004,CUST-0085,PROC_C,card,US,18240,USD,2026-08-08,PAY-106190,posted
INT-HISTORICAL-006191,2026-08-08T13:49:54,MRC_004,CUST-0113,PROC_A,ach,DE,29470,EUR,2026-08-08,PAY-106191,posted
INT-HISTORICAL-006192,2026-08-08T13:51:17,MRC_002,CUST-0054,PROC_C,wallet,US,9220,USD,2026-08-08,PAY-106192,posted
INT-HISTORICAL-006193,2026-08-08T13:52:36,MRC_001,CUST-0184,PROC_C,wallet,DE,31534,USD,2026-08-08,PAY-106193,posted
INT-HISTORICAL-006194,2026-08-08T13:55:12,MRC_004,CUST-0091,PROC_B,wallet,DE,5134,GBP,2026-08-08,PAY-106194,posted
INT-HISTORICAL-006195,2026-08-08T13:56:16,MRC_004,CUST-0261,PROC_C,ach,US,3925,USD,2026-08-08,PAY-106195,posted
INT-HISTORICAL-006196,2026-08-08T13:57:20,MRC_005,CUST-0399,PROC_B,wallet,US,7613,USD,2026-08-08,PAY-106196,posted
INT-HISTORICAL-006197,2026-08-08T13:58:01,MRC_004,CUST-0268,PROC_C,ach,GB,8399,EUR,2026-08-08,PAY-106197,posted
INT-HISTORICAL-006198,2026-08-08T14:00:16,MRC_005,CUST-0303,PROC_B,card,US,22405,GBP,2026-08-08,PAY-106198,posted
INT-HISTORICAL-006199,2026-08-08T14:00:59,MRC_002,CUST-0336,PROC_A,wire,GB,5176,USD,2026-08-08,PAY-106199,posted
INT-HISTORICAL-006200,2026-08-08T14:01:48,MRC_005,CUST-0311,PROC_A,wallet,US,12268,USD,2026-08-08,PAY-106200,posted
INT-HISTORICAL-006201,2026-08-08T14:03:40,MRC_003,CUST-0217,PROC_B,wire,US,7935,EUR,2026-08-08,PAY-106201,posted
INT-HISTORICAL-006202,2026-08-08T14:04:22,MRC_003,CUST-0299,PROC_C,wallet,US,3767,USD,2026-08-08,PAY-106202,posted
INT-HISTORICAL-006203,2026-08-08T14:06:59,MRC_002,CUST-0178,PROC_A,card,GB,3603,USD,2026-08-08,PAY-106203,posted
INT-HISTORICAL-006204,2026-08-08T14:09:27,MRC_002,CUST-0226,PROC_A,card,US,8296,GBP,2026-08-08,PAY-106204,posted
INT-HISTORICAL-006205,2026-08-08T14:10:54,MRC_005,CUST-0028,PROC_A,wallet,US,39396,USD,2026-08-08,PAY-106205,posted
INT-HISTORICAL-006206,2026-08-08T14:13:28,MRC_002,CUST-0370,PROC_C,ach,CA,16734,USD,2026-08-08,PAY-106206,posted
INT-HISTORICAL-006207,2026-08-08T14:14:31,MRC_003,CUST-0297,PROC_B,ach,CA,9041,USD,2026-08-08,PAY-106207,posted
INT-HISTORICAL-006208,2026-08-08T14:16:22,MRC_005,CUST-0388,PROC_A,card,US,5324,USD,2026-08-08,PAY-106208,posted
INT-HISTORICAL-006209,2026-08-08T14:18:42,MRC_003,CUST-0071,PROC_A,wallet,DE,28995,USD,2026-08-08,PAY-106209,posted
INT-HISTORICAL-006210,2026-08-08T14:20:59,MRC_001,CUST-0133,PROC_A,ach,CA,3656,EUR,2026-08-08,PAY-106210,posted
INT-HISTORICAL-006211,2026-08-08T14:23:58,MRC_005,CUST-0261,PROC_B,ach,DE,52650,USD,2026-08-08,PAY-106211,posted
INT-HISTORICAL-006212,2026-08-08T14:24:25,MRC_002,CUST-0305,PROC_B,ach,DE,22414,USD,2026-08-08,PAY-106212,posted
INT-HISTORICAL-006213,2026-08-08T14:24:49,MRC_005,CUST-0284,PROC_B,card,CA,18961,USD,2026-08-08,PAY-106213,posted
INT-HISTORICAL-006214,2026-08-08T14:26:11,MRC_001,CUST-0303,PROC_A,wallet,US,5537,GBP,2026-08-08,PAY-106214,posted
INT-HISTORICAL-006215,2026-08-08T14:28:45,MRC_001,CUST-0167,PROC_C,ach,CA,4945,USD,2026-08-08,PAY-106215,posted
INT-HISTORICAL-006216,2026-08-08T14:30:55,MRC_004,CUST-0199,PROC_A,wire,DE,10884,EUR,2026-08-08,PAY-106216,posted
INT-HISTORICAL-006217,2026-08-08T14:33:00,MRC_001,CUST-0180,PROC_B,ach,DE,20387,USD,2026-08-08,PAY-106217,posted
INT-HISTORICAL-006218,2026-08-08T14:35:34,MRC_004,CUST-0195,PROC_A,wire,GB,123735,GBP,2026-08-08,PAY-106218,posted
INT-HISTORICAL-006219,2026-08-08T14:38:28,MRC_001,CUST-0133,PROC_B,wallet,GB,60335,USD,2026-08-08,PAY-106219,posted
INT-HISTORICAL-006220,2026-08-08T14:40:53,MRC_001,CUST-0160,PROC_C,wallet,CA,7683,USD,2026-08-08,PAY-106220,posted
INT-HISTORICAL-006221,2026-08-08T14:42:22,MRC_004,CUST-0256,PROC_C,card,CA,13092,EUR,2026-08-08,PAY-106221,posted
INT-HISTORICAL-006222,2026-08-08T14:44:30,MRC_005,CUST-0248,PROC_B,ach,US,9897,USD,2026-08-08,PAY-106222,posted
INT-HISTORICAL-006223,2026-08-08T14:47:09,MRC_002,CUST-0117,PROC_A,ach,US,32977,GBP,2026-08-08,PAY-106223,posted
INT-HISTORICAL-006224,2026-08-08T14:47:55,MRC_003,CUST-0373,PROC_C,wallet,US,1714,USD,2026-08-08,PAY-106224,posted
INT-HISTORICAL-006225,2026-08-08T14:50:42,MRC_004,CUST-0205,PROC_B,wire,GB,17802,USD,2026-08-08,PAY-106225,posted
INT-HISTORICAL-006226,2026-08-08T14:51:27,MRC_002,CUST-0297,PROC_C,wallet,GB,23971,USD,2026-08-08,PAY-106226,posted
INT-HISTORICAL-006227,2026-08-08T14:52:37,MRC_001,CUST-0319,PROC_A,ach,US,8465,USD,2026-08-08,PAY-106227,posted
INT-HISTORICAL-006228,2026-08-08T14:55:10,MRC_002,CUST-0096,PROC_C,card,CA,2124,USD,2026-08-08,PAY-106228,posted
INT-HISTORICAL-006229,2026-08-08T14:56:28,MRC_005,CUST-0377,PROC_A,wire,DE,4700,GBP,2026-08-08,PAY-106229,posted
INT-HISTORICAL-006230,2026-08-08T14:57:48,MRC_001,CUST-0173,PROC_C,card,US,33532,USD,2026-08-08,PAY-106230,posted
INT-HISTORICAL-006231,2026-08-08T15:00:10,MRC_004,CUST-0208,PROC_B,card,US,30261,EUR,2026-08-08,PAY-106231,posted
INT-HISTORICAL-006232,2026-08-08T15:02:20,MRC_002,CUST-0014,PROC_B,ach,US,10463,USD,2026-08-08,PAY-106232,posted
INT-HISTORICAL-006233,2026-08-08T15:03:13,MRC_001,CUST-0031,PROC_A,card,US,27109,USD,2026-08-08,PAY-106233,posted
INT-HISTORICAL-006234,2026-08-08T15:05:44,MRC_003,CUST-0054,PROC_A,card,DE,18765,USD,2026-08-08,PAY-106234,posted
INT-HISTORICAL-006235,2026-08-08T15:08:00,MRC_001,CUST-0157,PROC_A,card,US,12620,USD,2026-08-08,PAY-106235,posted
INT-HISTORICAL-006236,2026-08-08T15:09:47,MRC_003,CUST-0392,PROC_C,wallet,DE,14936,USD,2026-08-08,PAY-106236,posted
INT-HISTORICAL-006237,2026-08-08T15:12:42,MRC_005,CUST-0331,PROC_B,wallet,GB,3584,GBP,2026-08-08,PAY-106237,posted
INT-HISTORICAL-006238,2026-08-08T15:13:47,MRC_004,CUST-0301,PROC_C,ach,GB,23666,USD,2026-08-08,PAY-106238,posted
INT-HISTORICAL-006239,2026-08-08T15:16:34,MRC_003,CUST-0106,PROC_A,wire,GB,15968,GBP,2026-08-08,PAY-106239,posted
INT-HISTORICAL-006240,2026-08-08T15:18:56,MRC_003,CUST-0106,PROC_B,wire,GB,18463,USD,2026-08-08,PAY-106240,posted
INT-HISTORICAL-006241,2026-08-08T15:20:32,MRC_004,CUST-0188,PROC_B,wallet,US,15039,USD,2026-08-08,PAY-106241,posted
INT-HISTORICAL-006242,2026-08-08T15:21:56,MRC_005,CUST-0078,PROC_B,wallet,US,86511,EUR,2026-08-08,PAY-106242,posted
INT-HISTORICAL-006243,2026-08-08T15:23:57,MRC_003,CUST-0094,PROC_C,ach,GB,19187,USD,2026-08-08,PAY-106243,posted
INT-HISTORICAL-006244,2026-08-08T15:26:52,MRC_002,CUST-0256,PROC_A,wallet,US,2663,GBP,2026-08-08,PAY-106244,posted
INT-HISTORICAL-006245,2026-08-08T15:27:13,MRC_003,CUST-0119,PROC_C,card,US,6530,EUR,2026-08-08,PAY-106245,posted
INT-HISTORICAL-006246,2026-08-08T15:28:13,MRC_001,CUST-0032,PROC_A,ach,US,19967,USD,2026-08-08,PAY-106246,posted
INT-HISTORICAL-006247,2026-08-08T15:28:38,MRC_005,CUST-0027,PROC_A,card,US,17781,GBP,2026-08-08,PAY-106247,posted
INT-HISTORICAL-006248,2026-08-08T15:29:54,MRC_001,CUST-0052,PROC_C,ach,CA,4372,USD,2026-08-08,PAY-106248,posted
INT-HISTORICAL-006249,2026-08-08T15:31:32,MRC_005,CUST-0317,PROC_C,card,US,3849,GBP,2026-08-08,PAY-106249,posted
INT-HISTORICAL-006250,2026-08-08T15:32:11,MRC_002,CUST-0349,PROC_C,wallet,US,45640,USD,2026-08-08,PAY-106250,posted
INT-HISTORICAL-006251,2026-08-08T15:34:44,MRC_002,CUST-0372,PROC_A,ach,US,30594,USD,2026-08-08,PAY-106251,posted
INT-HISTORICAL-006252,2026-08-08T15:36:52,MRC_001,CUST-0062,PROC_B,wallet,US,5952,USD,2026-08-08,PAY-106252,posted
INT-HISTORICAL-006253,2026-08-08T15:39:11,MRC_003,CUST-0098,PROC_B,ach,CA,65795,EUR,2026-08-08,PAY-106253,posted
INT-HISTORICAL-006254,2026-08-08T15:41:42,MRC_004,CUST-0148,PROC_B,wire,CA,3509,USD,2026-08-08,PAY-106254,posted
INT-HISTORICAL-006255,2026-08-08T15:43:57,MRC_004,CUST-0112,PROC_B,card,US,4798,USD,2026-08-08,PAY-106255,posted
INT-HISTORICAL-006256,2026-08-08T15:46:32,MRC_005,CUST-0078,PROC_C,card,GB,15186,USD,2026-08-08,PAY-106256,posted
INT-HISTORICAL-006257,2026-08-08T15:49:04,MRC_005,CUST-0319,PROC_A,card,US,7103,GBP,2026-08-08,PAY-106257,posted
INT-HISTORICAL-006258,2026-08-08T15:51:32,MRC_002,CUST-0208,PROC_A,ach,GB,74506,USD,2026-08-08,PAY-106258,posted
INT-HISTORICAL-006259,2026-08-08T15:52:15,MRC_005,CUST-0157,PROC_A,wallet,GB,2921,USD,2026-08-08,PAY-106259,posted
INT-HISTORICAL-006260,2026-08-08T15:55:05,MRC_005,CUST-0053,PROC_C,wallet,US,4685,USD,2026-08-08,PAY-106260,posted
INT-HISTORICAL-006261,2026-08-08T15:56:01,MRC_004,CUST-0395,PROC_B,wire,CA,12071,EUR,2026-08-08,PAY-106261,posted
INT-HISTORICAL-006262,2026-08-08T15:56:21,MRC_004,CUST-0329,PROC_C,wallet,US,3779,USD,2026-08-08,PAY-106262,posted
INT-HISTORICAL-006263,2026-08-08T15:57:54,MRC_004,CUST-0385,PROC_B,wallet,US,12212,GBP,2026-08-08,PAY-106263,posted
INT-HISTORICAL-006264,2026-08-08T15:59:17,MRC_001,CUST-0333,PROC_B,wallet,GB,15180,USD,2026-08-08,PAY-106264,posted
INT-HISTORICAL-006265,2026-08-08T16:00:58,MRC_005,CUST-0120,PROC_C,card,DE,16887,EUR,2026-08-08,PAY-106265,posted
INT-HISTORICAL-006266,2026-08-08T16:01:43,MRC_003,CUST-0352,PROC_A,wallet,CA,13298,GBP,2026-08-08,PAY-106266,posted
INT-HISTORICAL-006267,2026-08-08T16:04:20,MRC_002,CUST-0385,PROC_C,ach,US,3630,USD,2026-08-08,PAY-106267,posted
INT-HISTORICAL-006268,2026-08-08T16:05:23,MRC_005,CUST-0273,PROC_A,wire,GB,11081,EUR,2026-08-08,PAY-106268,posted
INT-HISTORICAL-006269,2026-08-08T16:06:27,MRC_001,CUST-0351,PROC_C,wire,US,14509,USD,2026-08-08,PAY-106269,posted
INT-HISTORICAL-006270,2026-08-08T16:09:12,MRC_004,CUST-0032,PROC_B,wallet,US,28848,GBP,2026-08-08,PAY-106270,posted
INT-HISTORICAL-006271,2026-08-08T16:10:15,MRC_002,CUST-0020,PROC_C,ach,GB,11399,USD,2026-08-08,PAY-106271,posted
INT-HISTORICAL-006272,2026-08-08T16:10:42,MRC_004,CUST-0320,PROC_A,wire,GB,2390,USD,2026-08-08,PAY-106272,posted
INT-HISTORICAL-006273,2026-08-08T16:11:39,MRC_003,CUST-0391,PROC_A,wallet,US,32861,GBP,2026-08-08,PAY-106273,posted
INT-HISTORICAL-006274,2026-08-08T16:13:56,MRC_003,CUST-0062,PROC_A,wire,US,22978,USD,2026-08-08,PAY-106274,posted
INT-HISTORICAL-006275,2026-08-08T16:16:24,MRC_001,CUST-0228,PROC_B,wire,GB,18284,USD,2026-08-08,PAY-106275,posted
INT-HISTORICAL-006276,2026-08-08T16:19:09,MRC_004,CUST-0316,PROC_A,wire,US,2527,USD,2026-08-08,PAY-106276,posted
INT-HISTORICAL-006277,2026-08-08T16:19:36,MRC_004,CUST-0139,PROC_B,card,DE,7289,USD,2026-08-08,PAY-106277,posted
INT-HISTORICAL-006278,2026-08-08T16:21:16,MRC_004,CUST-0337,PROC_C,wallet,US,10310,USD,2026-08-08,PAY-106278,posted
INT-HISTORICAL-006279,2026-08-08T16:23:21,MRC_001,CUST-0222,PROC_B,ach,DE,13034,USD,2026-08-08,PAY-106279,posted
INT-HISTORICAL-006280,2026-08-08T16:26:02,MRC_005,CUST-0316,PROC_B,wire,US,19047,GBP,2026-08-08,PAY-106280,posted
INT-HISTORICAL-006281,2026-08-08T16:27:04,MRC_003,CUST-0091,PROC_C,card,US,6133,GBP,2026-08-08,PAY-106281,posted
INT-HISTORICAL-006282,2026-08-08T16:28:15,MRC_004,CUST-0023,PROC_A,wallet,US,6545,USD,2026-08-08,PAY-106282,posted
INT-HISTORICAL-006283,2026-08-08T16:29:43,MRC_004,CUST-0149,PROC_A,card,US,3733,USD,2026-08-08,PAY-106283,posted
INT-HISTORICAL-006284,2026-08-08T16:32:26,MRC_001,CUST-0212,PROC_B,wire,DE,11503,USD,2026-08-08,PAY-106284,posted
INT-HISTORICAL-006285,2026-08-08T16:34:28,MRC_001,CUST-0039,PROC_B,ach,US,1322,USD,2026-08-08,PAY-106285,posted
INT-HISTORICAL-006286,2026-08-08T16:36:25,MRC_001,CUST-0076,PROC_A,wire,US,13554,USD,2026-08-08,PAY-106286,posted
INT-HISTORICAL-006287,2026-08-08T16:37:23,MRC_004,CUST-0155,PROC_B,card,GB,10806,USD,2026-08-08,PAY-106287,posted
INT-HISTORICAL-006288,2026-08-08T16:40:21,MRC_003,CUST-0139,PROC_A,ach,CA,9063,EUR,2026-08-08,PAY-106288,posted
INT-HISTORICAL-006289,2026-08-08T16:41:02,MRC_005,CUST-0249,PROC_C,wire,US,7647,USD,2026-08-08,PAY-106289,posted
INT-HISTORICAL-006290,2026-08-08T16:41:55,MRC_001,CUST-0236,PROC_B,card,GB,12495,USD,2026-08-08,PAY-106290,posted
INT-HISTORICAL-006291,2026-08-08T16:42:54,MRC_005,CUST-0320,PROC_A,wallet,CA,27273,EUR,2026-08-08,PAY-106291,posted
INT-HISTORICAL-006292,2026-08-08T16:45:23,MRC_001,CUST-0252,PROC_A,wire,DE,36036,USD,2026-08-08,PAY-106292,posted
INT-HISTORICAL-006293,2026-08-08T16:46:45,MRC_004,CUST-0015,PROC_A,ach,CA,14065,USD,2026-08-08,PAY-106293,posted
INT-HISTORICAL-006294,2026-08-08T16:48:06,MRC_003,CUST-0288,PROC_C,wire,US,4446,USD,2026-08-08,PAY-106294,posted
INT-HISTORICAL-006295,2026-08-08T16:50:29,MRC_002,CUST-0194,PROC_C,wallet,GB,7600,GBP,2026-08-08,PAY-106295,posted
INT-HISTORICAL-006296,2026-08-08T16:51:23,MRC_005,CUST-0020,PROC_A,ach,GB,7461,USD,2026-08-08,PAY-106296,posted
INT-HISTORICAL-006297,2026-08-08T16:53:48,MRC_001,CUST-0216,PROC_C,card,CA,16885,USD,2026-08-08,PAY-106297,posted
INT-HISTORICAL-006298,2026-08-08T16:55:25,MRC_003,CUST-0114,PROC_B,wallet,GB,38199,USD,2026-08-08,PAY-106298,posted
INT-HISTORICAL-006299,2026-08-08T16:56:45,MRC_003,CUST-0368,PROC_B,ach,DE,2060,EUR,2026-08-08,PAY-106299,posted
INT-HISTORICAL-006300,2026-08-08T16:57:09,MRC_004,CUST-0115,PROC_B,wire,GB,7984,USD,2026-08-08,PAY-106300,posted
INT-HISTORICAL-006301,2026-08-08T16:59:27,MRC_005,CUST-0118,PROC_B,card,US,2358,USD,2026-08-08,PAY-106301,posted
INT-HISTORICAL-006302,2026-08-08T16:59:53,MRC_004,CUST-0238,PROC_A,ach,GB,54909,USD,2026-08-08,PAY-106302,posted
INT-HISTORICAL-006303,2026-08-08T17:00:55,MRC_005,CUST-0012,PROC_A,card,US,47119,USD,2026-08-08,PAY-106303,posted
INT-HISTORICAL-006304,2026-08-08T17:02:47,MRC_005,CUST-0382,PROC_B,card,GB,5262,GBP,2026-08-08,PAY-106304,posted
INT-HISTORICAL-006305,2026-08-08T17:04:29,MRC_003,CUST-0021,PROC_C,wire,US,4706,GBP,2026-08-08,PAY-106305,posted
INT-HISTORICAL-006306,2026-08-08T17:06:27,MRC_005,CUST-0356,PROC_A,card,US,12632,USD,2026-08-08,PAY-106306,posted
INT-HISTORICAL-006307,2026-08-08T17:07:57,MRC_004,CUST-0107,PROC_A,wire,US,15067,EUR,2026-08-08,PAY-106307,posted
INT-HISTORICAL-006308,2026-08-08T17:08:27,MRC_004,CUST-0142,PROC_A,card,US,55478,USD,2026-08-08,PAY-106308,posted
INT-HISTORICAL-006309,2026-08-08T17:09:08,MRC_001,CUST-0246,PROC_C,ach,US,7677,EUR,2026-08-08,PAY-106309,posted
INT-HISTORICAL-006310,2026-08-08T17:11:00,MRC_002,CUST-0399,PROC_A,wire,CA,61669,USD,2026-08-08,PAY-106310,posted
INT-HISTORICAL-006311,2026-08-08T17:13:38,MRC_002,CUST-0141,PROC_A,ach,US,9878,USD,2026-08-08,PAY-106311,posted
INT-HISTORICAL-006312,2026-08-08T17:14:13,MRC_001,CUST-0031,PROC_B,wallet,GB,14501,USD,2026-08-08,PAY-106312,posted
INT-HISTORICAL-006313,2026-08-08T17:16:32,MRC_005,CUST-0030,PROC_C,wire,DE,27000,GBP,2026-08-08,PAY-106313,posted
INT-HISTORICAL-006314,2026-08-08T17:18:35,MRC_005,CUST-0349,PROC_A,ach,US,4223,USD,2026-08-08,PAY-106314,posted
INT-HISTORICAL-006315,2026-08-08T17:19:11,MRC_003,CUST-0141,PROC_B,wire,DE,15862,USD,2026-08-08,PAY-106315,posted
INT-HISTORICAL-006316,2026-08-08T17:20:55,MRC_004,CUST-0152,PROC_A,wire,GB,5524,USD,2026-08-08,PAY-106316,posted
INT-HISTORICAL-006317,2026-08-08T17:22:28,MRC_003,CUST-0130,PROC_B,card,DE,31171,USD,2026-08-08,PAY-106317,posted
INT-HISTORICAL-006318,2026-08-08T17:23:19,MRC_002,CUST-0076,PROC_A,wire,GB,44463,GBP,2026-08-08,PAY-106318,posted
INT-HISTORICAL-006319,2026-08-08T17:25:11,MRC_002,CUST-0075,PROC_C,card,US,18339,EUR,2026-08-08,PAY-106319,posted
INT-HISTORICAL-006320,2026-08-08T17:28:10,MRC_004,CUST-0380,PROC_C,card,US,12216,USD,2026-08-08,PAY-106320,posted
INT-HISTORICAL-006321,2026-08-08T17:30:58,MRC_003,CUST-0389,PROC_C,wire,US,10477,USD,2026-08-08,PAY-106321,posted
INT-HISTORICAL-006322,2026-08-08T17:33:23,MRC_003,CUST-0062,PROC_B,wire,GB,5181,EUR,2026-08-08,PAY-106322,posted
INT-HISTORICAL-006323,2026-08-08T17:34:37,MRC_003,CUST-0386,PROC_C,ach,US,44234,USD,2026-08-08,PAY-106323,posted
INT-HISTORICAL-006324,2026-08-08T17:36:07,MRC_004,CUST-0224,PROC_C,ach,US,12923,GBP,2026-08-08,PAY-106324,posted
INT-HISTORICAL-006325,2026-08-08T17:38:16,MRC_002,CUST-0147,PROC_C,wire,US,5781,USD,2026-08-08,PAY-106325,posted
INT-HISTORICAL-006326,2026-08-08T17:40:33,MRC_002,CUST-0222,PROC_A,ach,US,23051,GBP,2026-08-08,PAY-106326,posted
INT-HISTORICAL-006327,2026-08-08T17:41:28,MRC_005,CUST-0164,PROC_C,ach,US,2107,USD,2026-08-08,PAY-106327,posted
INT-HISTORICAL-006328,2026-08-08T17:43:34,MRC_003,CUST-0328,PROC_C,wallet,US,5099,USD,2026-08-08,PAY-106328,posted
INT-HISTORICAL-006329,2026-08-08T17:45:10,MRC_002,CUST-0331,PROC_C,ach,US,9280,GBP,2026-08-08,PAY-106329,posted
INT-HISTORICAL-006330,2026-08-08T17:48:07,MRC_002,CUST-0192,PROC_C,card,US,10318,USD,2026-08-08,PAY-106330,posted
INT-HISTORICAL-006331,2026-08-08T17:49:59,MRC_005,CUST-0262,PROC_B,wallet,US,6049,USD,2026-08-08,PAY-106331,posted
INT-HISTORICAL-006332,2026-08-08T17:51:45,MRC_001,CUST-0345,PROC_A,card,US,3999,USD,2026-08-08,PAY-106332,posted
INT-HISTORICAL-006333,2026-08-08T17:53:57,MRC_001,CUST-0307,PROC_C,ach,GB,2218,USD,2026-08-08,PAY-106333,posted
INT-HISTORICAL-006334,2026-08-08T17:55:19,MRC_002,CUST-0383,PROC_B,wire,DE,6863,USD,2026-08-08,PAY-106334,posted
INT-HISTORICAL-006335,2026-08-08T17:56:07,MRC_005,CUST-0016,PROC_A,ach,US,14960,USD,2026-08-08,PAY-106335,posted
INT-HISTORICAL-006336,2026-08-08T17:56:58,MRC_001,CUST-0258,PROC_C,card,US,7985,GBP,2026-08-08,PAY-106336,posted
INT-HISTORICAL-006337,2026-08-08T17:57:36,MRC_001,CUST-0039,PROC_B,wallet,DE,21959,EUR,2026-08-08,PAY-106337,posted
INT-HISTORICAL-006338,2026-08-08T17:59:05,MRC_001,CUST-0398,PROC_C,wire,US,8738,USD,2026-08-08,PAY-106338,posted
INT-HISTORICAL-006339,2026-08-08T18:02:03,MRC_001,CUST-0102,PROC_C,wire,GB,10511,USD,2026-08-08,PAY-106339,posted
INT-HISTORICAL-006340,2026-08-08T18:03:14,MRC_005,CUST-0138,PROC_C,card,US,10341,USD,2026-08-08,PAY-106340,posted
INT-HISTORICAL-006341,2026-08-08T18:04:29,MRC_004,CUST-0037,PROC_C,card,US,23272,EUR,2026-08-08,PAY-106341,posted
INT-HISTORICAL-006342,2026-08-08T18:06:15,MRC_003,CUST-0376,PROC_C,wallet,CA,24959,USD,2026-08-08,PAY-106342,posted
INT-HISTORICAL-006343,2026-08-08T18:08:29,MRC_002,CUST-0069,PROC_A,wallet,GB,3193,USD,2026-08-08,PAY-106343,posted
INT-HISTORICAL-006344,2026-08-08T18:09:06,MRC_001,CUST-0062,PROC_B,card,CA,8307,USD,2026-08-08,PAY-106344,posted
INT-HISTORICAL-006345,2026-08-08T18:11:49,MRC_002,CUST-0332,PROC_A,wire,CA,3910,USD,2026-08-08,PAY-106345,posted
INT-HISTORICAL-006346,2026-08-08T18:12:29,MRC_002,CUST-0171,PROC_C,wire,US,65668,GBP,2026-08-08,PAY-106346,posted
INT-HISTORICAL-006347,2026-08-08T18:14:10,MRC_001,CUST-0301,PROC_B,card,DE,38799,USD,2026-08-08,PAY-106347,posted
INT-HISTORICAL-006348,2026-08-08T18:15:45,MRC_003,CUST-0249,PROC_B,ach,US,1827,USD,2026-08-08,PAY-106348,posted
INT-HISTORICAL-006349,2026-08-08T18:18:06,MRC_003,CUST-0091,PROC_C,ach,US,16387,USD,2026-08-08,PAY-106349,posted
INT-HISTORICAL-006350,2026-08-08T18:18:47,MRC_004,CUST-0289,PROC_B,card,DE,9657,EUR,2026-08-08,PAY-106350,posted
INT-HISTORICAL-006351,2026-08-08T18:19:20,MRC_004,CUST-0308,PROC_C,wire,US,23174,USD,2026-08-08,PAY-106351,posted
INT-HISTORICAL-006352,2026-08-08T18:21:50,MRC_001,CUST-0008,PROC_B,wallet,US,4817,USD,2026-08-08,PAY-106352,posted
INT-HISTORICAL-006353,2026-08-08T18:23:48,MRC_003,CUST-0258,PROC_C,card,US,27279,USD,2026-08-08,PAY-106353,posted
INT-HISTORICAL-006354,2026-08-08T18:25:45,MRC_001,CUST-0057,PROC_A,ach,DE,18150,GBP,2026-08-08,PAY-106354,posted
INT-HISTORICAL-006355,2026-08-08T18:27:31,MRC_004,CUST-0298,PROC_C,ach,US,30162,USD,2026-08-08,PAY-106355,posted
INT-HISTORICAL-006356,2026-08-08T18:28:27,MRC_001,CUST-0255,PROC_B,wire,DE,31470,USD,2026-08-08,PAY-106356,posted
INT-HISTORICAL-006357,2026-08-08T18:29:25,MRC_005,CUST-0297,PROC_A,ach,US,11664,USD,2026-08-08,PAY-106357,posted
INT-HISTORICAL-006358,2026-08-08T18:32:00,MRC_002,CUST-0182,PROC_A,ach,CA,4287,EUR,2026-08-08,PAY-106358,posted
INT-HISTORICAL-006359,2026-08-08T18:34:43,MRC_002,CUST-0034,PROC_A,wallet,DE,3384,USD,2026-08-08,PAY-106359,posted
INT-HISTORICAL-006360,2026-08-08T18:35:29,MRC_001,CUST-0190,PROC_A,ach,GB,1757,USD,2026-08-08,PAY-106360,posted
INT-HISTORICAL-006361,2026-08-08T18:37:38,MRC_001,CUST-0091,PROC_A,wallet,CA,34214,USD,2026-08-08,PAY-106361,posted
INT-HISTORICAL-006362,2026-08-08T18:38:50,MRC_002,CUST-0005,PROC_B,wire,DE,18865,USD,2026-08-08,PAY-106362,posted
INT-HISTORICAL-006363,2026-08-08T18:39:50,MRC_003,CUST-0353,PROC_A,wallet,US,10039,USD,2026-08-08,PAY-106363,posted
INT-HISTORICAL-006364,2026-08-08T18:41:51,MRC_005,CUST-0181,PROC_C,wallet,US,7460,EUR,2026-08-08,PAY-106364,posted
INT-HISTORICAL-006365,2026-08-08T18:44:49,MRC_005,CUST-0301,PROC_B,ach,US,87377,USD,2026-08-08,PAY-106365,posted
INT-HISTORICAL-006366,2026-08-08T18:45:19,MRC_003,CUST-0210,PROC_C,wire,US,22206,USD,2026-08-08,PAY-106366,posted
INT-HISTORICAL-006367,2026-08-08T18:46:56,MRC_001,CUST-0278,PROC_A,wallet,CA,36675,USD,2026-08-08,PAY-106367,posted
INT-HISTORICAL-006368,2026-08-08T18:48:54,MRC_001,CUST-0265,PROC_C,wire,GB,29536,USD,2026-08-08,PAY-106368,posted
INT-HISTORICAL-006369,2026-08-08T18:51:29,MRC_004,CUST-0391,PROC_B,card,US,27322,USD,2026-08-08,PAY-106369,posted
INT-HISTORICAL-006370,2026-08-08T18:52:42,MRC_004,CUST-0303,PROC_A,ach,US,25736,USD,2026-08-08,PAY-106370,posted
INT-HISTORICAL-006371,2026-08-08T18:55:28,MRC_004,CUST-0071,PROC_C,ach,US,26927,USD,2026-08-08,PAY-106371,posted
INT-HISTORICAL-006372,2026-08-08T18:56:50,MRC_005,CUST-0347,PROC_A,wallet,US,9905,GBP,2026-08-08,PAY-106372,posted
INT-HISTORICAL-006373,2026-08-08T18:58:01,MRC_003,CUST-0390,PROC_A,ach,DE,25825,EUR,2026-08-08,PAY-106373,posted
INT-HISTORICAL-006374,2026-08-08T18:59:36,MRC_004,CUST-0239,PROC_B,card,US,7546,EUR,2026-08-08,PAY-106374,posted
INT-HISTORICAL-006375,2026-08-08T19:01:56,MRC_002,CUST-0391,PROC_C,card,US,22917,USD,2026-08-08,PAY-106375,posted
INT-HISTORICAL-006376,2026-08-08T19:03:47,MRC_002,CUST-0002,PROC_C,card,CA,26913,USD,2026-08-08,PAY-106376,posted
INT-HISTORICAL-006377,2026-08-08T19:06:10,MRC_004,CUST-0236,PROC_C,wire,US,14674,USD,2026-08-08,PAY-106377,posted
INT-HISTORICAL-006378,2026-08-08T19:08:31,MRC_002,CUST-0257,PROC_C,wallet,US,5898,USD,2026-08-08,PAY-106378,posted
INT-HISTORICAL-006379,2026-08-08T19:10:56,MRC_003,CUST-0309,PROC_A,wire,US,41684,USD,2026-08-08,PAY-106379,posted
INT-HISTORICAL-006380,2026-08-08T19:13:29,MRC_005,CUST-0137,PROC_B,ach,US,13059,USD,2026-08-08,PAY-106380,posted
INT-HISTORICAL-006381,2026-08-08T19:16:13,MRC_004,CUST-0014,PROC_C,card,US,6215,USD,2026-08-08,PAY-106381,posted
INT-HISTORICAL-006382,2026-08-08T19:17:07,MRC_004,CUST-0200,PROC_A,wire,DE,10503,EUR,2026-08-08,PAY-106382,posted
INT-HISTORICAL-006383,2026-08-08T19:18:55,MRC_002,CUST-0031,PROC_C,ach,DE,51168,EUR,2026-08-08,PAY-106383,posted
INT-HISTORICAL-006384,2026-08-08T19:21:44,MRC_002,CUST-0260,PROC_A,wire,US,25506,USD,2026-08-08,PAY-106384,posted
INT-HISTORICAL-006385,2026-08-08T19:23:38,MRC_002,CUST-0322,PROC_A,card,DE,76891,USD,2026-08-08,PAY-106385,posted
INT-HISTORICAL-006386,2026-08-08T19:25:11,MRC_001,CUST-0004,PROC_C,wire,DE,4527,USD,2026-08-08,PAY-106386,posted
INT-HISTORICAL-006387,2026-08-08T19:26:46,MRC_004,CUST-0043,PROC_A,card,US,2631,USD,2026-08-08,PAY-106387,posted
INT-HISTORICAL-006388,2026-08-08T19:28:15,MRC_001,CUST-0083,PROC_B,ach,DE,24270,USD,2026-08-08,PAY-106388,posted
INT-HISTORICAL-006389,2026-08-08T19:29:20,MRC_003,CUST-0361,PROC_B,wallet,DE,21065,USD,2026-08-08,PAY-106389,posted
INT-HISTORICAL-006390,2026-08-08T19:31:35,MRC_004,CUST-0331,PROC_C,ach,CA,92342,USD,2026-08-08,PAY-106390,posted
INT-HISTORICAL-006391,2026-08-08T19:33:41,MRC_004,CUST-0164,PROC_C,wallet,US,27285,USD,2026-08-08,PAY-106391,posted
INT-HISTORICAL-006392,2026-08-08T19:35:52,MRC_002,CUST-0242,PROC_A,wallet,CA,16849,GBP,2026-08-08,PAY-106392,posted
INT-HISTORICAL-006393,2026-08-08T19:37:33,MRC_004,CUST-0034,PROC_B,ach,GB,25021,USD,2026-08-08,PAY-106393,posted
INT-HISTORICAL-006394,2026-08-08T19:40:32,MRC_001,CUST-0184,PROC_C,wire,GB,2701,USD,2026-08-08,PAY-106394,posted
INT-HISTORICAL-006395,2026-08-08T19:41:33,MRC_002,CUST-0141,PROC_C,card,US,32041,EUR,2026-08-08,PAY-106395,posted
INT-HISTORICAL-006396,2026-08-08T19:42:50,MRC_005,CUST-0382,PROC_A,wire,US,102435,GBP,2026-08-08,PAY-106396,posted
INT-HISTORICAL-006397,2026-08-08T19:45:34,MRC_005,CUST-0005,PROC_C,wallet,US,5624,EUR,2026-08-08,PAY-106397,posted
INT-HISTORICAL-006398,2026-08-08T19:47:18,MRC_002,CUST-0368,PROC_B,wire,US,6900,USD,2026-08-08,PAY-106398,posted
INT-HISTORICAL-006399,2026-08-08T19:47:40,MRC_002,CUST-0256,PROC_C,wire,DE,8182,USD,2026-08-08,PAY-106399,posted
INT-HISTORICAL-006400,2026-08-08T19:49:56,MRC_002,CUST-0389,PROC_C,wire,CA,8095,USD,2026-08-08,PAY-106400,posted
INT-HISTORICAL-006401,2026-08-08T19:52:10,MRC_003,CUST-0093,PROC_C,card,DE,12086,EUR,2026-08-08,PAY-106401,posted
INT-HISTORICAL-006402,2026-08-08T19:53:01,MRC_001,CUST-0020,PROC_B,wire,CA,14746,USD,2026-08-08,PAY-106402,posted
INT-HISTORICAL-006403,2026-08-08T19:55:55,MRC_004,CUST-0313,PROC_C,wire,DE,42138,GBP,2026-08-08,PAY-106403,posted
INT-HISTORICAL-006404,2026-08-08T19:56:52,MRC_003,CUST-0220,PROC_C,card,US,16275,EUR,2026-08-08,PAY-106404,posted
INT-HISTORICAL-006405,2026-08-08T19:59:11,MRC_004,CUST-0134,PROC_C,wallet,US,10415,USD,2026-08-08,PAY-106405,posted
INT-HISTORICAL-006406,2026-08-08T20:01:03,MRC_001,CUST-0028,PROC_A,wire,GB,26433,EUR,2026-08-08,PAY-106406,posted
INT-HISTORICAL-006407,2026-08-08T20:02:29,MRC_002,CUST-0067,PROC_A,wallet,CA,6399,USD,2026-08-08,PAY-106407,posted
INT-HISTORICAL-006408,2026-08-08T20:03:56,MRC_001,CUST-0109,PROC_B,ach,CA,8499,USD,2026-08-08,PAY-106408,posted
INT-HISTORICAL-006409,2026-08-08T20:06:35,MRC_003,CUST-0362,PROC_B,wire,US,7963,USD,2026-08-08,PAY-106409,posted
INT-HISTORICAL-006410,2026-08-08T20:07:27,MRC_005,CUST-0351,PROC_C,wire,US,7553,USD,2026-08-08,PAY-106410,posted
INT-HISTORICAL-006411,2026-08-08T20:09:18,MRC_001,CUST-0295,PROC_B,card,CA,9304,GBP,2026-08-08,PAY-106411,posted
INT-HISTORICAL-006412,2026-08-08T20:10:51,MRC_004,CUST-0214,PROC_C,wallet,DE,45114,USD,2026-08-08,PAY-106412,posted
INT-HISTORICAL-006413,2026-08-08T20:13:45,MRC_003,CUST-0186,PROC_C,ach,CA,4013,EUR,2026-08-08,PAY-106413,posted
INT-HISTORICAL-006414,2026-08-08T20:15:17,MRC_002,CUST-0049,PROC_C,wallet,US,14211,USD,2026-08-08,PAY-106414,posted
INT-HISTORICAL-006415,2026-08-08T20:17:20,MRC_005,CUST-0195,PROC_A,ach,US,9472,USD,2026-08-08,PAY-106415,posted
INT-HISTORICAL-006416,2026-08-08T20:17:47,MRC_002,CUST-0056,PROC_A,wire,DE,70523,USD,2026-08-08,PAY-106416,posted
INT-HISTORICAL-006417,2026-08-08T20:20:21,MRC_003,CUST-0260,PROC_B,card,CA,82764,USD,2026-08-08,PAY-106417,posted
INT-HISTORICAL-006418,2026-08-08T20:20:45,MRC_002,CUST-0277,PROC_B,wire,GB,4950,USD,2026-08-08,PAY-106418,posted
INT-HISTORICAL-006419,2026-08-08T20:22:03,MRC_004,CUST-0246,PROC_B,card,CA,23387,USD,2026-08-08,PAY-106419,posted
INT-HISTORICAL-006420,2026-08-08T20:23:37,MRC_003,CUST-0041,PROC_A,wire,DE,7731,USD,2026-08-08,PAY-106420,posted
INT-HISTORICAL-006421,2026-08-08T20:24:15,MRC_001,CUST-0191,PROC_C,wire,GB,5579,USD,2026-08-08,PAY-106421,posted
INT-HISTORICAL-006422,2026-08-08T20:25:38,MRC_002,CUST-0099,PROC_C,wallet,US,5538,EUR,2026-08-08,PAY-106422,posted
INT-HISTORICAL-006423,2026-08-08T20:27:38,MRC_004,CUST-0348,PROC_B,wallet,CA,6751,USD,2026-08-08,PAY-106423,posted
INT-HISTORICAL-006424,2026-08-08T20:29:29,MRC_003,CUST-0326,PROC_A,ach,US,13711,USD,2026-08-08,PAY-106424,posted
INT-HISTORICAL-006425,2026-08-08T20:30:39,MRC_005,CUST-0202,PROC_A,ach,US,5324,USD,2026-08-08,PAY-106425,posted
INT-HISTORICAL-006426,2026-08-08T20:31:21,MRC_004,CUST-0207,PROC_C,card,CA,7912,USD,2026-08-08,PAY-106426,posted
INT-HISTORICAL-006427,2026-08-08T20:34:05,MRC_005,CUST-0320,PROC_B,wire,GB,4352,GBP,2026-08-08,PAY-106427,posted
INT-HISTORICAL-006428,2026-08-08T20:36:27,MRC_001,CUST-0283,PROC_B,card,GB,7863,USD,2026-08-08,PAY-106428,posted
INT-HISTORICAL-006429,2026-08-08T20:38:07,MRC_003,CUST-0103,PROC_B,card,DE,29925,USD,2026-08-08,PAY-106429,posted
INT-HISTORICAL-006430,2026-08-08T20:38:29,MRC_002,CUST-0068,PROC_C,ach,US,26518,USD,2026-08-08,PAY-106430,posted
INT-HISTORICAL-006431,2026-08-08T20:38:51,MRC_005,CUST-0336,PROC_B,ach,GB,6553,GBP,2026-08-08,PAY-106431,posted
INT-HISTORICAL-006432,2026-08-08T20:41:07,MRC_005,CUST-0155,PROC_A,wire,GB,8391,USD,2026-08-08,PAY-106432,posted
INT-HISTORICAL-006433,2026-08-08T20:41:32,MRC_004,CUST-0232,PROC_B,wire,US,32597,USD,2026-08-08,PAY-106433,posted
INT-HISTORICAL-006434,2026-08-08T20:43:39,MRC_003,CUST-0123,PROC_B,ach,CA,85714,USD,2026-08-08,PAY-106434,posted
INT-HISTORICAL-006435,2026-08-08T20:45:20,MRC_002,CUST-0078,PROC_A,ach,US,1962,USD,2026-08-08,PAY-106435,posted
INT-HISTORICAL-006436,2026-08-08T20:47:30,MRC_005,CUST-0203,PROC_C,wire,US,18752,USD,2026-08-08,PAY-106436,posted
INT-HISTORICAL-006437,2026-08-08T20:50:04,MRC_004,CUST-0121,PROC_C,ach,GB,2769,GBP,2026-08-08,PAY-106437,posted
INT-HISTORICAL-006438,2026-08-08T20:52:53,MRC_003,CUST-0267,PROC_B,wallet,US,35077,USD,2026-08-08,PAY-106438,posted
INT-HISTORICAL-006439,2026-08-08T20:53:42,MRC_003,CUST-0034,PROC_A,wallet,DE,8125,GBP,2026-08-08,PAY-106439,posted
INT-HISTORICAL-006440,2026-08-08T20:55:16,MRC_002,CUST-0095,PROC_A,card,US,4491,GBP,2026-08-08,PAY-106440,posted
INT-HISTORICAL-006441,2026-08-08T20:58:03,MRC_003,CUST-0015,PROC_C,wire,US,60944,GBP,2026-08-08,PAY-106441,posted
INT-HISTORICAL-006442,2026-08-08T20:59:28,MRC_005,CUST-0064,PROC_C,wire,US,3393,USD,2026-08-08,PAY-106442,posted
INT-HISTORICAL-006443,2026-08-08T21:00:21,MRC_004,CUST-0073,PROC_B,card,US,28213,EUR,2026-08-08,PAY-106443,posted
INT-HISTORICAL-006444,2026-08-08T21:01:09,MRC_002,CUST-0186,PROC_B,ach,US,31100,USD,2026-08-08,PAY-106444,posted
INT-HISTORICAL-006445,2026-08-08T21:03:39,MRC_005,CUST-0187,PROC_B,wallet,US,29019,GBP,2026-08-08,PAY-106445,posted
INT-HISTORICAL-006446,2026-08-08T21:05:23,MRC_005,CUST-0205,PROC_B,card,US,7948,EUR,2026-08-08,PAY-106446,posted
INT-HISTORICAL-006447,2026-08-08T21:07:13,MRC_001,CUST-0158,PROC_C,wire,CA,12645,USD,2026-08-08,PAY-106447,posted
INT-HISTORICAL-006448,2026-08-08T21:08:02,MRC_004,CUST-0276,PROC_A,wallet,US,13867,EUR,2026-08-08,PAY-106448,posted
INT-HISTORICAL-006449,2026-08-08T21:10:58,MRC_002,CUST-0129,PROC_A,ach,US,9782,GBP,2026-08-08,PAY-106449,posted
INT-HISTORICAL-006450,2026-08-08T21:12:00,MRC_002,CUST-0011,PROC_C,wallet,GB,4877,USD,2026-08-08,PAY-106450,posted
INT-HISTORICAL-006451,2026-08-08T21:14:15,MRC_004,CUST-0260,PROC_A,card,US,2338,GBP,2026-08-08,PAY-106451,posted
INT-HISTORICAL-006452,2026-08-08T21:16:46,MRC_004,CUST-0054,PROC_B,wallet,US,16101,USD,2026-08-08,PAY-106452,posted
INT-HISTORICAL-006453,2026-08-08T21:18:31,MRC_003,CUST-0396,PROC_A,ach,US,16917,USD,2026-08-08,PAY-106453,posted
INT-HISTORICAL-006454,2026-08-08T21:20:09,MRC_004,CUST-0050,PROC_B,card,GB,1752,GBP,2026-08-08,PAY-106454,posted
INT-HISTORICAL-006455,2026-08-08T21:22:48,MRC_002,CUST-0377,PROC_A,wallet,CA,38092,EUR,2026-08-08,PAY-106455,posted
INT-HISTORICAL-006456,2026-08-08T21:23:41,MRC_005,CUST-0346,PROC_B,card,GB,5212,USD,2026-08-08,PAY-106456,posted
INT-HISTORICAL-006457,2026-08-08T21:26:27,MRC_005,CUST-0219,PROC_A,ach,US,1701,GBP,2026-08-08,PAY-106457,posted
INT-HISTORICAL-006458,2026-08-08T21:27:53,MRC_001,CUST-0140,PROC_B,ach,DE,15190,USD,2026-08-08,PAY-106458,posted
INT-HISTORICAL-006459,2026-08-08T21:29:22,MRC_002,CUST-0091,PROC_A,wire,US,19895,GBP,2026-08-08,PAY-106459,posted
INT-HISTORICAL-006460,2026-08-08T21:30:43,MRC_002,CUST-0069,PROC_A,card,DE,2426,USD,2026-08-08,PAY-106460,posted
INT-HISTORICAL-006461,2026-08-08T21:32:56,MRC_002,CUST-0241,PROC_A,wire,DE,17169,GBP,2026-08-08,PAY-106461,posted
INT-HISTORICAL-006462,2026-08-08T21:35:01,MRC_004,CUST-0259,PROC_A,wallet,US,12986,USD,2026-08-08,PAY-106462,posted
INT-HISTORICAL-006463,2026-08-08T21:36:12,MRC_004,CUST-0168,PROC_B,wire,CA,6416,USD,2026-08-08,PAY-106463,posted
INT-HISTORICAL-006464,2026-08-08T21:37:38,MRC_004,CUST-0041,PROC_C,ach,US,21935,EUR,2026-08-08,PAY-106464,posted
INT-HISTORICAL-006465,2026-08-08T21:38:00,MRC_004,CUST-0178,PROC_C,wire,US,8490,GBP,2026-08-08,PAY-106465,posted
INT-HISTORICAL-006466,2026-08-08T21:39:28,MRC_001,CUST-0371,PROC_C,wire,US,5195,USD,2026-08-08,PAY-106466,posted
INT-HISTORICAL-006467,2026-08-08T21:40:47,MRC_003,CUST-0359,PROC_B,wallet,US,56233,USD,2026-08-08,PAY-106467,posted
INT-HISTORICAL-006468,2026-08-08T21:42:54,MRC_002,CUST-0256,PROC_A,wallet,DE,16836,USD,2026-08-08,PAY-106468,posted
INT-HISTORICAL-006469,2026-08-08T21:45:02,MRC_003,CUST-0145,PROC_B,ach,CA,4575,USD,2026-08-08,PAY-106469,posted
INT-HISTORICAL-006470,2026-08-08T21:47:06,MRC_002,CUST-0061,PROC_A,wire,DE,9413,USD,2026-08-08,PAY-106470,posted
INT-HISTORICAL-006471,2026-08-08T21:47:44,MRC_003,CUST-0370,PROC_A,ach,US,16219,EUR,2026-08-08,PAY-106471,posted
INT-HISTORICAL-006472,2026-08-08T21:50:35,MRC_003,CUST-0041,PROC_C,wallet,DE,23718,USD,2026-08-08,PAY-106472,posted
INT-HISTORICAL-006473,2026-08-08T21:53:07,MRC_003,CUST-0039,PROC_C,wallet,DE,12531,EUR,2026-08-08,PAY-106473,posted
INT-HISTORICAL-006474,2026-08-08T21:53:49,MRC_001,CUST-0328,PROC_A,ach,GB,12927,USD,2026-08-08,PAY-106474,posted
INT-HISTORICAL-006475,2026-08-08T21:54:58,MRC_005,CUST-0149,PROC_C,wallet,US,10060,USD,2026-08-08,PAY-106475,posted
INT-HISTORICAL-006476,2026-08-08T21:57:18,MRC_002,CUST-0163,PROC_C,wire,US,14656,USD,2026-08-08,PAY-106476,posted
INT-HISTORICAL-006477,2026-08-08T21:59:21,MRC_002,CUST-0267,PROC_A,ach,GB,24767,EUR,2026-08-08,PAY-106477,posted
INT-HISTORICAL-006478,2026-08-08T21:59:41,MRC_001,CUST-0345,PROC_A,ach,GB,1666,USD,2026-08-08,PAY-106478,posted
INT-HISTORICAL-006479,2026-08-08T22:02:01,MRC_003,CUST-0267,PROC_C,wire,CA,9313,USD,2026-08-08,PAY-106479,posted
INT-HISTORICAL-006480,2026-08-08T22:03:28,MRC_002,CUST-0136,PROC_B,wallet,US,13458,USD,2026-08-08,PAY-106480,posted
INT-HISTORICAL-006481,2026-08-08T22:05:59,MRC_001,CUST-0150,PROC_A,wallet,US,6435,GBP,2026-08-08,PAY-106481,posted
INT-HISTORICAL-006482,2026-08-08T22:06:47,MRC_001,CUST-0161,PROC_C,wire,CA,5541,EUR,2026-08-08,PAY-106482,posted
INT-HISTORICAL-006483,2026-08-08T22:07:10,MRC_002,CUST-0093,PROC_A,card,US,2460,USD,2026-08-08,PAY-106483,posted
INT-HISTORICAL-006484,2026-08-08T22:08:30,MRC_001,CUST-0224,PROC_B,ach,DE,45001,USD,2026-08-08,PAY-106484,posted
INT-HISTORICAL-006485,2026-08-08T22:09:29,MRC_002,CUST-0007,PROC_C,card,US,16098,USD,2026-08-08,PAY-106485,posted
INT-HISTORICAL-006486,2026-08-08T22:12:09,MRC_002,CUST-0380,PROC_A,wire,DE,35033,USD,2026-08-08,PAY-106486,posted
INT-HISTORICAL-006487,2026-08-08T22:14:40,MRC_004,CUST-0168,PROC_A,card,DE,55194,USD,2026-08-08,PAY-106487,posted
INT-HISTORICAL-006488,2026-08-08T22:15:30,MRC_002,CUST-0252,PROC_B,card,US,3625,USD,2026-08-08,PAY-106488,posted
INT-HISTORICAL-006489,2026-08-08T22:18:14,MRC_004,CUST-0078,PROC_C,card,US,23115,USD,2026-08-08,PAY-106489,posted
INT-HISTORICAL-006490,2026-08-08T22:19:04,MRC_003,CUST-0134,PROC_A,wallet,DE,8502,USD,2026-08-08,PAY-106490,posted
INT-HISTORICAL-006491,2026-08-08T22:20:51,MRC_004,CUST-0114,PROC_B,wire,US,8412,USD,2026-08-08,PAY-106491,posted
INT-HISTORICAL-006492,2026-08-08T22:23:09,MRC_002,CUST-0165,PROC_C,ach,DE,121214,USD,2026-08-08,PAY-106492,posted
INT-HISTORICAL-006493,2026-08-08T22:24:24,MRC_001,CUST-0333,PROC_C,wallet,CA,45560,USD,2026-08-08,PAY-106493,posted
INT-HISTORICAL-006494,2026-08-08T22:25:32,MRC_005,CUST-0023,PROC_B,wallet,GB,39471,USD,2026-08-08,PAY-106494,posted
INT-HISTORICAL-006495,2026-08-08T22:26:39,MRC_001,CUST-0113,PROC_A,wire,US,27626,USD,2026-08-08,PAY-106495,posted
INT-HISTORICAL-006496,2026-08-08T22:27:25,MRC_001,CUST-0113,PROC_B,wire,US,14668,USD,2026-08-08,PAY-106496,posted
INT-HISTORICAL-006497,2026-08-08T22:28:08,MRC_002,CUST-0134,PROC_A,wallet,US,15921,EUR,2026-08-08,PAY-106497,posted
INT-HISTORICAL-006498,2026-08-08T22:29:33,MRC_003,CUST-0392,PROC_C,card,US,5557,USD,2026-08-08,PAY-106498,posted
INT-HISTORICAL-006499,2026-08-08T22:31:55,MRC_003,CUST-0311,PROC_C,card,DE,1973,GBP,2026-08-08,PAY-106499,posted
INT-HISTORICAL-006500,2026-08-08T22:32:47,MRC_003,CUST-0273,PROC_B,wallet,US,3185,GBP,2026-08-08,PAY-106500,posted
INT-HISTORICAL-006501,2026-08-08T22:33:22,MRC_001,CUST-0176,PROC_A,wallet,DE,11031,USD,2026-08-08,PAY-106501,posted
INT-HISTORICAL-006502,2026-08-08T22:34:27,MRC_002,CUST-0119,PROC_C,card,DE,37992,USD,2026-08-08,PAY-106502,posted
INT-HISTORICAL-006503,2026-08-08T22:35:09,MRC_001,CUST-0182,PROC_B,wallet,GB,13609,USD,2026-08-08,PAY-106503,posted
INT-HISTORICAL-006504,2026-08-08T22:36:21,MRC_004,CUST-0384,PROC_C,card,CA,13067,EUR,2026-08-08,PAY-106504,posted
INT-HISTORICAL-006505,2026-08-08T22:38:35,MRC_003,CUST-0197,PROC_C,wire,CA,2819,USD,2026-08-08,PAY-106505,posted
INT-HISTORICAL-006506,2026-08-08T22:41:29,MRC_003,CUST-0204,PROC_B,ach,DE,28808,USD,2026-08-08,PAY-106506,posted
INT-HISTORICAL-006507,2026-08-08T22:41:53,MRC_004,CUST-0170,PROC_C,ach,DE,9667,EUR,2026-08-08,PAY-106507,posted
INT-HISTORICAL-006508,2026-08-08T22:43:46,MRC_001,CUST-0021,PROC_B,ach,US,18243,USD,2026-08-08,PAY-106508,posted
INT-HISTORICAL-006509,2026-08-08T22:44:38,MRC_002,CUST-0051,PROC_A,card,GB,3558,USD,2026-08-08,PAY-106509,posted
INT-HISTORICAL-006510,2026-08-08T22:45:08,MRC_005,CUST-0299,PROC_A,card,CA,19926,USD,2026-08-08,PAY-106510,posted
INT-HISTORICAL-006511,2026-08-08T22:46:58,MRC_001,CUST-0268,PROC_B,wire,US,33651,GBP,2026-08-08,PAY-106511,posted
INT-HISTORICAL-006512,2026-08-08T22:49:21,MRC_002,CUST-0303,PROC_C,wire,US,3580,EUR,2026-08-08,PAY-106512,posted
INT-HISTORICAL-006513,2026-08-08T22:51:31,MRC_004,CUST-0039,PROC_C,wire,US,22953,USD,2026-08-08,PAY-106513,posted
INT-HISTORICAL-006514,2026-08-08T22:53:08,MRC_004,CUST-0316,PROC_B,card,US,9151,USD,2026-08-08,PAY-106514,posted
INT-HISTORICAL-006515,2026-08-08T22:54:41,MRC_002,CUST-0160,PROC_C,wire,US,62181,USD,2026-08-08,PAY-106515,posted
INT-HISTORICAL-006516,2026-08-08T22:55:09,MRC_002,CUST-0237,PROC_A,card,US,4368,GBP,2026-08-08,PAY-106516,posted
INT-HISTORICAL-006517,2026-08-08T22:56:37,MRC_002,CUST-0186,PROC_A,wire,CA,8070,USD,2026-08-08,PAY-106517,posted
INT-HISTORICAL-006518,2026-08-08T22:59:21,MRC_002,CUST-0219,PROC_C,ach,GB,10392,USD,2026-08-08,PAY-106518,posted
INT-HISTORICAL-006519,2026-08-08T22:59:59,MRC_001,CUST-0163,PROC_C,ach,US,19412,EUR,2026-08-08,PAY-106519,posted
INT-HISTORICAL-006520,2026-08-08T23:01:45,MRC_002,CUST-0126,PROC_B,ach,CA,5855,USD,2026-08-08,PAY-106520,posted
INT-HISTORICAL-006521,2026-08-08T23:02:08,MRC_004,CUST-0119,PROC_A,card,US,19798,USD,2026-08-08,PAY-106521,posted
INT-HISTORICAL-006522,2026-08-08T23:03:24,MRC_004,CUST-0065,PROC_C,wallet,US,2996,GBP,2026-08-08,PAY-106522,posted
INT-HISTORICAL-006523,2026-08-08T23:05:36,MRC_004,CUST-0160,PROC_A,card,US,22266,EUR,2026-08-08,PAY-106523,posted
INT-HISTORICAL-006524,2026-08-08T23:07:11,MRC_005,CUST-0344,PROC_B,wallet,GB,16679,EUR,2026-08-08,PAY-106524,posted
INT-HISTORICAL-006525,2026-08-08T23:10:00,MRC_001,CUST-0066,PROC_B,ach,US,6091,USD,2026-08-08,PAY-106525,posted
INT-HISTORICAL-006526,2026-08-08T23:11:53,MRC_001,CUST-0070,PROC_A,card,GB,31459,EUR,2026-08-08,PAY-106526,posted
INT-HISTORICAL-006527,2026-08-08T23:13:53,MRC_005,CUST-0002,PROC_C,wallet,DE,4580,EUR,2026-08-08,PAY-106527,posted
INT-HISTORICAL-006528,2026-08-08T23:16:16,MRC_005,CUST-0287,PROC_B,card,CA,16052,GBP,2026-08-08,PAY-106528,posted
INT-HISTORICAL-006529,2026-08-08T23:16:53,MRC_003,CUST-0051,PROC_B,wallet,DE,10778,USD,2026-08-08,PAY-106529,posted
INT-HISTORICAL-006530,2026-08-08T23:19:39,MRC_005,CUST-0227,PROC_B,ach,GB,18300,USD,2026-08-08,PAY-106530,posted
INT-HISTORICAL-006531,2026-08-08T23:22:22,MRC_005,CUST-0120,PROC_A,ach,DE,14094,USD,2026-08-08,PAY-106531,posted
INT-HISTORICAL-006532,2026-08-08T23:24:36,MRC_003,CUST-0074,PROC_C,ach,US,1547,USD,2026-08-08,PAY-106532,posted
INT-HISTORICAL-006533,2026-08-08T23:27:24,MRC_004,CUST-0027,PROC_B,wallet,CA,6028,EUR,2026-08-08,PAY-106533,posted
INT-HISTORICAL-006534,2026-08-08T23:30:06,MRC_005,CUST-0014,PROC_A,ach,CA,5134,USD,2026-08-08,PAY-106534,posted
INT-HISTORICAL-006535,2026-08-08T23:31:04,MRC_003,CUST-0180,PROC_C,ach,US,7117,USD,2026-08-08,PAY-106535,posted
INT-HISTORICAL-006536,2026-08-08T23:33:09,MRC_002,CUST-0110,PROC_B,card,DE,2294,USD,2026-08-08,PAY-106536,posted
INT-HISTORICAL-006537,2026-08-08T23:35:51,MRC_002,CUST-0394,PROC_C,wallet,DE,3888,USD,2026-08-08,PAY-106537,posted
INT-HISTORICAL-006538,2026-08-08T23:38:16,MRC_001,CUST-0048,PROC_A,wallet,DE,3971,USD,2026-08-08,PAY-106538,posted
INT-HISTORICAL-006539,2026-08-08T23:40:58,MRC_002,CUST-0297,PROC_A,wire,US,40134,USD,2026-08-08,PAY-106539,posted
INT-HISTORICAL-006540,2026-08-08T23:42:07,MRC_001,CUST-0051,PROC_A,wire,CA,31197,EUR,2026-08-08,PAY-106540,posted
INT-HISTORICAL-006541,2026-08-08T23:44:09,MRC_003,CUST-0167,PROC_A,ach,US,55993,GBP,2026-08-08,PAY-106541,posted
INT-HISTORICAL-006542,2026-08-08T23:46:58,MRC_002,CUST-0112,PROC_A,card,DE,22958,USD,2026-08-08,PAY-106542,posted
INT-HISTORICAL-006543,2026-08-08T23:47:29,MRC_005,CUST-0072,PROC_C,wallet,US,13106,EUR,2026-08-08,PAY-106543,posted
INT-HISTORICAL-006544,2026-08-08T23:48:49,MRC_001,CUST-0232,PROC_B,ach,US,16667,USD,2026-08-08,PAY-106544,posted
INT-HISTORICAL-006545,2026-08-08T23:50:04,MRC_001,CUST-0101,PROC_C,ach,US,11073,USD,2026-08-08,PAY-106545,posted
INT-HISTORICAL-006546,2026-08-08T23:50:54,MRC_003,CUST-0334,PROC_B,wallet,GB,34710,USD,2026-08-08,PAY-106546,posted
INT-HISTORICAL-006547,2026-08-08T23:51:34,MRC_005,CUST-0145,PROC_B,card,US,9062,EUR,2026-08-08,PAY-106547,posted
INT-HISTORICAL-006548,2026-08-08T23:54:03,MRC_005,CUST-0285,PROC_B,wire,DE,12044,USD,2026-08-08,PAY-106548,posted
INT-HISTORICAL-006549,2026-08-08T23:55:47,MRC_001,CUST-0008,PROC_A,card,US,21622,USD,2026-08-08,PAY-106549,posted
INT-HISTORICAL-006550,2026-08-08T23:56:37,MRC_004,CUST-0305,PROC_B,ach,CA,16038,EUR,2026-08-08,PAY-106550,posted
INT-HISTORICAL-006551,2026-08-08T23:58:39,MRC_002,CUST-0290,PROC_C,wire,US,2157,EUR,2026-08-08,PAY-106551,posted
INT-HISTORICAL-006552,2026-08-09T00:00:01,MRC_003,CUST-0088,PROC_C,ach,US,28966,EUR,2026-08-09,PAY-106552,posted
INT-HISTORICAL-006553,2026-08-09T00:02:56,MRC_002,CUST-0286,PROC_A,wallet,US,3637,EUR,2026-08-09,PAY-106553,posted
INT-HISTORICAL-006554,2026-08-09T00:05:28,MRC_005,CUST-0243,PROC_C,wallet,GB,16551,USD,2026-08-09,PAY-106554,posted
INT-HISTORICAL-006555,2026-08-09T00:07:30,MRC_003,CUST-0053,PROC_C,card,US,2904,USD,2026-08-09,PAY-106555,posted
INT-HISTORICAL-006556,2026-08-09T00:09:34,MRC_002,CUST-0291,PROC_C,ach,US,23181,USD,2026-08-09,PAY-106556,posted
INT-HISTORICAL-006557,2026-08-09T00:12:28,MRC_001,CUST-0169,PROC_C,wallet,CA,28424,GBP,2026-08-09,PAY-106557,posted
INT-HISTORICAL-006558,2026-08-09T00:13:20,MRC_001,CUST-0297,PROC_B,ach,US,7103,USD,2026-08-09,PAY-106558,posted
INT-HISTORICAL-006559,2026-08-09T00:14:38,MRC_004,CUST-0251,PROC_C,wire,US,8148,USD,2026-08-09,PAY-106559,posted
INT-HISTORICAL-006560,2026-08-09T00:16:59,MRC_003,CUST-0318,PROC_B,wallet,US,4363,USD,2026-08-09,PAY-106560,posted
INT-HISTORICAL-006561,2026-08-09T00:19:43,MRC_001,CUST-0285,PROC_B,card,DE,35819,USD,2026-08-09,PAY-106561,posted
INT-HISTORICAL-006562,2026-08-09T00:21:21,MRC_001,CUST-0209,PROC_A,wire,CA,7054,USD,2026-08-09,PAY-106562,posted
INT-HISTORICAL-006563,2026-08-09T00:21:43,MRC_003,CUST-0348,PROC_B,wallet,US,15342,EUR,2026-08-09,PAY-106563,posted
INT-HISTORICAL-006564,2026-08-09T00:24:05,MRC_002,CUST-0172,PROC_C,card,US,4819,USD,2026-08-09,PAY-106564,posted
INT-HISTORICAL-006565,2026-08-09T00:26:31,MRC_005,CUST-0028,PROC_B,wire,DE,4247,USD,2026-08-09,PAY-106565,posted
INT-HISTORICAL-006566,2026-08-09T00:27:06,MRC_002,CUST-0159,PROC_B,ach,DE,10884,USD,2026-08-09,PAY-106566,posted
INT-HISTORICAL-006567,2026-08-09T00:29:38,MRC_002,CUST-0038,PROC_A,card,US,27722,EUR,2026-08-09,PAY-106567,posted
INT-HISTORICAL-006568,2026-08-09T00:30:17,MRC_004,CUST-0302,PROC_C,card,US,8722,USD,2026-08-09,PAY-106568,posted
INT-HISTORICAL-006569,2026-08-09T00:32:34,MRC_004,CUST-0024,PROC_B,ach,US,13183,USD,2026-08-09,PAY-106569,posted
INT-HISTORICAL-006570,2026-08-09T00:33:22,MRC_001,CUST-0302,PROC_C,wallet,GB,35062,USD,2026-08-09,PAY-106570,posted
INT-HISTORICAL-006571,2026-08-09T00:36:14,MRC_001,CUST-0098,PROC_C,ach,US,4338,USD,2026-08-09,PAY-106571,posted
INT-HISTORICAL-006572,2026-08-09T00:36:58,MRC_004,CUST-0190,PROC_B,ach,DE,2173,EUR,2026-08-09,PAY-106572,posted
INT-HISTORICAL-006573,2026-08-09T00:38:43,MRC_004,CUST-0146,PROC_C,wire,GB,38112,GBP,2026-08-09,PAY-106573,posted
INT-HISTORICAL-006574,2026-08-09T00:40:05,MRC_005,CUST-0048,PROC_C,ach,US,12232,USD,2026-08-09,PAY-106574,posted
INT-HISTORICAL-006575,2026-08-09T00:40:32,MRC_005,CUST-0355,PROC_C,ach,US,2815,USD,2026-08-09,PAY-106575,posted
INT-HISTORICAL-006576,2026-08-09T00:41:39,MRC_002,CUST-0356,PROC_C,card,CA,9196,USD,2026-08-09,PAY-106576,posted
INT-HISTORICAL-006577,2026-08-09T00:43:23,MRC_003,CUST-0324,PROC_C,ach,US,4604,USD,2026-08-09,PAY-106577,posted
INT-HISTORICAL-006578,2026-08-09T00:43:56,MRC_002,CUST-0250,PROC_B,wallet,US,4068,GBP,2026-08-09,PAY-106578,posted
INT-HISTORICAL-006579,2026-08-09T00:45:03,MRC_005,CUST-0032,PROC_C,wallet,CA,729,USD,2026-08-09,PAY-106579,posted
INT-HISTORICAL-006580,2026-08-09T00:47:41,MRC_005,CUST-0320,PROC_C,wallet,US,22644,EUR,2026-08-09,PAY-106580,posted
INT-HISTORICAL-006581,2026-08-09T00:50:21,MRC_003,CUST-0270,PROC_C,wire,GB,20891,USD,2026-08-09,PAY-106581,posted
INT-HISTORICAL-006582,2026-08-09T00:50:57,MRC_001,CUST-0230,PROC_B,card,DE,13906,USD,2026-08-09,PAY-106582,posted
INT-HISTORICAL-006583,2026-08-09T00:52:19,MRC_001,CUST-0197,PROC_A,ach,GB,14968,USD,2026-08-09,PAY-106583,posted
INT-HISTORICAL-006584,2026-08-09T00:54:26,MRC_003,CUST-0280,PROC_A,card,GB,7041,GBP,2026-08-09,PAY-106584,posted
INT-HISTORICAL-006585,2026-08-09T00:56:38,MRC_003,CUST-0130,PROC_A,wire,US,6442,USD,2026-08-09,PAY-106585,posted
INT-HISTORICAL-006586,2026-08-09T00:58:26,MRC_001,CUST-0281,PROC_B,card,DE,14841,USD,2026-08-09,PAY-106586,posted
INT-HISTORICAL-006587,2026-08-09T00:59:39,MRC_004,CUST-0127,PROC_A,wire,GB,17476,USD,2026-08-09,PAY-106587,posted
INT-HISTORICAL-006588,2026-08-09T01:02:13,MRC_002,CUST-0112,PROC_A,ach,US,12181,GBP,2026-08-09,PAY-106588,posted
INT-HISTORICAL-006589,2026-08-09T01:03:20,MRC_001,CUST-0343,PROC_B,card,DE,14376,USD,2026-08-09,PAY-106589,posted
INT-HISTORICAL-006590,2026-08-09T01:03:51,MRC_002,CUST-0076,PROC_B,wallet,DE,3964,USD,2026-08-09,PAY-106590,posted
INT-HISTORICAL-006591,2026-08-09T01:05:05,MRC_003,CUST-0182,PROC_A,card,US,161334,USD,2026-08-09,PAY-106591,posted
INT-HISTORICAL-006592,2026-08-09T01:07:30,MRC_001,CUST-0003,PROC_C,wire,US,69112,EUR,2026-08-09,PAY-106592,posted
INT-HISTORICAL-006593,2026-08-09T01:08:05,MRC_004,CUST-0299,PROC_C,card,DE,13451,USD,2026-08-09,PAY-106593,posted
INT-HISTORICAL-006594,2026-08-09T01:08:59,MRC_002,CUST-0093,PROC_C,ach,CA,13938,USD,2026-08-09,PAY-106594,posted
INT-HISTORICAL-006595,2026-08-09T01:10:25,MRC_004,CUST-0155,PROC_C,ach,CA,5732,USD,2026-08-09,PAY-106595,posted
INT-HISTORICAL-006596,2026-08-09T01:11:29,MRC_003,CUST-0285,PROC_B,wallet,GB,16780,USD,2026-08-09,PAY-106596,posted
INT-HISTORICAL-006597,2026-08-09T01:12:10,MRC_001,CUST-0005,PROC_C,wallet,DE,49462,GBP,2026-08-09,PAY-106597,posted
INT-HISTORICAL-006598,2026-08-09T01:12:42,MRC_001,CUST-0143,PROC_B,wallet,US,3506,USD,2026-08-09,PAY-106598,posted
INT-HISTORICAL-006599,2026-08-09T01:13:38,MRC_005,CUST-0372,PROC_C,wire,US,35617,USD,2026-08-09,PAY-106599,posted
INT-HISTORICAL-006600,2026-08-09T01:14:22,MRC_002,CUST-0289,PROC_C,ach,US,3198,EUR,2026-08-09,PAY-106600,posted
INT-HISTORICAL-006601,2026-08-09T01:14:44,MRC_001,CUST-0231,PROC_B,card,US,9390,GBP,2026-08-09,PAY-106601,posted
INT-HISTORICAL-006602,2026-08-09T01:15:29,MRC_001,CUST-0083,PROC_C,wire,US,12810,USD,2026-08-09,PAY-106602,posted
INT-HISTORICAL-006603,2026-08-09T01:18:08,MRC_001,CUST-0386,PROC_B,card,US,6104,USD,2026-08-09,PAY-106603,posted
INT-HISTORICAL-006604,2026-08-09T01:19:33,MRC_001,CUST-0292,PROC_B,wire,GB,4926,USD,2026-08-09,PAY-106604,posted
INT-HISTORICAL-006605,2026-08-09T01:22:02,MRC_003,CUST-0291,PROC_C,ach,US,11467,USD,2026-08-09,PAY-106605,posted
INT-HISTORICAL-006606,2026-08-09T01:24:24,MRC_005,CUST-0300,PROC_B,ach,US,10373,USD,2026-08-09,PAY-106606,posted
INT-HISTORICAL-006607,2026-08-09T01:25:47,MRC_004,CUST-0281,PROC_C,wallet,US,9044,USD,2026-08-09,PAY-106607,posted
INT-HISTORICAL-006608,2026-08-09T01:27:27,MRC_001,CUST-0339,PROC_B,card,GB,12821,USD,2026-08-09,PAY-106608,posted
INT-HISTORICAL-006609,2026-08-09T01:29:19,MRC_004,CUST-0276,PROC_B,wire,GB,23571,USD,2026-08-09,PAY-106609,posted
INT-HISTORICAL-006610,2026-08-09T01:31:32,MRC_001,CUST-0043,PROC_C,ach,GB,7488,USD,2026-08-09,PAY-106610,posted
INT-HISTORICAL-006611,2026-08-09T01:34:10,MRC_005,CUST-0092,PROC_A,wallet,GB,16815,USD,2026-08-09,PAY-106611,posted
INT-HISTORICAL-006612,2026-08-09T01:34:41,MRC_002,CUST-0314,PROC_B,card,US,9724,GBP,2026-08-09,PAY-106612,posted
INT-HISTORICAL-006613,2026-08-09T01:37:19,MRC_003,CUST-0156,PROC_A,wallet,US,31417,GBP,2026-08-09,PAY-106613,posted
INT-HISTORICAL-006614,2026-08-09T01:40:10,MRC_004,CUST-0020,PROC_B,wallet,US,2969,USD,2026-08-09,PAY-106614,posted
INT-HISTORICAL-006615,2026-08-09T01:42:44,MRC_004,CUST-0108,PROC_C,wire,CA,1245,GBP,2026-08-09,PAY-106615,posted
INT-HISTORICAL-006616,2026-08-09T01:44:07,MRC_004,CUST-0298,PROC_A,wallet,DE,42185,GBP,2026-08-09,PAY-106616,posted
INT-HISTORICAL-006617,2026-08-09T01:45:41,MRC_003,CUST-0020,PROC_C,wallet,DE,6156,USD,2026-08-09,PAY-106617,posted
INT-HISTORICAL-006618,2026-08-09T01:46:20,MRC_005,CUST-0192,PROC_C,wire,GB,11100,USD,2026-08-09,PAY-106618,posted
INT-HISTORICAL-006619,2026-08-09T01:47:02,MRC_004,CUST-0162,PROC_B,wallet,CA,11139,USD,2026-08-09,PAY-106619,posted
INT-HISTORICAL-006620,2026-08-09T01:49:50,MRC_002,CUST-0356,PROC_C,ach,CA,12104,USD,2026-08-09,PAY-106620,posted
INT-HISTORICAL-006621,2026-08-09T01:52:13,MRC_005,CUST-0275,PROC_A,wallet,US,4243,GBP,2026-08-09,PAY-106621,posted
INT-HISTORICAL-006622,2026-08-09T01:52:37,MRC_004,CUST-0067,PROC_A,ach,CA,59710,USD,2026-08-09,PAY-106622,posted
INT-HISTORICAL-006623,2026-08-09T01:55:08,MRC_003,CUST-0324,PROC_C,ach,DE,1588,USD,2026-08-09,PAY-106623,posted
INT-HISTORICAL-006624,2026-08-09T01:57:07,MRC_005,CUST-0029,PROC_C,ach,US,12191,USD,2026-08-09,PAY-106624,posted
INT-HISTORICAL-006625,2026-08-09T01:58:28,MRC_005,CUST-0202,PROC_B,ach,CA,9560,USD,2026-08-09,PAY-106625,posted
INT-HISTORICAL-006626,2026-08-09T02:01:10,MRC_002,CUST-0316,PROC_A,card,GB,3153,GBP,2026-08-09,PAY-106626,posted
INT-HISTORICAL-006627,2026-08-09T02:01:54,MRC_001,CUST-0315,PROC_A,wire,US,23694,USD,2026-08-09,PAY-106627,posted
INT-HISTORICAL-006628,2026-08-09T02:03:01,MRC_003,CUST-0298,PROC_B,ach,CA,22060,USD,2026-08-09,PAY-106628,posted
INT-HISTORICAL-006629,2026-08-09T02:05:39,MRC_004,CUST-0244,PROC_C,card,US,16283,USD,2026-08-09,PAY-106629,posted
INT-HISTORICAL-006630,2026-08-09T02:07:27,MRC_005,CUST-0394,PROC_B,card,DE,3424,USD,2026-08-09,PAY-106630,posted
INT-HISTORICAL-006631,2026-08-09T02:08:59,MRC_003,CUST-0105,PROC_B,ach,CA,7243,EUR,2026-08-09,PAY-106631,posted
INT-HISTORICAL-006632,2026-08-09T02:11:21,MRC_001,CUST-0011,PROC_B,wire,US,26218,EUR,2026-08-09,PAY-106632,posted
INT-HISTORICAL-006633,2026-08-09T02:13:13,MRC_004,CUST-0332,PROC_A,wallet,US,26297,EUR,2026-08-09,PAY-106633,posted
INT-HISTORICAL-006634,2026-08-09T02:15:28,MRC_003,CUST-0073,PROC_A,ach,US,34376,USD,2026-08-09,PAY-106634,posted
INT-HISTORICAL-006635,2026-08-09T02:18:15,MRC_002,CUST-0225,PROC_C,wire,DE,32192,USD,2026-08-09,PAY-106635,posted
INT-HISTORICAL-006636,2026-08-09T02:20:04,MRC_005,CUST-0083,PROC_C,ach,CA,11948,EUR,2026-08-09,PAY-106636,posted
INT-HISTORICAL-006637,2026-08-09T02:22:21,MRC_001,CUST-0059,PROC_B,card,GB,5032,USD,2026-08-09,PAY-106637,posted
INT-HISTORICAL-006638,2026-08-09T02:24:36,MRC_002,CUST-0017,PROC_B,card,DE,42525,GBP,2026-08-09,PAY-106638,posted
INT-HISTORICAL-006639,2026-08-09T02:24:56,MRC_004,CUST-0142,PROC_C,wallet,GB,20457,USD,2026-08-09,PAY-106639,posted
INT-HISTORICAL-006640,2026-08-09T02:27:11,MRC_004,CUST-0369,PROC_A,card,DE,21718,USD,2026-08-09,PAY-106640,posted
INT-HISTORICAL-006641,2026-08-09T02:29:57,MRC_005,CUST-0123,PROC_A,card,DE,27109,USD,2026-08-09,PAY-106641,posted
INT-HISTORICAL-006642,2026-08-09T02:32:17,MRC_003,CUST-0328,PROC_B,wallet,US,3686,USD,2026-08-09,PAY-106642,posted
INT-HISTORICAL-006643,2026-08-09T02:33:13,MRC_004,CUST-0242,PROC_C,card,US,5744,USD,2026-08-09,PAY-106643,posted
INT-HISTORICAL-006644,2026-08-09T02:35:31,MRC_002,CUST-0080,PROC_B,ach,US,48759,USD,2026-08-09,PAY-106644,posted
INT-HISTORICAL-006645,2026-08-09T02:38:08,MRC_004,CUST-0400,PROC_C,card,US,43020,USD,2026-08-09,PAY-106645,posted
INT-HISTORICAL-006646,2026-08-09T02:40:54,MRC_001,CUST-0165,PROC_C,card,US,11243,USD,2026-08-09,PAY-106646,posted
INT-HISTORICAL-006647,2026-08-09T02:43:06,MRC_001,CUST-0012,PROC_A,card,DE,12474,USD,2026-08-09,PAY-106647,posted
INT-HISTORICAL-006648,2026-08-09T02:45:07,MRC_005,CUST-0254,PROC_C,wallet,GB,11378,USD,2026-08-09,PAY-106648,posted
INT-HISTORICAL-006649,2026-08-09T02:47:31,MRC_002,CUST-0217,PROC_B,wire,US,6656,USD,2026-08-09,PAY-106649,posted
INT-HISTORICAL-006650,2026-08-09T02:48:00,MRC_002,CUST-0364,PROC_B,wire,US,3713,GBP,2026-08-09,PAY-106650,posted
INT-HISTORICAL-006651,2026-08-09T02:48:52,MRC_005,CUST-0088,PROC_A,wallet,GB,23651,USD,2026-08-09,PAY-106651,posted
INT-HISTORICAL-006652,2026-08-09T02:51:26,MRC_003,CUST-0111,PROC_C,ach,CA,16059,GBP,2026-08-09,PAY-106652,posted
INT-HISTORICAL-006653,2026-08-09T02:54:19,MRC_004,CUST-0236,PROC_C,ach,US,24496,USD,2026-08-09,PAY-106653,posted
INT-HISTORICAL-006654,2026-08-09T02:54:39,MRC_004,CUST-0052,PROC_B,wire,US,4063,GBP,2026-08-09,PAY-106654,posted
INT-HISTORICAL-006655,2026-08-09T02:57:10,MRC_002,CUST-0001,PROC_A,wire,CA,10757,EUR,2026-08-09,PAY-106655,posted
INT-HISTORICAL-006656,2026-08-09T02:57:48,MRC_003,CUST-0093,PROC_C,wallet,GB,6580,USD,2026-08-09,PAY-106656,posted
INT-HISTORICAL-006657,2026-08-09T03:00:43,MRC_005,CUST-0022,PROC_C,wallet,CA,1207,USD,2026-08-09,PAY-106657,posted
INT-HISTORICAL-006658,2026-08-09T03:01:10,MRC_005,CUST-0325,PROC_C,ach,US,9971,EUR,2026-08-09,PAY-106658,posted
INT-HISTORICAL-006659,2026-08-09T03:02:33,MRC_003,CUST-0366,PROC_A,wire,US,3297,GBP,2026-08-09,PAY-106659,posted
INT-HISTORICAL-006660,2026-08-09T03:03:51,MRC_002,CUST-0304,PROC_A,ach,US,23111,GBP,2026-08-09,PAY-106660,posted
INT-HISTORICAL-006661,2026-08-09T03:05:55,MRC_002,CUST-0353,PROC_C,wallet,US,5907,EUR,2026-08-09,PAY-106661,posted
INT-HISTORICAL-006662,2026-08-09T03:08:13,MRC_003,CUST-0377,PROC_C,ach,GB,17275,USD,2026-08-09,PAY-106662,posted
INT-HISTORICAL-006663,2026-08-09T03:11:01,MRC_002,CUST-0330,PROC_A,card,US,5830,USD,2026-08-09,PAY-106663,posted
INT-HISTORICAL-006664,2026-08-09T03:12:47,MRC_001,CUST-0064,PROC_C,wallet,GB,6123,USD,2026-08-09,PAY-106664,posted
INT-HISTORICAL-006665,2026-08-09T03:13:18,MRC_004,CUST-0203,PROC_B,wire,GB,5703,USD,2026-08-09,PAY-106665,posted
INT-HISTORICAL-006666,2026-08-09T03:14:12,MRC_003,CUST-0165,PROC_A,card,US,10489,GBP,2026-08-09,PAY-106666,posted
INT-HISTORICAL-006667,2026-08-09T03:14:36,MRC_004,CUST-0060,PROC_B,wire,GB,7450,GBP,2026-08-09,PAY-106667,posted
INT-HISTORICAL-006668,2026-08-09T03:15:07,MRC_003,CUST-0052,PROC_B,card,US,3483,USD,2026-08-09,PAY-106668,posted
INT-HISTORICAL-006669,2026-08-09T03:16:48,MRC_002,CUST-0399,PROC_B,wallet,US,7837,EUR,2026-08-09,PAY-106669,posted
INT-HISTORICAL-006670,2026-08-09T03:17:50,MRC_005,CUST-0197,PROC_B,wire,US,49108,USD,2026-08-09,PAY-106670,posted
INT-HISTORICAL-006671,2026-08-09T03:20:44,MRC_002,CUST-0307,PROC_B,card,US,54628,USD,2026-08-09,PAY-106671,posted
INT-HISTORICAL-006672,2026-08-09T03:23:04,MRC_004,CUST-0182,PROC_B,wire,US,2509,EUR,2026-08-09,PAY-106672,posted
INT-HISTORICAL-006673,2026-08-09T03:24:08,MRC_002,CUST-0338,PROC_A,ach,US,27879,USD,2026-08-09,PAY-106673,posted
INT-HISTORICAL-006674,2026-08-09T03:24:35,MRC_002,CUST-0213,PROC_B,wallet,US,5256,USD,2026-08-09,PAY-106674,posted
INT-HISTORICAL-006675,2026-08-09T03:25:20,MRC_001,CUST-0041,PROC_C,card,DE,5364,EUR,2026-08-09,PAY-106675,posted
INT-HISTORICAL-006676,2026-08-09T03:25:53,MRC_003,CUST-0110,PROC_A,card,US,12706,GBP,2026-08-09,PAY-106676,posted
INT-HISTORICAL-006677,2026-08-09T03:26:34,MRC_002,CUST-0072,PROC_C,card,US,15033,USD,2026-08-09,PAY-106677,posted
INT-HISTORICAL-006678,2026-08-09T03:28:52,MRC_001,CUST-0059,PROC_C,wire,US,8215,GBP,2026-08-09,PAY-106678,posted
INT-HISTORICAL-006679,2026-08-09T03:29:23,MRC_005,CUST-0205,PROC_C,card,US,7471,EUR,2026-08-09,PAY-106679,posted
INT-HISTORICAL-006680,2026-08-09T03:29:52,MRC_003,CUST-0104,PROC_C,card,CA,47111,GBP,2026-08-09,PAY-106680,posted
INT-HISTORICAL-006681,2026-08-09T03:30:41,MRC_003,CUST-0036,PROC_B,wallet,US,5854,USD,2026-08-09,PAY-106681,posted
INT-HISTORICAL-006682,2026-08-09T03:32:45,MRC_005,CUST-0241,PROC_C,wire,US,4034,GBP,2026-08-09,PAY-106682,posted
INT-HISTORICAL-006683,2026-08-09T03:34:07,MRC_002,CUST-0092,PROC_C,wallet,US,4403,USD,2026-08-09,PAY-106683,posted
INT-HISTORICAL-006684,2026-08-09T03:34:36,MRC_003,CUST-0362,PROC_C,wire,US,11922,USD,2026-08-09,PAY-106684,posted
INT-HISTORICAL-006685,2026-08-09T03:35:38,MRC_005,CUST-0135,PROC_B,wallet,GB,10110,GBP,2026-08-09,PAY-106685,posted
INT-HISTORICAL-006686,2026-08-09T03:38:21,MRC_001,CUST-0105,PROC_B,wire,US,68963,USD,2026-08-09,PAY-106686,posted
INT-HISTORICAL-006687,2026-08-09T03:41:01,MRC_005,CUST-0208,PROC_B,card,DE,3412,GBP,2026-08-09,PAY-106687,posted
INT-HISTORICAL-006688,2026-08-09T03:42:24,MRC_001,CUST-0273,PROC_A,wire,US,5769,USD,2026-08-09,PAY-106688,posted
INT-HISTORICAL-006689,2026-08-09T03:43:46,MRC_001,CUST-0164,PROC_C,wallet,GB,9432,USD,2026-08-09,PAY-106689,posted
INT-HISTORICAL-006690,2026-08-09T03:45:58,MRC_001,CUST-0182,PROC_B,wire,US,10943,USD,2026-08-09,PAY-106690,posted
INT-HISTORICAL-006691,2026-08-09T03:47:50,MRC_004,CUST-0005,PROC_B,card,US,91942,USD,2026-08-09,PAY-106691,posted
INT-HISTORICAL-006692,2026-08-09T03:50:35,MRC_004,CUST-0279,PROC_A,ach,US,45314,USD,2026-08-09,PAY-106692,posted
INT-HISTORICAL-006693,2026-08-09T03:51:14,MRC_003,CUST-0031,PROC_C,ach,CA,7984,USD,2026-08-09,PAY-106693,posted
INT-HISTORICAL-006694,2026-08-09T03:53:39,MRC_003,CUST-0349,PROC_A,card,US,64016,EUR,2026-08-09,PAY-106694,posted
INT-HISTORICAL-006695,2026-08-09T03:54:32,MRC_001,CUST-0302,PROC_C,wallet,US,27232,USD,2026-08-09,PAY-106695,posted
INT-HISTORICAL-006696,2026-08-09T03:55:31,MRC_005,CUST-0340,PROC_B,card,GB,20648,GBP,2026-08-09,PAY-106696,posted
INT-HISTORICAL-006697,2026-08-09T03:57:03,MRC_005,CUST-0006,PROC_C,card,GB,9878,USD,2026-08-09,PAY-106697,posted
INT-HISTORICAL-006698,2026-08-09T03:59:19,MRC_005,CUST-0062,PROC_C,ach,CA,19197,EUR,2026-08-09,PAY-106698,posted
INT-HISTORICAL-006699,2026-08-09T04:01:06,MRC_005,CUST-0254,PROC_B,card,GB,15696,GBP,2026-08-09,PAY-106699,posted
INT-HISTORICAL-006700,2026-08-09T04:01:47,MRC_002,CUST-0250,PROC_C,wallet,US,3791,USD,2026-08-09,PAY-106700,posted
INT-HISTORICAL-006701,2026-08-09T04:04:46,MRC_001,CUST-0088,PROC_B,wire,US,39547,USD,2026-08-09,PAY-106701,posted
INT-HISTORICAL-006702,2026-08-09T04:06:56,MRC_003,CUST-0221,PROC_B,card,GB,15364,EUR,2026-08-09,PAY-106702,posted
INT-HISTORICAL-006703,2026-08-09T04:09:13,MRC_001,CUST-0128,PROC_A,ach,CA,3948,USD,2026-08-09,PAY-106703,posted
INT-HISTORICAL-006704,2026-08-09T04:09:59,MRC_002,CUST-0272,PROC_C,ach,CA,7225,USD,2026-08-09,PAY-106704,posted
INT-HISTORICAL-006705,2026-08-09T04:12:32,MRC_004,CUST-0129,PROC_B,ach,CA,39124,GBP,2026-08-09,PAY-106705,posted
INT-HISTORICAL-006706,2026-08-09T04:15:13,MRC_002,CUST-0155,PROC_B,wire,GB,17370,USD,2026-08-09,PAY-106706,posted
INT-HISTORICAL-006707,2026-08-09T04:17:55,MRC_005,CUST-0103,PROC_C,wire,CA,132378,EUR,2026-08-09,PAY-106707,posted
INT-HISTORICAL-006708,2026-08-09T04:18:38,MRC_005,CUST-0319,PROC_A,ach,GB,67649,USD,2026-08-09,PAY-106708,posted
INT-HISTORICAL-006709,2026-08-09T04:20:36,MRC_001,CUST-0328,PROC_B,wire,CA,14390,GBP,2026-08-09,PAY-106709,posted
INT-HISTORICAL-006710,2026-08-09T04:23:25,MRC_003,CUST-0336,PROC_C,ach,US,10189,USD,2026-08-09,PAY-106710,posted
INT-HISTORICAL-006711,2026-08-09T04:26:06,MRC_002,CUST-0383,PROC_A,wallet,US,11876,GBP,2026-08-09,PAY-106711,posted
INT-HISTORICAL-006712,2026-08-09T04:26:46,MRC_002,CUST-0088,PROC_B,card,US,57514,GBP,2026-08-09,PAY-106712,posted
INT-HISTORICAL-006713,2026-08-09T04:27:28,MRC_002,CUST-0400,PROC_C,wallet,US,57703,USD,2026-08-09,PAY-106713,posted
INT-HISTORICAL-006714,2026-08-09T04:30:26,MRC_005,CUST-0303,PROC_C,ach,DE,8526,USD,2026-08-09,PAY-106714,posted
INT-HISTORICAL-006715,2026-08-09T04:32:10,MRC_004,CUST-0265,PROC_B,wallet,CA,34390,USD,2026-08-09,PAY-106715,posted
INT-HISTORICAL-006716,2026-08-09T04:34:15,MRC_001,CUST-0349,PROC_B,wallet,DE,8827,USD,2026-08-09,PAY-106716,posted
INT-HISTORICAL-006717,2026-08-09T04:36:47,MRC_004,CUST-0031,PROC_C,card,US,30573,USD,2026-08-09,PAY-106717,posted
INT-HISTORICAL-006718,2026-08-09T04:39:33,MRC_002,CUST-0166,PROC_C,wallet,DE,8443,USD,2026-08-09,PAY-106718,posted
INT-HISTORICAL-006719,2026-08-09T04:40:53,MRC_004,CUST-0260,PROC_B,card,CA,23333,USD,2026-08-09,PAY-106719,posted
INT-HISTORICAL-006720,2026-08-09T04:41:42,MRC_004,CUST-0314,PROC_B,wallet,US,48318,USD,2026-08-09,PAY-106720,posted
INT-HISTORICAL-006721,2026-08-09T04:43:22,MRC_002,CUST-0046,PROC_A,wire,CA,12749,USD,2026-08-09,PAY-106721,posted
INT-HISTORICAL-006722,2026-08-09T04:44:32,MRC_002,CUST-0379,PROC_C,wire,US,23516,USD,2026-08-09,PAY-106722,posted
INT-HISTORICAL-006723,2026-08-09T04:45:50,MRC_002,CUST-0088,PROC_B,wire,GB,11901,USD,2026-08-09,PAY-106723,posted
INT-HISTORICAL-006724,2026-08-09T04:46:21,MRC_001,CUST-0113,PROC_A,wallet,CA,54044,USD,2026-08-09,PAY-106724,posted
INT-HISTORICAL-006725,2026-08-09T04:48:46,MRC_001,CUST-0264,PROC_B,wallet,CA,16355,USD,2026-08-09,PAY-106725,posted
INT-HISTORICAL-006726,2026-08-09T04:49:54,MRC_001,CUST-0365,PROC_C,wallet,US,16897,GBP,2026-08-09,PAY-106726,posted
INT-HISTORICAL-006727,2026-08-09T04:51:31,MRC_003,CUST-0082,PROC_C,card,CA,9430,USD,2026-08-09,PAY-106727,posted
INT-HISTORICAL-006728,2026-08-09T04:53:56,MRC_001,CUST-0211,PROC_C,wire,US,8431,USD,2026-08-09,PAY-106728,posted
INT-HISTORICAL-006729,2026-08-09T04:55:43,MRC_005,CUST-0284,PROC_A,card,US,15572,USD,2026-08-09,PAY-106729,posted
INT-HISTORICAL-006730,2026-08-09T04:56:49,MRC_004,CUST-0310,PROC_B,card,US,11061,USD,2026-08-09,PAY-106730,posted
INT-HISTORICAL-006731,2026-08-09T04:59:23,MRC_001,CUST-0176,PROC_A,ach,US,1335,USD,2026-08-09,PAY-106731,posted
INT-HISTORICAL-006732,2026-08-09T04:59:49,MRC_004,CUST-0099,PROC_C,wire,GB,28939,USD,2026-08-09,PAY-106732,posted
INT-HISTORICAL-006733,2026-08-09T05:02:46,MRC_005,CUST-0072,PROC_C,ach,DE,10350,GBP,2026-08-09,PAY-106733,posted
INT-HISTORICAL-006734,2026-08-09T05:03:46,MRC_002,CUST-0316,PROC_A,wire,DE,12271,GBP,2026-08-09,PAY-106734,posted
INT-HISTORICAL-006735,2026-08-09T05:05:23,MRC_003,CUST-0274,PROC_A,ach,US,11290,EUR,2026-08-09,PAY-106735,posted
INT-HISTORICAL-006736,2026-08-09T05:06:40,MRC_005,CUST-0240,PROC_A,wallet,GB,3377,USD,2026-08-09,PAY-106736,posted
INT-HISTORICAL-006737,2026-08-09T05:08:19,MRC_005,CUST-0198,PROC_A,wire,US,3686,USD,2026-08-09,PAY-106737,posted
INT-HISTORICAL-006738,2026-08-09T05:09:31,MRC_002,CUST-0382,PROC_B,wallet,US,2913,GBP,2026-08-09,PAY-106738,posted
INT-HISTORICAL-006739,2026-08-09T05:10:48,MRC_001,CUST-0021,PROC_B,ach,GB,2093,USD,2026-08-09,PAY-106739,posted
INT-HISTORICAL-006740,2026-08-09T05:13:32,MRC_002,CUST-0234,PROC_B,wire,US,6290,USD,2026-08-09,PAY-106740,posted
INT-HISTORICAL-006741,2026-08-09T05:15:33,MRC_004,CUST-0124,PROC_A,wire,US,12445,EUR,2026-08-09,PAY-106741,posted
INT-HISTORICAL-006742,2026-08-09T05:16:31,MRC_003,CUST-0266,PROC_A,ach,DE,54038,USD,2026-08-09,PAY-106742,posted
INT-HISTORICAL-006743,2026-08-09T05:18:15,MRC_001,CUST-0340,PROC_B,wire,US,7245,USD,2026-08-09,PAY-106743,posted
INT-HISTORICAL-006744,2026-08-09T05:19:45,MRC_002,CUST-0091,PROC_C,wallet,US,5472,EUR,2026-08-09,PAY-106744,posted
INT-HISTORICAL-006745,2026-08-09T05:20:44,MRC_003,CUST-0010,PROC_C,wire,US,2424,USD,2026-08-09,PAY-106745,posted
INT-HISTORICAL-006746,2026-08-09T05:22:43,MRC_003,CUST-0092,PROC_C,wire,US,24341,USD,2026-08-09,PAY-106746,posted
INT-HISTORICAL-006747,2026-08-09T05:25:19,MRC_001,CUST-0135,PROC_C,wire,DE,22202,EUR,2026-08-09,PAY-106747,posted
INT-HISTORICAL-006748,2026-08-09T05:28:09,MRC_004,CUST-0225,PROC_B,card,GB,35555,USD,2026-08-09,PAY-106748,posted
INT-HISTORICAL-006749,2026-08-09T05:30:46,MRC_005,CUST-0337,PROC_A,ach,US,21887,USD,2026-08-09,PAY-106749,posted
INT-HISTORICAL-006750,2026-08-09T05:31:10,MRC_004,CUST-0105,PROC_A,card,DE,19020,EUR,2026-08-09,PAY-106750,posted
INT-HISTORICAL-006751,2026-08-09T05:33:35,MRC_003,CUST-0053,PROC_B,ach,US,14893,USD,2026-08-09,PAY-106751,posted
INT-HISTORICAL-006752,2026-08-09T05:33:56,MRC_002,CUST-0157,PROC_B,ach,US,41321,USD,2026-08-09,PAY-106752,posted
INT-HISTORICAL-006753,2026-08-09T05:36:53,MRC_004,CUST-0386,PROC_B,wire,CA,6251,USD,2026-08-09,PAY-106753,posted
INT-HISTORICAL-006754,2026-08-09T05:38:16,MRC_005,CUST-0111,PROC_B,wallet,US,8393,EUR,2026-08-09,PAY-106754,posted
INT-HISTORICAL-006755,2026-08-09T05:39:15,MRC_003,CUST-0334,PROC_C,ach,CA,10018,USD,2026-08-09,PAY-106755,posted
INT-HISTORICAL-006756,2026-08-09T05:40:22,MRC_004,CUST-0060,PROC_C,ach,CA,10218,GBP,2026-08-09,PAY-106756,posted
INT-HISTORICAL-006757,2026-08-09T05:41:17,MRC_004,CUST-0158,PROC_A,wire,GB,19872,USD,2026-08-09,PAY-106757,posted
INT-HISTORICAL-006758,2026-08-09T05:41:47,MRC_004,CUST-0225,PROC_B,ach,US,30590,USD,2026-08-09,PAY-106758,posted
INT-HISTORICAL-006759,2026-08-09T05:42:15,MRC_001,CUST-0175,PROC_C,wire,US,75379,USD,2026-08-09,PAY-106759,posted
INT-HISTORICAL-006760,2026-08-09T05:43:02,MRC_002,CUST-0073,PROC_A,card,DE,2480,USD,2026-08-09,PAY-106760,posted
INT-HISTORICAL-006761,2026-08-09T05:44:13,MRC_002,CUST-0213,PROC_C,wire,US,20452,GBP,2026-08-09,PAY-106761,posted
INT-HISTORICAL-006762,2026-08-09T05:45:51,MRC_002,CUST-0087,PROC_A,card,CA,39565,EUR,2026-08-09,PAY-106762,posted
INT-HISTORICAL-006763,2026-08-09T05:46:29,MRC_005,CUST-0023,PROC_C,wire,US,3265,USD,2026-08-09,PAY-106763,posted
INT-HISTORICAL-006764,2026-08-09T05:47:11,MRC_003,CUST-0373,PROC_B,wire,CA,29475,USD,2026-08-09,PAY-106764,posted
INT-HISTORICAL-006765,2026-08-09T05:48:34,MRC_001,CUST-0314,PROC_A,wire,US,10593,USD,2026-08-09,PAY-106765,posted
INT-HISTORICAL-006766,2026-08-09T05:50:26,MRC_002,CUST-0190,PROC_C,wallet,DE,12346,USD,2026-08-09,PAY-106766,posted
INT-HISTORICAL-006767,2026-08-09T05:52:01,MRC_001,CUST-0375,PROC_B,card,US,16403,USD,2026-08-09,PAY-106767,posted
INT-HISTORICAL-006768,2026-08-09T05:53:08,MRC_004,CUST-0288,PROC_A,wallet,US,38525,USD,2026-08-09,PAY-106768,posted
INT-HISTORICAL-006769,2026-08-09T05:54:33,MRC_004,CUST-0191,PROC_C,wire,US,8098,USD,2026-08-09,PAY-106769,posted
INT-HISTORICAL-006770,2026-08-09T05:57:32,MRC_003,CUST-0146,PROC_A,wire,US,24926,USD,2026-08-09,PAY-106770,posted
INT-HISTORICAL-006771,2026-08-09T05:58:10,MRC_004,CUST-0229,PROC_B,wire,US,18845,USD,2026-08-09,PAY-106771,posted
INT-HISTORICAL-006772,2026-08-09T06:00:46,MRC_002,CUST-0363,PROC_C,card,US,3731,USD,2026-08-09,PAY-106772,posted
INT-HISTORICAL-006773,2026-08-09T06:03:46,MRC_004,CUST-0374,PROC_C,card,US,4711,USD,2026-08-09,PAY-106773,posted
INT-HISTORICAL-006774,2026-08-09T06:06:44,MRC_005,CUST-0015,PROC_A,ach,DE,12305,GBP,2026-08-09,PAY-106774,posted
INT-HISTORICAL-006775,2026-08-09T06:09:20,MRC_003,CUST-0218,PROC_C,ach,DE,7848,USD,2026-08-09,PAY-106775,posted
INT-HISTORICAL-006776,2026-08-09T06:10:43,MRC_003,CUST-0050,PROC_C,wire,US,6424,USD,2026-08-09,PAY-106776,posted
INT-HISTORICAL-006777,2026-08-09T06:11:07,MRC_002,CUST-0303,PROC_C,ach,US,6742,USD,2026-08-09,PAY-106777,posted
INT-HISTORICAL-006778,2026-08-09T06:13:08,MRC_002,CUST-0176,PROC_B,wallet,US,8308,USD,2026-08-09,PAY-106778,posted
INT-HISTORICAL-006779,2026-08-09T06:13:38,MRC_001,CUST-0287,PROC_A,wallet,US,54162,EUR,2026-08-09,PAY-106779,posted
INT-HISTORICAL-006780,2026-08-09T06:14:31,MRC_001,CUST-0212,PROC_A,wire,US,47572,USD,2026-08-09,PAY-106780,posted
INT-HISTORICAL-006781,2026-08-09T06:16:34,MRC_004,CUST-0047,PROC_B,wallet,DE,13953,USD,2026-08-09,PAY-106781,posted
INT-HISTORICAL-006782,2026-08-09T06:18:47,MRC_005,CUST-0133,PROC_A,card,US,40890,USD,2026-08-09,PAY-106782,posted
INT-HISTORICAL-006783,2026-08-09T06:19:53,MRC_002,CUST-0378,PROC_C,ach,DE,16209,GBP,2026-08-09,PAY-106783,posted
INT-HISTORICAL-006784,2026-08-09T06:21:54,MRC_003,CUST-0204,PROC_B,wire,US,15706,USD,2026-08-09,PAY-106784,posted
INT-HISTORICAL-006785,2026-08-09T06:24:37,MRC_003,CUST-0092,PROC_A,ach,US,8818,USD,2026-08-09,PAY-106785,posted
INT-HISTORICAL-006786,2026-08-09T06:26:39,MRC_001,CUST-0101,PROC_A,ach,US,4504,USD,2026-08-09,PAY-106786,posted
INT-HISTORICAL-006787,2026-08-09T06:29:24,MRC_003,CUST-0251,PROC_B,card,US,13524,EUR,2026-08-09,PAY-106787,posted
INT-HISTORICAL-006788,2026-08-09T06:30:30,MRC_005,CUST-0170,PROC_A,ach,DE,11081,USD,2026-08-09,PAY-106788,posted
INT-HISTORICAL-006789,2026-08-09T06:33:28,MRC_002,CUST-0253,PROC_C,ach,GB,11215,USD,2026-08-09,PAY-106789,posted
INT-HISTORICAL-006790,2026-08-09T06:34:00,MRC_001,CUST-0199,PROC_C,wallet,CA,11282,EUR,2026-08-09,PAY-106790,posted
INT-HISTORICAL-006791,2026-08-09T06:36:04,MRC_002,CUST-0175,PROC_B,wallet,DE,2787,USD,2026-08-09,PAY-106791,posted
INT-HISTORICAL-006792,2026-08-09T06:36:27,MRC_002,CUST-0233,PROC_B,wallet,US,18485,USD,2026-08-09,PAY-106792,posted
INT-HISTORICAL-006793,2026-08-09T06:38:17,MRC_004,CUST-0261,PROC_C,wire,GB,4715,USD,2026-08-09,PAY-106793,posted
INT-HISTORICAL-006794,2026-08-09T06:40:34,MRC_001,CUST-0144,PROC_C,card,CA,7661,USD,2026-08-09,PAY-106794,posted
INT-HISTORICAL-006795,2026-08-09T06:41:31,MRC_004,CUST-0066,PROC_A,wire,US,6452,USD,2026-08-09,PAY-106795,posted
INT-HISTORICAL-006796,2026-08-09T06:41:55,MRC_001,CUST-0202,PROC_B,card,CA,9929,USD,2026-08-09,PAY-106796,posted
INT-HISTORICAL-006797,2026-08-09T06:43:36,MRC_005,CUST-0201,PROC_A,wire,US,21983,GBP,2026-08-09,PAY-106797,posted
INT-HISTORICAL-006798,2026-08-09T06:44:59,MRC_005,CUST-0083,PROC_B,wire,US,3576,USD,2026-08-09,PAY-106798,posted
INT-HISTORICAL-006799,2026-08-09T06:45:36,MRC_002,CUST-0133,PROC_A,ach,CA,43601,GBP,2026-08-09,PAY-106799,posted
INT-HISTORICAL-006800,2026-08-09T06:47:44,MRC_001,CUST-0106,PROC_C,ach,US,19701,EUR,2026-08-09,PAY-106800,posted
INT-HISTORICAL-006801,2026-08-09T06:48:19,MRC_001,CUST-0176,PROC_C,wire,US,53714,GBP,2026-08-09,PAY-106801,posted
INT-HISTORICAL-006802,2026-08-09T06:49:03,MRC_005,CUST-0243,PROC_B,card,US,5403,USD,2026-08-09,PAY-106802,posted
INT-HISTORICAL-006803,2026-08-09T06:51:49,MRC_001,CUST-0361,PROC_A,wallet,US,8178,USD,2026-08-09,PAY-106803,posted
INT-HISTORICAL-006804,2026-08-09T06:54:13,MRC_004,CUST-0248,PROC_B,wire,DE,4653,USD,2026-08-09,PAY-106804,posted
INT-HISTORICAL-006805,2026-08-09T06:54:48,MRC_005,CUST-0277,PROC_B,wire,DE,4650,EUR,2026-08-09,PAY-106805,posted
INT-HISTORICAL-006806,2026-08-09T06:57:08,MRC_005,CUST-0005,PROC_A,card,US,18617,GBP,2026-08-09,PAY-106806,posted
INT-HISTORICAL-006807,2026-08-09T06:58:20,MRC_002,CUST-0365,PROC_C,wallet,US,15889,GBP,2026-08-09,PAY-106807,posted
INT-HISTORICAL-006808,2026-08-09T07:00:09,MRC_001,CUST-0359,PROC_C,wallet,GB,45322,EUR,2026-08-09,PAY-106808,posted
INT-HISTORICAL-006809,2026-08-09T07:01:59,MRC_003,CUST-0285,PROC_C,ach,US,33682,USD,2026-08-09,PAY-106809,posted
INT-HISTORICAL-006810,2026-08-09T07:02:20,MRC_003,CUST-0008,PROC_A,card,GB,23659,GBP,2026-08-09,PAY-106810,posted
INT-HISTORICAL-006811,2026-08-09T07:02:42,MRC_003,CUST-0255,PROC_C,wallet,GB,5913,USD,2026-08-09,PAY-106811,posted
INT-HISTORICAL-006812,2026-08-09T07:05:39,MRC_002,CUST-0370,PROC_A,card,US,8003,EUR,2026-08-09,PAY-106812,posted
INT-HISTORICAL-006813,2026-08-09T07:07:11,MRC_005,CUST-0257,PROC_B,wire,US,50994,USD,2026-08-09,PAY-106813,posted
INT-HISTORICAL-006814,2026-08-09T07:08:40,MRC_002,CUST-0103,PROC_B,ach,GB,46822,EUR,2026-08-09,PAY-106814,posted
INT-HISTORICAL-006815,2026-08-09T07:10:26,MRC_004,CUST-0234,PROC_C,ach,GB,39102,GBP,2026-08-09,PAY-106815,posted
INT-HISTORICAL-006816,2026-08-09T07:11:39,MRC_001,CUST-0112,PROC_C,card,CA,23439,GBP,2026-08-09,PAY-106816,posted
INT-HISTORICAL-006817,2026-08-09T07:14:36,MRC_004,CUST-0338,PROC_C,wallet,US,20298,USD,2026-08-09,PAY-106817,posted
INT-HISTORICAL-006818,2026-08-09T07:17:14,MRC_003,CUST-0083,PROC_C,ach,CA,3792,USD,2026-08-09,PAY-106818,posted
INT-HISTORICAL-006819,2026-08-09T07:18:17,MRC_005,CUST-0398,PROC_A,ach,GB,21596,USD,2026-08-09,PAY-106819,posted
INT-HISTORICAL-006820,2026-08-09T07:20:27,MRC_002,CUST-0029,PROC_C,card,US,17364,GBP,2026-08-09,PAY-106820,posted
INT-HISTORICAL-006821,2026-08-09T07:23:07,MRC_004,CUST-0127,PROC_B,wallet,US,7384,EUR,2026-08-09,PAY-106821,posted
INT-HISTORICAL-006822,2026-08-09T07:25:16,MRC_003,CUST-0291,PROC_B,ach,DE,4718,USD,2026-08-09,PAY-106822,posted
INT-HISTORICAL-006823,2026-08-09T07:26:12,MRC_002,CUST-0332,PROC_C,card,US,9788,GBP,2026-08-09,PAY-106823,posted
INT-HISTORICAL-006824,2026-08-09T07:27:16,MRC_004,CUST-0175,PROC_A,ach,DE,2392,USD,2026-08-09,PAY-106824,posted
INT-HISTORICAL-006825,2026-08-09T07:29:59,MRC_005,CUST-0371,PROC_A,ach,DE,10955,USD,2026-08-09,PAY-106825,posted
INT-HISTORICAL-006826,2026-08-09T07:32:36,MRC_005,CUST-0276,PROC_A,wallet,US,17470,USD,2026-08-09,PAY-106826,posted
INT-HISTORICAL-006827,2026-08-09T07:34:19,MRC_004,CUST-0091,PROC_A,wallet,US,17503,EUR,2026-08-09,PAY-106827,posted
INT-HISTORICAL-006828,2026-08-09T07:36:37,MRC_001,CUST-0347,PROC_C,wire,US,30059,EUR,2026-08-09,PAY-106828,posted
INT-HISTORICAL-006829,2026-08-09T07:39:12,MRC_001,CUST-0134,PROC_B,wallet,US,8201,GBP,2026-08-09,PAY-106829,posted
INT-HISTORICAL-006830,2026-08-09T07:39:32,MRC_002,CUST-0166,PROC_A,wallet,DE,1952,EUR,2026-08-09,PAY-106830,posted
INT-HISTORICAL-006831,2026-08-09T07:41:00,MRC_003,CUST-0255,PROC_A,wire,DE,16905,USD,2026-08-09,PAY-106831,posted
INT-HISTORICAL-006832,2026-08-09T07:41:33,MRC_003,CUST-0095,PROC_C,wire,US,5912,EUR,2026-08-09,PAY-106832,posted
INT-HISTORICAL-006833,2026-08-09T07:43:51,MRC_005,CUST-0351,PROC_C,wallet,DE,40428,USD,2026-08-09,PAY-106833,posted
INT-HISTORICAL-006834,2026-08-09T07:44:26,MRC_003,CUST-0400,PROC_B,wire,GB,95780,USD,2026-08-09,PAY-106834,posted
INT-HISTORICAL-006835,2026-08-09T07:45:12,MRC_005,CUST-0028,PROC_B,ach,US,16943,EUR,2026-08-09,PAY-106835,posted
INT-HISTORICAL-006836,2026-08-09T07:47:01,MRC_005,CUST-0367,PROC_C,wallet,CA,11792,USD,2026-08-09,PAY-106836,posted
INT-HISTORICAL-006837,2026-08-09T07:48:16,MRC_003,CUST-0182,PROC_A,wallet,US,3720,EUR,2026-08-09,PAY-106837,posted
INT-HISTORICAL-006838,2026-08-09T07:48:44,MRC_004,CUST-0035,PROC_B,card,DE,120923,USD,2026-08-09,PAY-106838,posted
INT-HISTORICAL-006839,2026-08-09T07:50:08,MRC_004,CUST-0079,PROC_A,wire,CA,9172,USD,2026-08-09,PAY-106839,posted
INT-HISTORICAL-006840,2026-08-09T07:51:25,MRC_002,CUST-0116,PROC_A,card,US,6788,USD,2026-08-09,PAY-106840,posted
INT-HISTORICAL-006841,2026-08-09T07:53:57,MRC_005,CUST-0330,PROC_A,card,GB,21154,USD,2026-08-09,PAY-106841,posted
INT-HISTORICAL-006842,2026-08-09T07:55:51,MRC_002,CUST-0087,PROC_B,wire,US,3523,EUR,2026-08-09,PAY-106842,posted
INT-HISTORICAL-006843,2026-08-09T07:58:35,MRC_003,CUST-0168,PROC_B,wire,GB,8729,GBP,2026-08-09,PAY-106843,posted
INT-HISTORICAL-006844,2026-08-09T07:59:35,MRC_002,CUST-0200,PROC_C,wallet,US,5571,USD,2026-08-09,PAY-106844,posted
INT-HISTORICAL-006845,2026-08-09T08:01:33,MRC_005,CUST-0229,PROC_C,wire,US,10072,USD,2026-08-09,PAY-106845,posted
INT-HISTORICAL-006846,2026-08-09T08:01:59,MRC_003,CUST-0249,PROC_C,wire,DE,2798,GBP,2026-08-09,PAY-106846,posted
INT-HISTORICAL-006847,2026-08-09T08:02:55,MRC_002,CUST-0280,PROC_C,wire,DE,1888,EUR,2026-08-09,PAY-106847,posted
INT-HISTORICAL-006848,2026-08-09T08:05:10,MRC_002,CUST-0034,PROC_A,wire,US,9572,EUR,2026-08-09,PAY-106848,posted
INT-HISTORICAL-006849,2026-08-09T08:07:29,MRC_002,CUST-0390,PROC_A,card,DE,1558,USD,2026-08-09,PAY-106849,posted
INT-HISTORICAL-006850,2026-08-09T08:08:47,MRC_002,CUST-0208,PROC_B,wire,DE,7162,USD,2026-08-09,PAY-106850,posted
INT-HISTORICAL-006851,2026-08-09T08:10:38,MRC_002,CUST-0186,PROC_C,wire,GB,55591,USD,2026-08-09,PAY-106851,posted
INT-HISTORICAL-006852,2026-08-09T08:11:23,MRC_005,CUST-0264,PROC_B,card,DE,4000,USD,2026-08-09,PAY-106852,posted
INT-HISTORICAL-006853,2026-08-09T08:12:48,MRC_004,CUST-0255,PROC_A,wire,US,16513,GBP,2026-08-09,PAY-106853,posted
INT-HISTORICAL-006854,2026-08-09T08:15:42,MRC_005,CUST-0292,PROC_A,wire,GB,2869,USD,2026-08-09,PAY-106854,posted
INT-HISTORICAL-006855,2026-08-09T08:18:41,MRC_002,CUST-0333,PROC_C,wire,US,33663,GBP,2026-08-09,PAY-106855,posted
INT-HISTORICAL-006856,2026-08-09T08:19:52,MRC_005,CUST-0180,PROC_B,ach,US,1579,USD,2026-08-09,PAY-106856,posted
INT-HISTORICAL-006857,2026-08-09T08:21:26,MRC_005,CUST-0218,PROC_B,wire,GB,8718,EUR,2026-08-09,PAY-106857,posted
INT-HISTORICAL-006858,2026-08-09T08:24:05,MRC_002,CUST-0361,PROC_A,wallet,US,48427,USD,2026-08-09,PAY-106858,posted
INT-HISTORICAL-006859,2026-08-09T08:25:37,MRC_005,CUST-0240,PROC_C,card,GB,5295,GBP,2026-08-09,PAY-106859,posted
INT-HISTORICAL-006860,2026-08-09T08:27:12,MRC_002,CUST-0124,PROC_C,card,US,9200,USD,2026-08-09,PAY-106860,posted
INT-HISTORICAL-006861,2026-08-09T08:27:58,MRC_003,CUST-0278,PROC_C,wire,US,14043,USD,2026-08-09,PAY-106861,posted
INT-HISTORICAL-006862,2026-08-09T08:30:43,MRC_002,CUST-0393,PROC_B,wallet,CA,19581,USD,2026-08-09,PAY-106862,posted
INT-HISTORICAL-006863,2026-08-09T08:31:18,MRC_005,CUST-0171,PROC_C,wire,US,3168,USD,2026-08-09,PAY-106863,posted
INT-HISTORICAL-006864,2026-08-09T08:32:35,MRC_002,CUST-0013,PROC_C,card,US,10616,USD,2026-08-09,PAY-106864,posted
INT-HISTORICAL-006865,2026-08-09T08:35:21,MRC_005,CUST-0252,PROC_C,ach,US,1111,USD,2026-08-09,PAY-106865,posted
INT-HISTORICAL-006866,2026-08-09T08:37:53,MRC_003,CUST-0098,PROC_A,ach,US,5732,USD,2026-08-09,PAY-106866,posted
INT-HISTORICAL-006867,2026-08-09T08:38:32,MRC_002,CUST-0253,PROC_A,card,GB,3535,USD,2026-08-09,PAY-106867,posted
INT-HISTORICAL-006868,2026-08-09T08:40:05,MRC_001,CUST-0357,PROC_C,ach,US,7411,USD,2026-08-09,PAY-106868,posted
INT-HISTORICAL-006869,2026-08-09T08:40:44,MRC_003,CUST-0354,PROC_A,wallet,CA,10627,USD,2026-08-09,PAY-106869,posted
INT-HISTORICAL-006870,2026-08-09T08:43:10,MRC_004,CUST-0284,PROC_A,card,US,2755,GBP,2026-08-09,PAY-106870,posted
INT-HISTORICAL-006871,2026-08-09T08:45:06,MRC_005,CUST-0294,PROC_B,wallet,CA,5690,USD,2026-08-09,PAY-106871,posted
INT-HISTORICAL-006872,2026-08-09T08:47:51,MRC_003,CUST-0362,PROC_A,ach,US,9287,USD,2026-08-09,PAY-106872,posted
INT-HISTORICAL-006873,2026-08-09T08:48:17,MRC_004,CUST-0202,PROC_A,wire,CA,31737,GBP,2026-08-09,PAY-106873,posted
INT-HISTORICAL-006874,2026-08-09T08:50:20,MRC_001,CUST-0182,PROC_B,wallet,DE,5217,GBP,2026-08-09,PAY-106874,posted
INT-HISTORICAL-006875,2026-08-09T08:51:42,MRC_004,CUST-0328,PROC_B,wallet,US,19586,USD,2026-08-09,PAY-106875,posted
INT-HISTORICAL-006876,2026-08-09T08:54:14,MRC_003,CUST-0236,PROC_C,card,GB,5573,USD,2026-08-09,PAY-106876,posted
INT-HISTORICAL-006877,2026-08-09T08:57:07,MRC_004,CUST-0300,PROC_A,card,US,5218,USD,2026-08-09,PAY-106877,posted
INT-HISTORICAL-006878,2026-08-09T08:57:30,MRC_002,CUST-0262,PROC_A,wire,US,46276,USD,2026-08-09,PAY-106878,posted
INT-HISTORICAL-006879,2026-08-09T08:58:34,MRC_004,CUST-0178,PROC_C,wire,US,11461,USD,2026-08-09,PAY-106879,posted
INT-HISTORICAL-006880,2026-08-09T09:01:28,MRC_001,CUST-0321,PROC_C,wallet,DE,5867,USD,2026-08-09,PAY-106880,posted
INT-HISTORICAL-006881,2026-08-09T09:02:17,MRC_005,CUST-0152,PROC_C,wallet,DE,4281,EUR,2026-08-09,PAY-106881,posted
INT-HISTORICAL-006882,2026-08-09T09:04:07,MRC_003,CUST-0256,PROC_B,card,US,15582,EUR,2026-08-09,PAY-106882,posted
INT-HISTORICAL-006883,2026-08-09T09:05:53,MRC_003,CUST-0397,PROC_C,ach,US,26051,USD,2026-08-09,PAY-106883,posted
INT-HISTORICAL-006884,2026-08-09T09:08:04,MRC_004,CUST-0307,PROC_A,wallet,US,5349,USD,2026-08-09,PAY-106884,posted
INT-HISTORICAL-006885,2026-08-09T09:08:37,MRC_003,CUST-0266,PROC_C,wallet,CA,975,USD,2026-08-09,PAY-106885,posted
INT-HISTORICAL-006886,2026-08-09T09:10:01,MRC_001,CUST-0378,PROC_C,ach,US,32533,USD,2026-08-09,PAY-106886,posted
INT-HISTORICAL-006887,2026-08-09T09:12:39,MRC_001,CUST-0308,PROC_B,ach,CA,31877,USD,2026-08-09,PAY-106887,posted
INT-HISTORICAL-006888,2026-08-09T09:13:03,MRC_002,CUST-0142,PROC_A,ach,GB,3396,USD,2026-08-09,PAY-106888,posted
INT-HISTORICAL-006889,2026-08-09T09:15:14,MRC_003,CUST-0319,PROC_A,card,US,8134,GBP,2026-08-09,PAY-106889,posted
INT-HISTORICAL-006890,2026-08-09T09:16:37,MRC_001,CUST-0330,PROC_B,ach,US,31435,USD,2026-08-09,PAY-106890,posted
INT-HISTORICAL-006891,2026-08-09T09:18:52,MRC_003,CUST-0103,PROC_B,wallet,US,11106,USD,2026-08-09,PAY-106891,posted
INT-HISTORICAL-006892,2026-08-09T09:19:42,MRC_001,CUST-0266,PROC_A,wire,CA,9099,EUR,2026-08-09,PAY-106892,posted
INT-HISTORICAL-006893,2026-08-09T09:21:45,MRC_002,CUST-0185,PROC_C,wire,US,41186,USD,2026-08-09,PAY-106893,posted
INT-HISTORICAL-006894,2026-08-09T09:22:47,MRC_005,CUST-0360,PROC_B,ach,US,43122,USD,2026-08-09,PAY-106894,posted
INT-HISTORICAL-006895,2026-08-09T09:23:10,MRC_001,CUST-0258,PROC_C,wire,GB,12096,USD,2026-08-09,PAY-106895,posted
INT-HISTORICAL-006896,2026-08-09T09:26:00,MRC_003,CUST-0375,PROC_A,wallet,CA,17708,USD,2026-08-09,PAY-106896,posted
INT-HISTORICAL-006897,2026-08-09T09:27:18,MRC_004,CUST-0256,PROC_A,card,CA,39469,USD,2026-08-09,PAY-106897,posted
INT-HISTORICAL-006898,2026-08-09T09:29:33,MRC_005,CUST-0355,PROC_A,ach,US,16426,USD,2026-08-09,PAY-106898,posted
INT-HISTORICAL-006899,2026-08-09T09:29:57,MRC_002,CUST-0115,PROC_B,card,DE,25449,USD,2026-08-09,PAY-106899,posted
INT-HISTORICAL-006900,2026-08-09T09:31:35,MRC_004,CUST-0216,PROC_C,ach,US,17686,EUR,2026-08-09,PAY-106900,posted
INT-HISTORICAL-006901,2026-08-09T09:33:35,MRC_001,CUST-0246,PROC_C,card,GB,25274,USD,2026-08-09,PAY-106901,posted
INT-HISTORICAL-006902,2026-08-09T09:35:18,MRC_003,CUST-0077,PROC_C,card,CA,27576,USD,2026-08-09,PAY-106902,posted
INT-HISTORICAL-006903,2026-08-09T09:36:39,MRC_001,CUST-0249,PROC_A,wire,DE,20373,USD,2026-08-09,PAY-106903,posted
INT-HISTORICAL-006904,2026-08-09T09:38:35,MRC_001,CUST-0208,PROC_A,card,US,197318,USD,2026-08-09,PAY-106904,posted
INT-HISTORICAL-006905,2026-08-09T09:41:27,MRC_005,CUST-0379,PROC_C,ach,CA,14727,EUR,2026-08-09,PAY-106905,posted
INT-HISTORICAL-006906,2026-08-09T09:42:38,MRC_003,CUST-0291,PROC_B,card,DE,12795,USD,2026-08-09,PAY-106906,posted
INT-HISTORICAL-006907,2026-08-09T09:44:02,MRC_001,CUST-0392,PROC_A,ach,GB,3899,USD,2026-08-09,PAY-106907,posted
INT-HISTORICAL-006908,2026-08-09T09:46:06,MRC_001,CUST-0381,PROC_A,ach,US,4399,EUR,2026-08-09,PAY-106908,posted
INT-HISTORICAL-006909,2026-08-09T09:47:30,MRC_001,CUST-0172,PROC_C,wallet,CA,1405,GBP,2026-08-09,PAY-106909,posted
INT-HISTORICAL-006910,2026-08-09T09:49:25,MRC_004,CUST-0382,PROC_A,wire,CA,64477,USD,2026-08-09,PAY-106910,posted
INT-HISTORICAL-006911,2026-08-09T09:51:31,MRC_001,CUST-0249,PROC_C,wire,US,17386,USD,2026-08-09,PAY-106911,posted
INT-HISTORICAL-006912,2026-08-09T09:52:36,MRC_005,CUST-0306,PROC_B,card,DE,8244,GBP,2026-08-09,PAY-106912,posted
INT-HISTORICAL-006913,2026-08-09T09:53:45,MRC_005,CUST-0126,PROC_C,ach,DE,16286,USD,2026-08-09,PAY-106913,posted
INT-HISTORICAL-006914,2026-08-09T09:55:54,MRC_002,CUST-0075,PROC_C,ach,US,58571,EUR,2026-08-09,PAY-106914,posted
INT-HISTORICAL-006915,2026-08-09T09:56:17,MRC_003,CUST-0240,PROC_C,ach,US,17988,GBP,2026-08-09,PAY-106915,posted
INT-HISTORICAL-006916,2026-08-09T09:58:23,MRC_003,CUST-0040,PROC_C,card,DE,54329,USD,2026-08-09,PAY-106916,posted
INT-HISTORICAL-006917,2026-08-09T10:00:17,MRC_001,CUST-0399,PROC_C,card,DE,14474,USD,2026-08-09,PAY-106917,posted
INT-HISTORICAL-006918,2026-08-09T10:01:52,MRC_005,CUST-0060,PROC_C,card,US,8219,USD,2026-08-09,PAY-106918,posted
INT-HISTORICAL-006919,2026-08-09T10:04:33,MRC_001,CUST-0259,PROC_C,card,CA,24357,USD,2026-08-09,PAY-106919,posted
INT-HISTORICAL-006920,2026-08-09T10:06:35,MRC_004,CUST-0214,PROC_C,ach,US,26278,EUR,2026-08-09,PAY-106920,posted
INT-HISTORICAL-006921,2026-08-09T10:09:33,MRC_005,CUST-0324,PROC_B,ach,DE,51921,USD,2026-08-09,PAY-106921,posted
INT-HISTORICAL-006922,2026-08-09T10:09:58,MRC_004,CUST-0306,PROC_B,wire,DE,2635,USD,2026-08-09,PAY-106922,posted
INT-HISTORICAL-006923,2026-08-09T10:12:36,MRC_003,CUST-0264,PROC_A,ach,US,6227,EUR,2026-08-09,PAY-106923,posted
INT-HISTORICAL-006924,2026-08-09T10:14:08,MRC_003,CUST-0347,PROC_B,ach,CA,18611,USD,2026-08-09,PAY-106924,posted
INT-HISTORICAL-006925,2026-08-09T10:16:17,MRC_003,CUST-0118,PROC_C,wallet,US,3309,USD,2026-08-09,PAY-106925,posted
INT-HISTORICAL-006926,2026-08-09T10:18:55,MRC_004,CUST-0366,PROC_B,wallet,US,10681,USD,2026-08-09,PAY-106926,posted
INT-HISTORICAL-006927,2026-08-09T10:21:00,MRC_005,CUST-0244,PROC_C,card,US,9451,EUR,2026-08-09,PAY-106927,posted
INT-HISTORICAL-006928,2026-08-09T10:22:04,MRC_002,CUST-0338,PROC_B,card,US,21763,USD,2026-08-09,PAY-106928,posted
INT-HISTORICAL-006929,2026-08-09T10:23:20,MRC_005,CUST-0201,PROC_B,ach,GB,12952,USD,2026-08-09,PAY-106929,posted
INT-HISTORICAL-006930,2026-08-09T10:24:37,MRC_005,CUST-0224,PROC_B,ach,DE,13849,USD,2026-08-09,PAY-106930,posted
INT-HISTORICAL-006931,2026-08-09T10:25:36,MRC_003,CUST-0345,PROC_B,card,CA,24317,USD,2026-08-09,PAY-106931,posted
INT-HISTORICAL-006932,2026-08-09T10:25:59,MRC_004,CUST-0059,PROC_C,wire,DE,3954,USD,2026-08-09,PAY-106932,posted
INT-HISTORICAL-006933,2026-08-09T10:28:09,MRC_004,CUST-0081,PROC_B,card,DE,8904,USD,2026-08-09,PAY-106933,posted
INT-HISTORICAL-006934,2026-08-09T10:29:29,MRC_001,CUST-0233,PROC_A,card,GB,2783,USD,2026-08-09,PAY-106934,posted
INT-HISTORICAL-006935,2026-08-09T10:30:05,MRC_005,CUST-0192,PROC_B,wallet,US,29158,USD,2026-08-09,PAY-106935,posted
INT-HISTORICAL-006936,2026-08-09T10:30:44,MRC_002,CUST-0269,PROC_C,wire,CA,7806,USD,2026-08-09,PAY-106936,posted
INT-HISTORICAL-006937,2026-08-09T10:31:43,MRC_003,CUST-0177,PROC_A,wire,CA,9780,EUR,2026-08-09,PAY-106937,posted
INT-HISTORICAL-006938,2026-08-09T10:33:11,MRC_001,CUST-0069,PROC_C,wallet,US,28489,EUR,2026-08-09,PAY-106938,posted
INT-HISTORICAL-006939,2026-08-09T10:34:01,MRC_004,CUST-0297,PROC_A,wire,US,4506,GBP,2026-08-09,PAY-106939,posted
INT-HISTORICAL-006940,2026-08-09T10:34:58,MRC_005,CUST-0011,PROC_B,card,GB,4016,EUR,2026-08-09,PAY-106940,posted
INT-HISTORICAL-006941,2026-08-09T10:37:10,MRC_002,CUST-0065,PROC_C,wire,CA,25193,USD,2026-08-09,PAY-106941,posted
INT-HISTORICAL-006942,2026-08-09T10:37:37,MRC_002,CUST-0136,PROC_C,card,GB,45547,USD,2026-08-09,PAY-106942,posted
INT-HISTORICAL-006943,2026-08-09T10:40:27,MRC_002,CUST-0176,PROC_C,card,US,4604,USD,2026-08-09,PAY-106943,posted
INT-HISTORICAL-006944,2026-08-09T10:42:29,MRC_005,CUST-0293,PROC_C,card,DE,6182,EUR,2026-08-09,PAY-106944,posted
INT-HISTORICAL-006945,2026-08-09T10:44:41,MRC_005,CUST-0162,PROC_B,ach,DE,64755,USD,2026-08-09,PAY-106945,posted
INT-HISTORICAL-006946,2026-08-09T10:47:22,MRC_003,CUST-0272,PROC_C,wire,GB,47668,USD,2026-08-09,PAY-106946,posted
INT-HISTORICAL-006947,2026-08-09T10:48:41,MRC_003,CUST-0100,PROC_C,card,DE,11807,USD,2026-08-09,PAY-106947,posted
INT-HISTORICAL-006948,2026-08-09T10:50:11,MRC_004,CUST-0070,PROC_C,wire,DE,5726,USD,2026-08-09,PAY-106948,posted
INT-HISTORICAL-006949,2026-08-09T10:50:52,MRC_003,CUST-0391,PROC_C,wallet,CA,7894,EUR,2026-08-09,PAY-106949,posted
INT-HISTORICAL-006950,2026-08-09T10:52:00,MRC_004,CUST-0316,PROC_B,ach,DE,4993,GBP,2026-08-09,PAY-106950,posted
INT-HISTORICAL-006951,2026-08-09T10:53:55,MRC_005,CUST-0236,PROC_B,wire,US,3903,GBP,2026-08-09,PAY-106951,posted
INT-HISTORICAL-006952,2026-08-09T10:54:47,MRC_002,CUST-0235,PROC_C,wallet,US,3058,USD,2026-08-09,PAY-106952,posted
INT-HISTORICAL-006953,2026-08-09T10:55:51,MRC_001,CUST-0221,PROC_C,wire,US,12410,USD,2026-08-09,PAY-106953,posted
INT-HISTORICAL-006954,2026-08-09T10:57:07,MRC_004,CUST-0311,PROC_A,ach,CA,51644,GBP,2026-08-09,PAY-106954,posted
INT-HISTORICAL-006955,2026-08-09T10:58:56,MRC_005,CUST-0087,PROC_C,ach,US,15629,GBP,2026-08-09,PAY-106955,posted
INT-HISTORICAL-006956,2026-08-09T11:01:24,MRC_001,CUST-0174,PROC_A,ach,DE,12687,USD,2026-08-09,PAY-106956,posted
INT-HISTORICAL-006957,2026-08-09T11:02:55,MRC_005,CUST-0091,PROC_A,ach,US,16985,USD,2026-08-09,PAY-106957,posted
INT-HISTORICAL-006958,2026-08-09T11:03:25,MRC_004,CUST-0159,PROC_A,ach,US,8484,USD,2026-08-09,PAY-106958,posted
INT-HISTORICAL-006959,2026-08-09T11:05:44,MRC_002,CUST-0030,PROC_A,card,US,2572,USD,2026-08-09,PAY-106959,posted
INT-HISTORICAL-006960,2026-08-09T11:07:39,MRC_003,CUST-0233,PROC_A,wallet,CA,16551,EUR,2026-08-09,PAY-106960,posted
INT-HISTORICAL-006961,2026-08-09T11:08:21,MRC_005,CUST-0085,PROC_C,wire,GB,22506,USD,2026-08-09,PAY-106961,posted
INT-HISTORICAL-006962,2026-08-09T11:10:11,MRC_004,CUST-0031,PROC_C,ach,GB,25489,GBP,2026-08-09,PAY-106962,posted
INT-HISTORICAL-006963,2026-08-09T11:12:55,MRC_004,CUST-0166,PROC_A,ach,GB,27074,USD,2026-08-09,PAY-106963,posted
INT-HISTORICAL-006964,2026-08-09T11:15:45,MRC_005,CUST-0279,PROC_C,wire,GB,38473,EUR,2026-08-09,PAY-106964,posted
INT-HISTORICAL-006965,2026-08-09T11:17:22,MRC_003,CUST-0286,PROC_B,ach,CA,6104,USD,2026-08-09,PAY-106965,posted
INT-HISTORICAL-006966,2026-08-09T11:18:20,MRC_004,CUST-0229,PROC_C,ach,GB,8690,USD,2026-08-09,PAY-106966,posted
INT-HISTORICAL-006967,2026-08-09T11:20:11,MRC_004,CUST-0103,PROC_A,wire,US,14456,GBP,2026-08-09,PAY-106967,posted
INT-HISTORICAL-006968,2026-08-09T11:22:02,MRC_002,CUST-0343,PROC_A,wire,GB,10671,USD,2026-08-09,PAY-106968,posted
INT-HISTORICAL-006969,2026-08-09T11:23:23,MRC_004,CUST-0188,PROC_A,wire,US,15405,USD,2026-08-09,PAY-106969,posted
INT-HISTORICAL-006970,2026-08-09T11:25:48,MRC_004,CUST-0281,PROC_A,wallet,DE,20815,GBP,2026-08-09,PAY-106970,posted
INT-HISTORICAL-006971,2026-08-09T11:26:26,MRC_001,CUST-0326,PROC_A,card,US,1529,USD,2026-08-09,PAY-106971,posted
INT-HISTORICAL-006972,2026-08-09T11:29:03,MRC_004,CUST-0110,PROC_B,wire,US,16278,USD,2026-08-09,PAY-106972,posted
INT-HISTORICAL-006973,2026-08-09T11:30:48,MRC_001,CUST-0013,PROC_B,card,US,17885,GBP,2026-08-09,PAY-106973,posted
INT-HISTORICAL-006974,2026-08-09T11:31:18,MRC_002,CUST-0158,PROC_C,ach,US,2496,USD,2026-08-09,PAY-106974,posted
INT-HISTORICAL-006975,2026-08-09T11:32:04,MRC_002,CUST-0368,PROC_B,wallet,GB,38175,USD,2026-08-09,PAY-106975,posted
INT-HISTORICAL-006976,2026-08-09T11:34:45,MRC_005,CUST-0099,PROC_B,card,US,25379,USD,2026-08-09,PAY-106976,posted
INT-HISTORICAL-006977,2026-08-09T11:36:31,MRC_001,CUST-0315,PROC_A,card,US,12564,EUR,2026-08-09,PAY-106977,posted
INT-HISTORICAL-006978,2026-08-09T11:37:44,MRC_001,CUST-0046,PROC_C,card,US,14873,USD,2026-08-09,PAY-106978,posted
INT-HISTORICAL-006979,2026-08-09T11:39:23,MRC_004,CUST-0369,PROC_A,wallet,GB,3297,USD,2026-08-09,PAY-106979,posted
INT-HISTORICAL-006980,2026-08-09T11:40:17,MRC_004,CUST-0226,PROC_B,wire,US,15654,USD,2026-08-09,PAY-106980,posted
INT-HISTORICAL-006981,2026-08-09T11:41:00,MRC_004,CUST-0327,PROC_B,wallet,US,4937,USD,2026-08-09,PAY-106981,posted
INT-HISTORICAL-006982,2026-08-09T11:42:29,MRC_005,CUST-0071,PROC_B,wire,US,39093,EUR,2026-08-09,PAY-106982,posted
INT-HISTORICAL-006983,2026-08-09T11:43:23,MRC_004,CUST-0309,PROC_C,wire,GB,11447,USD,2026-08-09,PAY-106983,posted
INT-HISTORICAL-006984,2026-08-09T11:44:06,MRC_003,CUST-0058,PROC_A,card,CA,30096,USD,2026-08-09,PAY-106984,posted
INT-HISTORICAL-006985,2026-08-09T11:46:51,MRC_003,CUST-0369,PROC_B,ach,US,7072,GBP,2026-08-09,PAY-106985,posted
INT-HISTORICAL-006986,2026-08-09T11:47:57,MRC_002,CUST-0017,PROC_B,wallet,US,12354,USD,2026-08-09,PAY-106986,posted
INT-HISTORICAL-006987,2026-08-09T11:49:05,MRC_003,CUST-0206,PROC_A,card,US,41455,GBP,2026-08-09,PAY-106987,posted
INT-HISTORICAL-006988,2026-08-09T11:50:03,MRC_003,CUST-0007,PROC_A,wire,US,14063,USD,2026-08-09,PAY-106988,posted
INT-HISTORICAL-006989,2026-08-09T11:52:22,MRC_002,CUST-0349,PROC_A,wallet,CA,95742,USD,2026-08-09,PAY-106989,posted
INT-HISTORICAL-006990,2026-08-09T11:54:05,MRC_003,CUST-0190,PROC_B,wallet,US,3718,USD,2026-08-09,PAY-106990,posted
INT-HISTORICAL-006991,2026-08-09T11:56:27,MRC_002,CUST-0252,PROC_C,card,US,8377,USD,2026-08-09,PAY-106991,posted
INT-HISTORICAL-006992,2026-08-09T11:59:10,MRC_001,CUST-0294,PROC_A,wallet,US,18746,EUR,2026-08-09,PAY-106992,posted
INT-HISTORICAL-006993,2026-08-09T11:59:39,MRC_002,CUST-0198,PROC_C,wire,CA,4229,USD,2026-08-09,PAY-106993,posted
INT-HISTORICAL-006994,2026-08-09T12:00:00,MRC_003,CUST-0150,PROC_B,wire,DE,31397,USD,2026-08-09,PAY-106994,posted
INT-HISTORICAL-006995,2026-08-09T12:02:53,MRC_002,CUST-0328,PROC_A,wire,DE,6053,GBP,2026-08-09,PAY-106995,posted
INT-HISTORICAL-006996,2026-08-09T12:03:26,MRC_004,CUST-0321,PROC_A,wire,GB,20617,USD,2026-08-09,PAY-106996,posted
INT-HISTORICAL-006997,2026-08-09T12:04:58,MRC_004,CUST-0253,PROC_B,card,US,2392,USD,2026-08-09,PAY-106997,posted
INT-HISTORICAL-006998,2026-08-09T12:06:18,MRC_004,CUST-0327,PROC_A,card,US,68908,USD,2026-08-09,PAY-106998,posted
INT-HISTORICAL-006999,2026-08-09T12:06:57,MRC_002,CUST-0188,PROC_B,wire,US,13441,GBP,2026-08-09,PAY-106999,posted
INT-HISTORICAL-007000,2026-08-09T12:09:19,MRC_004,CUST-0341,PROC_C,wallet,US,11841,EUR,2026-08-09,PAY-107000,posted
INT-HISTORICAL-007001,2026-08-09T12:10:28,MRC_001,CUST-0101,PROC_B,wire,CA,2856,USD,2026-08-09,PAY-107001,posted
INT-HISTORICAL-007002,2026-08-09T12:11:16,MRC_003,CUST-0239,PROC_A,wallet,DE,66355,USD,2026-08-09,PAY-107002,posted
INT-HISTORICAL-007003,2026-08-09T12:13:49,MRC_001,CUST-0285,PROC_B,ach,CA,19206,GBP,2026-08-09,PAY-107003,posted
INT-HISTORICAL-007004,2026-08-09T12:14:20,MRC_001,CUST-0346,PROC_C,wire,US,8084,GBP,2026-08-09,PAY-107004,posted
INT-HISTORICAL-007005,2026-08-09T12:16:44,MRC_005,CUST-0092,PROC_A,wire,GB,4934,USD,2026-08-09,PAY-107005,posted
INT-HISTORICAL-007006,2026-08-09T12:19:34,MRC_005,CUST-0107,PROC_B,card,US,14011,USD,2026-08-09,PAY-107006,posted
INT-HISTORICAL-007007,2026-08-09T12:21:57,MRC_005,CUST-0352,PROC_B,card,US,5072,USD,2026-08-09,PAY-107007,posted
INT-HISTORICAL-007008,2026-08-09T12:24:53,MRC_004,CUST-0174,PROC_B,wire,US,5253,USD,2026-08-09,PAY-107008,posted
INT-HISTORICAL-007009,2026-08-09T12:26:34,MRC_004,CUST-0317,PROC_B,card,US,26543,GBP,2026-08-09,PAY-107009,posted
INT-HISTORICAL-007010,2026-08-09T12:28:21,MRC_005,CUST-0045,PROC_A,wallet,US,6826,USD,2026-08-09,PAY-107010,posted
INT-HISTORICAL-007011,2026-08-09T12:29:43,MRC_003,CUST-0079,PROC_A,wallet,CA,23540,GBP,2026-08-09,PAY-107011,posted
INT-HISTORICAL-007012,2026-08-09T12:32:38,MRC_001,CUST-0283,PROC_B,wallet,US,2877,USD,2026-08-09,PAY-107012,posted
INT-HISTORICAL-007013,2026-08-09T12:34:50,MRC_001,CUST-0185,PROC_C,wire,CA,6042,USD,2026-08-09,PAY-107013,posted
INT-HISTORICAL-007014,2026-08-09T12:36:39,MRC_003,CUST-0296,PROC_A,wire,GB,37663,GBP,2026-08-09,PAY-107014,posted
INT-HISTORICAL-007015,2026-08-09T12:38:58,MRC_004,CUST-0055,PROC_C,ach,US,4778,USD,2026-08-09,PAY-107015,posted
INT-HISTORICAL-007016,2026-08-09T12:39:57,MRC_005,CUST-0271,PROC_C,wire,CA,6349,USD,2026-08-09,PAY-107016,posted
INT-HISTORICAL-007017,2026-08-09T12:42:06,MRC_001,CUST-0288,PROC_C,card,GB,64144,USD,2026-08-09,PAY-107017,posted
INT-HISTORICAL-007018,2026-08-09T12:43:48,MRC_005,CUST-0227,PROC_C,wallet,US,10084,USD,2026-08-09,PAY-107018,posted
INT-HISTORICAL-007019,2026-08-09T12:44:37,MRC_002,CUST-0100,PROC_A,wallet,DE,2802,GBP,2026-08-09,PAY-107019,posted
INT-HISTORICAL-007020,2026-08-09T12:47:16,MRC_003,CUST-0226,PROC_B,card,CA,8973,USD,2026-08-09,PAY-107020,posted
INT-HISTORICAL-007021,2026-08-09T12:49:44,MRC_004,CUST-0194,PROC_C,ach,US,5960,USD,2026-08-09,PAY-107021,posted
INT-HISTORICAL-007022,2026-08-09T12:52:31,MRC_002,CUST-0338,PROC_C,card,GB,74728,USD,2026-08-09,PAY-107022,posted
INT-HISTORICAL-007023,2026-08-09T12:54:41,MRC_004,CUST-0100,PROC_A,wallet,DE,16551,GBP,2026-08-09,PAY-107023,posted
INT-HISTORICAL-007024,2026-08-09T12:55:12,MRC_001,CUST-0395,PROC_A,card,US,3797,GBP,2026-08-09,PAY-107024,posted
INT-HISTORICAL-007025,2026-08-09T12:55:38,MRC_004,CUST-0032,PROC_C,card,US,14473,USD,2026-08-09,PAY-107025,posted
INT-HISTORICAL-007026,2026-08-09T12:56:28,MRC_003,CUST-0042,PROC_A,ach,GB,21987,USD,2026-08-09,PAY-107026,posted
INT-HISTORICAL-007027,2026-08-09T12:57:36,MRC_001,CUST-0033,PROC_A,card,DE,16743,EUR,2026-08-09,PAY-107027,posted
INT-HISTORICAL-007028,2026-08-09T12:58:55,MRC_002,CUST-0374,PROC_B,card,US,72800,EUR,2026-08-09,PAY-107028,posted
INT-HISTORICAL-007029,2026-08-09T13:01:03,MRC_004,CUST-0311,PROC_C,ach,US,12996,USD,2026-08-09,PAY-107029,posted
INT-HISTORICAL-007030,2026-08-09T13:03:14,MRC_003,CUST-0267,PROC_A,wire,US,30752,USD,2026-08-09,PAY-107030,posted
INT-HISTORICAL-007031,2026-08-09T13:03:54,MRC_003,CUST-0352,PROC_A,ach,US,10146,USD,2026-08-09,PAY-107031,posted
INT-HISTORICAL-007032,2026-08-09T13:06:48,MRC_001,CUST-0127,PROC_C,wire,US,16743,USD,2026-08-09,PAY-107032,posted
INT-HISTORICAL-007033,2026-08-09T13:07:15,MRC_004,CUST-0096,PROC_A,ach,US,6644,EUR,2026-08-09,PAY-107033,posted
INT-HISTORICAL-007034,2026-08-09T13:09:37,MRC_002,CUST-0051,PROC_A,wire,US,9436,USD,2026-08-09,PAY-107034,posted
INT-HISTORICAL-007035,2026-08-09T13:11:21,MRC_002,CUST-0053,PROC_A,wallet,DE,41277,USD,2026-08-09,PAY-107035,posted
INT-HISTORICAL-007036,2026-08-09T13:13:29,MRC_002,CUST-0308,PROC_C,card,CA,23957,GBP,2026-08-09,PAY-107036,posted
INT-HISTORICAL-007037,2026-08-09T13:15:40,MRC_002,CUST-0376,PROC_B,card,US,40992,USD,2026-08-09,PAY-107037,posted
INT-HISTORICAL-007038,2026-08-09T13:17:21,MRC_005,CUST-0225,PROC_B,ach,DE,4438,USD,2026-08-09,PAY-107038,posted
INT-HISTORICAL-007039,2026-08-09T13:20:10,MRC_005,CUST-0094,PROC_A,wallet,DE,2646,USD,2026-08-09,PAY-107039,posted
INT-HISTORICAL-007040,2026-08-09T13:22:24,MRC_003,CUST-0361,PROC_A,ach,CA,10516,USD,2026-08-09,PAY-107040,posted
INT-HISTORICAL-007041,2026-08-09T13:23:46,MRC_004,CUST-0358,PROC_B,ach,US,21709,GBP,2026-08-09,PAY-107041,posted
INT-HISTORICAL-007042,2026-08-09T13:26:36,MRC_001,CUST-0162,PROC_B,card,US,24366,USD,2026-08-09,PAY-107042,posted
INT-HISTORICAL-007043,2026-08-09T13:28:34,MRC_002,CUST-0217,PROC_A,ach,GB,42855,USD,2026-08-09,PAY-107043,posted
INT-HISTORICAL-007044,2026-08-09T13:29:55,MRC_002,CUST-0318,PROC_A,ach,US,9676,USD,2026-08-09,PAY-107044,posted
INT-HISTORICAL-007045,2026-08-09T13:30:46,MRC_001,CUST-0116,PROC_B,wire,US,7788,USD,2026-08-09,PAY-107045,posted
INT-HISTORICAL-007046,2026-08-09T13:31:45,MRC_002,CUST-0278,PROC_B,card,CA,7652,USD,2026-08-09,PAY-107046,posted
INT-HISTORICAL-007047,2026-08-09T13:32:17,MRC_004,CUST-0212,PROC_C,wire,GB,28299,EUR,2026-08-09,PAY-107047,posted
INT-HISTORICAL-007048,2026-08-09T13:33:47,MRC_004,CUST-0249,PROC_C,card,DE,16823,USD,2026-08-09,PAY-107048,posted
INT-HISTORICAL-007049,2026-08-09T13:35:53,MRC_005,CUST-0325,PROC_A,card,US,147744,GBP,2026-08-09,PAY-107049,posted
INT-HISTORICAL-007050,2026-08-09T13:36:35,MRC_005,CUST-0201,PROC_C,ach,US,4670,USD,2026-08-09,PAY-107050,posted
INT-HISTORICAL-007051,2026-08-09T13:37:02,MRC_003,CUST-0386,PROC_A,wallet,US,14227,USD,2026-08-09,PAY-107051,posted
INT-HISTORICAL-007052,2026-08-09T13:38:49,MRC_003,CUST-0161,PROC_B,card,US,6586,GBP,2026-08-09,PAY-107052,posted
INT-HISTORICAL-007053,2026-08-09T13:40:02,MRC_004,CUST-0400,PROC_A,wire,CA,27045,USD,2026-08-09,PAY-107053,posted
INT-HISTORICAL-007054,2026-08-09T13:40:38,MRC_004,CUST-0212,PROC_B,card,US,89138,USD,2026-08-09,PAY-107054,posted
INT-HISTORICAL-007055,2026-08-09T13:41:57,MRC_001,CUST-0043,PROC_C,wallet,CA,9284,USD,2026-08-09,PAY-107055,posted
INT-HISTORICAL-007056,2026-08-09T13:42:46,MRC_003,CUST-0373,PROC_C,ach,US,13427,GBP,2026-08-09,PAY-107056,posted
INT-HISTORICAL-007057,2026-08-09T13:44:24,MRC_002,CUST-0047,PROC_C,wire,DE,16606,GBP,2026-08-09,PAY-107057,posted
INT-HISTORICAL-007058,2026-08-09T13:46:36,MRC_002,CUST-0374,PROC_B,ach,CA,6366,USD,2026-08-09,PAY-107058,posted
INT-HISTORICAL-007059,2026-08-09T13:48:00,MRC_004,CUST-0372,PROC_A,card,CA,4050,EUR,2026-08-09,PAY-107059,posted
INT-HISTORICAL-007060,2026-08-09T13:49:13,MRC_002,CUST-0262,PROC_C,ach,DE,9688,USD,2026-08-09,PAY-107060,posted
INT-HISTORICAL-007061,2026-08-09T13:50:21,MRC_001,CUST-0297,PROC_B,card,CA,8038,USD,2026-08-09,PAY-107061,posted
INT-HISTORICAL-007062,2026-08-09T13:51:02,MRC_002,CUST-0333,PROC_C,card,CA,8050,EUR,2026-08-09,PAY-107062,posted
INT-HISTORICAL-007063,2026-08-09T13:52:00,MRC_002,CUST-0352,PROC_C,ach,US,25395,USD,2026-08-09,PAY-107063,posted
INT-HISTORICAL-007064,2026-08-09T13:54:09,MRC_002,CUST-0266,PROC_C,wire,US,12537,GBP,2026-08-09,PAY-107064,posted
INT-HISTORICAL-007065,2026-08-09T13:56:29,MRC_004,CUST-0318,PROC_B,wire,US,12792,USD,2026-08-09,PAY-107065,posted
INT-HISTORICAL-007066,2026-08-09T13:59:16,MRC_003,CUST-0352,PROC_A,card,US,18411,EUR,2026-08-09,PAY-107066,posted
INT-HISTORICAL-007067,2026-08-09T14:01:36,MRC_004,CUST-0313,PROC_A,wire,CA,17570,GBP,2026-08-09,PAY-107067,posted
INT-HISTORICAL-007068,2026-08-09T14:03:12,MRC_002,CUST-0011,PROC_A,wallet,US,4566,EUR,2026-08-09,PAY-107068,posted
INT-HISTORICAL-007069,2026-08-09T14:05:57,MRC_001,CUST-0091,PROC_A,wallet,US,12126,USD,2026-08-09,PAY-107069,posted
INT-HISTORICAL-007070,2026-08-09T14:08:51,MRC_004,CUST-0333,PROC_C,card,US,11198,USD,2026-08-09,PAY-107070,posted
INT-HISTORICAL-007071,2026-08-09T14:09:30,MRC_002,CUST-0261,PROC_C,card,US,13491,USD,2026-08-09,PAY-107071,posted
INT-HISTORICAL-007072,2026-08-09T14:11:02,MRC_004,CUST-0134,PROC_C,ach,US,2571,USD,2026-08-09,PAY-107072,posted
INT-HISTORICAL-007073,2026-08-09T14:11:30,MRC_004,CUST-0157,PROC_B,wire,DE,13028,EUR,2026-08-09,PAY-107073,posted
INT-HISTORICAL-007074,2026-08-09T14:13:30,MRC_005,CUST-0105,PROC_B,wallet,US,3997,EUR,2026-08-09,PAY-107074,posted
INT-HISTORICAL-007075,2026-08-09T14:14:31,MRC_003,CUST-0086,PROC_B,wire,US,8611,USD,2026-08-09,PAY-107075,posted
INT-HISTORICAL-007076,2026-08-09T14:17:14,MRC_001,CUST-0200,PROC_C,card,CA,73774,USD,2026-08-09,PAY-107076,posted
INT-HISTORICAL-007077,2026-08-09T14:19:00,MRC_003,CUST-0203,PROC_B,wallet,GB,2541,USD,2026-08-09,PAY-107077,posted
INT-HISTORICAL-007078,2026-08-09T14:21:25,MRC_003,CUST-0235,PROC_B,wire,CA,13859,USD,2026-08-09,PAY-107078,posted
INT-HISTORICAL-007079,2026-08-09T14:23:30,MRC_004,CUST-0055,PROC_B,wallet,GB,9149,USD,2026-08-09,PAY-107079,posted
INT-HISTORICAL-007080,2026-08-09T14:24:09,MRC_005,CUST-0081,PROC_C,ach,CA,9555,USD,2026-08-09,PAY-107080,posted
INT-HISTORICAL-007081,2026-08-09T14:25:36,MRC_005,CUST-0229,PROC_C,card,US,7190,USD,2026-08-09,PAY-107081,posted
INT-HISTORICAL-007082,2026-08-09T14:27:49,MRC_004,CUST-0046,PROC_C,card,CA,26444,GBP,2026-08-09,PAY-107082,posted
INT-HISTORICAL-007083,2026-08-09T14:29:25,MRC_001,CUST-0095,PROC_A,wire,US,5116,USD,2026-08-09,PAY-107083,posted
INT-HISTORICAL-007084,2026-08-09T14:31:30,MRC_005,CUST-0371,PROC_B,ach,CA,15721,USD,2026-08-09,PAY-107084,posted
INT-HISTORICAL-007085,2026-08-09T14:33:20,MRC_005,CUST-0320,PROC_B,wire,CA,3529,USD,2026-08-09,PAY-107085,posted
INT-HISTORICAL-007086,2026-08-09T14:36:13,MRC_004,CUST-0371,PROC_A,card,US,3233,GBP,2026-08-09,PAY-107086,posted
INT-HISTORICAL-007087,2026-08-09T14:37:13,MRC_003,CUST-0398,PROC_A,card,GB,9080,USD,2026-08-09,PAY-107087,posted
INT-HISTORICAL-007088,2026-08-09T14:40:01,MRC_003,CUST-0341,PROC_A,wire,CA,10719,GBP,2026-08-09,PAY-107088,posted
INT-HISTORICAL-007089,2026-08-09T14:40:56,MRC_002,CUST-0204,PROC_C,wire,CA,36262,GBP,2026-08-09,PAY-107089,posted
INT-HISTORICAL-007090,2026-08-09T14:43:03,MRC_004,CUST-0218,PROC_C,wallet,US,10346,USD,2026-08-09,PAY-107090,posted
INT-HISTORICAL-007091,2026-08-09T14:44:41,MRC_005,CUST-0301,PROC_B,card,CA,76639,USD,2026-08-09,PAY-107091,posted
INT-HISTORICAL-007092,2026-08-09T14:46:10,MRC_001,CUST-0265,PROC_C,wire,US,7774,USD,2026-08-09,PAY-107092,posted
INT-HISTORICAL-007093,2026-08-09T14:47:49,MRC_004,CUST-0299,PROC_A,wire,CA,52599,EUR,2026-08-09,PAY-107093,posted
INT-HISTORICAL-007094,2026-08-09T14:48:22,MRC_004,CUST-0029,PROC_A,card,GB,12158,EUR,2026-08-09,PAY-107094,posted
INT-HISTORICAL-007095,2026-08-09T14:50:17,MRC_002,CUST-0139,PROC_C,ach,US,5740,GBP,2026-08-09,PAY-107095,posted
INT-HISTORICAL-007096,2026-08-09T14:52:32,MRC_003,CUST-0374,PROC_A,wire,US,42878,EUR,2026-08-09,PAY-107096,posted
INT-HISTORICAL-007097,2026-08-09T14:53:29,MRC_001,CUST-0010,PROC_B,card,CA,2732,USD,2026-08-09,PAY-107097,posted
INT-HISTORICAL-007098,2026-08-09T14:54:31,MRC_003,CUST-0328,PROC_B,card,US,62811,USD,2026-08-09,PAY-107098,posted
INT-HISTORICAL-007099,2026-08-09T14:56:47,MRC_002,CUST-0185,PROC_A,wire,US,8575,GBP,2026-08-09,PAY-107099,posted
INT-HISTORICAL-007100,2026-08-09T14:57:09,MRC_004,CUST-0119,PROC_B,ach,DE,20677,USD,2026-08-09,PAY-107100,posted
INT-HISTORICAL-007101,2026-08-09T14:57:53,MRC_001,CUST-0087,PROC_C,wire,US,26829,USD,2026-08-09,PAY-107101,posted
INT-HISTORICAL-007102,2026-08-09T14:58:45,MRC_002,CUST-0002,PROC_C,wallet,US,7518,USD,2026-08-09,PAY-107102,posted
INT-HISTORICAL-007103,2026-08-09T14:59:55,MRC_004,CUST-0028,PROC_A,wallet,CA,102306,USD,2026-08-09,PAY-107103,posted
INT-HISTORICAL-007104,2026-08-09T15:01:55,MRC_005,CUST-0092,PROC_A,wallet,US,33780,USD,2026-08-09,PAY-107104,posted
INT-HISTORICAL-007105,2026-08-09T15:02:22,MRC_002,CUST-0302,PROC_A,wallet,CA,5997,USD,2026-08-09,PAY-107105,posted
INT-HISTORICAL-007106,2026-08-09T15:04:01,MRC_002,CUST-0088,PROC_A,wallet,US,57781,USD,2026-08-09,PAY-107106,posted
INT-HISTORICAL-007107,2026-08-09T15:05:16,MRC_004,CUST-0165,PROC_C,wire,US,11219,GBP,2026-08-09,PAY-107107,posted
INT-HISTORICAL-007108,2026-08-09T15:07:52,MRC_001,CUST-0061,PROC_B,card,US,19019,USD,2026-08-09,PAY-107108,posted
INT-HISTORICAL-007109,2026-08-09T15:09:35,MRC_001,CUST-0084,PROC_C,ach,US,13774,USD,2026-08-09,PAY-107109,posted
INT-HISTORICAL-007110,2026-08-09T15:10:28,MRC_001,CUST-0131,PROC_C,wire,CA,25068,USD,2026-08-09,PAY-107110,posted
INT-HISTORICAL-007111,2026-08-09T15:11:04,MRC_002,CUST-0220,PROC_C,wallet,DE,33002,USD,2026-08-09,PAY-107111,posted
INT-HISTORICAL-007112,2026-08-09T15:11:31,MRC_005,CUST-0011,PROC_B,card,US,23033,EUR,2026-08-09,PAY-107112,posted
INT-HISTORICAL-007113,2026-08-09T15:13:06,MRC_002,CUST-0175,PROC_A,card,US,7989,USD,2026-08-09,PAY-107113,posted
INT-HISTORICAL-007114,2026-08-09T15:14:05,MRC_002,CUST-0188,PROC_A,wallet,DE,17502,EUR,2026-08-09,PAY-107114,posted
INT-HISTORICAL-007115,2026-08-09T15:14:49,MRC_001,CUST-0216,PROC_C,card,DE,8747,GBP,2026-08-09,PAY-107115,posted
INT-HISTORICAL-007116,2026-08-09T15:17:39,MRC_005,CUST-0026,PROC_A,card,US,9610,EUR,2026-08-09,PAY-107116,posted
INT-HISTORICAL-007117,2026-08-09T15:18:02,MRC_003,CUST-0052,PROC_A,wire,US,10943,USD,2026-08-09,PAY-107117,posted
INT-HISTORICAL-007118,2026-08-09T15:19:02,MRC_001,CUST-0271,PROC_B,ach,CA,34912,GBP,2026-08-09,PAY-107118,posted
INT-HISTORICAL-007119,2026-08-09T15:21:39,MRC_003,CUST-0065,PROC_B,wire,CA,19449,USD,2026-08-09,PAY-107119,posted
INT-HISTORICAL-007120,2026-08-09T15:23:58,MRC_002,CUST-0171,PROC_B,wallet,US,21745,USD,2026-08-09,PAY-107120,posted
INT-HISTORICAL-007121,2026-08-09T15:25:09,MRC_003,CUST-0230,PROC_A,wire,DE,5329,EUR,2026-08-09,PAY-107121,posted
INT-HISTORICAL-007122,2026-08-09T15:25:56,MRC_003,CUST-0288,PROC_B,card,US,22716,USD,2026-08-09,PAY-107122,posted
INT-HISTORICAL-007123,2026-08-09T15:27:34,MRC_004,CUST-0108,PROC_C,ach,GB,15386,EUR,2026-08-09,PAY-107123,posted
INT-HISTORICAL-007124,2026-08-09T15:30:20,MRC_004,CUST-0062,PROC_A,wallet,US,33920,USD,2026-08-09,PAY-107124,posted
INT-HISTORICAL-007125,2026-08-09T15:31:42,MRC_005,CUST-0276,PROC_B,wallet,US,9150,USD,2026-08-09,PAY-107125,posted
INT-HISTORICAL-007126,2026-08-09T15:32:11,MRC_004,CUST-0034,PROC_C,ach,US,16350,USD,2026-08-09,PAY-107126,posted
INT-HISTORICAL-007127,2026-08-09T15:32:37,MRC_002,CUST-0088,PROC_B,ach,GB,16777,EUR,2026-08-09,PAY-107127,posted
INT-HISTORICAL-007128,2026-08-09T15:33:16,MRC_001,CUST-0320,PROC_C,wallet,US,1802,USD,2026-08-09,PAY-107128,posted
INT-HISTORICAL-007129,2026-08-09T15:35:18,MRC_002,CUST-0186,PROC_C,wire,GB,18186,USD,2026-08-09,PAY-107129,posted
INT-HISTORICAL-007130,2026-08-09T15:36:53,MRC_003,CUST-0301,PROC_A,wallet,GB,10083,EUR,2026-08-09,PAY-107130,posted
INT-HISTORICAL-007131,2026-08-09T15:37:55,MRC_001,CUST-0103,PROC_C,card,CA,6321,USD,2026-08-09,PAY-107131,posted
INT-HISTORICAL-007132,2026-08-09T15:40:48,MRC_002,CUST-0060,PROC_A,ach,GB,21365,USD,2026-08-09,PAY-107132,posted
INT-HISTORICAL-007133,2026-08-09T15:43:48,MRC_001,CUST-0022,PROC_C,wallet,DE,27838,USD,2026-08-09,PAY-107133,posted
INT-HISTORICAL-007134,2026-08-09T15:44:41,MRC_005,CUST-0064,PROC_A,ach,US,25265,USD,2026-08-09,PAY-107134,posted
INT-HISTORICAL-007135,2026-08-09T15:46:06,MRC_003,CUST-0039,PROC_C,card,GB,18219,USD,2026-08-09,PAY-107135,posted
INT-HISTORICAL-007136,2026-08-09T15:46:42,MRC_003,CUST-0208,PROC_A,card,US,40822,USD,2026-08-09,PAY-107136,posted
INT-HISTORICAL-007137,2026-08-09T15:48:19,MRC_003,CUST-0292,PROC_C,wallet,US,5975,USD,2026-08-09,PAY-107137,posted
INT-HISTORICAL-007138,2026-08-09T15:50:35,MRC_004,CUST-0203,PROC_C,ach,DE,7387,USD,2026-08-09,PAY-107138,posted
INT-HISTORICAL-007139,2026-08-09T15:53:11,MRC_001,CUST-0274,PROC_B,ach,GB,12874,USD,2026-08-09,PAY-107139,posted
INT-HISTORICAL-007140,2026-08-09T15:54:25,MRC_004,CUST-0328,PROC_B,ach,US,12774,USD,2026-08-09,PAY-107140,posted
INT-HISTORICAL-007141,2026-08-09T15:56:02,MRC_003,CUST-0014,PROC_A,card,US,8597,EUR,2026-08-09,PAY-107141,posted
INT-HISTORICAL-007142,2026-08-09T15:57:44,MRC_005,CUST-0045,PROC_B,card,GB,11465,USD,2026-08-09,PAY-107142,posted
INT-HISTORICAL-007143,2026-08-09T15:59:41,MRC_001,CUST-0356,PROC_A,wire,GB,7628,USD,2026-08-09,PAY-107143,posted
INT-HISTORICAL-007144,2026-08-09T16:00:42,MRC_002,CUST-0336,PROC_C,ach,CA,5382,GBP,2026-08-09,PAY-107144,posted
INT-HISTORICAL-007145,2026-08-09T16:02:46,MRC_003,CUST-0290,PROC_C,card,US,24758,USD,2026-08-09,PAY-107145,posted
INT-HISTORICAL-007146,2026-08-09T16:03:40,MRC_001,CUST-0202,PROC_C,ach,GB,38416,USD,2026-08-09,PAY-107146,posted
INT-HISTORICAL-007147,2026-08-09T16:06:25,MRC_005,CUST-0284,PROC_A,wire,GB,14649,USD,2026-08-09,PAY-107147,posted
INT-HISTORICAL-007148,2026-08-09T16:07:15,MRC_002,CUST-0016,PROC_A,ach,CA,6167,GBP,2026-08-09,PAY-107148,posted
INT-HISTORICAL-007149,2026-08-09T16:09:58,MRC_002,CUST-0364,PROC_A,wallet,DE,7726,USD,2026-08-09,PAY-107149,posted
INT-HISTORICAL-007150,2026-08-09T16:12:48,MRC_004,CUST-0373,PROC_A,wire,US,53800,USD,2026-08-09,PAY-107150,posted
INT-HISTORICAL-007151,2026-08-09T16:13:28,MRC_002,CUST-0193,PROC_A,card,DE,6450,EUR,2026-08-09,PAY-107151,posted
INT-HISTORICAL-007152,2026-08-09T16:14:25,MRC_001,CUST-0220,PROC_B,card,DE,720,GBP,2026-08-09,PAY-107152,posted
INT-HISTORICAL-007153,2026-08-09T16:15:32,MRC_004,CUST-0138,PROC_A,wire,GB,16528,USD,2026-08-09,PAY-107153,posted
INT-HISTORICAL-007154,2026-08-09T16:18:32,MRC_002,CUST-0220,PROC_B,wire,GB,9452,USD,2026-08-09,PAY-107154,posted
INT-HISTORICAL-007155,2026-08-09T16:19:39,MRC_001,CUST-0362,PROC_A,wallet,GB,15277,USD,2026-08-09,PAY-107155,posted
INT-HISTORICAL-007156,2026-08-09T16:22:19,MRC_001,CUST-0261,PROC_B,card,GB,10034,GBP,2026-08-09,PAY-107156,posted
INT-HISTORICAL-007157,2026-08-09T16:24:48,MRC_001,CUST-0074,PROC_C,ach,DE,1526,EUR,2026-08-09,PAY-107157,posted
INT-HISTORICAL-007158,2026-08-09T16:26:51,MRC_002,CUST-0389,PROC_B,card,US,6237,GBP,2026-08-09,PAY-107158,posted
INT-HISTORICAL-007159,2026-08-09T16:27:43,MRC_004,CUST-0102,PROC_C,card,US,2224,USD,2026-08-09,PAY-107159,posted
INT-HISTORICAL-007160,2026-08-09T16:29:46,MRC_002,CUST-0005,PROC_A,wire,DE,1880,USD,2026-08-09,PAY-107160,posted
INT-HISTORICAL-007161,2026-08-09T16:30:11,MRC_005,CUST-0316,PROC_A,card,DE,2707,USD,2026-08-09,PAY-107161,posted
INT-HISTORICAL-007162,2026-08-09T16:32:29,MRC_004,CUST-0062,PROC_A,card,US,11506,USD,2026-08-09,PAY-107162,posted
INT-HISTORICAL-007163,2026-08-09T16:34:18,MRC_004,CUST-0382,PROC_B,wallet,US,29078,USD,2026-08-09,PAY-107163,posted
INT-HISTORICAL-007164,2026-08-09T16:34:58,MRC_005,CUST-0089,PROC_A,wire,CA,10345,USD,2026-08-09,PAY-107164,posted
INT-HISTORICAL-007165,2026-08-09T16:37:09,MRC_004,CUST-0032,PROC_A,card,US,5763,USD,2026-08-09,PAY-107165,posted
INT-HISTORICAL-007166,2026-08-09T16:38:18,MRC_005,CUST-0127,PROC_C,wire,US,43380,EUR,2026-08-09,PAY-107166,posted
INT-HISTORICAL-007167,2026-08-09T16:39:25,MRC_003,CUST-0189,PROC_B,ach,US,5459,USD,2026-08-09,PAY-107167,posted
INT-HISTORICAL-007168,2026-08-09T16:42:11,MRC_002,CUST-0252,PROC_C,wallet,US,23181,USD,2026-08-09,PAY-107168,posted
INT-HISTORICAL-007169,2026-08-09T16:43:24,MRC_001,CUST-0333,PROC_C,ach,CA,23516,EUR,2026-08-09,PAY-107169,posted
INT-HISTORICAL-007170,2026-08-09T16:45:15,MRC_001,CUST-0039,PROC_C,card,US,34531,USD,2026-08-09,PAY-107170,posted
INT-HISTORICAL-007171,2026-08-09T16:45:38,MRC_005,CUST-0234,PROC_B,wire,US,253288,EUR,2026-08-09,PAY-107171,posted
INT-HISTORICAL-007172,2026-08-09T16:46:24,MRC_005,CUST-0091,PROC_B,card,US,44550,EUR,2026-08-09,PAY-107172,posted
INT-HISTORICAL-007173,2026-08-09T16:47:01,MRC_005,CUST-0139,PROC_B,wire,US,20476,USD,2026-08-09,PAY-107173,posted
INT-HISTORICAL-007174,2026-08-09T16:47:47,MRC_001,CUST-0261,PROC_A,wallet,US,20816,USD,2026-08-09,PAY-107174,posted
INT-HISTORICAL-007175,2026-08-09T16:48:41,MRC_004,CUST-0026,PROC_B,ach,US,57196,EUR,2026-08-09,PAY-107175,posted
INT-HISTORICAL-007176,2026-08-09T16:49:12,MRC_001,CUST-0021,PROC_A,wallet,CA,6023,USD,2026-08-09,PAY-107176,posted
INT-HISTORICAL-007177,2026-08-09T16:51:44,MRC_003,CUST-0219,PROC_B,wire,US,8815,EUR,2026-08-09,PAY-107177,posted
INT-HISTORICAL-007178,2026-08-09T16:52:21,MRC_005,CUST-0126,PROC_A,wire,DE,19566,EUR,2026-08-09,PAY-107178,posted
INT-HISTORICAL-007179,2026-08-09T16:53:35,MRC_001,CUST-0093,PROC_C,ach,US,7451,USD,2026-08-09,PAY-107179,posted
INT-HISTORICAL-007180,2026-08-09T16:55:44,MRC_004,CUST-0084,PROC_C,wallet,US,12111,USD,2026-08-09,PAY-107180,posted
INT-HISTORICAL-007181,2026-08-09T16:58:32,MRC_002,CUST-0051,PROC_B,wire,CA,76720,USD,2026-08-09,PAY-107181,posted
INT-HISTORICAL-007182,2026-08-09T17:00:54,MRC_002,CUST-0288,PROC_A,ach,US,7406,USD,2026-08-09,PAY-107182,posted
INT-HISTORICAL-007183,2026-08-09T17:03:06,MRC_004,CUST-0372,PROC_B,card,US,30897,GBP,2026-08-09,PAY-107183,posted
INT-HISTORICAL-007184,2026-08-09T17:04:12,MRC_005,CUST-0333,PROC_C,card,GB,6403,USD,2026-08-09,PAY-107184,posted
INT-HISTORICAL-007185,2026-08-09T17:05:55,MRC_004,CUST-0131,PROC_B,wallet,US,8566,USD,2026-08-09,PAY-107185,posted
INT-HISTORICAL-007186,2026-08-09T17:06:50,MRC_003,CUST-0059,PROC_A,card,US,19140,EUR,2026-08-09,PAY-107186,posted
INT-HISTORICAL-007187,2026-08-09T17:08:20,MRC_004,CUST-0210,PROC_B,wire,US,16357,USD,2026-08-09,PAY-107187,posted
INT-HISTORICAL-007188,2026-08-09T17:09:19,MRC_002,CUST-0089,PROC_B,card,US,5397,GBP,2026-08-09,PAY-107188,posted
INT-HISTORICAL-007189,2026-08-09T17:11:18,MRC_002,CUST-0094,PROC_A,wallet,DE,5063,USD,2026-08-09,PAY-107189,posted
INT-HISTORICAL-007190,2026-08-09T17:12:00,MRC_002,CUST-0096,PROC_C,ach,GB,47696,GBP,2026-08-09,PAY-107190,posted
INT-HISTORICAL-007191,2026-08-09T17:13:59,MRC_005,CUST-0308,PROC_A,ach,DE,73801,USD,2026-08-09,PAY-107191,posted
INT-HISTORICAL-007192,2026-08-09T17:14:19,MRC_004,CUST-0263,PROC_C,card,DE,4119,USD,2026-08-09,PAY-107192,posted
INT-HISTORICAL-007193,2026-08-09T17:16:09,MRC_004,CUST-0169,PROC_B,ach,CA,24709,USD,2026-08-09,PAY-107193,posted
INT-HISTORICAL-007194,2026-08-09T17:17:36,MRC_001,CUST-0146,PROC_C,ach,US,9612,USD,2026-08-09,PAY-107194,posted
INT-HISTORICAL-007195,2026-08-09T17:19:19,MRC_005,CUST-0136,PROC_C,wire,GB,21885,USD,2026-08-09,PAY-107195,posted
INT-HISTORICAL-007196,2026-08-09T17:19:40,MRC_002,CUST-0254,PROC_B,wallet,CA,26918,USD,2026-08-09,PAY-107196,posted
INT-HISTORICAL-007197,2026-08-09T17:21:11,MRC_001,CUST-0378,PROC_B,wallet,US,5803,USD,2026-08-09,PAY-107197,posted
INT-HISTORICAL-007198,2026-08-09T17:24:00,MRC_005,CUST-0122,PROC_B,card,US,8987,GBP,2026-08-09,PAY-107198,posted
INT-HISTORICAL-007199,2026-08-09T17:26:48,MRC_003,CUST-0316,PROC_B,wire,US,12238,USD,2026-08-09,PAY-107199,posted
INT-HISTORICAL-007200,2026-08-09T17:28:47,MRC_005,CUST-0158,PROC_C,ach,US,4009,USD,2026-08-09,PAY-107200,posted
INT-HISTORICAL-007201,2026-08-09T17:30:42,MRC_005,CUST-0128,PROC_C,wire,DE,5439,USD,2026-08-09,PAY-107201,posted
INT-HISTORICAL-007202,2026-08-09T17:32:56,MRC_005,CUST-0337,PROC_A,wallet,DE,16222,EUR,2026-08-09,PAY-107202,posted
INT-HISTORICAL-007203,2026-08-09T17:35:51,MRC_001,CUST-0162,PROC_A,ach,GB,4931,USD,2026-08-09,PAY-107203,posted
INT-HISTORICAL-007204,2026-08-09T17:36:39,MRC_001,CUST-0295,PROC_A,wallet,GB,66262,GBP,2026-08-09,PAY-107204,posted
INT-HISTORICAL-007205,2026-08-09T17:38:34,MRC_004,CUST-0151,PROC_B,card,US,4298,USD,2026-08-09,PAY-107205,posted
INT-HISTORICAL-007206,2026-08-09T17:40:55,MRC_005,CUST-0195,PROC_B,wallet,US,14928,USD,2026-08-09,PAY-107206,posted
INT-HISTORICAL-007207,2026-08-09T17:41:48,MRC_002,CUST-0008,PROC_A,card,US,37039,USD,2026-08-09,PAY-107207,posted
INT-HISTORICAL-007208,2026-08-09T17:43:13,MRC_005,CUST-0019,PROC_B,card,DE,6998,USD,2026-08-09,PAY-107208,posted
INT-HISTORICAL-007209,2026-08-09T17:44:22,MRC_005,CUST-0224,PROC_B,wire,US,11847,USD,2026-08-09,PAY-107209,posted
INT-HISTORICAL-007210,2026-08-09T17:46:39,MRC_001,CUST-0260,PROC_B,wallet,US,2752,USD,2026-08-09,PAY-107210,posted
INT-HISTORICAL-007211,2026-08-09T17:49:36,MRC_002,CUST-0081,PROC_B,ach,US,8883,GBP,2026-08-09,PAY-107211,posted
INT-HISTORICAL-007212,2026-08-09T17:50:18,MRC_004,CUST-0270,PROC_C,ach,GB,9806,GBP,2026-08-09,PAY-107212,posted
INT-HISTORICAL-007213,2026-08-09T17:51:48,MRC_005,CUST-0030,PROC_A,ach,US,13462,GBP,2026-08-09,PAY-107213,posted
INT-HISTORICAL-007214,2026-08-09T17:52:36,MRC_001,CUST-0246,PROC_C,ach,US,5092,EUR,2026-08-09,PAY-107214,posted
INT-HISTORICAL-007215,2026-08-09T17:53:14,MRC_001,CUST-0279,PROC_C,ach,US,26219,USD,2026-08-09,PAY-107215,posted
INT-HISTORICAL-007216,2026-08-09T17:53:39,MRC_003,CUST-0171,PROC_B,card,DE,37040,EUR,2026-08-09,PAY-107216,posted
INT-HISTORICAL-007217,2026-08-09T17:56:22,MRC_003,CUST-0277,PROC_A,ach,DE,5314,EUR,2026-08-09,PAY-107217,posted
INT-HISTORICAL-007218,2026-08-09T17:59:00,MRC_005,CUST-0305,PROC_B,wallet,US,9509,USD,2026-08-09,PAY-107218,posted
INT-HISTORICAL-007219,2026-08-09T17:59:39,MRC_001,CUST-0103,PROC_C,ach,US,25186,GBP,2026-08-09,PAY-107219,posted
INT-HISTORICAL-007220,2026-08-09T18:01:40,MRC_001,CUST-0149,PROC_C,wire,US,25794,EUR,2026-08-09,PAY-107220,posted
INT-HISTORICAL-007221,2026-08-09T18:03:16,MRC_004,CUST-0374,PROC_B,card,CA,22597,GBP,2026-08-09,PAY-107221,posted
INT-HISTORICAL-007222,2026-08-09T18:05:01,MRC_001,CUST-0110,PROC_A,card,US,3869,USD,2026-08-09,PAY-107222,posted
INT-HISTORICAL-007223,2026-08-09T18:07:19,MRC_002,CUST-0066,PROC_C,wire,US,3012,GBP,2026-08-09,PAY-107223,posted
INT-HISTORICAL-007224,2026-08-09T18:08:44,MRC_003,CUST-0067,PROC_C,ach,CA,13572,EUR,2026-08-09,PAY-107224,posted
INT-HISTORICAL-007225,2026-08-09T18:10:16,MRC_003,CUST-0300,PROC_C,wallet,DE,236644,GBP,2026-08-09,PAY-107225,posted
INT-HISTORICAL-007226,2026-08-09T18:10:52,MRC_005,CUST-0030,PROC_A,wallet,US,6859,USD,2026-08-09,PAY-107226,posted
INT-HISTORICAL-007227,2026-08-09T18:11:57,MRC_002,CUST-0165,PROC_B,wallet,DE,16158,USD,2026-08-09,PAY-107227,posted
INT-HISTORICAL-007228,2026-08-09T18:13:59,MRC_005,CUST-0126,PROC_A,card,US,112146,USD,2026-08-09,PAY-107228,posted
INT-HISTORICAL-007229,2026-08-09T18:14:45,MRC_003,CUST-0240,PROC_C,wallet,US,4862,USD,2026-08-09,PAY-107229,posted
INT-HISTORICAL-007230,2026-08-09T18:15:20,MRC_003,CUST-0203,PROC_C,card,US,9490,USD,2026-08-09,PAY-107230,posted
INT-HISTORICAL-007231,2026-08-09T18:18:04,MRC_001,CUST-0324,PROC_C,wallet,DE,13553,USD,2026-08-09,PAY-107231,posted
INT-HISTORICAL-007232,2026-08-09T18:20:59,MRC_005,CUST-0181,PROC_A,ach,GB,138818,USD,2026-08-09,PAY-107232,posted
INT-HISTORICAL-007233,2026-08-09T18:22:46,MRC_002,CUST-0345,PROC_A,ach,US,3601,USD,2026-08-09,PAY-107233,posted
INT-HISTORICAL-007234,2026-08-09T18:23:59,MRC_005,CUST-0348,PROC_A,wallet,DE,9862,EUR,2026-08-09,PAY-107234,posted
INT-HISTORICAL-007235,2026-08-09T18:26:46,MRC_003,CUST-0242,PROC_C,wallet,GB,4219,USD,2026-08-09,PAY-107235,posted
INT-HISTORICAL-007236,2026-08-09T18:28:40,MRC_005,CUST-0301,PROC_C,wallet,US,9221,USD,2026-08-09,PAY-107236,posted
INT-HISTORICAL-007237,2026-08-09T18:29:53,MRC_003,CUST-0119,PROC_A,ach,CA,1971,USD,2026-08-09,PAY-107237,posted
INT-HISTORICAL-007238,2026-08-09T18:30:53,MRC_002,CUST-0158,PROC_B,wallet,US,30906,USD,2026-08-09,PAY-107238,posted
INT-HISTORICAL-007239,2026-08-09T18:32:35,MRC_003,CUST-0183,PROC_B,card,US,13649,USD,2026-08-09,PAY-107239,posted
INT-HISTORICAL-007240,2026-08-09T18:33:39,MRC_003,CUST-0099,PROC_B,wallet,GB,14687,EUR,2026-08-09,PAY-107240,posted
INT-HISTORICAL-007241,2026-08-09T18:34:13,MRC_005,CUST-0203,PROC_B,ach,US,5210,USD,2026-08-09,PAY-107241,posted
INT-HISTORICAL-007242,2026-08-09T18:34:33,MRC_002,CUST-0140,PROC_C,ach,DE,17963,USD,2026-08-09,PAY-107242,posted
INT-HISTORICAL-007243,2026-08-09T18:36:14,MRC_003,CUST-0006,PROC_C,ach,DE,1812,USD,2026-08-09,PAY-107243,posted
INT-HISTORICAL-007244,2026-08-09T18:37:29,MRC_005,CUST-0193,PROC_A,ach,US,18542,USD,2026-08-09,PAY-107244,posted
INT-HISTORICAL-007245,2026-08-09T18:39:56,MRC_002,CUST-0248,PROC_A,wallet,GB,3917,USD,2026-08-09,PAY-107245,posted
INT-HISTORICAL-007246,2026-08-09T18:41:30,MRC_003,CUST-0338,PROC_C,wire,DE,9845,USD,2026-08-09,PAY-107246,posted
INT-HISTORICAL-007247,2026-08-09T18:42:27,MRC_004,CUST-0296,PROC_B,wire,CA,4774,USD,2026-08-09,PAY-107247,posted
INT-HISTORICAL-007248,2026-08-09T18:44:31,MRC_001,CUST-0186,PROC_B,wallet,US,43628,USD,2026-08-09,PAY-107248,posted
INT-HISTORICAL-007249,2026-08-09T18:47:20,MRC_003,CUST-0058,PROC_B,wallet,US,19670,GBP,2026-08-09,PAY-107249,posted
INT-HISTORICAL-007250,2026-08-09T18:49:41,MRC_004,CUST-0389,PROC_A,wire,US,171833,USD,2026-08-09,PAY-107250,posted
INT-HISTORICAL-007251,2026-08-09T18:50:26,MRC_004,CUST-0111,PROC_B,wire,US,16978,USD,2026-08-09,PAY-107251,posted
INT-HISTORICAL-007252,2026-08-09T18:52:31,MRC_002,CUST-0351,PROC_C,card,CA,4953,USD,2026-08-09,PAY-107252,posted
INT-HISTORICAL-007253,2026-08-09T18:55:01,MRC_004,CUST-0240,PROC_A,wire,DE,2906,EUR,2026-08-09,PAY-107253,posted
INT-HISTORICAL-007254,2026-08-09T18:56:46,MRC_004,CUST-0176,PROC_B,ach,US,1201,USD,2026-08-09,PAY-107254,posted
INT-HISTORICAL-007255,2026-08-09T18:59:35,MRC_005,CUST-0309,PROC_B,ach,US,24451,USD,2026-08-09,PAY-107255,posted
INT-HISTORICAL-007256,2026-08-09T19:01:51,MRC_001,CUST-0082,PROC_A,wallet,US,4519,USD,2026-08-09,PAY-107256,posted
INT-HISTORICAL-007257,2026-08-09T19:02:47,MRC_003,CUST-0032,PROC_A,wire,GB,40412,USD,2026-08-09,PAY-107257,posted
INT-HISTORICAL-007258,2026-08-09T19:04:51,MRC_002,CUST-0028,PROC_B,card,US,10809,USD,2026-08-09,PAY-107258,posted
INT-HISTORICAL-007259,2026-08-09T19:06:06,MRC_005,CUST-0091,PROC_B,wire,DE,136461,USD,2026-08-09,PAY-107259,posted
INT-HISTORICAL-007260,2026-08-09T19:08:29,MRC_005,CUST-0296,PROC_C,wallet,CA,2504,USD,2026-08-09,PAY-107260,posted
INT-HISTORICAL-007261,2026-08-09T19:09:54,MRC_002,CUST-0074,PROC_A,card,GB,40203,USD,2026-08-09,PAY-107261,posted
INT-HISTORICAL-007262,2026-08-09T19:10:27,MRC_002,CUST-0322,PROC_B,card,DE,100078,USD,2026-08-09,PAY-107262,posted
INT-HISTORICAL-007263,2026-08-09T19:11:22,MRC_003,CUST-0086,PROC_A,card,US,10125,USD,2026-08-09,PAY-107263,posted
INT-HISTORICAL-007264,2026-08-09T19:12:45,MRC_003,CUST-0310,PROC_C,wire,US,2625,GBP,2026-08-09,PAY-107264,posted
INT-HISTORICAL-007265,2026-08-09T19:15:36,MRC_004,CUST-0138,PROC_B,card,US,7412,EUR,2026-08-09,PAY-107265,posted
INT-HISTORICAL-007266,2026-08-09T19:18:29,MRC_005,CUST-0056,PROC_A,card,DE,4420,USD,2026-08-09,PAY-107266,posted
INT-HISTORICAL-007267,2026-08-09T19:18:51,MRC_004,CUST-0320,PROC_B,wire,US,7614,USD,2026-08-09,PAY-107267,posted
INT-HISTORICAL-007268,2026-08-09T19:20:43,MRC_002,CUST-0006,PROC_C,wire,DE,22141,USD,2026-08-09,PAY-107268,posted
INT-HISTORICAL-007269,2026-08-09T19:21:26,MRC_003,CUST-0102,PROC_C,wire,US,1188,USD,2026-08-09,PAY-107269,posted
INT-HISTORICAL-007270,2026-08-09T19:22:18,MRC_005,CUST-0379,PROC_B,ach,US,15274,USD,2026-08-09,PAY-107270,posted
INT-HISTORICAL-007271,2026-08-09T19:24:07,MRC_005,CUST-0396,PROC_A,wire,CA,16417,EUR,2026-08-09,PAY-107271,posted
INT-HISTORICAL-007272,2026-08-09T19:26:07,MRC_002,CUST-0209,PROC_B,wallet,DE,15932,USD,2026-08-09,PAY-107272,posted
INT-HISTORICAL-007273,2026-08-09T19:28:16,MRC_002,CUST-0086,PROC_B,wire,US,8923,USD,2026-08-09,PAY-107273,posted
INT-HISTORICAL-007274,2026-08-09T19:29:21,MRC_004,CUST-0100,PROC_B,card,CA,46188,USD,2026-08-09,PAY-107274,posted
INT-HISTORICAL-007275,2026-08-09T19:32:17,MRC_005,CUST-0174,PROC_C,wallet,DE,25440,GBP,2026-08-09,PAY-107275,posted
INT-HISTORICAL-007276,2026-08-09T19:34:44,MRC_003,CUST-0099,PROC_C,wallet,US,2989,USD,2026-08-09,PAY-107276,posted
INT-HISTORICAL-007277,2026-08-09T19:36:52,MRC_002,CUST-0192,PROC_C,wallet,CA,17593,USD,2026-08-09,PAY-107277,posted
INT-HISTORICAL-007278,2026-08-09T19:37:40,MRC_005,CUST-0114,PROC_C,wire,CA,9522,EUR,2026-08-09,PAY-107278,posted
INT-HISTORICAL-007279,2026-08-09T19:40:33,MRC_004,CUST-0356,PROC_A,card,US,8404,USD,2026-08-09,PAY-107279,posted
INT-HISTORICAL-007280,2026-08-09T19:42:31,MRC_001,CUST-0069,PROC_B,ach,GB,25470,USD,2026-08-09,PAY-107280,posted
INT-HISTORICAL-007281,2026-08-09T19:43:13,MRC_004,CUST-0251,PROC_C,wire,GB,9803,GBP,2026-08-09,PAY-107281,posted
INT-HISTORICAL-007282,2026-08-09T19:44:55,MRC_001,CUST-0193,PROC_C,wallet,US,15548,GBP,2026-08-09,PAY-107282,posted
INT-HISTORICAL-007283,2026-08-09T19:45:59,MRC_004,CUST-0203,PROC_B,card,DE,5400,EUR,2026-08-09,PAY-107283,posted
INT-HISTORICAL-007284,2026-08-09T19:46:32,MRC_004,CUST-0323,PROC_B,ach,US,5509,USD,2026-08-09,PAY-107284,posted
INT-HISTORICAL-007285,2026-08-09T19:49:00,MRC_002,CUST-0347,PROC_C,card,US,4290,USD,2026-08-09,PAY-107285,posted
INT-HISTORICAL-007286,2026-08-09T19:49:26,MRC_001,CUST-0082,PROC_A,wallet,CA,6832,USD,2026-08-09,PAY-107286,posted
INT-HISTORICAL-007287,2026-08-09T19:51:39,MRC_005,CUST-0212,PROC_A,card,DE,93645,GBP,2026-08-09,PAY-107287,posted
INT-HISTORICAL-007288,2026-08-09T19:53:28,MRC_002,CUST-0196,PROC_C,card,CA,18962,USD,2026-08-09,PAY-107288,posted
INT-HISTORICAL-007289,2026-08-09T19:54:29,MRC_003,CUST-0095,PROC_A,ach,GB,25552,EUR,2026-08-09,PAY-107289,posted
INT-HISTORICAL-007290,2026-08-09T19:55:47,MRC_001,CUST-0262,PROC_C,wire,GB,12169,USD,2026-08-09,PAY-107290,posted
INT-HISTORICAL-007291,2026-08-09T19:56:37,MRC_003,CUST-0205,PROC_C,wallet,DE,14418,GBP,2026-08-09,PAY-107291,posted
INT-HISTORICAL-007292,2026-08-09T19:58:49,MRC_002,CUST-0229,PROC_C,wire,CA,44901,GBP,2026-08-09,PAY-107292,posted
INT-HISTORICAL-007293,2026-08-09T19:59:53,MRC_005,CUST-0171,PROC_B,wire,GB,4835,USD,2026-08-09,PAY-107293,posted
INT-HISTORICAL-007294,2026-08-09T20:00:25,MRC_002,CUST-0281,PROC_B,ach,DE,33521,USD,2026-08-09,PAY-107294,posted
INT-HISTORICAL-007295,2026-08-09T20:03:11,MRC_003,CUST-0395,PROC_A,card,US,16365,GBP,2026-08-09,PAY-107295,posted
INT-HISTORICAL-007296,2026-08-09T20:05:36,MRC_003,CUST-0022,PROC_B,wallet,US,14795,GBP,2026-08-09,PAY-107296,posted
INT-HISTORICAL-007297,2026-08-09T20:07:14,MRC_005,CUST-0103,PROC_C,wire,DE,25778,USD,2026-08-09,PAY-107297,posted
INT-HISTORICAL-007298,2026-08-09T20:07:42,MRC_004,CUST-0082,PROC_A,ach,GB,3847,GBP,2026-08-09,PAY-107298,posted
INT-HISTORICAL-007299,2026-08-09T20:08:15,MRC_002,CUST-0301,PROC_B,card,GB,16315,USD,2026-08-09,PAY-107299,posted
INT-HISTORICAL-007300,2026-08-09T20:10:22,MRC_002,CUST-0132,PROC_B,ach,GB,2799,USD,2026-08-09,PAY-107300,posted
INT-HISTORICAL-007301,2026-08-09T20:13:01,MRC_002,CUST-0122,PROC_C,wallet,CA,1793,USD,2026-08-09,PAY-107301,posted
INT-HISTORICAL-007302,2026-08-09T20:15:58,MRC_002,CUST-0062,PROC_A,wire,US,5604,GBP,2026-08-09,PAY-107302,posted
INT-HISTORICAL-007303,2026-08-09T20:16:25,MRC_001,CUST-0374,PROC_C,ach,US,5034,USD,2026-08-09,PAY-107303,posted
INT-HISTORICAL-007304,2026-08-09T20:19:20,MRC_002,CUST-0321,PROC_C,wallet,US,32185,USD,2026-08-09,PAY-107304,posted
INT-HISTORICAL-007305,2026-08-09T20:21:35,MRC_003,CUST-0264,PROC_A,wire,US,5371,GBP,2026-08-09,PAY-107305,posted
INT-HISTORICAL-007306,2026-08-09T20:22:08,MRC_001,CUST-0152,PROC_C,ach,CA,23471,EUR,2026-08-09,PAY-107306,posted
INT-HISTORICAL-007307,2026-08-09T20:24:11,MRC_005,CUST-0385,PROC_C,wallet,US,18002,USD,2026-08-09,PAY-107307,posted
INT-HISTORICAL-007308,2026-08-09T20:26:00,MRC_004,CUST-0361,PROC_C,wallet,US,6143,EUR,2026-08-09,PAY-107308,posted
INT-HISTORICAL-007309,2026-08-09T20:27:49,MRC_001,CUST-0017,PROC_A,wallet,CA,27214,EUR,2026-08-09,PAY-107309,posted
INT-HISTORICAL-007310,2026-08-09T20:28:50,MRC_003,CUST-0383,PROC_B,wire,US,35785,USD,2026-08-09,PAY-107310,posted
INT-HISTORICAL-007311,2026-08-09T20:30:44,MRC_001,CUST-0006,PROC_B,ach,DE,5002,GBP,2026-08-09,PAY-107311,posted
INT-HISTORICAL-007312,2026-08-09T20:31:52,MRC_005,CUST-0301,PROC_B,card,GB,6360,USD,2026-08-09,PAY-107312,posted
INT-HISTORICAL-007313,2026-08-09T20:33:51,MRC_004,CUST-0201,PROC_B,card,US,12695,GBP,2026-08-09,PAY-107313,posted
INT-HISTORICAL-007314,2026-08-09T20:35:50,MRC_005,CUST-0180,PROC_A,wallet,US,54309,USD,2026-08-09,PAY-107314,posted
INT-HISTORICAL-007315,2026-08-09T20:36:30,MRC_003,CUST-0030,PROC_A,ach,GB,16569,USD,2026-08-09,PAY-107315,posted
INT-HISTORICAL-007316,2026-08-09T20:38:28,MRC_004,CUST-0349,PROC_C,wire,US,5370,GBP,2026-08-09,PAY-107316,posted
INT-HISTORICAL-007317,2026-08-09T20:38:58,MRC_005,CUST-0398,PROC_A,wire,DE,5413,USD,2026-08-09,PAY-107317,posted
INT-HISTORICAL-007318,2026-08-09T20:41:36,MRC_003,CUST-0008,PROC_C,card,DE,8298,USD,2026-08-09,PAY-107318,posted
INT-HISTORICAL-007319,2026-08-09T20:42:17,MRC_002,CUST-0145,PROC_C,ach,GB,1931,USD,2026-08-09,PAY-107319,posted
INT-HISTORICAL-007320,2026-08-09T20:43:51,MRC_005,CUST-0169,PROC_A,wire,GB,4290,GBP,2026-08-09,PAY-107320,posted
INT-HISTORICAL-007321,2026-08-09T20:45:23,MRC_004,CUST-0145,PROC_A,wire,CA,5036,GBP,2026-08-09,PAY-107321,posted
INT-HISTORICAL-007322,2026-08-09T20:45:54,MRC_003,CUST-0216,PROC_C,ach,DE,41339,EUR,2026-08-09,PAY-107322,posted
INT-HISTORICAL-007323,2026-08-09T20:47:51,MRC_001,CUST-0096,PROC_B,card,GB,9329,GBP,2026-08-09,PAY-107323,posted
INT-HISTORICAL-007324,2026-08-09T20:49:58,MRC_002,CUST-0357,PROC_A,wallet,US,33519,GBP,2026-08-09,PAY-107324,posted
INT-HISTORICAL-007325,2026-08-09T20:51:20,MRC_001,CUST-0027,PROC_B,wire,GB,18843,EUR,2026-08-09,PAY-107325,posted
INT-HISTORICAL-007326,2026-08-09T20:52:53,MRC_005,CUST-0054,PROC_A,ach,US,5124,EUR,2026-08-09,PAY-107326,posted
INT-HISTORICAL-007327,2026-08-09T20:55:29,MRC_005,CUST-0048,PROC_C,ach,DE,2827,USD,2026-08-09,PAY-107327,posted
INT-HISTORICAL-007328,2026-08-09T20:56:30,MRC_001,CUST-0182,PROC_B,ach,US,5831,USD,2026-08-09,PAY-107328,posted
INT-HISTORICAL-007329,2026-08-09T20:58:19,MRC_001,CUST-0294,PROC_B,wallet,DE,54298,USD,2026-08-09,PAY-107329,posted
INT-HISTORICAL-007330,2026-08-09T20:58:43,MRC_005,CUST-0115,PROC_A,wallet,CA,6964,USD,2026-08-09,PAY-107330,posted
INT-HISTORICAL-007331,2026-08-09T20:59:20,MRC_005,CUST-0356,PROC_C,wallet,US,12544,USD,2026-08-09,PAY-107331,posted
INT-HISTORICAL-007332,2026-08-09T21:00:10,MRC_005,CUST-0215,PROC_B,card,CA,35800,GBP,2026-08-09,PAY-107332,posted
INT-HISTORICAL-007333,2026-08-09T21:02:32,MRC_004,CUST-0130,PROC_B,card,GB,24552,EUR,2026-08-09,PAY-107333,posted
INT-HISTORICAL-007334,2026-08-09T21:03:55,MRC_003,CUST-0184,PROC_B,wallet,CA,5386,USD,2026-08-09,PAY-107334,posted
INT-HISTORICAL-007335,2026-08-09T21:04:50,MRC_002,CUST-0223,PROC_A,ach,DE,34525,USD,2026-08-09,PAY-107335,posted
INT-HISTORICAL-007336,2026-08-09T21:07:30,MRC_005,CUST-0296,PROC_A,card,DE,2395,USD,2026-08-09,PAY-107336,posted
INT-HISTORICAL-007337,2026-08-09T21:09:31,MRC_004,CUST-0395,PROC_A,wire,DE,28945,EUR,2026-08-09,PAY-107337,posted
INT-HISTORICAL-007338,2026-08-09T21:11:54,MRC_004,CUST-0178,PROC_B,wire,US,53844,USD,2026-08-09,PAY-107338,posted
INT-HISTORICAL-007339,2026-08-09T21:12:53,MRC_004,CUST-0277,PROC_C,wallet,GB,31133,USD,2026-08-09,PAY-107339,posted
INT-HISTORICAL-007340,2026-08-09T21:13:36,MRC_003,CUST-0104,PROC_B,ach,US,55797,EUR,2026-08-09,PAY-107340,posted
INT-HISTORICAL-007341,2026-08-09T21:15:12,MRC_005,CUST-0367,PROC_C,card,US,19912,USD,2026-08-09,PAY-107341,posted
INT-HISTORICAL-007342,2026-08-09T21:16:14,MRC_001,CUST-0029,PROC_A,wire,DE,34667,USD,2026-08-09,PAY-107342,posted
INT-HISTORICAL-007343,2026-08-09T21:18:34,MRC_005,CUST-0378,PROC_C,ach,GB,6223,USD,2026-08-09,PAY-107343,posted
INT-HISTORICAL-007344,2026-08-09T21:21:33,MRC_002,CUST-0094,PROC_C,wire,GB,4853,USD,2026-08-09,PAY-107344,posted
INT-HISTORICAL-007345,2026-08-09T21:23:36,MRC_004,CUST-0095,PROC_B,card,CA,14965,USD,2026-08-09,PAY-107345,posted
INT-HISTORICAL-007346,2026-08-09T21:25:54,MRC_005,CUST-0145,PROC_B,ach,CA,45470,EUR,2026-08-09,PAY-107346,posted
INT-HISTORICAL-007347,2026-08-09T21:28:36,MRC_005,CUST-0059,PROC_B,wire,GB,12083,USD,2026-08-09,PAY-107347,posted
INT-HISTORICAL-007348,2026-08-09T21:31:34,MRC_005,CUST-0238,PROC_C,wire,GB,16434,USD,2026-08-09,PAY-107348,posted
INT-HISTORICAL-007349,2026-08-09T21:33:35,MRC_001,CUST-0382,PROC_A,wire,CA,7628,EUR,2026-08-09,PAY-107349,posted
INT-HISTORICAL-007350,2026-08-09T21:36:23,MRC_003,CUST-0197,PROC_A,ach,US,10584,GBP,2026-08-09,PAY-107350,posted
INT-HISTORICAL-007351,2026-08-09T21:37:31,MRC_002,CUST-0123,PROC_B,wallet,US,11928,USD,2026-08-09,PAY-107351,posted
INT-HISTORICAL-007352,2026-08-09T21:40:17,MRC_001,CUST-0076,PROC_A,card,US,35938,GBP,2026-08-09,PAY-107352,posted
INT-HISTORICAL-007353,2026-08-09T21:43:08,MRC_002,CUST-0067,PROC_A,wallet,US,50670,USD,2026-08-09,PAY-107353,posted
INT-HISTORICAL-007354,2026-08-09T21:45:37,MRC_001,CUST-0055,PROC_C,card,US,5877,USD,2026-08-09,PAY-107354,posted
INT-HISTORICAL-007355,2026-08-09T21:47:47,MRC_004,CUST-0294,PROC_C,ach,DE,2994,USD,2026-08-09,PAY-107355,posted
INT-HISTORICAL-007356,2026-08-09T21:49:50,MRC_003,CUST-0206,PROC_A,card,US,29857,USD,2026-08-09,PAY-107356,posted
INT-HISTORICAL-007357,2026-08-09T21:52:48,MRC_005,CUST-0047,PROC_B,card,US,4694,USD,2026-08-09,PAY-107357,posted
INT-HISTORICAL-007358,2026-08-09T21:53:17,MRC_001,CUST-0100,PROC_B,wire,CA,7826,GBP,2026-08-09,PAY-107358,posted
INT-HISTORICAL-007359,2026-08-09T21:53:50,MRC_005,CUST-0191,PROC_A,card,DE,252440,USD,2026-08-09,PAY-107359,posted
INT-HISTORICAL-007360,2026-08-09T21:54:47,MRC_004,CUST-0053,PROC_B,ach,US,334954,USD,2026-08-09,PAY-107360,posted
INT-HISTORICAL-007361,2026-08-09T21:57:27,MRC_003,CUST-0206,PROC_C,card,US,4074,GBP,2026-08-09,PAY-107361,posted
INT-HISTORICAL-007362,2026-08-09T21:58:56,MRC_004,CUST-0302,PROC_A,wallet,DE,20848,USD,2026-08-09,PAY-107362,posted
INT-HISTORICAL-007363,2026-08-09T22:00:40,MRC_003,CUST-0349,PROC_A,wire,CA,7744,GBP,2026-08-09,PAY-107363,posted
INT-HISTORICAL-007364,2026-08-09T22:01:43,MRC_002,CUST-0171,PROC_A,card,US,5383,USD,2026-08-09,PAY-107364,posted
INT-HISTORICAL-007365,2026-08-09T22:02:36,MRC_001,CUST-0392,PROC_C,card,US,11575,USD,2026-08-09,PAY-107365,posted
INT-HISTORICAL-007366,2026-08-09T22:04:33,MRC_001,CUST-0061,PROC_A,card,US,11133,USD,2026-08-09,PAY-107366,posted
INT-HISTORICAL-007367,2026-08-09T22:07:29,MRC_005,CUST-0235,PROC_C,wallet,US,20330,USD,2026-08-09,PAY-107367,posted
INT-HISTORICAL-007368,2026-08-09T22:08:59,MRC_002,CUST-0015,PROC_B,wallet,DE,9354,USD,2026-08-09,PAY-107368,posted
INT-HISTORICAL-007369,2026-08-09T22:10:58,MRC_002,CUST-0156,PROC_B,card,DE,2275,USD,2026-08-09,PAY-107369,posted
INT-HISTORICAL-007370,2026-08-09T22:13:14,MRC_001,CUST-0254,PROC_A,wire,US,10150,USD,2026-08-09,PAY-107370,posted
INT-HISTORICAL-007371,2026-08-09T22:15:18,MRC_005,CUST-0091,PROC_C,card,US,12016,USD,2026-08-09,PAY-107371,posted
INT-HISTORICAL-007372,2026-08-09T22:15:53,MRC_001,CUST-0061,PROC_B,ach,US,3618,USD,2026-08-09,PAY-107372,posted
INT-HISTORICAL-007373,2026-08-09T22:17:53,MRC_004,CUST-0319,PROC_B,card,US,5041,USD,2026-08-09,PAY-107373,posted
INT-HISTORICAL-007374,2026-08-09T22:20:39,MRC_003,CUST-0384,PROC_B,ach,DE,6978,USD,2026-08-09,PAY-107374,posted
INT-HISTORICAL-007375,2026-08-09T22:22:37,MRC_002,CUST-0178,PROC_A,wallet,US,41924,USD,2026-08-09,PAY-107375,posted
INT-HISTORICAL-007376,2026-08-09T22:24:01,MRC_005,CUST-0298,PROC_B,wallet,DE,4623,USD,2026-08-09,PAY-107376,posted
INT-HISTORICAL-007377,2026-08-09T22:26:31,MRC_002,CUST-0096,PROC_A,wallet,US,8681,GBP,2026-08-09,PAY-107377,posted
INT-HISTORICAL-007378,2026-08-09T22:27:45,MRC_004,CUST-0348,PROC_A,ach,CA,37636,USD,2026-08-09,PAY-107378,posted
INT-HISTORICAL-007379,2026-08-09T22:28:28,MRC_004,CUST-0309,PROC_C,wallet,DE,2601,USD,2026-08-09,PAY-107379,posted
INT-HISTORICAL-007380,2026-08-09T22:31:18,MRC_001,CUST-0260,PROC_B,ach,GB,13545,USD,2026-08-09,PAY-107380,posted
INT-HISTORICAL-007381,2026-08-09T22:32:15,MRC_003,CUST-0009,PROC_C,ach,US,33437,GBP,2026-08-09,PAY-107381,posted
INT-HISTORICAL-007382,2026-08-09T22:35:08,MRC_003,CUST-0209,PROC_C,ach,CA,18866,USD,2026-08-09,PAY-107382,posted
INT-HISTORICAL-007383,2026-08-09T22:37:13,MRC_004,CUST-0227,PROC_B,ach,US,81343,GBP,2026-08-09,PAY-107383,posted
INT-HISTORICAL-007384,2026-08-09T22:37:53,MRC_005,CUST-0019,PROC_C,wire,US,12128,USD,2026-08-09,PAY-107384,posted
INT-HISTORICAL-007385,2026-08-09T22:38:40,MRC_005,CUST-0392,PROC_B,card,CA,16877,USD,2026-08-09,PAY-107385,posted
INT-HISTORICAL-007386,2026-08-09T22:39:42,MRC_001,CUST-0031,PROC_C,wire,GB,25653,USD,2026-08-09,PAY-107386,posted
INT-HISTORICAL-007387,2026-08-09T22:41:49,MRC_001,CUST-0247,PROC_C,ach,US,74643,EUR,2026-08-09,PAY-107387,posted
INT-HISTORICAL-007388,2026-08-09T22:43:52,MRC_001,CUST-0171,PROC_A,card,US,30634,USD,2026-08-09,PAY-107388,posted
INT-HISTORICAL-007389,2026-08-09T22:46:43,MRC_001,CUST-0338,PROC_B,ach,US,78148,USD,2026-08-09,PAY-107389,posted
INT-HISTORICAL-007390,2026-08-09T22:48:42,MRC_002,CUST-0229,PROC_A,ach,US,15678,USD,2026-08-09,PAY-107390,posted
INT-HISTORICAL-007391,2026-08-09T22:49:18,MRC_003,CUST-0384,PROC_B,wallet,CA,11583,GBP,2026-08-09,PAY-107391,posted
INT-HISTORICAL-007392,2026-08-09T22:51:55,MRC_003,CUST-0041,PROC_B,wire,US,109059,GBP,2026-08-09,PAY-107392,posted
INT-HISTORICAL-007393,2026-08-09T22:53:27,MRC_001,CUST-0232,PROC_B,ach,DE,6841,GBP,2026-08-09,PAY-107393,posted
INT-HISTORICAL-007394,2026-08-09T22:55:49,MRC_001,CUST-0236,PROC_B,wallet,DE,19151,USD,2026-08-09,PAY-107394,posted
INT-HISTORICAL-007395,2026-08-09T22:56:09,MRC_002,CUST-0362,PROC_A,ach,CA,4947,USD,2026-08-09,PAY-107395,posted
INT-HISTORICAL-007396,2026-08-09T22:57:30,MRC_005,CUST-0075,PROC_A,wire,DE,2590,USD,2026-08-09,PAY-107396,posted
INT-HISTORICAL-007397,2026-08-09T22:59:15,MRC_005,CUST-0135,PROC_B,ach,US,1660,USD,2026-08-09,PAY-107397,posted
INT-HISTORICAL-007398,2026-08-09T23:01:40,MRC_003,CUST-0319,PROC_A,ach,US,6011,USD,2026-08-09,PAY-107398,posted
INT-HISTORICAL-007399,2026-08-09T23:02:51,MRC_005,CUST-0218,PROC_C,wire,CA,10631,USD,2026-08-09,PAY-107399,posted
INT-HISTORICAL-007400,2026-08-09T23:05:48,MRC_002,CUST-0359,PROC_B,wallet,US,12624,USD,2026-08-09,PAY-107400,posted
INT-HISTORICAL-007401,2026-08-09T23:06:31,MRC_001,CUST-0130,PROC_C,wallet,US,19900,USD,2026-08-09,PAY-107401,posted
INT-HISTORICAL-007402,2026-08-09T23:07:57,MRC_001,CUST-0005,PROC_A,ach,US,15586,GBP,2026-08-09,PAY-107402,posted
INT-HISTORICAL-007403,2026-08-09T23:10:02,MRC_005,CUST-0387,PROC_C,ach,GB,14308,USD,2026-08-09,PAY-107403,posted
INT-HISTORICAL-007404,2026-08-09T23:11:35,MRC_005,CUST-0376,PROC_A,wire,DE,7781,USD,2026-08-09,PAY-107404,posted
INT-HISTORICAL-007405,2026-08-09T23:13:07,MRC_001,CUST-0082,PROC_A,wallet,DE,37885,USD,2026-08-09,PAY-107405,posted
INT-HISTORICAL-007406,2026-08-09T23:13:54,MRC_003,CUST-0006,PROC_A,ach,CA,10599,USD,2026-08-09,PAY-107406,posted
INT-HISTORICAL-007407,2026-08-09T23:16:49,MRC_005,CUST-0146,PROC_B,ach,US,17676,USD,2026-08-09,PAY-107407,posted
INT-HISTORICAL-007408,2026-08-09T23:17:46,MRC_004,CUST-0074,PROC_A,wire,DE,22492,USD,2026-08-09,PAY-107408,posted
INT-HISTORICAL-007409,2026-08-09T23:19:48,MRC_004,CUST-0108,PROC_C,wire,DE,30787,USD,2026-08-09,PAY-107409,posted
INT-HISTORICAL-007410,2026-08-09T23:21:53,MRC_005,CUST-0162,PROC_B,ach,US,14387,GBP,2026-08-09,PAY-107410,posted
INT-HISTORICAL-007411,2026-08-09T23:22:13,MRC_002,CUST-0130,PROC_B,card,US,130755,USD,2026-08-09,PAY-107411,posted
INT-HISTORICAL-007412,2026-08-09T23:24:04,MRC_001,CUST-0055,PROC_C,ach,US,5587,USD,2026-08-09,PAY-107412,posted
INT-HISTORICAL-007413,2026-08-09T23:26:46,MRC_002,CUST-0288,PROC_C,wallet,US,17797,USD,2026-08-09,PAY-107413,posted
INT-HISTORICAL-007414,2026-08-09T23:27:29,MRC_003,CUST-0234,PROC_B,wire,CA,11872,GBP,2026-08-09,PAY-107414,posted
INT-HISTORICAL-007415,2026-08-09T23:30:00,MRC_002,CUST-0365,PROC_C,card,GB,26502,USD,2026-08-09,PAY-107415,posted
INT-HISTORICAL-007416,2026-08-09T23:31:33,MRC_004,CUST-0288,PROC_A,wire,US,4559,EUR,2026-08-09,PAY-107416,posted
INT-HISTORICAL-007417,2026-08-09T23:33:44,MRC_003,CUST-0373,PROC_A,ach,CA,10288,EUR,2026-08-09,PAY-107417,posted
INT-HISTORICAL-007418,2026-08-09T23:35:00,MRC_004,CUST-0335,PROC_A,card,DE,5757,GBP,2026-08-09,PAY-107418,posted
INT-HISTORICAL-007419,2026-08-09T23:35:22,MRC_005,CUST-0089,PROC_A,wallet,CA,4910,USD,2026-08-09,PAY-107419,posted
INT-HISTORICAL-007420,2026-08-09T23:37:16,MRC_001,CUST-0198,PROC_A,ach,CA,6373,USD,2026-08-09,PAY-107420,posted
INT-HISTORICAL-007421,2026-08-09T23:39:17,MRC_004,CUST-0038,PROC_C,wire,GB,32556,USD,2026-08-09,PAY-107421,posted
INT-HISTORICAL-007422,2026-08-09T23:42:03,MRC_002,CUST-0256,PROC_C,wire,DE,8540,USD,2026-08-09,PAY-107422,posted
INT-HISTORICAL-007423,2026-08-09T23:42:41,MRC_004,CUST-0214,PROC_B,wire,CA,2497,USD,2026-08-09,PAY-107423,posted
INT-HISTORICAL-007424,2026-08-09T23:43:31,MRC_004,CUST-0367,PROC_B,card,US,17023,USD,2026-08-09,PAY-107424,posted
INT-HISTORICAL-007425,2026-08-09T23:45:07,MRC_003,CUST-0122,PROC_C,card,US,1825,GBP,2026-08-09,PAY-107425,posted
INT-HISTORICAL-007426,2026-08-09T23:46:51,MRC_001,CUST-0301,PROC_A,wallet,US,2483,GBP,2026-08-09,PAY-107426,posted
INT-HISTORICAL-007427,2026-08-09T23:48:51,MRC_005,CUST-0131,PROC_B,ach,CA,80849,USD,2026-08-09,PAY-107427,posted
INT-HISTORICAL-007428,2026-08-09T23:49:57,MRC_005,CUST-0104,PROC_C,wallet,DE,10105,USD,2026-08-09,PAY-107428,posted
INT-HISTORICAL-007429,2026-08-09T23:51:33,MRC_003,CUST-0186,PROC_A,card,GB,40278,EUR,2026-08-09,PAY-107429,posted
INT-HISTORICAL-007430,2026-08-09T23:53:39,MRC_005,CUST-0016,PROC_A,wallet,US,32070,EUR,2026-08-09,PAY-107430,posted
INT-HISTORICAL-007431,2026-08-09T23:56:09,MRC_005,CUST-0234,PROC_C,wire,US,11872,EUR,2026-08-09,PAY-107431,posted
INT-HISTORICAL-007432,2026-08-09T23:57:44,MRC_002,CUST-0169,PROC_C,wallet,CA,8553,USD,2026-08-09,PAY-107432,posted
INT-HISTORICAL-007433,2026-08-10T00:00:05,MRC_005,CUST-0247,PROC_A,card,CA,42441,USD,2026-08-10,PAY-107433,posted
INT-HISTORICAL-007434,2026-08-10T00:01:18,MRC_005,CUST-0177,PROC_A,ach,GB,29394,EUR,2026-08-10,PAY-107434,posted
INT-HISTORICAL-007435,2026-08-10T00:02:19,MRC_005,CUST-0087,PROC_B,card,DE,11124,USD,2026-08-10,PAY-107435,posted
INT-HISTORICAL-007436,2026-08-10T00:03:08,MRC_002,CUST-0365,PROC_B,ach,CA,18084,USD,2026-08-10,PAY-107436,posted
INT-HISTORICAL-007437,2026-08-10T00:05:28,MRC_004,CUST-0016,PROC_A,wallet,US,2347,USD,2026-08-10,PAY-107437,posted
INT-HISTORICAL-007438,2026-08-10T00:06:51,MRC_002,CUST-0196,PROC_B,wallet,DE,4352,EUR,2026-08-10,PAY-107438,posted
INT-HISTORICAL-007439,2026-08-10T00:09:35,MRC_002,CUST-0184,PROC_C,card,US,20958,USD,2026-08-10,PAY-107439,posted
INT-HISTORICAL-007440,2026-08-10T00:10:33,MRC_002,CUST-0186,PROC_A,ach,US,11832,USD,2026-08-10,PAY-107440,posted
INT-HISTORICAL-007441,2026-08-10T00:12:13,MRC_005,CUST-0198,PROC_A,wallet,CA,27209,USD,2026-08-10,PAY-107441,posted
INT-HISTORICAL-007442,2026-08-10T00:13:14,MRC_004,CUST-0360,PROC_C,wire,DE,8582,USD,2026-08-10,PAY-107442,posted
INT-HISTORICAL-007443,2026-08-10T00:13:55,MRC_003,CUST-0269,PROC_A,wallet,US,12562,USD,2026-08-10,PAY-107443,posted
INT-HISTORICAL-007444,2026-08-10T00:15:16,MRC_001,CUST-0265,PROC_A,card,CA,8858,EUR,2026-08-10,PAY-107444,posted
INT-HISTORICAL-007445,2026-08-10T00:17:34,MRC_001,CUST-0185,PROC_B,card,US,8063,USD,2026-08-10,PAY-107445,posted
INT-HISTORICAL-007446,2026-08-10T00:19:52,MRC_004,CUST-0075,PROC_C,ach,CA,4085,EUR,2026-08-10,PAY-107446,posted
INT-HISTORICAL-007447,2026-08-10T00:20:59,MRC_001,CUST-0384,PROC_B,ach,DE,9558,USD,2026-08-10,PAY-107447,posted
INT-HISTORICAL-007448,2026-08-10T00:23:22,MRC_005,CUST-0366,PROC_C,ach,US,4717,USD,2026-08-10,PAY-107448,posted
INT-HISTORICAL-007449,2026-08-10T00:25:49,MRC_004,CUST-0134,PROC_C,wallet,DE,6956,USD,2026-08-10,PAY-107449,posted
INT-HISTORICAL-007450,2026-08-10T00:26:43,MRC_005,CUST-0154,PROC_A,ach,DE,2486,GBP,2026-08-10,PAY-107450,posted
INT-HISTORICAL-007451,2026-08-10T00:28:14,MRC_003,CUST-0112,PROC_A,wallet,CA,12077,USD,2026-08-10,PAY-107451,posted
INT-HISTORICAL-007452,2026-08-10T00:29:36,MRC_003,CUST-0142,PROC_C,card,GB,2870,USD,2026-08-10,PAY-107452,posted
INT-HISTORICAL-007453,2026-08-10T00:31:36,MRC_005,CUST-0016,PROC_C,card,US,20899,USD,2026-08-10,PAY-107453,posted
INT-HISTORICAL-007454,2026-08-10T00:34:32,MRC_002,CUST-0032,PROC_B,wallet,GB,8765,USD,2026-08-10,PAY-107454,posted
INT-HISTORICAL-007455,2026-08-10T00:35:23,MRC_002,CUST-0168,PROC_C,wire,US,18288,USD,2026-08-10,PAY-107455,posted
INT-HISTORICAL-007456,2026-08-10T00:38:22,MRC_001,CUST-0128,PROC_B,card,CA,8720,USD,2026-08-10,PAY-107456,posted
INT-HISTORICAL-007457,2026-08-10T00:41:17,MRC_002,CUST-0400,PROC_A,wallet,US,13241,USD,2026-08-10,PAY-107457,posted
INT-HISTORICAL-007458,2026-08-10T00:42:40,MRC_004,CUST-0355,PROC_A,ach,US,22463,GBP,2026-08-10,PAY-107458,posted
INT-HISTORICAL-007459,2026-08-10T00:44:10,MRC_002,CUST-0376,PROC_B,wallet,GB,17600,EUR,2026-08-10,PAY-107459,posted
INT-HISTORICAL-007460,2026-08-10T00:45:04,MRC_005,CUST-0078,PROC_A,ach,US,25356,USD,2026-08-10,PAY-107460,posted
INT-HISTORICAL-007461,2026-08-10T00:45:45,MRC_001,CUST-0062,PROC_A,card,GB,52930,EUR,2026-08-10,PAY-107461,posted
INT-HISTORICAL-007462,2026-08-10T00:46:49,MRC_001,CUST-0283,PROC_C,wire,US,14565,USD,2026-08-10,PAY-107462,posted
INT-HISTORICAL-007463,2026-08-10T00:47:31,MRC_003,CUST-0227,PROC_C,ach,DE,12709,USD,2026-08-10,PAY-107463,posted
INT-HISTORICAL-007464,2026-08-10T00:48:01,MRC_001,CUST-0271,PROC_C,wallet,US,3252,USD,2026-08-10,PAY-107464,posted
INT-HISTORICAL-007465,2026-08-10T00:48:29,MRC_005,CUST-0116,PROC_A,card,CA,76048,USD,2026-08-10,PAY-107465,posted
INT-HISTORICAL-007466,2026-08-10T00:51:23,MRC_001,CUST-0107,PROC_A,wire,DE,22584,USD,2026-08-10,PAY-107466,posted
INT-HISTORICAL-007467,2026-08-10T00:54:13,MRC_004,CUST-0380,PROC_B,ach,US,6603,USD,2026-08-10,PAY-107467,posted
INT-HISTORICAL-007468,2026-08-10T00:56:05,MRC_003,CUST-0161,PROC_C,card,US,6111,USD,2026-08-10,PAY-107468,posted
INT-HISTORICAL-007469,2026-08-10T00:57:46,MRC_003,CUST-0131,PROC_A,ach,DE,41053,USD,2026-08-10,PAY-107469,posted
INT-HISTORICAL-007470,2026-08-10T00:59:26,MRC_003,CUST-0096,PROC_C,ach,US,4780,EUR,2026-08-10,PAY-107470,posted
INT-HISTORICAL-007471,2026-08-10T01:01:12,MRC_004,CUST-0262,PROC_B,ach,US,8068,EUR,2026-08-10,PAY-107471,posted
INT-HISTORICAL-007472,2026-08-10T01:03:18,MRC_005,CUST-0105,PROC_A,ach,CA,15947,USD,2026-08-10,PAY-107472,posted
INT-HISTORICAL-007473,2026-08-10T01:06:05,MRC_002,CUST-0333,PROC_C,wallet,GB,7328,USD,2026-08-10,PAY-107473,posted
INT-HISTORICAL-007474,2026-08-10T01:06:39,MRC_003,CUST-0137,PROC_C,card,US,1906,USD,2026-08-10,PAY-107474,posted
INT-HISTORICAL-007475,2026-08-10T01:08:39,MRC_005,CUST-0090,PROC_A,ach,DE,8204,GBP,2026-08-10,PAY-107475,posted
INT-HISTORICAL-007476,2026-08-10T01:09:51,MRC_001,CUST-0326,PROC_A,wallet,US,10384,USD,2026-08-10,PAY-107476,posted
INT-HISTORICAL-007477,2026-08-10T01:10:41,MRC_005,CUST-0397,PROC_C,ach,DE,20127,USD,2026-08-10,PAY-107477,posted
INT-HISTORICAL-007478,2026-08-10T01:12:07,MRC_005,CUST-0391,PROC_A,ach,US,10482,USD,2026-08-10,PAY-107478,posted
INT-HISTORICAL-007479,2026-08-10T01:14:24,MRC_003,CUST-0218,PROC_B,ach,US,14685,USD,2026-08-10,PAY-107479,posted
INT-HISTORICAL-007480,2026-08-10T01:16:07,MRC_002,CUST-0324,PROC_B,wallet,GB,49762,USD,2026-08-10,PAY-107480,posted
INT-HISTORICAL-007481,2026-08-10T01:16:37,MRC_003,CUST-0016,PROC_A,wire,DE,16450,EUR,2026-08-10,PAY-107481,posted
INT-HISTORICAL-007482,2026-08-10T01:19:03,MRC_003,CUST-0259,PROC_A,card,US,10960,USD,2026-08-10,PAY-107482,posted
INT-HISTORICAL-007483,2026-08-10T01:21:22,MRC_001,CUST-0281,PROC_C,wire,US,3903,USD,2026-08-10,PAY-107483,posted
INT-HISTORICAL-007484,2026-08-10T01:23:51,MRC_002,CUST-0340,PROC_A,wallet,DE,12691,USD,2026-08-10,PAY-107484,posted
INT-HISTORICAL-007485,2026-08-10T01:25:41,MRC_004,CUST-0233,PROC_A,ach,CA,19978,GBP,2026-08-10,PAY-107485,posted
INT-HISTORICAL-007486,2026-08-10T01:26:31,MRC_004,CUST-0333,PROC_B,wallet,DE,6722,USD,2026-08-10,PAY-107486,posted
INT-HISTORICAL-007487,2026-08-10T01:27:31,MRC_003,CUST-0120,PROC_B,card,DE,8908,USD,2026-08-10,PAY-107487,posted
INT-HISTORICAL-007488,2026-08-10T01:30:02,MRC_002,CUST-0234,PROC_A,card,GB,4184,USD,2026-08-10,PAY-107488,posted
INT-HISTORICAL-007489,2026-08-10T01:32:00,MRC_005,CUST-0264,PROC_B,wallet,DE,3468,USD,2026-08-10,PAY-107489,posted
INT-HISTORICAL-007490,2026-08-10T01:33:17,MRC_002,CUST-0252,PROC_A,card,CA,43738,USD,2026-08-10,PAY-107490,posted
INT-HISTORICAL-007491,2026-08-10T01:36:08,MRC_005,CUST-0239,PROC_B,wire,US,75885,EUR,2026-08-10,PAY-107491,posted
INT-HISTORICAL-007492,2026-08-10T01:38:13,MRC_004,CUST-0064,PROC_C,card,US,2697,USD,2026-08-10,PAY-107492,posted
INT-HISTORICAL-007493,2026-08-10T01:40:18,MRC_005,CUST-0395,PROC_C,wallet,CA,745,USD,2026-08-10,PAY-107493,posted
INT-HISTORICAL-007494,2026-08-10T01:42:02,MRC_003,CUST-0345,PROC_B,card,DE,62809,USD,2026-08-10,PAY-107494,posted
INT-HISTORICAL-007495,2026-08-10T01:42:22,MRC_003,CUST-0312,PROC_B,wallet,US,20343,USD,2026-08-10,PAY-107495,posted
INT-HISTORICAL-007496,2026-08-10T01:43:52,MRC_004,CUST-0159,PROC_A,ach,CA,9965,USD,2026-08-10,PAY-107496,posted
INT-HISTORICAL-007497,2026-08-10T01:45:19,MRC_004,CUST-0393,PROC_A,ach,CA,14023,USD,2026-08-10,PAY-107497,posted
INT-HISTORICAL-007498,2026-08-10T01:46:50,MRC_002,CUST-0086,PROC_A,ach,US,10045,EUR,2026-08-10,PAY-107498,posted
INT-HISTORICAL-007499,2026-08-10T01:49:35,MRC_004,CUST-0010,PROC_C,card,CA,5402,EUR,2026-08-10,PAY-107499,posted
INT-HISTORICAL-007500,2026-08-10T01:51:46,MRC_001,CUST-0111,PROC_B,wire,US,27066,USD,2026-08-10,PAY-107500,posted
INT-HISTORICAL-007501,2026-08-10T01:54:24,MRC_005,CUST-0353,PROC_C,wire,CA,23017,GBP,2026-08-10,PAY-107501,posted
INT-HISTORICAL-007502,2026-08-10T01:55:53,MRC_004,CUST-0209,PROC_C,wallet,US,9910,EUR,2026-08-10,PAY-107502,posted
INT-HISTORICAL-007503,2026-08-10T01:58:10,MRC_005,CUST-0128,PROC_C,wallet,DE,31191,USD,2026-08-10,PAY-107503,posted
INT-HISTORICAL-007504,2026-08-10T01:59:23,MRC_003,CUST-0273,PROC_C,card,CA,13262,EUR,2026-08-10,PAY-107504,posted
INT-HISTORICAL-007505,2026-08-10T01:59:58,MRC_002,CUST-0149,PROC_C,wire,US,69414,EUR,2026-08-10,PAY-107505,posted
INT-HISTORICAL-007506,2026-08-10T02:01:18,MRC_001,CUST-0161,PROC_A,card,US,1723,USD,2026-08-10,PAY-107506,posted
INT-HISTORICAL-007507,2026-08-10T02:04:04,MRC_003,CUST-0001,PROC_A,card,GB,13237,EUR,2026-08-10,PAY-107507,posted
INT-HISTORICAL-007508,2026-08-10T02:06:31,MRC_005,CUST-0246,PROC_B,card,US,1869,USD,2026-08-10,PAY-107508,posted
INT-HISTORICAL-007509,2026-08-10T02:08:46,MRC_003,CUST-0198,PROC_B,ach,US,23291,USD,2026-08-10,PAY-107509,posted
INT-HISTORICAL-007510,2026-08-10T02:11:12,MRC_002,CUST-0273,PROC_A,card,GB,5573,USD,2026-08-10,PAY-107510,posted
INT-HISTORICAL-007511,2026-08-10T02:11:43,MRC_001,CUST-0140,PROC_C,ach,US,5735,EUR,2026-08-10,PAY-107511,posted
INT-HISTORICAL-007512,2026-08-10T02:13:13,MRC_001,CUST-0098,PROC_C,wallet,US,14775,GBP,2026-08-10,PAY-107512,posted
INT-HISTORICAL-007513,2026-08-10T02:16:01,MRC_005,CUST-0369,PROC_C,wallet,DE,6265,GBP,2026-08-10,PAY-107513,posted
INT-HISTORICAL-007514,2026-08-10T02:17:48,MRC_002,CUST-0210,PROC_B,wallet,CA,10709,USD,2026-08-10,PAY-107514,posted
INT-HISTORICAL-007515,2026-08-10T02:20:32,MRC_002,CUST-0124,PROC_A,wallet,GB,2886,USD,2026-08-10,PAY-107515,posted
INT-HISTORICAL-007516,2026-08-10T02:22:50,MRC_005,CUST-0128,PROC_A,wire,DE,121460,GBP,2026-08-10,PAY-107516,posted
INT-HISTORICAL-007517,2026-08-10T02:23:12,MRC_002,CUST-0392,PROC_A,ach,US,6159,USD,2026-08-10,PAY-107517,posted
INT-HISTORICAL-007518,2026-08-10T02:24:21,MRC_003,CUST-0382,PROC_B,wallet,DE,44847,USD,2026-08-10,PAY-107518,posted
INT-HISTORICAL-007519,2026-08-10T02:25:17,MRC_005,CUST-0018,PROC_A,wire,US,8593,USD,2026-08-10,PAY-107519,posted
INT-HISTORICAL-007520,2026-08-10T02:26:45,MRC_003,CUST-0089,PROC_C,wallet,US,11265,USD,2026-08-10,PAY-107520,posted
INT-HISTORICAL-007521,2026-08-10T02:27:55,MRC_005,CUST-0319,PROC_B,ach,DE,18111,GBP,2026-08-10,PAY-107521,posted
INT-HISTORICAL-007522,2026-08-10T02:29:05,MRC_002,CUST-0194,PROC_A,ach,GB,37575,USD,2026-08-10,PAY-107522,posted
INT-HISTORICAL-007523,2026-08-10T02:31:01,MRC_003,CUST-0188,PROC_A,wallet,CA,6741,USD,2026-08-10,PAY-107523,posted
INT-HISTORICAL-007524,2026-08-10T02:31:47,MRC_004,CUST-0144,PROC_B,wallet,US,11049,EUR,2026-08-10,PAY-107524,posted
INT-HISTORICAL-007525,2026-08-10T02:32:53,MRC_004,CUST-0113,PROC_C,wire,US,28254,USD,2026-08-10,PAY-107525,posted
INT-HISTORICAL-007526,2026-08-10T02:35:40,MRC_002,CUST-0047,PROC_B,card,GB,25071,EUR,2026-08-10,PAY-107526,posted
INT-HISTORICAL-007527,2026-08-10T02:37:42,MRC_002,CUST-0393,PROC_A,wire,GB,5965,USD,2026-08-10,PAY-107527,posted
INT-HISTORICAL-007528,2026-08-10T02:38:33,MRC_001,CUST-0139,PROC_C,ach,US,3638,USD,2026-08-10,PAY-107528,posted
INT-HISTORICAL-007529,2026-08-10T02:40:08,MRC_002,CUST-0132,PROC_B,wallet,DE,79600,GBP,2026-08-10,PAY-107529,posted
INT-HISTORICAL-007530,2026-08-10T02:41:10,MRC_001,CUST-0030,PROC_B,wire,CA,10565,GBP,2026-08-10,PAY-107530,posted
INT-HISTORICAL-007531,2026-08-10T02:42:45,MRC_004,CUST-0333,PROC_A,wire,US,4017,EUR,2026-08-10,PAY-107531,posted
INT-HISTORICAL-007532,2026-08-10T02:43:55,MRC_002,CUST-0128,PROC_A,wallet,US,29564,USD,2026-08-10,PAY-107532,posted
INT-HISTORICAL-007533,2026-08-10T02:44:27,MRC_003,CUST-0279,PROC_C,wire,DE,161667,USD,2026-08-10,PAY-107533,posted
INT-HISTORICAL-007534,2026-08-10T02:46:14,MRC_004,CUST-0207,PROC_C,ach,CA,2934,EUR,2026-08-10,PAY-107534,posted
INT-HISTORICAL-007535,2026-08-10T02:46:42,MRC_004,CUST-0185,PROC_A,wallet,US,17506,EUR,2026-08-10,PAY-107535,posted
INT-HISTORICAL-007536,2026-08-10T02:49:10,MRC_002,CUST-0035,PROC_A,card,GB,5698,USD,2026-08-10,PAY-107536,posted
INT-HISTORICAL-007537,2026-08-10T02:51:33,MRC_002,CUST-0292,PROC_A,wire,US,9664,USD,2026-08-10,PAY-107537,posted
INT-HISTORICAL-007538,2026-08-10T02:53:52,MRC_002,CUST-0032,PROC_A,wire,GB,9553,USD,2026-08-10,PAY-107538,posted
INT-HISTORICAL-007539,2026-08-10T02:56:02,MRC_005,CUST-0095,PROC_A,wallet,US,11347,USD,2026-08-10,PAY-107539,posted
INT-HISTORICAL-007540,2026-08-10T02:57:10,MRC_005,CUST-0274,PROC_A,card,DE,6607,USD,2026-08-10,PAY-107540,posted
INT-HISTORICAL-007541,2026-08-10T02:59:52,MRC_001,CUST-0134,PROC_A,card,US,7267,USD,2026-08-10,PAY-107541,posted
INT-HISTORICAL-007542,2026-08-10T03:02:44,MRC_004,CUST-0019,PROC_A,ach,GB,5371,GBP,2026-08-10,PAY-107542,posted
INT-HISTORICAL-007543,2026-08-10T03:03:04,MRC_004,CUST-0197,PROC_C,wire,US,4042,USD,2026-08-10,PAY-107543,posted
INT-HISTORICAL-007544,2026-08-10T03:05:35,MRC_003,CUST-0339,PROC_B,wallet,DE,7961,GBP,2026-08-10,PAY-107544,posted
INT-HISTORICAL-007545,2026-08-10T03:05:58,MRC_002,CUST-0173,PROC_A,wallet,US,36622,USD,2026-08-10,PAY-107545,posted
INT-HISTORICAL-007546,2026-08-10T03:08:48,MRC_003,CUST-0373,PROC_A,wire,GB,34156,EUR,2026-08-10,PAY-107546,posted
INT-HISTORICAL-007547,2026-08-10T03:11:02,MRC_001,CUST-0378,PROC_B,wire,US,3248,USD,2026-08-10,PAY-107547,posted
INT-HISTORICAL-007548,2026-08-10T03:12:28,MRC_003,CUST-0019,PROC_C,wallet,US,9378,EUR,2026-08-10,PAY-107548,posted
INT-HISTORICAL-007549,2026-08-10T03:13:58,MRC_002,CUST-0261,PROC_B,card,DE,20874,EUR,2026-08-10,PAY-107549,posted
INT-HISTORICAL-007550,2026-08-10T03:14:45,MRC_003,CUST-0097,PROC_A,wallet,DE,25056,USD,2026-08-10,PAY-107550,posted
INT-HISTORICAL-007551,2026-08-10T03:17:43,MRC_002,CUST-0385,PROC_A,ach,GB,14046,EUR,2026-08-10,PAY-107551,posted
INT-HISTORICAL-007552,2026-08-10T03:20:12,MRC_004,CUST-0137,PROC_C,wire,US,23037,USD,2026-08-10,PAY-107552,posted
INT-HISTORICAL-007553,2026-08-10T03:21:51,MRC_005,CUST-0255,PROC_C,wire,CA,6803,USD,2026-08-10,PAY-107553,posted
INT-HISTORICAL-007554,2026-08-10T03:24:22,MRC_001,CUST-0098,PROC_B,ach,GB,45258,USD,2026-08-10,PAY-107554,posted
INT-HISTORICAL-007555,2026-08-10T03:25:54,MRC_003,CUST-0249,PROC_A,card,DE,5529,USD,2026-08-10,PAY-107555,posted
INT-HISTORICAL-007556,2026-08-10T03:27:11,MRC_001,CUST-0105,PROC_B,wallet,US,6431,USD,2026-08-10,PAY-107556,posted
INT-HISTORICAL-007557,2026-08-10T03:29:32,MRC_004,CUST-0279,PROC_A,card,US,6975,USD,2026-08-10,PAY-107557,posted
INT-HISTORICAL-007558,2026-08-10T03:32:01,MRC_004,CUST-0373,PROC_A,card,DE,11146,USD,2026-08-10,PAY-107558,posted
INT-HISTORICAL-007559,2026-08-10T03:33:50,MRC_005,CUST-0397,PROC_C,ach,CA,10332,GBP,2026-08-10,PAY-107559,posted
INT-HISTORICAL-007560,2026-08-10T03:35:38,MRC_004,CUST-0304,PROC_A,card,US,12973,EUR,2026-08-10,PAY-107560,posted
INT-HISTORICAL-007561,2026-08-10T03:37:42,MRC_005,CUST-0174,PROC_A,card,US,8037,USD,2026-08-10,PAY-107561,posted
INT-HISTORICAL-007562,2026-08-10T03:40:29,MRC_003,CUST-0259,PROC_A,wire,GB,3912,USD,2026-08-10,PAY-107562,posted
INT-HISTORICAL-007563,2026-08-10T03:41:45,MRC_002,CUST-0220,PROC_B,card,US,8561,USD,2026-08-10,PAY-107563,posted
INT-HISTORICAL-007564,2026-08-10T03:42:17,MRC_005,CUST-0073,PROC_A,card,US,20913,USD,2026-08-10,PAY-107564,posted
INT-HISTORICAL-007565,2026-08-10T03:44:32,MRC_002,CUST-0209,PROC_A,ach,US,6460,GBP,2026-08-10,PAY-107565,posted
INT-HISTORICAL-007566,2026-08-10T03:45:51,MRC_003,CUST-0269,PROC_A,wallet,US,6312,USD,2026-08-10,PAY-107566,posted
INT-HISTORICAL-007567,2026-08-10T03:48:51,MRC_004,CUST-0103,PROC_A,card,US,12460,EUR,2026-08-10,PAY-107567,posted
INT-HISTORICAL-007568,2026-08-10T03:51:16,MRC_001,CUST-0097,PROC_C,ach,DE,1442,GBP,2026-08-10,PAY-107568,posted
INT-HISTORICAL-007569,2026-08-10T03:51:49,MRC_001,CUST-0126,PROC_A,card,CA,4854,USD,2026-08-10,PAY-107569,posted
INT-HISTORICAL-007570,2026-08-10T03:52:38,MRC_002,CUST-0280,PROC_A,ach,GB,29795,USD,2026-08-10,PAY-107570,posted
INT-HISTORICAL-007571,2026-08-10T03:53:58,MRC_001,CUST-0129,PROC_B,wallet,US,8781,GBP,2026-08-10,PAY-107571,posted
INT-HISTORICAL-007572,2026-08-10T03:55:11,MRC_001,CUST-0159,PROC_C,wire,GB,3102,USD,2026-08-10,PAY-107572,posted
INT-HISTORICAL-007573,2026-08-10T03:57:19,MRC_003,CUST-0301,PROC_C,ach,DE,2655,USD,2026-08-10,PAY-107573,posted
INT-HISTORICAL-007574,2026-08-10T03:58:42,MRC_001,CUST-0130,PROC_C,wire,GB,7506,USD,2026-08-10,PAY-107574,posted
INT-HISTORICAL-007575,2026-08-10T04:00:25,MRC_005,CUST-0323,PROC_A,card,US,6504,USD,2026-08-10,PAY-107575,posted
INT-HISTORICAL-007576,2026-08-10T04:02:36,MRC_002,CUST-0278,PROC_C,card,DE,20689,USD,2026-08-10,PAY-107576,posted
INT-HISTORICAL-007577,2026-08-10T04:04:11,MRC_003,CUST-0129,PROC_C,wire,DE,1751,USD,2026-08-10,PAY-107577,posted
INT-HISTORICAL-007578,2026-08-10T04:05:46,MRC_002,CUST-0108,PROC_C,card,US,5215,USD,2026-08-10,PAY-107578,posted
INT-HISTORICAL-007579,2026-08-10T04:08:05,MRC_003,CUST-0352,PROC_A,ach,CA,5880,USD,2026-08-10,PAY-107579,posted
INT-HISTORICAL-007580,2026-08-10T04:11:03,MRC_005,CUST-0014,PROC_B,card,GB,21844,EUR,2026-08-10,PAY-107580,posted
INT-HISTORICAL-007581,2026-08-10T04:11:44,MRC_002,CUST-0186,PROC_A,wallet,US,13046,USD,2026-08-10,PAY-107581,posted
INT-HISTORICAL-007582,2026-08-10T04:12:59,MRC_002,CUST-0001,PROC_A,wallet,US,6646,EUR,2026-08-10,PAY-107582,posted
INT-HISTORICAL-007583,2026-08-10T04:14:38,MRC_005,CUST-0035,PROC_C,wallet,GB,15334,USD,2026-08-10,PAY-107583,posted
INT-HISTORICAL-007584,2026-08-10T04:16:55,MRC_004,CUST-0343,PROC_B,wire,US,6114,USD,2026-08-10,PAY-107584,posted
INT-HISTORICAL-007585,2026-08-10T04:18:49,MRC_002,CUST-0337,PROC_C,card,US,10444,GBP,2026-08-10,PAY-107585,posted
INT-HISTORICAL-007586,2026-08-10T04:20:52,MRC_002,CUST-0135,PROC_B,ach,GB,3683,USD,2026-08-10,PAY-107586,posted
INT-HISTORICAL-007587,2026-08-10T04:22:06,MRC_004,CUST-0280,PROC_C,wallet,GB,55159,EUR,2026-08-10,PAY-107587,posted
INT-HISTORICAL-007588,2026-08-10T04:24:23,MRC_001,CUST-0158,PROC_C,ach,US,11453,USD,2026-08-10,PAY-107588,posted
INT-HISTORICAL-007589,2026-08-10T04:25:08,MRC_005,CUST-0314,PROC_A,card,US,6355,USD,2026-08-10,PAY-107589,posted
INT-HISTORICAL-007590,2026-08-10T04:27:33,MRC_001,CUST-0385,PROC_B,ach,GB,81269,EUR,2026-08-10,PAY-107590,posted
INT-HISTORICAL-007591,2026-08-10T04:29:27,MRC_001,CUST-0171,PROC_C,ach,US,2917,USD,2026-08-10,PAY-107591,posted
INT-HISTORICAL-007592,2026-08-10T04:32:26,MRC_004,CUST-0162,PROC_A,wallet,GB,27978,EUR,2026-08-10,PAY-107592,posted
INT-HISTORICAL-007593,2026-08-10T04:34:13,MRC_001,CUST-0250,PROC_C,wallet,CA,1932,USD,2026-08-10,PAY-107593,posted
INT-HISTORICAL-007594,2026-08-10T04:35:12,MRC_005,CUST-0258,PROC_B,card,CA,10185,GBP,2026-08-10,PAY-107594,posted
INT-HISTORICAL-007595,2026-08-10T04:37:39,MRC_003,CUST-0070,PROC_B,card,US,12740,EUR,2026-08-10,PAY-107595,posted
INT-HISTORICAL-007596,2026-08-10T04:38:41,MRC_003,CUST-0334,PROC_A,wallet,US,3892,USD,2026-08-10,PAY-107596,posted
INT-HISTORICAL-007597,2026-08-10T04:39:21,MRC_002,CUST-0228,PROC_C,ach,US,4607,USD,2026-08-10,PAY-107597,posted
INT-HISTORICAL-007598,2026-08-10T04:41:46,MRC_004,CUST-0334,PROC_B,card,DE,6122,USD,2026-08-10,PAY-107598,posted
INT-HISTORICAL-007599,2026-08-10T04:43:27,MRC_002,CUST-0379,PROC_B,wallet,US,37564,USD,2026-08-10,PAY-107599,posted
INT-HISTORICAL-007600,2026-08-10T04:44:35,MRC_002,CUST-0386,PROC_C,card,CA,4764,USD,2026-08-10,PAY-107600,posted
INT-HISTORICAL-007601,2026-08-10T04:47:33,MRC_001,CUST-0068,PROC_B,wire,CA,9520,USD,2026-08-10,PAY-107601,posted
INT-HISTORICAL-007602,2026-08-10T04:49:21,MRC_004,CUST-0087,PROC_A,wire,US,40719,USD,2026-08-10,PAY-107602,posted
INT-HISTORICAL-007603,2026-08-10T04:52:10,MRC_005,CUST-0363,PROC_B,wallet,US,3306,USD,2026-08-10,PAY-107603,posted
INT-HISTORICAL-007604,2026-08-10T04:52:47,MRC_004,CUST-0396,PROC_C,wallet,US,5342,USD,2026-08-10,PAY-107604,posted
INT-HISTORICAL-007605,2026-08-10T04:54:21,MRC_002,CUST-0133,PROC_B,ach,DE,28961,EUR,2026-08-10,PAY-107605,posted
INT-HISTORICAL-007606,2026-08-10T04:55:48,MRC_001,CUST-0144,PROC_A,ach,US,17554,USD,2026-08-10,PAY-107606,posted
INT-HISTORICAL-007607,2026-08-10T04:58:38,MRC_002,CUST-0387,PROC_C,card,US,6975,USD,2026-08-10,PAY-107607,posted
INT-HISTORICAL-007608,2026-08-10T04:58:59,MRC_005,CUST-0051,PROC_C,card,US,27378,USD,2026-08-10,PAY-107608,posted
INT-HISTORICAL-007609,2026-08-10T05:00:30,MRC_001,CUST-0310,PROC_A,ach,US,2584,EUR,2026-08-10,PAY-107609,posted
INT-HISTORICAL-007610,2026-08-10T05:01:56,MRC_001,CUST-0322,PROC_C,ach,CA,17683,USD,2026-08-10,PAY-107610,posted
INT-HISTORICAL-007611,2026-08-10T05:04:04,MRC_003,CUST-0100,PROC_B,wallet,CA,2567,USD,2026-08-10,PAY-107611,posted
INT-HISTORICAL-007612,2026-08-10T05:05:26,MRC_005,CUST-0270,PROC_A,wire,GB,15111,USD,2026-08-10,PAY-107612,posted
INT-HISTORICAL-007613,2026-08-10T05:06:02,MRC_003,CUST-0045,PROC_B,ach,GB,12072,USD,2026-08-10,PAY-107613,posted
INT-HISTORICAL-007614,2026-08-10T05:08:19,MRC_004,CUST-0254,PROC_B,card,US,41032,USD,2026-08-10,PAY-107614,posted
INT-HISTORICAL-007615,2026-08-10T05:09:48,MRC_002,CUST-0255,PROC_A,wallet,US,9375,USD,2026-08-10,PAY-107615,posted
INT-HISTORICAL-007616,2026-08-10T05:10:27,MRC_003,CUST-0342,PROC_A,ach,CA,7188,GBP,2026-08-10,PAY-107616,posted
INT-HISTORICAL-007617,2026-08-10T05:11:25,MRC_004,CUST-0052,PROC_A,ach,DE,36755,USD,2026-08-10,PAY-107617,posted
INT-HISTORICAL-007618,2026-08-10T05:12:58,MRC_002,CUST-0246,PROC_C,ach,CA,21132,USD,2026-08-10,PAY-107618,posted
INT-HISTORICAL-007619,2026-08-10T05:14:35,MRC_004,CUST-0259,PROC_C,ach,DE,12420,USD,2026-08-10,PAY-107619,posted
INT-HISTORICAL-007620,2026-08-10T05:16:52,MRC_001,CUST-0216,PROC_B,wallet,GB,10629,USD,2026-08-10,PAY-107620,posted
INT-HISTORICAL-007621,2026-08-10T05:18:10,MRC_004,CUST-0169,PROC_B,wire,GB,42601,USD,2026-08-10,PAY-107621,posted
INT-HISTORICAL-007622,2026-08-10T05:19:54,MRC_002,CUST-0043,PROC_A,wire,CA,18803,USD,2026-08-10,PAY-107622,posted
INT-HISTORICAL-007623,2026-08-10T05:20:42,MRC_002,CUST-0098,PROC_C,card,CA,55129,GBP,2026-08-10,PAY-107623,posted
INT-HISTORICAL-007624,2026-08-10T05:21:07,MRC_002,CUST-0179,PROC_A,wallet,US,25791,GBP,2026-08-10,PAY-107624,posted
INT-HISTORICAL-007625,2026-08-10T05:23:52,MRC_004,CUST-0349,PROC_B,card,US,19838,EUR,2026-08-10,PAY-107625,posted
INT-HISTORICAL-007626,2026-08-10T05:24:16,MRC_002,CUST-0047,PROC_B,ach,US,75522,USD,2026-08-10,PAY-107626,posted
INT-HISTORICAL-007627,2026-08-10T05:27:04,MRC_005,CUST-0188,PROC_A,wire,GB,19921,EUR,2026-08-10,PAY-107627,posted
INT-HISTORICAL-007628,2026-08-10T05:27:29,MRC_004,CUST-0007,PROC_B,card,CA,3017,USD,2026-08-10,PAY-107628,posted
INT-HISTORICAL-007629,2026-08-10T05:28:20,MRC_003,CUST-0231,PROC_A,wire,US,4340,GBP,2026-08-10,PAY-107629,posted
INT-HISTORICAL-007630,2026-08-10T05:30:58,MRC_005,CUST-0115,PROC_B,wire,GB,5420,EUR,2026-08-10,PAY-107630,posted
INT-HISTORICAL-007631,2026-08-10T05:31:22,MRC_001,CUST-0311,PROC_B,card,US,5394,USD,2026-08-10,PAY-107631,posted
INT-HISTORICAL-007632,2026-08-10T05:33:24,MRC_003,CUST-0268,PROC_B,ach,GB,2694,USD,2026-08-10,PAY-107632,posted
INT-HISTORICAL-007633,2026-08-10T05:34:28,MRC_004,CUST-0137,PROC_A,ach,GB,15196,USD,2026-08-10,PAY-107633,posted
INT-HISTORICAL-007634,2026-08-10T05:35:05,MRC_005,CUST-0257,PROC_B,card,US,6784,EUR,2026-08-10,PAY-107634,posted
INT-HISTORICAL-007635,2026-08-10T05:36:45,MRC_004,CUST-0178,PROC_C,wallet,US,23269,USD,2026-08-10,PAY-107635,posted
INT-HISTORICAL-007636,2026-08-10T05:38:25,MRC_005,CUST-0332,PROC_C,ach,US,92881,EUR,2026-08-10,PAY-107636,posted
INT-HISTORICAL-007637,2026-08-10T05:39:37,MRC_004,CUST-0271,PROC_B,wire,CA,63443,EUR,2026-08-10,PAY-107637,posted
INT-HISTORICAL-007638,2026-08-10T05:40:55,MRC_005,CUST-0031,PROC_A,wire,US,16546,USD,2026-08-10,PAY-107638,posted
INT-HISTORICAL-007639,2026-08-10T05:41:29,MRC_004,CUST-0222,PROC_A,wire,US,20617,USD,2026-08-10,PAY-107639,posted
INT-HISTORICAL-007640,2026-08-10T05:43:03,MRC_001,CUST-0243,PROC_B,wallet,US,29587,USD,2026-08-10,PAY-107640,posted
INT-HISTORICAL-007641,2026-08-10T05:44:01,MRC_004,CUST-0259,PROC_B,card,CA,30294,USD,2026-08-10,PAY-107641,posted
INT-HISTORICAL-007642,2026-08-10T05:45:07,MRC_002,CUST-0259,PROC_C,wire,US,2538,USD,2026-08-10,PAY-107642,posted
INT-HISTORICAL-007643,2026-08-10T05:48:02,MRC_005,CUST-0080,PROC_C,card,CA,8327,USD,2026-08-10,PAY-107643,posted
INT-HISTORICAL-007644,2026-08-10T05:49:49,MRC_002,CUST-0103,PROC_C,ach,CA,20083,EUR,2026-08-10,PAY-107644,posted
INT-HISTORICAL-007645,2026-08-10T05:51:45,MRC_003,CUST-0170,PROC_A,card,DE,4856,GBP,2026-08-10,PAY-107645,posted
INT-HISTORICAL-007646,2026-08-10T05:52:37,MRC_003,CUST-0149,PROC_B,ach,US,7726,USD,2026-08-10,PAY-107646,posted
INT-HISTORICAL-007647,2026-08-10T05:54:57,MRC_004,CUST-0387,PROC_B,wallet,DE,6498,USD,2026-08-10,PAY-107647,posted
INT-HISTORICAL-007648,2026-08-10T05:56:54,MRC_004,CUST-0229,PROC_C,card,US,13711,GBP,2026-08-10,PAY-107648,posted
INT-HISTORICAL-007649,2026-08-10T05:58:57,MRC_004,CUST-0255,PROC_A,wallet,US,79049,EUR,2026-08-10,PAY-107649,posted
INT-HISTORICAL-007650,2026-08-10T06:01:57,MRC_004,CUST-0202,PROC_B,wire,GB,831,EUR,2026-08-10,PAY-107650,posted
INT-HISTORICAL-007651,2026-08-10T06:04:29,MRC_001,CUST-0023,PROC_B,ach,US,774,EUR,2026-08-10,PAY-107651,posted
INT-HISTORICAL-007652,2026-08-10T06:06:58,MRC_003,CUST-0041,PROC_A,ach,US,11825,EUR,2026-08-10,PAY-107652,posted
INT-HISTORICAL-007653,2026-08-10T06:07:52,MRC_004,CUST-0307,PROC_C,card,US,57433,USD,2026-08-10,PAY-107653,posted
INT-HISTORICAL-007654,2026-08-10T06:08:42,MRC_003,CUST-0120,PROC_C,ach,CA,106090,EUR,2026-08-10,PAY-107654,posted
INT-HISTORICAL-007655,2026-08-10T06:09:45,MRC_004,CUST-0039,PROC_A,wallet,CA,24487,GBP,2026-08-10,PAY-107655,posted
INT-HISTORICAL-007656,2026-08-10T06:10:34,MRC_002,CUST-0224,PROC_B,ach,DE,8339,USD,2026-08-10,PAY-107656,posted
INT-HISTORICAL-007657,2026-08-10T06:11:56,MRC_004,CUST-0006,PROC_B,wire,US,1431,EUR,2026-08-10,PAY-107657,posted
INT-HISTORICAL-007658,2026-08-10T06:13:46,MRC_005,CUST-0089,PROC_C,wire,US,25068,GBP,2026-08-10,PAY-107658,posted
INT-HISTORICAL-007659,2026-08-10T06:15:47,MRC_002,CUST-0099,PROC_B,card,DE,2208,EUR,2026-08-10,PAY-107659,posted
INT-HISTORICAL-007660,2026-08-10T06:18:13,MRC_003,CUST-0374,PROC_C,wire,US,33745,USD,2026-08-10,PAY-107660,posted
INT-HISTORICAL-007661,2026-08-10T06:18:34,MRC_001,CUST-0198,PROC_A,ach,GB,13812,USD,2026-08-10,PAY-107661,posted
INT-HISTORICAL-007662,2026-08-10T06:20:59,MRC_003,CUST-0297,PROC_B,card,CA,15352,EUR,2026-08-10,PAY-107662,posted
INT-HISTORICAL-007663,2026-08-10T06:22:01,MRC_001,CUST-0101,PROC_C,card,US,9008,GBP,2026-08-10,PAY-107663,posted
INT-HISTORICAL-007664,2026-08-10T06:23:11,MRC_005,CUST-0361,PROC_B,ach,CA,19327,USD,2026-08-10,PAY-107664,posted
INT-HISTORICAL-007665,2026-08-10T06:25:09,MRC_003,CUST-0162,PROC_B,card,GB,13321,USD,2026-08-10,PAY-107665,posted
INT-HISTORICAL-007666,2026-08-10T06:25:41,MRC_001,CUST-0069,PROC_C,card,DE,5656,GBP,2026-08-10,PAY-107666,posted
INT-HISTORICAL-007667,2026-08-10T06:27:06,MRC_001,CUST-0131,PROC_A,card,DE,6502,EUR,2026-08-10,PAY-107667,posted
INT-HISTORICAL-007668,2026-08-10T06:27:50,MRC_004,CUST-0001,PROC_C,card,CA,13234,USD,2026-08-10,PAY-107668,posted
INT-HISTORICAL-007669,2026-08-10T06:30:28,MRC_002,CUST-0287,PROC_A,ach,CA,9173,USD,2026-08-10,PAY-107669,posted
INT-HISTORICAL-007670,2026-08-10T06:33:03,MRC_003,CUST-0359,PROC_C,wire,CA,4500,USD,2026-08-10,PAY-107670,posted
INT-HISTORICAL-007671,2026-08-10T06:34:10,MRC_004,CUST-0284,PROC_C,ach,CA,3349,EUR,2026-08-10,PAY-107671,posted
INT-HISTORICAL-007672,2026-08-10T06:34:41,MRC_004,CUST-0047,PROC_C,card,GB,14972,USD,2026-08-10,PAY-107672,posted
INT-HISTORICAL-007673,2026-08-10T06:35:01,MRC_004,CUST-0363,PROC_C,card,US,2855,GBP,2026-08-10,PAY-107673,posted
INT-HISTORICAL-007674,2026-08-10T06:35:29,MRC_002,CUST-0052,PROC_B,card,DE,10335,USD,2026-08-10,PAY-107674,posted
INT-HISTORICAL-007675,2026-08-10T06:37:30,MRC_003,CUST-0296,PROC_C,ach,GB,8607,EUR,2026-08-10,PAY-107675,posted
INT-HISTORICAL-007676,2026-08-10T06:39:52,MRC_004,CUST-0388,PROC_C,card,DE,2507,USD,2026-08-10,PAY-107676,posted
INT-HISTORICAL-007677,2026-08-10T06:41:46,MRC_003,CUST-0321,PROC_A,wallet,CA,8756,GBP,2026-08-10,PAY-107677,posted
INT-HISTORICAL-007678,2026-08-10T06:42:50,MRC_003,CUST-0214,PROC_A,wire,DE,22152,USD,2026-08-10,PAY-107678,posted
INT-HISTORICAL-007679,2026-08-10T06:44:44,MRC_001,CUST-0090,PROC_C,wire,CA,13387,USD,2026-08-10,PAY-107679,posted
INT-HISTORICAL-007680,2026-08-10T06:47:39,MRC_001,CUST-0327,PROC_A,wallet,US,72851,USD,2026-08-10,PAY-107680,posted
INT-HISTORICAL-007681,2026-08-10T06:48:09,MRC_005,CUST-0009,PROC_B,ach,US,13486,USD,2026-08-10,PAY-107681,posted
INT-HISTORICAL-007682,2026-08-10T06:50:55,MRC_004,CUST-0148,PROC_B,card,DE,5556,USD,2026-08-10,PAY-107682,posted
INT-HISTORICAL-007683,2026-08-10T06:52:03,MRC_003,CUST-0072,PROC_B,wallet,US,8305,USD,2026-08-10,PAY-107683,posted
INT-HISTORICAL-007684,2026-08-10T06:54:07,MRC_001,CUST-0090,PROC_C,card,US,10571,USD,2026-08-10,PAY-107684,posted
INT-HISTORICAL-007685,2026-08-10T06:55:48,MRC_001,CUST-0005,PROC_A,wallet,GB,6761,EUR,2026-08-10,PAY-107685,posted
INT-HISTORICAL-007686,2026-08-10T06:58:32,MRC_003,CUST-0137,PROC_A,ach,US,16046,USD,2026-08-10,PAY-107686,posted
INT-HISTORICAL-007687,2026-08-10T07:00:02,MRC_002,CUST-0352,PROC_A,ach,GB,28125,USD,2026-08-10,PAY-107687,posted
INT-HISTORICAL-007688,2026-08-10T07:01:13,MRC_004,CUST-0400,PROC_C,card,US,18714,USD,2026-08-10,PAY-107688,posted
INT-HISTORICAL-007689,2026-08-10T07:03:52,MRC_004,CUST-0224,PROC_C,wire,US,7958,GBP,2026-08-10,PAY-107689,posted
INT-HISTORICAL-007690,2026-08-10T07:06:43,MRC_004,CUST-0065,PROC_A,ach,CA,23810,EUR,2026-08-10,PAY-107690,posted
INT-HISTORICAL-007691,2026-08-10T07:09:15,MRC_003,CUST-0278,PROC_C,wallet,US,6540,USD,2026-08-10,PAY-107691,posted
INT-HISTORICAL-007692,2026-08-10T07:11:59,MRC_001,CUST-0083,PROC_A,wire,DE,13866,USD,2026-08-10,PAY-107692,posted
INT-HISTORICAL-007693,2026-08-10T07:14:46,MRC_002,CUST-0073,PROC_C,ach,GB,9360,USD,2026-08-10,PAY-107693,posted
INT-HISTORICAL-007694,2026-08-10T07:17:11,MRC_003,CUST-0337,PROC_C,wallet,US,10178,USD,2026-08-10,PAY-107694,posted
INT-HISTORICAL-007695,2026-08-10T07:19:24,MRC_005,CUST-0271,PROC_C,ach,GB,15227,USD,2026-08-10,PAY-107695,posted
INT-HISTORICAL-007696,2026-08-10T07:20:17,MRC_002,CUST-0267,PROC_A,wallet,US,3662,USD,2026-08-10,PAY-107696,posted
INT-HISTORICAL-007697,2026-08-10T07:22:35,MRC_005,CUST-0115,PROC_A,ach,DE,10326,USD,2026-08-10,PAY-107697,posted
INT-HISTORICAL-007698,2026-08-10T07:23:40,MRC_002,CUST-0084,PROC_A,wallet,US,11565,USD,2026-08-10,PAY-107698,posted
INT-HISTORICAL-007699,2026-08-10T07:24:28,MRC_002,CUST-0349,PROC_C,ach,US,6031,EUR,2026-08-10,PAY-107699,posted
INT-HISTORICAL-007700,2026-08-10T07:26:50,MRC_004,CUST-0310,PROC_C,card,US,33538,EUR,2026-08-10,PAY-107700,posted
INT-HISTORICAL-007701,2026-08-10T07:28:34,MRC_005,CUST-0093,PROC_C,ach,DE,3662,GBP,2026-08-10,PAY-107701,posted
INT-HISTORICAL-007702,2026-08-10T07:31:09,MRC_002,CUST-0316,PROC_B,wire,DE,18987,USD,2026-08-10,PAY-107702,posted
INT-HISTORICAL-007703,2026-08-10T07:32:52,MRC_005,CUST-0146,PROC_C,wallet,GB,5926,GBP,2026-08-10,PAY-107703,posted
INT-HISTORICAL-007704,2026-08-10T07:34:15,MRC_003,CUST-0253,PROC_C,card,DE,13164,USD,2026-08-10,PAY-107704,posted
INT-HISTORICAL-007705,2026-08-10T07:34:59,MRC_004,CUST-0222,PROC_C,wire,US,35643,USD,2026-08-10,PAY-107705,posted
INT-HISTORICAL-007706,2026-08-10T07:37:48,MRC_002,CUST-0046,PROC_B,ach,DE,9212,USD,2026-08-10,PAY-107706,posted
INT-HISTORICAL-007707,2026-08-10T07:39:12,MRC_004,CUST-0011,PROC_C,card,US,22103,USD,2026-08-10,PAY-107707,posted
INT-HISTORICAL-007708,2026-08-10T07:41:47,MRC_005,CUST-0232,PROC_A,wire,US,14926,USD,2026-08-10,PAY-107708,posted
INT-HISTORICAL-007709,2026-08-10T07:42:32,MRC_002,CUST-0180,PROC_B,ach,US,4760,USD,2026-08-10,PAY-107709,posted
INT-HISTORICAL-007710,2026-08-10T07:43:45,MRC_003,CUST-0326,PROC_C,ach,DE,10758,GBP,2026-08-10,PAY-107710,posted
INT-HISTORICAL-007711,2026-08-10T07:45:54,MRC_004,CUST-0075,PROC_B,ach,US,10075,USD,2026-08-10,PAY-107711,posted
INT-HISTORICAL-007712,2026-08-10T07:48:07,MRC_004,CUST-0055,PROC_A,ach,GB,10066,USD,2026-08-10,PAY-107712,posted
INT-HISTORICAL-007713,2026-08-10T07:49:45,MRC_002,CUST-0112,PROC_B,wire,GB,42412,USD,2026-08-10,PAY-107713,posted
INT-HISTORICAL-007714,2026-08-10T07:51:27,MRC_002,CUST-0237,PROC_A,wallet,CA,19955,USD,2026-08-10,PAY-107714,posted
INT-HISTORICAL-007715,2026-08-10T07:53:34,MRC_003,CUST-0094,PROC_A,wire,CA,60390,USD,2026-08-10,PAY-107715,posted
INT-HISTORICAL-007716,2026-08-10T07:55:01,MRC_002,CUST-0084,PROC_C,ach,US,2191,USD,2026-08-10,PAY-107716,posted
INT-HISTORICAL-007717,2026-08-10T07:57:10,MRC_005,CUST-0292,PROC_C,wallet,DE,32460,USD,2026-08-10,PAY-107717,posted
INT-HISTORICAL-007718,2026-08-10T07:58:42,MRC_005,CUST-0162,PROC_A,wire,CA,53699,USD,2026-08-10,PAY-107718,posted
INT-HISTORICAL-007719,2026-08-10T07:59:07,MRC_004,CUST-0099,PROC_C,card,CA,14059,EUR,2026-08-10,PAY-107719,posted
INT-HISTORICAL-007720,2026-08-10T07:59:54,MRC_003,CUST-0372,PROC_A,wire,US,21364,GBP,2026-08-10,PAY-107720,posted
INT-HISTORICAL-007721,2026-08-10T08:01:27,MRC_004,CUST-0032,PROC_B,ach,GB,18460,USD,2026-08-10,PAY-107721,posted
INT-HISTORICAL-007722,2026-08-10T08:02:53,MRC_004,CUST-0197,PROC_A,wallet,US,7491,EUR,2026-08-10,PAY-107722,posted
INT-HISTORICAL-007723,2026-08-10T08:03:37,MRC_002,CUST-0281,PROC_C,wire,US,22189,USD,2026-08-10,PAY-107723,posted
INT-HISTORICAL-007724,2026-08-10T08:06:19,MRC_005,CUST-0136,PROC_A,wallet,GB,15444,USD,2026-08-10,PAY-107724,posted
INT-HISTORICAL-007725,2026-08-10T08:07:57,MRC_002,CUST-0060,PROC_C,ach,US,3742,USD,2026-08-10,PAY-107725,posted
INT-HISTORICAL-007726,2026-08-10T08:10:51,MRC_005,CUST-0129,PROC_A,wire,DE,13066,GBP,2026-08-10,PAY-107726,posted
INT-HISTORICAL-007727,2026-08-10T08:13:50,MRC_002,CUST-0190,PROC_A,card,DE,4936,USD,2026-08-10,PAY-107727,posted
INT-HISTORICAL-007728,2026-08-10T08:16:33,MRC_002,CUST-0081,PROC_C,wallet,US,12249,USD,2026-08-10,PAY-107728,posted
INT-HISTORICAL-007729,2026-08-10T08:18:48,MRC_003,CUST-0232,PROC_A,wallet,GB,14823,GBP,2026-08-10,PAY-107729,posted
INT-HISTORICAL-007730,2026-08-10T08:19:23,MRC_004,CUST-0048,PROC_A,wallet,US,10546,USD,2026-08-10,PAY-107730,posted
INT-HISTORICAL-007731,2026-08-10T08:20:17,MRC_003,CUST-0096,PROC_A,card,US,7726,USD,2026-08-10,PAY-107731,posted
INT-HISTORICAL-007732,2026-08-10T08:22:39,MRC_004,CUST-0157,PROC_B,ach,CA,44144,USD,2026-08-10,PAY-107732,posted
INT-HISTORICAL-007733,2026-08-10T08:23:15,MRC_003,CUST-0352,PROC_A,card,US,5124,USD,2026-08-10,PAY-107733,posted
INT-HISTORICAL-007734,2026-08-10T08:24:29,MRC_002,CUST-0158,PROC_C,wire,DE,7444,EUR,2026-08-10,PAY-107734,posted
INT-HISTORICAL-007735,2026-08-10T08:25:04,MRC_002,CUST-0345,PROC_B,card,US,17181,EUR,2026-08-10,PAY-107735,posted
INT-HISTORICAL-007736,2026-08-10T08:26:09,MRC_002,CUST-0297,PROC_C,wallet,CA,7638,USD,2026-08-10,PAY-107736,posted
INT-HISTORICAL-007737,2026-08-10T08:27:31,MRC_004,CUST-0274,PROC_B,ach,US,2536,EUR,2026-08-10,PAY-107737,posted
INT-HISTORICAL-007738,2026-08-10T08:28:54,MRC_004,CUST-0053,PROC_C,wallet,GB,5701,EUR,2026-08-10,PAY-107738,posted
INT-HISTORICAL-007739,2026-08-10T08:30:16,MRC_003,CUST-0122,PROC_A,wire,CA,7759,USD,2026-08-10,PAY-107739,posted
INT-HISTORICAL-007740,2026-08-10T08:32:40,MRC_005,CUST-0013,PROC_B,wire,GB,21718,USD,2026-08-10,PAY-107740,posted
INT-HISTORICAL-007741,2026-08-10T08:34:38,MRC_003,CUST-0080,PROC_B,wallet,US,18408,EUR,2026-08-10,PAY-107741,posted
INT-HISTORICAL-007742,2026-08-10T08:36:08,MRC_003,CUST-0272,PROC_A,card,CA,17610,USD,2026-08-10,PAY-107742,posted
INT-HISTORICAL-007743,2026-08-10T08:38:17,MRC_001,CUST-0123,PROC_C,card,US,5298,EUR,2026-08-10,PAY-107743,posted
INT-HISTORICAL-007744,2026-08-10T08:40:24,MRC_005,CUST-0349,PROC_B,wire,GB,6406,USD,2026-08-10,PAY-107744,posted
INT-HISTORICAL-007745,2026-08-10T08:41:49,MRC_005,CUST-0389,PROC_A,wire,US,17559,USD,2026-08-10,PAY-107745,posted
INT-HISTORICAL-007746,2026-08-10T08:42:09,MRC_003,CUST-0250,PROC_C,wire,GB,6824,USD,2026-08-10,PAY-107746,posted
INT-HISTORICAL-007747,2026-08-10T08:45:07,MRC_002,CUST-0097,PROC_B,card,DE,51920,EUR,2026-08-10,PAY-107747,posted
INT-HISTORICAL-007748,2026-08-10T08:47:04,MRC_003,CUST-0321,PROC_B,ach,US,55487,USD,2026-08-10,PAY-107748,posted
INT-HISTORICAL-007749,2026-08-10T08:48:26,MRC_005,CUST-0246,PROC_B,card,CA,188114,USD,2026-08-10,PAY-107749,posted
INT-HISTORICAL-007750,2026-08-10T08:51:11,MRC_001,CUST-0066,PROC_B,ach,US,10513,EUR,2026-08-10,PAY-107750,posted
INT-HISTORICAL-007751,2026-08-10T08:52:56,MRC_005,CUST-0090,PROC_C,wire,CA,3163,GBP,2026-08-10,PAY-107751,posted
INT-HISTORICAL-007752,2026-08-10T08:55:05,MRC_001,CUST-0067,PROC_B,card,DE,4409,USD,2026-08-10,PAY-107752,posted
INT-HISTORICAL-007753,2026-08-10T08:56:05,MRC_002,CUST-0156,PROC_B,ach,CA,4006,USD,2026-08-10,PAY-107753,posted
INT-HISTORICAL-007754,2026-08-10T08:56:32,MRC_005,CUST-0340,PROC_C,ach,GB,31539,USD,2026-08-10,PAY-107754,posted
INT-HISTORICAL-007755,2026-08-10T08:56:58,MRC_004,CUST-0195,PROC_C,wire,US,33449,EUR,2026-08-10,PAY-107755,posted
INT-HISTORICAL-007756,2026-08-10T08:59:38,MRC_005,CUST-0190,PROC_A,wire,GB,8286,EUR,2026-08-10,PAY-107756,posted
INT-HISTORICAL-007757,2026-08-10T09:01:14,MRC_001,CUST-0134,PROC_C,ach,US,12524,USD,2026-08-10,PAY-107757,posted
INT-HISTORICAL-007758,2026-08-10T09:03:44,MRC_002,CUST-0271,PROC_B,wire,US,30787,USD,2026-08-10,PAY-107758,posted
INT-HISTORICAL-007759,2026-08-10T09:04:58,MRC_003,CUST-0293,PROC_A,ach,US,15303,USD,2026-08-10,PAY-107759,posted
INT-HISTORICAL-007760,2026-08-10T09:06:27,MRC_005,CUST-0249,PROC_C,wire,US,15898,USD,2026-08-10,PAY-107760,posted
INT-HISTORICAL-007761,2026-08-10T09:07:53,MRC_002,CUST-0061,PROC_C,card,DE,56569,USD,2026-08-10,PAY-107761,posted
INT-HISTORICAL-007762,2026-08-10T09:09:17,MRC_002,CUST-0392,PROC_A,card,US,17341,EUR,2026-08-10,PAY-107762,posted
INT-HISTORICAL-007763,2026-08-10T09:11:01,MRC_004,CUST-0227,PROC_C,wallet,US,10672,EUR,2026-08-10,PAY-107763,posted
INT-HISTORICAL-007764,2026-08-10T09:13:11,MRC_003,CUST-0315,PROC_C,card,CA,9389,USD,2026-08-10,PAY-107764,posted
INT-HISTORICAL-007765,2026-08-10T09:15:19,MRC_004,CUST-0247,PROC_B,wallet,US,31741,EUR,2026-08-10,PAY-107765,posted
INT-HISTORICAL-007766,2026-08-10T09:17:28,MRC_005,CUST-0108,PROC_C,wallet,CA,2259,EUR,2026-08-10,PAY-107766,posted
INT-HISTORICAL-007767,2026-08-10T09:20:26,MRC_002,CUST-0112,PROC_B,wallet,GB,12550,USD,2026-08-10,PAY-107767,posted
INT-HISTORICAL-007768,2026-08-10T09:23:06,MRC_002,CUST-0364,PROC_B,card,DE,8228,USD,2026-08-10,PAY-107768,posted
INT-HISTORICAL-007769,2026-08-10T09:25:12,MRC_003,CUST-0058,PROC_C,card,CA,2345,GBP,2026-08-10,PAY-107769,posted
INT-HISTORICAL-007770,2026-08-10T09:27:38,MRC_003,CUST-0350,PROC_B,card,US,35506,USD,2026-08-10,PAY-107770,posted
INT-HISTORICAL-007771,2026-08-10T09:30:04,MRC_005,CUST-0096,PROC_C,card,US,2030,USD,2026-08-10,PAY-107771,posted
INT-HISTORICAL-007772,2026-08-10T09:31:21,MRC_002,CUST-0175,PROC_B,wallet,US,8505,USD,2026-08-10,PAY-107772,posted
INT-HISTORICAL-007773,2026-08-10T09:33:03,MRC_004,CUST-0063,PROC_A,wire,US,1283,USD,2026-08-10,PAY-107773,posted
INT-HISTORICAL-007774,2026-08-10T09:35:11,MRC_004,CUST-0103,PROC_B,ach,CA,23645,GBP,2026-08-10,PAY-107774,posted
INT-HISTORICAL-007775,2026-08-10T09:36:03,MRC_002,CUST-0362,PROC_A,ach,US,3009,USD,2026-08-10,PAY-107775,posted
INT-HISTORICAL-007776,2026-08-10T09:39:03,MRC_003,CUST-0101,PROC_C,ach,US,6477,USD,2026-08-10,PAY-107776,posted
INT-HISTORICAL-007777,2026-08-10T09:40:01,MRC_004,CUST-0227,PROC_A,card,GB,8107,USD,2026-08-10,PAY-107777,posted
INT-HISTORICAL-007778,2026-08-10T09:42:36,MRC_005,CUST-0144,PROC_C,wire,GB,10185,USD,2026-08-10,PAY-107778,posted
INT-HISTORICAL-007779,2026-08-10T09:43:41,MRC_005,CUST-0015,PROC_B,ach,CA,14021,EUR,2026-08-10,PAY-107779,posted
INT-HISTORICAL-007780,2026-08-10T09:44:42,MRC_001,CUST-0309,PROC_C,card,US,8856,USD,2026-08-10,PAY-107780,posted
INT-HISTORICAL-007781,2026-08-10T09:46:22,MRC_002,CUST-0002,PROC_A,ach,CA,1233,USD,2026-08-10,PAY-107781,posted
INT-HISTORICAL-007782,2026-08-10T09:47:49,MRC_005,CUST-0105,PROC_B,ach,US,43900,USD,2026-08-10,PAY-107782,posted
INT-HISTORICAL-007783,2026-08-10T09:50:01,MRC_005,CUST-0354,PROC_A,ach,DE,4391,USD,2026-08-10,PAY-107783,posted
INT-HISTORICAL-007784,2026-08-10T09:51:54,MRC_002,CUST-0215,PROC_B,wire,US,8725,GBP,2026-08-10,PAY-107784,posted
INT-HISTORICAL-007785,2026-08-10T09:53:12,MRC_003,CUST-0208,PROC_A,wire,DE,43285,USD,2026-08-10,PAY-107785,posted
INT-HISTORICAL-007786,2026-08-10T09:56:11,MRC_001,CUST-0248,PROC_A,card,CA,4281,EUR,2026-08-10,PAY-107786,posted
INT-HISTORICAL-007787,2026-08-10T09:58:20,MRC_005,CUST-0112,PROC_B,card,CA,1368,GBP,2026-08-10,PAY-107787,posted
INT-HISTORICAL-007788,2026-08-10T09:58:40,MRC_004,CUST-0318,PROC_C,ach,US,64981,USD,2026-08-10,PAY-107788,posted
INT-HISTORICAL-007789,2026-08-10T10:01:25,MRC_004,CUST-0363,PROC_A,wallet,US,3894,USD,2026-08-10,PAY-107789,posted
INT-HISTORICAL-007790,2026-08-10T10:04:06,MRC_005,CUST-0302,PROC_A,wire,GB,18724,USD,2026-08-10,PAY-107790,posted
INT-HISTORICAL-007791,2026-08-10T10:05:59,MRC_004,CUST-0101,PROC_C,wire,US,18343,USD,2026-08-10,PAY-107791,posted
INT-HISTORICAL-007792,2026-08-10T10:07:54,MRC_003,CUST-0103,PROC_B,ach,GB,25072,GBP,2026-08-10,PAY-107792,posted
INT-HISTORICAL-007793,2026-08-10T10:09:24,MRC_004,CUST-0311,PROC_A,wallet,US,3996,USD,2026-08-10,PAY-107793,posted
INT-HISTORICAL-007794,2026-08-10T10:12:23,MRC_001,CUST-0006,PROC_C,wallet,US,65122,USD,2026-08-10,PAY-107794,posted
INT-HISTORICAL-007795,2026-08-10T10:14:22,MRC_001,CUST-0078,PROC_B,ach,DE,34432,USD,2026-08-10,PAY-107795,posted
INT-HISTORICAL-007796,2026-08-10T10:16:04,MRC_004,CUST-0374,PROC_A,card,US,5027,USD,2026-08-10,PAY-107796,posted
INT-HISTORICAL-007797,2026-08-10T10:17:53,MRC_001,CUST-0023,PROC_C,card,DE,16398,USD,2026-08-10,PAY-107797,posted
INT-HISTORICAL-007798,2026-08-10T10:20:26,MRC_002,CUST-0058,PROC_A,card,US,7526,USD,2026-08-10,PAY-107798,posted
INT-HISTORICAL-007799,2026-08-10T10:22:09,MRC_004,CUST-0379,PROC_B,wire,CA,11621,GBP,2026-08-10,PAY-107799,posted
INT-HISTORICAL-007800,2026-08-10T10:23:53,MRC_005,CUST-0110,PROC_C,card,US,22498,GBP,2026-08-10,PAY-107800,posted
INT-HISTORICAL-007801,2026-08-10T10:25:02,MRC_005,CUST-0247,PROC_A,wire,US,2747,USD,2026-08-10,PAY-107801,posted
INT-HISTORICAL-007802,2026-08-10T10:27:10,MRC_002,CUST-0051,PROC_C,wallet,CA,23800,EUR,2026-08-10,PAY-107802,posted
INT-HISTORICAL-007803,2026-08-10T10:29:24,MRC_002,CUST-0272,PROC_C,wire,US,2269,USD,2026-08-10,PAY-107803,posted
INT-HISTORICAL-007804,2026-08-10T10:30:37,MRC_005,CUST-0039,PROC_C,ach,US,7135,USD,2026-08-10,PAY-107804,posted
INT-HISTORICAL-007805,2026-08-10T10:32:21,MRC_004,CUST-0158,PROC_C,wire,GB,15521,USD,2026-08-10,PAY-107805,posted
INT-HISTORICAL-007806,2026-08-10T10:33:25,MRC_001,CUST-0317,PROC_B,wallet,US,8178,USD,2026-08-10,PAY-107806,posted
INT-HISTORICAL-007807,2026-08-10T10:36:00,MRC_004,CUST-0004,PROC_A,ach,DE,13651,USD,2026-08-10,PAY-107807,posted
INT-HISTORICAL-007808,2026-08-10T10:38:51,MRC_002,CUST-0213,PROC_A,card,US,31953,USD,2026-08-10,PAY-107808,posted
INT-HISTORICAL-007809,2026-08-10T10:40:21,MRC_001,CUST-0249,PROC_C,card,US,4404,USD,2026-08-10,PAY-107809,posted
INT-HISTORICAL-007810,2026-08-10T10:40:47,MRC_003,CUST-0010,PROC_C,card,GB,54499,USD,2026-08-10,PAY-107810,posted
INT-HISTORICAL-007811,2026-08-10T10:43:34,MRC_003,CUST-0285,PROC_B,card,US,6637,GBP,2026-08-10,PAY-107811,posted
INT-HISTORICAL-007812,2026-08-10T10:46:05,MRC_002,CUST-0397,PROC_B,wallet,US,31261,USD,2026-08-10,PAY-107812,posted
INT-HISTORICAL-007813,2026-08-10T10:48:19,MRC_005,CUST-0156,PROC_C,wallet,CA,5982,USD,2026-08-10,PAY-107813,posted
INT-HISTORICAL-007814,2026-08-10T10:49:20,MRC_003,CUST-0268,PROC_A,card,US,4265,USD,2026-08-10,PAY-107814,posted
INT-HISTORICAL-007815,2026-08-10T10:50:19,MRC_001,CUST-0113,PROC_B,wire,CA,5288,USD,2026-08-10,PAY-107815,posted
INT-HISTORICAL-007816,2026-08-10T10:52:26,MRC_002,CUST-0288,PROC_A,wallet,US,4300,USD,2026-08-10,PAY-107816,posted
INT-HISTORICAL-007817,2026-08-10T10:54:35,MRC_003,CUST-0318,PROC_B,wire,GB,25198,USD,2026-08-10,PAY-107817,posted
INT-HISTORICAL-007818,2026-08-10T10:55:16,MRC_002,CUST-0125,PROC_A,card,US,4980,EUR,2026-08-10,PAY-107818,posted
INT-HISTORICAL-007819,2026-08-10T10:56:01,MRC_004,CUST-0316,PROC_B,wallet,US,23632,GBP,2026-08-10,PAY-107819,posted
INT-HISTORICAL-007820,2026-08-10T10:58:11,MRC_002,CUST-0326,PROC_C,ach,US,6450,USD,2026-08-10,PAY-107820,posted
INT-HISTORICAL-007821,2026-08-10T10:59:22,MRC_005,CUST-0231,PROC_A,ach,US,5206,USD,2026-08-10,PAY-107821,posted
INT-HISTORICAL-007822,2026-08-10T11:01:17,MRC_001,CUST-0314,PROC_B,card,US,6711,GBP,2026-08-10,PAY-107822,posted
INT-HISTORICAL-007823,2026-08-10T11:01:48,MRC_004,CUST-0036,PROC_B,card,CA,8804,USD,2026-08-10,PAY-107823,posted
INT-HISTORICAL-007824,2026-08-10T11:04:30,MRC_005,CUST-0281,PROC_B,wire,US,22063,GBP,2026-08-10,PAY-107824,posted
INT-HISTORICAL-007825,2026-08-10T11:05:44,MRC_001,CUST-0004,PROC_C,wire,GB,16818,USD,2026-08-10,PAY-107825,posted
INT-HISTORICAL-007826,2026-08-10T11:06:33,MRC_005,CUST-0322,PROC_A,card,CA,25488,GBP,2026-08-10,PAY-107826,posted
INT-HISTORICAL-007827,2026-08-10T11:08:24,MRC_001,CUST-0384,PROC_B,wallet,CA,22527,GBP,2026-08-10,PAY-107827,posted
INT-HISTORICAL-007828,2026-08-10T11:11:19,MRC_005,CUST-0085,PROC_C,card,CA,7320,USD,2026-08-10,PAY-107828,posted
INT-HISTORICAL-007829,2026-08-10T11:13:01,MRC_001,CUST-0274,PROC_A,wire,DE,16235,USD,2026-08-10,PAY-107829,posted
INT-HISTORICAL-007830,2026-08-10T11:15:27,MRC_004,CUST-0172,PROC_A,card,CA,9281,USD,2026-08-10,PAY-107830,posted
INT-HISTORICAL-007831,2026-08-10T11:18:12,MRC_004,CUST-0232,PROC_C,ach,US,6317,EUR,2026-08-10,PAY-107831,posted
INT-HISTORICAL-007832,2026-08-10T11:18:34,MRC_002,CUST-0304,PROC_B,wire,US,3903,EUR,2026-08-10,PAY-107832,posted
INT-HISTORICAL-007833,2026-08-10T11:19:31,MRC_001,CUST-0010,PROC_C,card,US,3592,USD,2026-08-10,PAY-107833,posted
INT-HISTORICAL-007834,2026-08-10T11:20:42,MRC_003,CUST-0013,PROC_A,wallet,GB,37613,USD,2026-08-10,PAY-107834,posted
INT-HISTORICAL-007835,2026-08-10T11:21:25,MRC_001,CUST-0111,PROC_A,wallet,US,18943,EUR,2026-08-10,PAY-107835,posted
INT-HISTORICAL-007836,2026-08-10T11:21:52,MRC_002,CUST-0183,PROC_C,ach,US,2834,USD,2026-08-10,PAY-107836,posted
INT-HISTORICAL-007837,2026-08-10T11:23:00,MRC_004,CUST-0063,PROC_B,wire,DE,4767,EUR,2026-08-10,PAY-107837,posted
INT-HISTORICAL-007838,2026-08-10T11:25:08,MRC_002,CUST-0082,PROC_C,wire,US,45480,USD,2026-08-10,PAY-107838,posted
INT-HISTORICAL-007839,2026-08-10T11:26:24,MRC_003,CUST-0012,PROC_C,wire,US,10793,GBP,2026-08-10,PAY-107839,posted
INT-HISTORICAL-007840,2026-08-10T11:27:51,MRC_003,CUST-0269,PROC_B,card,US,11703,GBP,2026-08-10,PAY-107840,posted
INT-HISTORICAL-007841,2026-08-10T11:28:48,MRC_001,CUST-0038,PROC_C,ach,US,11059,USD,2026-08-10,PAY-107841,posted
INT-HISTORICAL-007842,2026-08-10T11:30:22,MRC_005,CUST-0018,PROC_A,card,US,43883,USD,2026-08-10,PAY-107842,posted
INT-HISTORICAL-007843,2026-08-10T11:31:02,MRC_001,CUST-0306,PROC_B,wire,US,4861,USD,2026-08-10,PAY-107843,posted
INT-HISTORICAL-007844,2026-08-10T11:31:39,MRC_002,CUST-0288,PROC_A,wallet,US,1822,USD,2026-08-10,PAY-107844,posted
INT-HISTORICAL-007845,2026-08-10T11:34:20,MRC_002,CUST-0158,PROC_C,wire,CA,15578,USD,2026-08-10,PAY-107845,posted
INT-HISTORICAL-007846,2026-08-10T11:36:06,MRC_005,CUST-0209,PROC_A,wire,US,10707,EUR,2026-08-10,PAY-107846,posted
INT-HISTORICAL-007847,2026-08-10T11:36:32,MRC_004,CUST-0284,PROC_C,card,US,81434,USD,2026-08-10,PAY-107847,posted
INT-HISTORICAL-007848,2026-08-10T11:37:55,MRC_002,CUST-0029,PROC_A,wire,DE,10644,USD,2026-08-10,PAY-107848,posted
INT-HISTORICAL-007849,2026-08-10T11:40:41,MRC_001,CUST-0190,PROC_A,wire,DE,7089,USD,2026-08-10,PAY-107849,posted
INT-HISTORICAL-007850,2026-08-10T11:41:24,MRC_005,CUST-0170,PROC_C,wire,US,8759,USD,2026-08-10,PAY-107850,posted
INT-HISTORICAL-007851,2026-08-10T11:43:14,MRC_004,CUST-0093,PROC_C,wire,GB,17349,EUR,2026-08-10,PAY-107851,posted
INT-HISTORICAL-007852,2026-08-10T11:45:10,MRC_001,CUST-0243,PROC_A,ach,US,40465,USD,2026-08-10,PAY-107852,posted
INT-HISTORICAL-007853,2026-08-10T11:45:50,MRC_002,CUST-0390,PROC_C,ach,GB,12732,EUR,2026-08-10,PAY-107853,posted
INT-HISTORICAL-007854,2026-08-10T11:47:07,MRC_005,CUST-0107,PROC_B,card,US,5121,USD,2026-08-10,PAY-107854,posted
INT-HISTORICAL-007855,2026-08-10T11:47:47,MRC_005,CUST-0179,PROC_C,ach,US,12737,USD,2026-08-10,PAY-107855,posted
INT-HISTORICAL-007856,2026-08-10T11:49:55,MRC_003,CUST-0153,PROC_C,wire,US,1937,USD,2026-08-10,PAY-107856,posted
INT-HISTORICAL-007857,2026-08-10T11:51:03,MRC_002,CUST-0214,PROC_C,ach,CA,18947,GBP,2026-08-10,PAY-107857,posted
INT-HISTORICAL-007858,2026-08-10T11:52:04,MRC_003,CUST-0185,PROC_B,ach,US,21555,USD,2026-08-10,PAY-107858,posted
INT-HISTORICAL-007859,2026-08-10T11:52:53,MRC_002,CUST-0179,PROC_A,card,GB,8002,USD,2026-08-10,PAY-107859,posted
INT-HISTORICAL-007860,2026-08-10T11:54:04,MRC_001,CUST-0296,PROC_C,wallet,US,23684,USD,2026-08-10,PAY-107860,posted
INT-HISTORICAL-007861,2026-08-10T11:55:14,MRC_002,CUST-0084,PROC_C,wallet,US,11079,GBP,2026-08-10,PAY-107861,posted
INT-HISTORICAL-007862,2026-08-10T11:55:53,MRC_002,CUST-0300,PROC_A,card,CA,21291,USD,2026-08-10,PAY-107862,posted
INT-HISTORICAL-007863,2026-08-10T11:56:37,MRC_003,CUST-0135,PROC_A,card,DE,49957,USD,2026-08-10,PAY-107863,posted
INT-HISTORICAL-007864,2026-08-10T11:58:49,MRC_002,CUST-0052,PROC_B,card,US,7373,GBP,2026-08-10,PAY-107864,posted
INT-HISTORICAL-007865,2026-08-10T12:00:53,MRC_005,CUST-0276,PROC_C,wallet,US,14613,USD,2026-08-10,PAY-107865,posted
INT-HISTORICAL-007866,2026-08-10T12:03:48,MRC_004,CUST-0130,PROC_A,ach,US,24465,GBP,2026-08-10,PAY-107866,posted
INT-HISTORICAL-007867,2026-08-10T12:06:34,MRC_001,CUST-0304,PROC_A,card,US,16910,EUR,2026-08-10,PAY-107867,posted
INT-HISTORICAL-007868,2026-08-10T12:08:26,MRC_004,CUST-0151,PROC_C,ach,DE,6541,USD,2026-08-10,PAY-107868,posted
INT-HISTORICAL-007869,2026-08-10T12:09:22,MRC_003,CUST-0325,PROC_C,wire,CA,2182,EUR,2026-08-10,PAY-107869,posted
INT-HISTORICAL-007870,2026-08-10T12:10:41,MRC_001,CUST-0100,PROC_A,wire,US,19341,EUR,2026-08-10,PAY-107870,posted
INT-HISTORICAL-007871,2026-08-10T12:12:53,MRC_003,CUST-0397,PROC_B,wallet,US,16751,USD,2026-08-10,PAY-107871,posted
INT-HISTORICAL-007872,2026-08-10T12:13:43,MRC_004,CUST-0274,PROC_A,ach,DE,6939,USD,2026-08-10,PAY-107872,posted
INT-HISTORICAL-007873,2026-08-10T12:16:06,MRC_003,CUST-0153,PROC_B,wire,GB,10850,USD,2026-08-10,PAY-107873,posted
INT-HISTORICAL-007874,2026-08-10T12:17:02,MRC_002,CUST-0034,PROC_A,card,CA,6720,USD,2026-08-10,PAY-107874,posted
INT-HISTORICAL-007875,2026-08-10T12:19:18,MRC_002,CUST-0102,PROC_B,card,US,23751,USD,2026-08-10,PAY-107875,posted
INT-HISTORICAL-007876,2026-08-10T12:19:38,MRC_002,CUST-0336,PROC_A,wallet,US,11631,USD,2026-08-10,PAY-107876,posted
INT-HISTORICAL-007877,2026-08-10T12:21:52,MRC_003,CUST-0380,PROC_A,card,GB,3237,USD,2026-08-10,PAY-107877,posted
INT-HISTORICAL-007878,2026-08-10T12:22:54,MRC_003,CUST-0051,PROC_C,wallet,GB,14779,GBP,2026-08-10,PAY-107878,posted
INT-HISTORICAL-007879,2026-08-10T12:25:24,MRC_005,CUST-0092,PROC_A,card,US,11492,USD,2026-08-10,PAY-107879,posted
INT-HISTORICAL-007880,2026-08-10T12:27:19,MRC_004,CUST-0140,PROC_A,wallet,CA,8548,EUR,2026-08-10,PAY-107880,posted
INT-HISTORICAL-007881,2026-08-10T12:29:42,MRC_003,CUST-0332,PROC_A,wallet,US,3053,USD,2026-08-10,PAY-107881,posted
INT-HISTORICAL-007882,2026-08-10T12:31:16,MRC_004,CUST-0287,PROC_A,card,US,20262,USD,2026-08-10,PAY-107882,posted
INT-HISTORICAL-007883,2026-08-10T12:31:51,MRC_005,CUST-0122,PROC_B,ach,US,8950,USD,2026-08-10,PAY-107883,posted
INT-HISTORICAL-007884,2026-08-10T12:33:18,MRC_004,CUST-0222,PROC_C,wallet,DE,7152,USD,2026-08-10,PAY-107884,posted
INT-HISTORICAL-007885,2026-08-10T12:34:22,MRC_002,CUST-0182,PROC_C,wallet,CA,13749,USD,2026-08-10,PAY-107885,posted
INT-HISTORICAL-007886,2026-08-10T12:35:37,MRC_004,CUST-0249,PROC_C,wire,US,4957,USD,2026-08-10,PAY-107886,posted
INT-HISTORICAL-007887,2026-08-10T12:36:54,MRC_004,CUST-0363,PROC_C,wallet,DE,4075,USD,2026-08-10,PAY-107887,posted
INT-HISTORICAL-007888,2026-08-10T12:37:58,MRC_004,CUST-0170,PROC_A,card,US,3856,EUR,2026-08-10,PAY-107888,posted
INT-HISTORICAL-007889,2026-08-10T12:39:23,MRC_005,CUST-0250,PROC_C,wire,DE,4292,USD,2026-08-10,PAY-107889,posted
INT-HISTORICAL-007890,2026-08-10T12:41:57,MRC_001,CUST-0250,PROC_C,ach,US,43664,USD,2026-08-10,PAY-107890,posted
INT-HISTORICAL-007891,2026-08-10T12:42:36,MRC_005,CUST-0020,PROC_C,wire,DE,63770,USD,2026-08-10,PAY-107891,posted
INT-HISTORICAL-007892,2026-08-10T12:43:12,MRC_004,CUST-0372,PROC_A,wallet,US,25419,EUR,2026-08-10,PAY-107892,posted
INT-HISTORICAL-007893,2026-08-10T12:45:41,MRC_001,CUST-0332,PROC_A,wire,US,39474,USD,2026-08-10,PAY-107893,posted
INT-HISTORICAL-007894,2026-08-10T12:46:28,MRC_001,CUST-0275,PROC_C,card,US,4051,USD,2026-08-10,PAY-107894,posted
INT-HISTORICAL-007895,2026-08-10T12:47:43,MRC_003,CUST-0254,PROC_C,ach,CA,1735,EUR,2026-08-10,PAY-107895,posted
INT-HISTORICAL-007896,2026-08-10T12:50:10,MRC_001,CUST-0055,PROC_B,ach,US,8571,USD,2026-08-10,PAY-107896,posted
INT-HISTORICAL-007897,2026-08-10T12:52:01,MRC_004,CUST-0384,PROC_C,wallet,DE,10520,USD,2026-08-10,PAY-107897,posted
INT-HISTORICAL-007898,2026-08-10T12:54:41,MRC_001,CUST-0377,PROC_B,wire,DE,5174,USD,2026-08-10,PAY-107898,posted
INT-HISTORICAL-007899,2026-08-10T12:56:22,MRC_005,CUST-0041,PROC_B,card,US,6722,USD,2026-08-10,PAY-107899,posted
INT-HISTORICAL-007900,2026-08-10T12:57:50,MRC_004,CUST-0392,PROC_A,wallet,DE,46019,GBP,2026-08-10,PAY-107900,posted
INT-HISTORICAL-007901,2026-08-10T13:00:23,MRC_004,CUST-0134,PROC_B,card,GB,3231,USD,2026-08-10,PAY-107901,posted
INT-HISTORICAL-007902,2026-08-10T13:01:59,MRC_003,CUST-0298,PROC_B,ach,US,109442,USD,2026-08-10,PAY-107902,posted
INT-HISTORICAL-007903,2026-08-10T13:02:29,MRC_005,CUST-0384,PROC_A,wire,US,3187,EUR,2026-08-10,PAY-107903,posted
INT-HISTORICAL-007904,2026-08-10T13:04:43,MRC_004,CUST-0330,PROC_C,ach,CA,4699,USD,2026-08-10,PAY-107904,posted
INT-HISTORICAL-007905,2026-08-10T13:06:03,MRC_002,CUST-0375,PROC_A,wire,DE,16146,USD,2026-08-10,PAY-107905,posted
INT-HISTORICAL-007906,2026-08-10T13:07:59,MRC_003,CUST-0184,PROC_B,wallet,US,31144,USD,2026-08-10,PAY-107906,posted
INT-HISTORICAL-007907,2026-08-10T13:08:56,MRC_005,CUST-0274,PROC_B,card,US,15151,GBP,2026-08-10,PAY-107907,posted
INT-HISTORICAL-007908,2026-08-10T13:11:33,MRC_004,CUST-0289,PROC_A,wire,DE,4491,USD,2026-08-10,PAY-107908,posted
INT-HISTORICAL-007909,2026-08-10T13:13:22,MRC_003,CUST-0089,PROC_C,card,GB,6004,USD,2026-08-10,PAY-107909,posted
INT-HISTORICAL-007910,2026-08-10T13:14:20,MRC_004,CUST-0284,PROC_C,wire,CA,9383,USD,2026-08-10,PAY-107910,posted
INT-HISTORICAL-007911,2026-08-10T13:15:44,MRC_003,CUST-0112,PROC_B,ach,GB,79525,USD,2026-08-10,PAY-107911,posted
INT-HISTORICAL-007912,2026-08-10T13:17:07,MRC_002,CUST-0390,PROC_B,wallet,GB,6840,USD,2026-08-10,PAY-107912,posted
INT-HISTORICAL-007913,2026-08-10T13:18:58,MRC_004,CUST-0176,PROC_C,wire,US,9054,USD,2026-08-10,PAY-107913,posted
INT-HISTORICAL-007914,2026-08-10T13:20:01,MRC_002,CUST-0077,PROC_C,wallet,US,7696,GBP,2026-08-10,PAY-107914,posted
INT-HISTORICAL-007915,2026-08-10T13:21:14,MRC_002,CUST-0377,PROC_A,wire,GB,85457,USD,2026-08-10,PAY-107915,posted
INT-HISTORICAL-007916,2026-08-10T13:22:38,MRC_001,CUST-0078,PROC_A,wire,US,4295,USD,2026-08-10,PAY-107916,posted
INT-HISTORICAL-007917,2026-08-10T13:25:13,MRC_002,CUST-0316,PROC_C,wallet,DE,98425,USD,2026-08-10,PAY-107917,posted
INT-HISTORICAL-007918,2026-08-10T13:27:11,MRC_005,CUST-0006,PROC_C,ach,DE,6687,USD,2026-08-10,PAY-107918,posted
INT-HISTORICAL-007919,2026-08-10T13:30:05,MRC_005,CUST-0216,PROC_C,wallet,US,23639,EUR,2026-08-10,PAY-107919,posted
INT-HISTORICAL-007920,2026-08-10T13:30:29,MRC_002,CUST-0396,PROC_A,wire,CA,9366,USD,2026-08-10,PAY-107920,posted
INT-HISTORICAL-007921,2026-08-10T13:33:27,MRC_001,CUST-0384,PROC_B,card,US,4153,GBP,2026-08-10,PAY-107921,posted
INT-HISTORICAL-007922,2026-08-10T13:34:12,MRC_004,CUST-0004,PROC_B,wire,DE,36625,GBP,2026-08-10,PAY-107922,posted
INT-HISTORICAL-007923,2026-08-10T13:36:31,MRC_002,CUST-0173,PROC_C,wire,GB,11984,USD,2026-08-10,PAY-107923,posted
INT-HISTORICAL-007924,2026-08-10T13:37:23,MRC_004,CUST-0335,PROC_A,ach,DE,10810,USD,2026-08-10,PAY-107924,posted
INT-HISTORICAL-007925,2026-08-10T13:39:57,MRC_002,CUST-0066,PROC_B,card,US,7026,USD,2026-08-10,PAY-107925,posted
INT-HISTORICAL-007926,2026-08-10T13:40:17,MRC_001,CUST-0388,PROC_C,ach,US,12005,USD,2026-08-10,PAY-107926,posted
INT-HISTORICAL-007927,2026-08-10T13:41:43,MRC_002,CUST-0311,PROC_B,card,DE,3990,USD,2026-08-10,PAY-107927,posted
INT-HISTORICAL-007928,2026-08-10T13:43:25,MRC_003,CUST-0120,PROC_A,ach,CA,12314,USD,2026-08-10,PAY-107928,posted
INT-HISTORICAL-007929,2026-08-10T13:45:01,MRC_001,CUST-0342,PROC_C,wallet,DE,17130,GBP,2026-08-10,PAY-107929,posted
INT-HISTORICAL-007930,2026-08-10T13:45:44,MRC_005,CUST-0184,PROC_B,wallet,GB,10313,GBP,2026-08-10,PAY-107930,posted
INT-HISTORICAL-007931,2026-08-10T13:46:57,MRC_002,CUST-0333,PROC_C,wire,GB,8934,USD,2026-08-10,PAY-107931,posted
INT-HISTORICAL-007932,2026-08-10T13:49:25,MRC_004,CUST-0292,PROC_C,card,DE,9611,USD,2026-08-10,PAY-107932,posted
INT-HISTORICAL-007933,2026-08-10T13:52:01,MRC_001,CUST-0325,PROC_B,wallet,CA,37862,USD,2026-08-10,PAY-107933,posted
INT-HISTORICAL-007934,2026-08-10T13:52:47,MRC_005,CUST-0149,PROC_B,ach,US,16522,USD,2026-08-10,PAY-107934,posted
INT-HISTORICAL-007935,2026-08-10T13:55:12,MRC_004,CUST-0227,PROC_A,wallet,CA,7558,USD,2026-08-10,PAY-107935,posted
INT-HISTORICAL-007936,2026-08-10T13:55:33,MRC_005,CUST-0134,PROC_B,card,US,32222,GBP,2026-08-10,PAY-107936,posted
INT-HISTORICAL-007937,2026-08-10T13:58:10,MRC_004,CUST-0153,PROC_B,ach,US,19310,USD,2026-08-10,PAY-107937,posted
INT-HISTORICAL-007938,2026-08-10T13:58:58,MRC_001,CUST-0212,PROC_A,wire,DE,7132,USD,2026-08-10,PAY-107938,posted
INT-HISTORICAL-007939,2026-08-10T14:00:41,MRC_001,CUST-0098,PROC_A,wire,US,112815,USD,2026-08-10,PAY-107939,posted
INT-HISTORICAL-007940,2026-08-10T14:02:18,MRC_005,CUST-0353,PROC_C,wire,US,5520,EUR,2026-08-10,PAY-107940,posted
INT-HISTORICAL-007941,2026-08-10T14:05:05,MRC_003,CUST-0389,PROC_A,wire,US,29021,USD,2026-08-10,PAY-107941,posted
INT-HISTORICAL-007942,2026-08-10T14:05:35,MRC_004,CUST-0230,PROC_B,ach,US,37652,GBP,2026-08-10,PAY-107942,posted
INT-HISTORICAL-007943,2026-08-10T14:07:09,MRC_005,CUST-0084,PROC_B,wire,US,47301,EUR,2026-08-10,PAY-107943,posted
INT-HISTORICAL-007944,2026-08-10T14:08:18,MRC_005,CUST-0254,PROC_A,ach,US,31660,EUR,2026-08-10,PAY-107944,posted
INT-HISTORICAL-007945,2026-08-10T14:09:12,MRC_005,CUST-0110,PROC_B,wallet,DE,42093,USD,2026-08-10,PAY-107945,posted
INT-HISTORICAL-007946,2026-08-10T14:11:55,MRC_004,CUST-0144,PROC_A,wallet,US,7184,USD,2026-08-10,PAY-107946,posted
INT-HISTORICAL-007947,2026-08-10T14:13:38,MRC_002,CUST-0318,PROC_B,wallet,US,666,USD,2026-08-10,PAY-107947,posted
INT-HISTORICAL-007948,2026-08-10T14:15:42,MRC_004,CUST-0329,PROC_B,card,CA,9034,USD,2026-08-10,PAY-107948,posted
INT-HISTORICAL-007949,2026-08-10T14:16:27,MRC_002,CUST-0118,PROC_C,ach,US,6647,USD,2026-08-10,PAY-107949,posted
INT-HISTORICAL-007950,2026-08-10T14:18:22,MRC_001,CUST-0050,PROC_A,card,DE,16115,GBP,2026-08-10,PAY-107950,posted
INT-HISTORICAL-007951,2026-08-10T14:18:43,MRC_002,CUST-0177,PROC_B,card,CA,5993,USD,2026-08-10,PAY-107951,posted
INT-HISTORICAL-007952,2026-08-10T14:21:40,MRC_004,CUST-0350,PROC_A,card,US,4853,USD,2026-08-10,PAY-107952,posted
INT-HISTORICAL-007953,2026-08-10T14:22:34,MRC_002,CUST-0271,PROC_B,ach,DE,46596,USD,2026-08-10,PAY-107953,posted
INT-HISTORICAL-007954,2026-08-10T14:23:00,MRC_004,CUST-0178,PROC_A,ach,US,25179,GBP,2026-08-10,PAY-107954,posted
INT-HISTORICAL-007955,2026-08-10T14:23:33,MRC_001,CUST-0258,PROC_C,wallet,CA,1329,USD,2026-08-10,PAY-107955,posted
INT-HISTORICAL-007956,2026-08-10T14:24:52,MRC_005,CUST-0155,PROC_A,ach,GB,8480,EUR,2026-08-10,PAY-107956,posted
INT-HISTORICAL-007957,2026-08-10T14:26:48,MRC_004,CUST-0165,PROC_A,card,CA,42249,USD,2026-08-10,PAY-107957,posted
INT-HISTORICAL-007958,2026-08-10T14:28:06,MRC_005,CUST-0153,PROC_B,wallet,US,4685,USD,2026-08-10,PAY-107958,posted
INT-HISTORICAL-007959,2026-08-10T14:28:44,MRC_003,CUST-0086,PROC_A,card,CA,11959,USD,2026-08-10,PAY-107959,posted
INT-HISTORICAL-007960,2026-08-10T14:29:55,MRC_004,CUST-0185,PROC_B,wallet,US,9850,USD,2026-08-10,PAY-107960,posted
INT-HISTORICAL-007961,2026-08-10T14:30:43,MRC_004,CUST-0156,PROC_C,ach,DE,14727,USD,2026-08-10,PAY-107961,posted
INT-HISTORICAL-007962,2026-08-10T14:32:37,MRC_003,CUST-0291,PROC_C,wallet,GB,119569,USD,2026-08-10,PAY-107962,posted
INT-HISTORICAL-007963,2026-08-10T14:35:24,MRC_003,CUST-0287,PROC_A,card,DE,20403,USD,2026-08-10,PAY-107963,posted
INT-HISTORICAL-007964,2026-08-10T14:37:04,MRC_003,CUST-0363,PROC_C,wallet,US,13050,EUR,2026-08-10,PAY-107964,posted
INT-HISTORICAL-007965,2026-08-10T14:38:28,MRC_001,CUST-0311,PROC_C,card,US,15478,GBP,2026-08-10,PAY-107965,posted
INT-HISTORICAL-007966,2026-08-10T14:41:02,MRC_005,CUST-0205,PROC_B,wire,US,24115,GBP,2026-08-10,PAY-107966,posted
INT-HISTORICAL-007967,2026-08-10T14:43:09,MRC_003,CUST-0221,PROC_C,wire,DE,18049,USD,2026-08-10,PAY-107967,posted
INT-HISTORICAL-007968,2026-08-10T14:45:07,MRC_005,CUST-0304,PROC_A,wallet,GB,5870,USD,2026-08-10,PAY-107968,posted
INT-HISTORICAL-007969,2026-08-10T14:45:32,MRC_002,CUST-0142,PROC_A,wire,US,15628,USD,2026-08-10,PAY-107969,posted
INT-HISTORICAL-007970,2026-08-10T14:47:19,MRC_003,CUST-0042,PROC_B,card,US,10613,USD,2026-08-10,PAY-107970,posted
INT-HISTORICAL-007971,2026-08-10T14:49:42,MRC_003,CUST-0012,PROC_C,wire,CA,7505,USD,2026-08-10,PAY-107971,posted
INT-HISTORICAL-007972,2026-08-10T14:51:54,MRC_003,CUST-0051,PROC_C,ach,GB,23925,USD,2026-08-10,PAY-107972,posted
INT-HISTORICAL-007973,2026-08-10T14:54:20,MRC_001,CUST-0124,PROC_B,wire,CA,7218,USD,2026-08-10,PAY-107973,posted
INT-HISTORICAL-007974,2026-08-10T14:56:03,MRC_002,CUST-0306,PROC_A,ach,GB,5583,GBP,2026-08-10,PAY-107974,posted
INT-HISTORICAL-007975,2026-08-10T14:58:20,MRC_003,CUST-0332,PROC_C,ach,CA,10900,USD,2026-08-10,PAY-107975,posted
INT-HISTORICAL-007976,2026-08-10T14:59:04,MRC_002,CUST-0205,PROC_C,wire,US,24257,USD,2026-08-10,PAY-107976,posted
INT-HISTORICAL-007977,2026-08-10T15:01:40,MRC_005,CUST-0363,PROC_C,wire,US,15854,GBP,2026-08-10,PAY-107977,posted
INT-HISTORICAL-007978,2026-08-10T15:02:20,MRC_004,CUST-0391,PROC_C,ach,CA,1632,USD,2026-08-10,PAY-107978,posted
INT-HISTORICAL-007979,2026-08-10T15:02:40,MRC_004,CUST-0305,PROC_B,wire,DE,8019,USD,2026-08-10,PAY-107979,posted
INT-HISTORICAL-007980,2026-08-10T15:04:44,MRC_004,CUST-0165,PROC_A,wallet,US,9646,USD,2026-08-10,PAY-107980,posted
INT-HISTORICAL-007981,2026-08-10T15:07:25,MRC_005,CUST-0147,PROC_A,wallet,US,36599,USD,2026-08-10,PAY-107981,posted
INT-HISTORICAL-007982,2026-08-10T15:09:19,MRC_001,CUST-0313,PROC_B,ach,CA,12119,EUR,2026-08-10,PAY-107982,posted
INT-HISTORICAL-007983,2026-08-10T15:10:27,MRC_005,CUST-0023,PROC_C,wallet,CA,9479,USD,2026-08-10,PAY-107983,posted
INT-HISTORICAL-007984,2026-08-10T15:11:04,MRC_001,CUST-0144,PROC_C,wallet,US,9699,USD,2026-08-10,PAY-107984,posted
INT-HISTORICAL-007985,2026-08-10T15:13:00,MRC_005,CUST-0201,PROC_A,card,CA,114338,USD,2026-08-10,PAY-107985,posted
INT-HISTORICAL-007986,2026-08-10T15:14:02,MRC_002,CUST-0311,PROC_A,wire,US,3257,USD,2026-08-10,PAY-107986,posted
INT-HISTORICAL-007987,2026-08-10T15:15:37,MRC_003,CUST-0290,PROC_C,card,GB,24094,USD,2026-08-10,PAY-107987,posted
INT-HISTORICAL-007988,2026-08-10T15:16:04,MRC_005,CUST-0244,PROC_C,card,US,8370,USD,2026-08-10,PAY-107988,posted
INT-HISTORICAL-007989,2026-08-10T15:17:25,MRC_003,CUST-0381,PROC_B,card,DE,8459,EUR,2026-08-10,PAY-107989,posted
INT-HISTORICAL-007990,2026-08-10T15:18:55,MRC_002,CUST-0255,PROC_C,wallet,DE,14290,USD,2026-08-10,PAY-107990,posted
INT-HISTORICAL-007991,2026-08-10T15:21:46,MRC_004,CUST-0003,PROC_C,wire,US,113010,USD,2026-08-10,PAY-107991,posted
INT-HISTORICAL-007992,2026-08-10T15:23:14,MRC_001,CUST-0346,PROC_A,ach,DE,14366,USD,2026-08-10,PAY-107992,posted
INT-HISTORICAL-007993,2026-08-10T15:23:58,MRC_002,CUST-0199,PROC_A,wallet,US,4427,USD,2026-08-10,PAY-107993,posted
INT-HISTORICAL-007994,2026-08-10T15:24:52,MRC_001,CUST-0375,PROC_C,wire,GB,53834,USD,2026-08-10,PAY-107994,posted
INT-HISTORICAL-007995,2026-08-10T15:25:31,MRC_005,CUST-0370,PROC_A,card,DE,14043,USD,2026-08-10,PAY-107995,posted
INT-HISTORICAL-007996,2026-08-10T15:27:59,MRC_003,CUST-0014,PROC_A,ach,US,3103,USD,2026-08-10,PAY-107996,posted
INT-HISTORICAL-007997,2026-08-10T15:30:06,MRC_002,CUST-0289,PROC_B,card,GB,4614,USD,2026-08-10,PAY-107997,posted
INT-HISTORICAL-007998,2026-08-10T15:32:03,MRC_003,CUST-0066,PROC_A,card,US,3416,EUR,2026-08-10,PAY-107998,posted
INT-HISTORICAL-007999,2026-08-10T15:33:22,MRC_001,CUST-0381,PROC_C,wallet,US,13375,GBP,2026-08-10,PAY-107999,posted
