label_group_id,dataset_split,live_phase,pattern,is_true_match,anomaly_reason,expected_rule,fee_cents,delay_days,expected_internal_record_id,expected_processor_record_id
LBL-HISTORICAL-000000,historical,,true_amount_mismatch,0,true_amount_mismatch,do_not_match,0,0,INT-HISTORICAL-000000,SET-HISTORICAL-000000
LBL-HISTORICAL-000001,historical,,exact_match,1,none,exact,0,0,INT-HISTORICAL-000001,SET-HISTORICAL-000001
LBL-HISTORICAL-000002,historical,,exact_match,1,none,exact,0,0,INT-HISTORICAL-000002,SET-HISTORICAL-000002
LBL-HISTORICAL-000003,historical,,processing_fee,1,processor_fee,amount_tolerance,2,0,INT-HISTORICAL-000003,SET-HISTORICAL-000003
LBL-HISTORICAL-000004,historical,,exact_match,1,none,exact,0,0,INT-HISTORICAL-000004,SET-HISTORICAL-000004
LBL-HISTORICAL-000005,historical,,settlement_delay,1,t_plus_delay,date_tolerance,0,2,INT-HISTORICAL-000005,SET-HISTORICAL-000005
LBL-HISTORICAL-000006,historical,,exact_match,1,none,exact,0,0,INT-HISTORICAL-000006,SET-HISTORICAL-000006
LBL-HISTORICAL-000007,historical,,exact_match,1,none,exact,0,0,INT-HISTORICAL-000007,SET-HISTORICAL-000007
LBL-HISTORICAL-000008,historical,,processing_fee,1,processor_fee,amount_tolerance,2,0,INT-HISTORICAL-000008,SET-HISTORICAL-000008
LBL-HISTORICAL-000009,historical,,rounding_difference,1,rounding,amount_tolerance,0,0,INT-HISTORICAL-000009,SET-HISTORICAL-000009
LBL-HISTORICAL-000010,historical,,rounding_difference,1,rounding,amount_tolerance,0,0,INT-HISTORICAL-000010,SET-HISTORICAL-000010
LBL-HISTORICAL-000011,historical,,exact_match,1,none,exact,0,0,INT-HISTORICAL-000011,SET-HISTORICAL-000011
LBL-HISTORICAL-000012,historical,,exact_match,1,none,exact,0,0,INT-HISTORICAL-000012,SET-HISTORICAL-000012
LBL-HISTORICAL-000013,historical,,processing_fee,1,processor_fee,amount_tolerance,2,0,INT-HISTORICAL-000013,SET-HISTORICAL-000013
LBL-HISTORICAL-000014,historical,,exact_match,1,none,exact,0,0,INT-HISTORICAL-000014,SET-HISTORICAL-000014
LBL-HISTORICAL-000015,historical,,exact_match,1,none,exact,0,0,INT-HISTORICAL-000015,SET-HISTORICAL-000015
LBL-HISTORICAL-000016,historical,,settlement_delay,1,t_plus_delay,date_tolerance,0,2,INT-HISTORICAL-000016,SET-HISTORICAL-000016
LBL-HISTORICAL-000017,historical,,exact_match,1,none,exact,0,0,INT-HISTORICAL-000017,SET-HISTORICAL-000017
LBL-HISTORICAL-000018,historical,,exact_match,1,none,exact,0,0,INT-HISTORICAL-000018,SET-HISTORICAL-000018
LBL-HISTORICAL-000019,historical,,exact_match,1,none,exact,0,0,INT-HISTORICAL-000019,SET-HISTORICAL-000019
LBL-HISTORICAL-000020,historical,,exact_match,1,none,exact,0,0,INT-HISTORICAL-000020,SET-HISTORICAL-000020
LBL-HISTORICAL-000021,historical,,exact_match,1,none,exact,0,0,INT-HISTORICAL-000021,SET-HISTORICAL-000021
LBL-HISTORICAL-000022,historical,,settlement_delay,1,t_plus_delay,date_tolerance,0,1,INT-HISTORICAL-000022,SET-HISTORICAL-000022
LBL-HISTORICAL-000023,historical,,exact_match,1,none,exact,0,0,INT-HISTORICAL-000023,SET-HISTORICAL-000023
LBL-HISTORICAL-000024,historical,,exact_match,1,none,exact,0,0,INT-HISTORICAL-000024,SET-HISTORICAL-000024
LBL-HISTORICAL-000025,historical,,settlement_delay,1,t_plus_delay,date_tolerance,0,1,INT-HISTORICAL-000025,SET-HISTORICAL-000025
LBL-HISTORICAL-000026,historical,,exact_match,1,none,exact,0,0,INT-HISTORICAL-000026,SET-HISTORICAL-000026
LBL-HISTORICAL-000027,historical,,settlement_delay,1,t_plus_delay,date_tolerance,0,1,INT-HISTORICAL-000027,SET-HISTORICAL-000027
LBL-HISTORICAL-000028,historical,,exact_match,1,none,exact,0,0,INT-HISTORICAL-000028,SET-HISTORICAL-000028
LBL-HISTORICAL-000029,historical,,exact_match,1,none,exact,0,0,INT-HISTORICAL-000029,SET-HISTORICAL-000029
LBL-HISTORICAL-000030,historical,,exact_match,1,none,exact,0,0,INT-HISTORICAL-000030,SET-HISTORICAL-000030
LBL-HISTORICAL-000031,historical,,processing_fee,1,processor_fee,amount_tolerance,2,0,INT-HISTORICAL-000031,SET-HISTORICAL-000031
LBL-HISTORICAL-000032,historical,,exact_match,1,none,exact,0,0,INT-HISTORICAL-000032,SET-HISTORICAL-000032
LBL-HISTORICAL-000033,historical,,exact_match,1,none,exact,0,0,INT-HISTORICAL-000033,SET-HISTORICAL-000033
LBL-HISTORICAL-000034,historical,,reference_format,1,reference_normalization,reference_normalization,0,0,INT-HISTORICAL-000034,SET-HISTORICAL-000034
LBL-HISTORICAL-000035,historical,,exact_match,1,none,exact,0,0,INT-HISTORICAL-000035,SET-HISTORICAL-000035
LBL-HISTORICAL-000036,historical,,exact_match,1,none,exact,0,0,INT-HISTORICAL-000036,SET-HISTORICAL-000036
LBL-HISTORICAL-000037,historical,,true_amount_mismatch,0,true_amount_mismatch,do_not_match,0,0,INT-HISTORICAL-000037,SET-HISTORICAL-000037
LBL-HISTORICAL-000038,historical,,exact_match,1,none,exact,0,0,INT-HISTORICAL-000038,SET-HISTORICAL-000038
LBL-HISTORICAL-000039,historical,,exact_match,1,none,exact,0,0,INT-HISTORICAL-000039,SET-HISTORICAL-000039
LBL-HISTORICAL-000040,historical,,exact_match,1,none,exact,0,0,INT-HISTORICAL-000040,SET-HISTORICAL-000040
LBL-HISTORICAL-000041,historical,,exact_match,1,none,exact,0,0,INT-HISTORICAL-000041,SET-HISTORICAL-000041
LBL-HISTORICAL-000042,historical,,exact_match,1,none,exact,0,0,INT-HISTORICAL-000042,SET-HISTORICAL-000042
LBL-HISTORICAL-000043,historical,,exact_match,1,none,exact,0,0,INT-HISTORICAL-000043,SET-HISTORICAL-000043
LBL-HISTORICAL-000044,historical,,exact_match,1,none,exact,0,0,INT-HISTORICAL-000044,SET-HISTORICAL-000044
LBL-HISTORICAL-000045,historical,,exact_match,1,none,exact,0,0,INT-HISTORICAL-000045,SET-HISTORICAL-000045
LBL-HISTORICAL-000046,historical,,exact_match,1,none,exact,0,0,INT-HISTORICAL-000046,SET-HISTORICAL-000046
LBL-HISTORICAL-000047,historical,,exact_match,1,none,exact,0,0,INT-HISTORICAL-000047,SET-HISTORICAL-000047
LBL-HISTORICAL-000048,historical,,exact_match,1,none,exact,0,0,INT-HISTORICAL-000048,SET-HISTORICAL-000048
LBL-HISTORICAL-000049,historical,,exact_match,1,none,exact,0,0,INT-HISTORICAL-000049,SET-HISTORICAL-000049
LBL-HISTORICAL-000050,historical,,rounding_difference,1,rounding,amount_tolerance,0,0,INT-HISTORICAL-000050,SET-HISTORICAL-000050
LBL-HISTORICAL-000051,historical,,exact_match,1,none,exact,0,0,INT-HISTORICAL-000051,SET-HISTORICAL-000051
LBL-HISTORICAL-000052,historical,,exact_match,1,none,exact,0,0,INT-HISTORICAL-000052,SET-HISTORICAL-000052
LBL-HISTORICAL-000053,historical,,settlement_delay,1,t_plus_delay,date_tolerance,0,1,INT-HISTORICAL-000053,SET-HISTORICAL-000053
LBL-HISTORICAL-000054,historical,,exact_match,1,none,exact,0,0,INT-HISTORICAL-000054,SET-HISTORICAL-000054
LBL-HISTORICAL-000055,historical,,settlement_delay,1,t_plus_delay,date_tolerance,0,1,INT-HISTORICAL-000055,SET-HISTORICAL-000055
LBL-HISTORICAL-000056,historical,,processing_fee,1,processor_fee,amount_tolerance,5,0,INT-HISTORICAL-000056,SET-HISTORICAL-000056
LBL-HISTORICAL-000057,historical,,rounding_difference,1,rounding,amount_tolerance,0,0,INT-HISTORICAL-000057,SET-HISTORICAL-000057
LBL-HISTORICAL-000058,historical,,exact_match,1,none,exact,0,0,INT-HISTORICAL-000058,SET-HISTORICAL-000058
LBL-HISTORICAL-000059,historical,,exact_match,1,none,exact,0,0,INT-HISTORICAL-000059,SET-HISTORICAL-000059
LBL-HISTORICAL-000060,historical,,true_amount_mismatch,0,true_amount_mismatch,do_not_match,0,0,INT-HISTORICAL-000060,SET-HISTORICAL-000060
LBL-HISTORICAL-000061,historical,,processing_fee,1,processor_fee,amount_tolerance,2,0,INT-HISTORICAL-000061,SET-HISTORICAL-000061
LBL-HISTORICAL-000062,historical,,exact_match,1,none,exact,0,0,INT-HISTORICAL-000062,SET-HISTORICAL-000062
LBL-HISTORICAL-000063,historical,,exact_match,1,none,exact,0,0,INT-HISTORICAL-000063,SET-HISTORICAL-000063
LBL-HISTORICAL-000064,historical,,exact_match,1,none,exact,0,0,INT-HISTORICAL-000064,SET-HISTORICAL-000064
LBL-HISTORICAL-000065,historical,,processing_fee,1,processor_fee,amount_tolerance,5,0,INT-HISTORICAL-000065,SET-HISTORICAL-000065
LBL-HISTORICAL-000066,historical,,exact_match,1,none,exact,0,0,INT-HISTORICAL-000066,SET-HISTORICAL-000066
LBL-HISTORICAL-000067,historical,,exact_match,1,none,exact,0,0,INT-HISTORICAL-000067,SET-HISTORICAL-000067
LBL-HISTORICAL-000068,historical,,settlement_delay,1,t_plus_delay,date_tolerance,0,1,INT-HISTORICAL-000068,SET-HISTORICAL-000068
LBL-HISTORICAL-000069,historical,,settlement_delay,1,t_plus_delay,date_tolerance,0,1,INT-HISTORICAL-000069,SET-HISTORICAL-000069
LBL-HISTORICAL-000070,historical,,exact_match,1,none,exact,0,0,INT-HISTORICAL-000070,SET-HISTORICAL-000070
LBL-HISTORICAL-000071,historical,,duplicate_processor_record,1,duplicate,dedupe_then_match,0,0,INT-HISTORICAL-000071,SET-HISTORICAL-000071
LBL-HISTORICAL-000072,historical,,exact_match,1,none,exact,0,0,INT-HISTORICAL-000072,SET-HISTORICAL-000072
LBL-HISTORICAL-000073,historical,,exact_match,1,none,exact,0,0,INT-HISTORICAL-000073,SET-HISTORICAL-000073
LBL-HISTORICAL-000074,historical,,exact_match,1,none,exact,0,0,INT-HISTORICAL-000074,SET-HISTORICAL-000074
LBL-HISTORICAL-000075,historical,,exact_match,1,none,exact,0,0,INT-HISTORICAL-000075,SET-HISTORICAL-000075
LBL-HISTORICAL-000076,historical,,reference_format,1,reference_normalization,reference_normalization,0,0,INT-HISTORICAL-000076,SET-HISTORICAL-000076
LBL-HISTORICAL-000077,historical,,reference_format,1,reference_normalization,reference_normalization,0,0,INT-HISTORICAL-000077,SET-HISTORICAL-000077
LBL-HISTORICAL-000078,historical,,exact_match,1,none,exact,0,0,INT-HISTORICAL-000078,SET-HISTORICAL-000078
LBL-HISTORICAL-000079,historical,,exact_match,1,none,exact,0,0,INT-HISTORICAL-000079,SET-HISTORICAL-000079
LBL-HISTORICAL-000080,historical,,exact_match,1,none,exact,0,0,INT-HISTORICAL-000080,SET-HISTORICAL-000080
LBL-HISTORICAL-000081,historical,,exact_match,1,none,exact,0,0,INT-HISTORICAL-000081,SET-HISTORICAL-000081
LBL-HISTORICAL-000082,historical,,exact_match,1,none,exact,0,0,INT-HISTORICAL-000082,SET-HISTORICAL-000082
LBL-HISTORICAL-000083,historical,,duplicate_processor_record,1,duplicate,dedupe_then_match,0,0,INT-HISTORICAL-000083,SET-HISTORICAL-000083
LBL-HISTORICAL-000084,historical,,exact_match,1,none,exact,0,0,INT-HISTORICAL-000084,SET-HISTORICAL-000084
LBL-HISTORICAL-000085,historical,,processing_fee,1,processor_fee,amount_tolerance,3,0,INT-HISTORICAL-000085,SET-HISTORICAL-000085
LBL-HISTORICAL-000086,historical,,exact_match,1,none,exact,0,0,INT-HISTORICAL-000086,SET-HISTORICAL-000086
LBL-HISTORICAL-000087,historical,,exact_match,1,none,exact,0,0,INT-HISTORICAL-000087,SET-HISTORICAL-000087
LBL-HISTORICAL-000088,historical,,exact_match,1,none,exact,0,0,INT-HISTORICAL-000088,SET-HISTORICAL-000088
LBL-HISTORICAL-000089,historical,,exact_match,1,none,exact,0,0,INT-HISTORICAL-000089,SET-HISTORICAL-000089
LBL-HISTORICAL-000090,historical,,exact_match,1,none,exact,0,0,INT-HISTORICAL-000090,SET-HISTORICAL-000090
LBL-HISTORICAL-000091,historical,,exact_match,1,none,exact,0,0,INT-HISTORICAL-000091,SET-HISTORICAL-000091
LBL-HISTORICAL-000092,historical,,settlement_delay,1,t_plus_delay,date_tolerance,0,1,INT-HISTORICAL-000092,SET-HISTORICAL-000092
LBL-HISTORICAL-000093,historical,,exact_match,1,none,exact,0,0,INT-HISTORICAL-000093,SET-HISTORICAL-000093
LBL-HISTORICAL-000094,historical,,reference_format,1,reference_normalization,reference_normalization,0,0,INT-HISTORICAL-000094,SET-HISTORICAL-000094
LBL-HISTORICAL-000095,historical,,exact_match,1,none,exact,0,0,INT-HISTORICAL-000095,SET-HISTORICAL-000095
LBL-HISTORICAL-000096,historical,,duplicate_processor_record,1,duplicate,dedupe_then_match,0,0,INT-HISTORICAL-000096,SET-HISTORICAL-000096
LBL-HISTORICAL-000097,historical,,settlement_delay,1,t_plus_delay,date_tolerance,0,1,INT-HISTORICAL-000097,SET-HISTORICAL-000097
LBL-HISTORICAL-000098,historical,,settlement_delay,1,t_plus_delay,date_tolerance,0,1,INT-HISTORICAL-000098,SET-HISTORICAL-000098
LBL-HISTORICAL-000099,historical,,settlement_delay,1,t_plus_delay,date_tolerance,0,1,INT-HISTORICAL-000099,SET-HISTORICAL-000099
LBL-HISTORICAL-000100,historical,,exact_match,1,none,exact,0,0,INT-HISTORICAL-000100,SET-HISTORICAL-000100
LBL-HISTORICAL-000101,historical,,exact_match,1,none,exact,0,0,INT-HISTORICAL-000101,SET-HISTORICAL-000101
LBL-HISTORICAL-000102,historical,,exact_match,1,none,exact,0,0,INT-HISTORICAL-000102,SET-HISTORICAL-000102
LBL-HISTORICAL-000103,historical,,true_amount_mismatch,0,true_amount_mismatch,do_not_match,0,0,INT-HISTORICAL-000103,SET-HISTORICAL-000103
LBL-HISTORICAL-000104,historical,,duplicate_processor_record,1,duplicate,dedupe_then_match,0,0,INT-HISTORICAL-000104,SET-HISTORICAL-000104
LBL-HISTORICAL-000105,historical,,currency_mismatch,0,currency_mismatch,do_not_match,0,0,INT-HISTORICAL-000105,SET-HISTORICAL-000105
LBL-HISTORICAL-000106,historical,,processing_fee,1,processor_fee,amount_tolerance,5,0,INT-HISTORICAL-000106,SET-HISTORICAL-000106
LBL-HISTORICAL-000107,historical,,exact_match,1,none,exact,0,0,INT-HISTORICAL-000107,SET-HISTORICAL-000107
LBL-HISTORICAL-000108,historical,,exact_match,1,none,exact,0,0,INT-HISTORICAL-000108,SET-HISTORICAL-000108
LBL-HISTORICAL-000109,historical,,exact_match,1,none,exact,0,0,INT-HISTORICAL-000109,SET-HISTORICAL-000109
LBL-HISTORICAL-000110,historical,,processing_fee,1,processor_fee,amount_tolerance,3,0,INT-HISTORICAL-000110,SET-HISTORICAL-000110
LBL-HISTORICAL-000111,historical,,exact_match,1,none,exact,0,0,INT-HISTORICAL-000111,SET-HISTORICAL-000111
LBL-HISTORICAL-000112,historical,,exact_match,1,none,exact,0,0,INT-HISTORICAL-000112,SET-HISTORICAL-000112
LBL-HISTORICAL-000113,historical,,reference_format,1,reference_normalization,reference_normalization,0,0,INT-HISTORICAL-000113,SET-HISTORICAL-000113
LBL-HISTORICAL-000114,historical,,settlement_delay,1,t_plus_delay,date_tolerance,0,2,INT-HISTORICAL-000114,SET-HISTORICAL-000114
LBL-HISTORICAL-000115,historical,,exact_match,1,none,exact,0,0,INT-HISTORICAL-000115,SET-HISTORICAL-000115
LBL-HISTORICAL-000116,historical,,exact_match,1,none,exact,0,0,INT-HISTORICAL-000116,SET-HISTORICAL-000116
LBL-HISTORICAL-000117,historical,,exact_match,1,none,exact,0,0,INT-HISTORICAL-000117,SET-HISTORICAL-000117
LBL-HISTORICAL-000118,historical,,rounding_difference,1,rounding,amount_tolerance,0,0,INT-HISTORICAL-000118,SET-HISTORICAL-000118
LBL-HISTORICAL-000119,historical,,processing_fee,1,processor_fee,amount_tolerance,1,0,INT-HISTORICAL-000119,SET-HISTORICAL-000119
LBL-HISTORICAL-000120,historical,,settlement_delay,1,t_plus_delay,date_tolerance,0,1,INT-HISTORICAL-000120,SET-HISTORICAL-000120
LBL-HISTORICAL-000121,historical,,exact_match,1,none,exact,0,0,INT-HISTORICAL-000121,SET-HISTORICAL-000121
LBL-HISTORICAL-000122,historical,,exact_match,1,none,exact,0,0,INT-HISTORICAL-000122,SET-HISTORICAL-000122
LBL-HISTORICAL-000123,historical,,processing_fee,1,processor_fee,amount_tolerance,3,0,INT-HISTORICAL-000123,SET-HISTORICAL-000123
LBL-HISTORICAL-000124,historical,,processing_fee,1,processor_fee,amount_tolerance,2,0,INT-HISTORICAL-000124,SET-HISTORICAL-000124
LBL-HISTORICAL-000125,historical,,processing_fee,1,processor_fee,amount_tolerance,5,0,INT-HISTORICAL-000125,SET-HISTORICAL-000125
LBL-HISTORICAL-000126,historical,,true_amount_mismatch,0,true_amount_mismatch,do_not_match,0,0,INT-HISTORICAL-000126,SET-HISTORICAL-000126
LBL-HISTORICAL-000127,historical,,exact_match,1,none,exact,0,0,INT-HISTORICAL-000127,SET-HISTORICAL-000127
LBL-HISTORICAL-000128,historical,,exact_match,1,none,exact,0,0,INT-HISTORICAL-000128,SET-HISTORICAL-000128
LBL-HISTORICAL-000129,historical,,exact_match,1,none,exact,0,0,INT-HISTORICAL-000129,SET-HISTORICAL-000129
LBL-HISTORICAL-000130,historical,,processing_fee,1,processor_fee,amount_tolerance,3,0,INT-HISTORICAL-000130,SET-HISTORICAL-000130
LBL-HISTORICAL-000131,historical,,rounding_difference,1,rounding,amount_tolerance,0,0,INT-HISTORICAL-000131,SET-HISTORICAL-000131
LBL-HISTORICAL-000132,historical,,reference_format,1,reference_normalization,reference_normalization,0,0,INT-HISTORICAL-000132,SET-HISTORICAL-000132
LBL-HISTORICAL-000133,historical,,exact_match,1,none,exact,0,0,INT-HISTORICAL-000133,SET-HISTORICAL-000133
LBL-HISTORICAL-000134,historical,,exact_match,1,none,exact,0,0,INT-HISTORICAL-000134,SET-HISTORICAL-000134
LBL-HISTORICAL-000135,historical,,exact_match,1,none,exact,0,0,INT-HISTORICAL-000135,SET-HISTORICAL-000135
LBL-HISTORICAL-000136,historical,,exact_match,1,none,exact,0,0,INT-HISTORICAL-000136,SET-HISTORICAL-000136
LBL-HISTORICAL-000137,historical,,exact_match,1,none,exact,0,0,INT-HISTORICAL-000137,SET-HISTORICAL-000137
LBL-HISTORICAL-000138,historical,,processing_fee,1,processor_fee,amount_tolerance,2,0,INT-HISTORICAL-000138,SET-HISTORICAL-000138
LBL-HISTORICAL-000139,historical,,exact_match,1,none,exact,0,0,INT-HISTORICAL-000139,SET-HISTORICAL-000139
LBL-HISTORICAL-000140,historical,,exact_match,1,none,exact,0,0,INT-HISTORICAL-000140,SET-HISTORICAL-000140
LBL-HISTORICAL-000141,historical,,processing_fee,1,processor_fee,amount_tolerance,3,0,INT-HISTORICAL-000141,SET-HISTORICAL-000141
LBL-HISTORICAL-000142,historical,,settlement_delay,1,t_plus_delay,date_tolerance,0,1,INT-HISTORICAL-000142,SET-HISTORICAL-000142
LBL-HISTORICAL-000143,historical,,exact_match,1,none,exact,0,0,INT-HISTORICAL-000143,SET-HISTORICAL-000143
LBL-HISTORICAL-000144,historical,,exact_match,1,none,exact,0,0,INT-HISTORICAL-000144,SET-HISTORICAL-000144
LBL-HISTORICAL-000145,historical,,exact_match,1,none,exact,0,0,INT-HISTORICAL-000145,SET-HISTORICAL-000145
LBL-HISTORICAL-000146,historical,,exact_match,1,none,exact,0,0,INT-HISTORICAL-000146,SET-HISTORICAL-000146
LBL-HISTORICAL-000147,historical,,exact_match,1,none,exact,0,0,INT-HISTORICAL-000147,SET-HISTORICAL-000147
LBL-HISTORICAL-000148,historical,,processing_fee,1,processor_fee,amount_tolerance,1,0,INT-HISTORICAL-000148,SET-HISTORICAL-000148
LBL-HISTORICAL-000149,historical,,exact_match,1,none,exact,0,0,INT-HISTORICAL-000149,SET-HISTORICAL-000149
LBL-HISTORICAL-000150,historical,,exact_match,1,none,exact,0,0,INT-HISTORICAL-000150,SET-HISTORICAL-000150
LBL-HISTORICAL-000151,historical,,exact_match,1,none,exact,0,0,INT-HISTORICAL-000151,SET-HISTORICAL-000151
LBL-HISTORICAL-000152,historical,,exact_match,1,none,exact,0,0,INT-HISTORICAL-000152,SET-HISTORICAL-000152
LBL-HISTORICAL-000153,historical,,exact_match,1,none,exact,0,0,INT-HISTORICAL-000153,SET-HISTORICAL-000153
LBL-HISTORICAL-000154,historical,,reference_format,1,reference_normalization,reference_normalization,0,0,INT-HISTORICAL-000154,SET-HISTORICAL-000154
LBL-HISTORICAL-000155,historical,,processing_fee,1,processor_fee,amount_tolerance,1,0,INT-HISTORICAL-000155,SET-HISTORICAL-000155
LBL-HISTORICAL-000156,historical,,exact_match,1,none,exact,0,0,INT-HISTORICAL-000156,SET-HISTORICAL-000156
LBL-HISTORICAL-000157,historical,,exact_match,1,none,exact,0,0,INT-HISTORICAL-000157,SET-HISTORICAL-000157
LBL-HISTORICAL-000158,historical,,exact_match,1,none,exact,0,0,INT-HISTORICAL-000158,SET-HISTORICAL-000158
LBL-HISTORICAL-000159,historical,,settlement_delay,1,t_plus_delay,date_tolerance,0,1,INT-HISTORICAL-000159,SET-HISTORICAL-000159
LBL-HISTORICAL-000160,historical,,processing_fee,1,processor_fee,amount_tolerance,2,0,INT-HISTORICAL-000160,SET-HISTORICAL-000160
LBL-HISTORICAL-000161,historical,,exact_match,1,none,exact,0,0,INT-HISTORICAL-000161,SET-HISTORICAL-000161
LBL-HISTORICAL-000162,historical,,settlement_delay,1,t_plus_delay,date_tolerance,0,1,INT-HISTORICAL-000162,SET-HISTORICAL-000162
LBL-HISTORICAL-000163,historical,,exact_match,1,none,exact,0,0,INT-HISTORICAL-000163,SET-HISTORICAL-000163
LBL-HISTORICAL-000164,historical,,processing_fee,1,processor_fee,amount_tolerance,2,0,INT-HISTORICAL-000164,SET-HISTORICAL-000164
LBL-HISTORICAL-000165,historical,,processing_fee,1,processor_fee,amount_tolerance,2,0,INT-HISTORICAL-000165,SET-HISTORICAL-000165
LBL-HISTORICAL-000166,historical,,processing_fee,1,processor_fee,amount_tolerance,3,0,INT-HISTORICAL-000166,SET-HISTORICAL-000166
LBL-HISTORICAL-000167,historical,,settlement_delay,1,t_plus_delay,date_tolerance,0,2,INT-HISTORICAL-000167,SET-HISTORICAL-000167
LBL-HISTORICAL-000168,historical,,exact_match,1,none,exact,0,0,INT-HISTORICAL-000168,SET-HISTORICAL-000168
LBL-HISTORICAL-000169,historical,,rounding_difference,1,rounding,amount_tolerance,0,0,INT-HISTORICAL-000169,SET-HISTORICAL-000169
LBL-HISTORICAL-000170,historical,,exact_match,1,none,exact,0,0,INT-HISTORICAL-000170,SET-HISTORICAL-000170
LBL-HISTORICAL-000171,historical,,exact_match,1,none,exact,0,0,INT-HISTORICAL-000171,SET-HISTORICAL-000171
LBL-HISTORICAL-000172,historical,,exact_match,1,none,exact,0,0,INT-HISTORICAL-000172,SET-HISTORICAL-000172
LBL-HISTORICAL-000173,historical,,settlement_delay,1,t_plus_delay,date_tolerance,0,2,INT-HISTORICAL-000173,SET-HISTORICAL-000173
LBL-HISTORICAL-000174,historical,,processing_fee,1,processor_fee,amount_tolerance,1,0,INT-HISTORICAL-000174,SET-HISTORICAL-000174
LBL-HISTORICAL-000175,historical,,settlement_delay,1,t_plus_delay,date_tolerance,0,1,INT-HISTORICAL-000175,SET-HISTORICAL-000175
LBL-HISTORICAL-000176,historical,,exact_match,1,none,exact,0,0,INT-HISTORICAL-000176,SET-HISTORICAL-000176
LBL-HISTORICAL-000177,historical,,exact_match,1,none,exact,0,0,INT-HISTORICAL-000177,SET-HISTORICAL-000177
LBL-HISTORICAL-000178,historical,,exact_match,1,none,exact,0,0,INT-HISTORICAL-000178,SET-HISTORICAL-000178
LBL-HISTORICAL-000179,historical,,processing_fee,1,processor_fee,amount_tolerance,1,0,INT-HISTORICAL-000179,SET-HISTORICAL-000179
LBL-HISTORICAL-000180,historical,,true_amount_mismatch,0,true_amount_mismatch,do_not_match,0,0,INT-HISTORICAL-000180,SET-HISTORICAL-000180
LBL-HISTORICAL-000181,historical,,duplicate_processor_record,1,duplicate,dedupe_then_match,0,0,INT-HISTORICAL-000181,SET-HISTORICAL-000181
LBL-HISTORICAL-000182,historical,,exact_match,1,none,exact,0,0,INT-HISTORICAL-000182,SET-HISTORICAL-000182
LBL-HISTORICAL-000183,historical,,exact_match,1,none,exact,0,0,INT-HISTORICAL-000183,SET-HISTORICAL-000183
LBL-HISTORICAL-000184,historical,,exact_match,1,none,exact,0,0,INT-HISTORICAL-000184,SET-HISTORICAL-000184
LBL-HISTORICAL-000185,historical,,exact_match,1,none,exact,0,0,INT-HISTORICAL-000185,SET-HISTORICAL-000185
LBL-HISTORICAL-000186,historical,,exact_match,1,none,exact,0,0,INT-HISTORICAL-000186,SET-HISTORICAL-000186
LBL-HISTORICAL-000187,historical,,exact_match,1,none,exact,0,0,INT-HISTORICAL-000187,SET-HISTORICAL-000187
LBL-HISTORICAL-000188,historical,,rounding_difference,1,rounding,amount_tolerance,0,0,INT-HISTORICAL-000188,SET-HISTORICAL-000188
LBL-HISTORICAL-000189,historical,,exact_match,1,none,exact,0,0,INT-HISTORICAL-000189,SET-HISTORICAL-000189
LBL-HISTORICAL-000190,historical,,exact_match,1,none,exact,0,0,INT-HISTORICAL-000190,SET-HISTORICAL-000190
LBL-HISTORICAL-000191,historical,,exact_match,1,none,exact,0,0,INT-HISTORICAL-000191,SET-HISTORICAL-000191
LBL-HISTORICAL-000192,historical,,reference_format,1,reference_normalization,reference_normalization,0,0,INT-HISTORICAL-000192,SET-HISTORICAL-000192
LBL-HISTORICAL-000193,historical,,settlement_delay,1,t_plus_delay,date_tolerance,0,1,INT-HISTORICAL-000193,SET-HISTORICAL-000193
LBL-HISTORICAL-000194,historical,,exact_match,1,none,exact,0,0,INT-HISTORICAL-000194,SET-HISTORICAL-000194
LBL-HISTORICAL-000195,historical,,exact_match,1,none,exact,0,0,INT-HISTORICAL-000195,SET-HISTORICAL-000195
LBL-HISTORICAL-000196,historical,,exact_match,1,none,exact,0,0,INT-HISTORICAL-000196,SET-HISTORICAL-000196
LBL-HISTORICAL-000197,historical,,settlement_delay,1,t_plus_delay,date_tolerance,0,1,INT-HISTORICAL-000197,SET-HISTORICAL-000197
LBL-HISTORICAL-000198,historical,,exact_match,1,none,exact,0,0,INT-HISTORICAL-000198,SET-HISTORICAL-000198
LBL-HISTORICAL-000199,historical,,exact_match,1,none,exact,0,0,INT-HISTORICAL-000199,SET-HISTORICAL-000199
LBL-HISTORICAL-000200,historical,,exact_match,1,none,exact,0,0,INT-HISTORICAL-000200,SET-HISTORICAL-000200
LBL-HISTORICAL-000201,historical,,exact_match,1,none,exact,0,0,INT-HISTORICAL-000201,SET-HISTORICAL-000201
LBL-HISTORICAL-000202,historical,,exact_match,1,none,exact,0,0,INT-HISTORICAL-000202,SET-HISTORICAL-000202
LBL-HISTORICAL-000203,historical,,exact_match,1,none,exact,0,0,INT-HISTORICAL-000203,SET-HISTORICAL-000203
LBL-HISTORICAL-000204,historical,,reference_format,1,reference_normalization,reference_normalization,0,0,INT-HISTORICAL-000204,SET-HISTORICAL-000204
LBL-HISTORICAL-000205,historical,,processing_fee,1,processor_fee,amount_tolerance,3,0,INT-HISTORICAL-000205,SET-HISTORICAL-000205
LBL-HISTORICAL-000206,historical,,exact_match,1,none,exact,0,0,INT-HISTORICAL-000206,SET-HISTORICAL-000206
LBL-HISTORICAL-000207,historical,,exact_match,1,none,exact,0,0,INT-HISTORICAL-000207,SET-HISTORICAL-000207
LBL-HISTORICAL-000208,historical,,exact_match,1,none,exact,0,0,INT-HISTORICAL-000208,SET-HISTORICAL-000208
LBL-HISTORICAL-000209,historical,,exact_match,1,none,exact,0,0,INT-HISTORICAL-000209,SET-HISTORICAL-000209
LBL-HISTORICAL-000210,historical,,exact_match,1,none,exact,0,0,INT-HISTORICAL-000210,SET-HISTORICAL-000210
LBL-HISTORICAL-000211,historical,,exact_match,1,none,exact,0,0,INT-HISTORICAL-000211,SET-HISTORICAL-000211
LBL-HISTORICAL-000212,historical,,reference_format,1,reference_normalization,reference_normalization,0,0,INT-HISTORICAL-000212,SET-HISTORICAL-000212
LBL-HISTORICAL-000213,historical,,exact_match,1,none,exact,0,0,INT-HISTORICAL-000213,SET-HISTORICAL-000213
LBL-HISTORICAL-000214,historical,,exact_match,1,none,exact,0,0,INT-HISTORICAL-000214,SET-HISTORICAL-000214
LBL-HISTORICAL-000215,historical,,exact_match,1,none,exact,0,0,INT-HISTORICAL-000215,SET-HISTORICAL-000215
LBL-HISTORICAL-000216,historical,,exact_match,1,none,exact,0,0,INT-HISTORICAL-000216,SET-HISTORICAL-000216
LBL-HISTORICAL-000217,historical,,exact_match,1,none,exact,0,0,INT-HISTORICAL-000217,SET-HISTORICAL-000217
LBL-HISTORICAL-000218,historical,,reference_format,1,reference_normalization,reference_normalization,0,0,INT-HISTORICAL-000218,SET-HISTORICAL-000218
LBL-HISTORICAL-000219,historical,,reference_format,1,reference_normalization,reference_normalization,0,0,INT-HISTORICAL-000219,SET-HISTORICAL-000219
LBL-HISTORICAL-000220,historical,,settlement_delay,1,t_plus_delay,date_tolerance,0,1,INT-HISTORICAL-000220,SET-HISTORICAL-000220
LBL-HISTORICAL-000221,historical,,exact_match,1,none,exact,0,0,INT-HISTORICAL-000221,SET-HISTORICAL-000221
LBL-HISTORICAL-000222,historical,,exact_match,1,none,exact,0,0,INT-HISTORICAL-000222,SET-HISTORICAL-000222
LBL-HISTORICAL-000223,historical,,reference_format,1,reference_normalization,reference_normalization,0,0,INT-HISTORICAL-000223,SET-HISTORICAL-000223
LBL-HISTORICAL-000224,historical,,processing_fee,1,processor_fee,amount_tolerance,3,0,INT-HISTORICAL-000224,SET-HISTORICAL-000224
LBL-HISTORICAL-000225,historical,,exact_match,1,none,exact,0,0,INT-HISTORICAL-000225,SET-HISTORICAL-000225
LBL-HISTORICAL-000226,historical,,exact_match,1,none,exact,0,0,INT-HISTORICAL-000226,SET-HISTORICAL-000226
LBL-HISTORICAL-000227,historical,,duplicate_processor_record,1,duplicate,dedupe_then_match,0,0,INT-HISTORICAL-000227,SET-HISTORICAL-000227
LBL-HISTORICAL-000228,historical,,exact_match,1,none,exact,0,0,INT-HISTORICAL-000228,SET-HISTORICAL-000228
LBL-HISTORICAL-000229,historical,,exact_match,1,none,exact,0,0,INT-HISTORICAL-000229,SET-HISTORICAL-000229
LBL-HISTORICAL-000230,historical,,exact_match,1,none,exact,0,0,INT-HISTORICAL-000230,SET-HISTORICAL-000230
LBL-HISTORICAL-000231,historical,,reference_format,1,reference_normalization,reference_normalization,0,0,INT-HISTORICAL-000231,SET-HISTORICAL-000231
LBL-HISTORICAL-000232,historical,,rounding_difference,1,rounding,amount_tolerance,0,0,INT-HISTORICAL-000232,SET-HISTORICAL-000232
LBL-HISTORICAL-000233,historical,,processing_fee,1,processor_fee,amount_tolerance,2,0,INT-HISTORICAL-000233,SET-HISTORICAL-000233
LBL-HISTORICAL-000234,historical,,rounding_difference,1,rounding,amount_tolerance,0,0,INT-HISTORICAL-000234,SET-HISTORICAL-000234
LBL-HISTORICAL-000235,historical,,exact_match,1,none,exact,0,0,INT-HISTORICAL-000235,SET-HISTORICAL-000235
LBL-HISTORICAL-000236,historical,,processing_fee,1,processor_fee,amount_tolerance,3,0,INT-HISTORICAL-000236,SET-HISTORICAL-000236
LBL-HISTORICAL-000237,historical,,duplicate_processor_record,1,duplicate,dedupe_then_match,0,0,INT-HISTORICAL-000237,SET-HISTORICAL-000237
LBL-HISTORICAL-000238,historical,,exact_match,1,none,exact,0,0,INT-HISTORICAL-000238,SET-HISTORICAL-000238
LBL-HISTORICAL-000239,historical,,exact_match,1,none,exact,0,0,INT-HISTORICAL-000239,SET-HISTORICAL-000239
LBL-HISTORICAL-000240,historical,,exact_match,1,none,exact,0,0,INT-HISTORICAL-000240,SET-HISTORICAL-000240
LBL-HISTORICAL-000241,historical,,exact_match,1,none,exact,0,0,INT-HISTORICAL-000241,SET-HISTORICAL-000241
LBL-HISTORICAL-000242,historical,,rounding_difference,1,rounding,amount_tolerance,0,0,INT-HISTORICAL-000242,SET-HISTORICAL-000242
LBL-HISTORICAL-000243,historical,,exact_match,1,none,exact,0,0,INT-HISTORICAL-000243,SET-HISTORICAL-000243
LBL-HISTORICAL-000244,historical,,exact_match,1,none,exact,0,0,INT-HISTORICAL-000244,SET-HISTORICAL-000244
LBL-HISTORICAL-000245,historical,,exact_match,1,none,exact,0,0,INT-HISTORICAL-000245,SET-HISTORICAL-000245
LBL-HISTORICAL-000246,historical,,rounding_difference,1,rounding,amount_tolerance,0,0,INT-HISTORICAL-000246,SET-HISTORICAL-000246
LBL-HISTORICAL-000247,historical,,exact_match,1,none,exact,0,0,INT-HISTORICAL-000247,SET-HISTORICAL-000247
LBL-HISTORICAL-000248,historical,,exact_match,1,none,exact,0,0,INT-HISTORICAL-000248,SET-HISTORICAL-000248
LBL-HISTORICAL-000249,historical,,exact_match,1,none,exact,0,0,INT-HISTORICAL-000249,SET-HISTORICAL-000249
LBL-HISTORICAL-000250,historical,,settlement_delay,1,t_plus_delay,date_tolerance,0,1,INT-HISTORICAL-000250,SET-HISTORICAL-000250
LBL-HISTORICAL-000251,historical,,currency_mismatch,0,currency_mismatch,do_not_match,0,0,INT-HISTORICAL-000251,SET-HISTORICAL-000251
LBL-HISTORICAL-000252,historical,,reference_format,1,reference_normalization,reference_normalization,0,0,INT-HISTORICAL-000252,SET-HISTORICAL-000252
LBL-HISTORICAL-000253,historical,,exact_match,1,none,exact,0,0,INT-HISTORICAL-000253,SET-HISTORICAL-000253
LBL-HISTORICAL-000254,historical,,exact_match,1,none,exact,0,0,INT-HISTORICAL-000254,SET-HISTORICAL-000254
LBL-HISTORICAL-000255,historical,,exact_match,1,none,exact,0,0,INT-HISTORICAL-000255,SET-HISTORICAL-000255
LBL-HISTORICAL-000256,historical,,exact_match,1,none,exact,0,0,INT-HISTORICAL-000256,SET-HISTORICAL-000256
LBL-HISTORICAL-000257,historical,,exact_match,1,none,exact,0,0,INT-HISTORICAL-000257,SET-HISTORICAL-000257
LBL-HISTORICAL-000258,historical,,currency_mismatch,0,currency_mismatch,do_not_match,0,0,INT-HISTORICAL-000258,SET-HISTORICAL-000258
LBL-HISTORICAL-000259,historical,,exact_match,1,none,exact,0,0,INT-HISTORICAL-000259,SET-HISTORICAL-000259
LBL-HISTORICAL-000260,historical,,exact_match,1,none,exact,0,0,INT-HISTORICAL-000260,SET-HISTORICAL-000260
LBL-HISTORICAL-000261,historical,,exact_match,1,none,exact,0,0,INT-HISTORICAL-000261,SET-HISTORICAL-000261
LBL-HISTORICAL-000262,historical,,exact_match,1,none,exact,0,0,INT-HISTORICAL-000262,SET-HISTORICAL-000262
LBL-HISTORICAL-000263,historical,,processing_fee,1,processor_fee,amount_tolerance,5,0,INT-HISTORICAL-000263,SET-HISTORICAL-000263
LBL-HISTORICAL-000264,historical,,currency_mismatch,0,currency_mismatch,do_not_match,0,0,INT-HISTORICAL-000264,SET-HISTORICAL-000264
LBL-HISTORICAL-000265,historical,,reference_format,1,reference_normalization,reference_normalization,0,0,INT-HISTORICAL-000265,SET-HISTORICAL-000265
LBL-HISTORICAL-000266,historical,,processing_fee,1,processor_fee,amount_tolerance,5,0,INT-HISTORICAL-000266,SET-HISTORICAL-000266
LBL-HISTORICAL-000267,historical,,exact_match,1,none,exact,0,0,INT-HISTORICAL-000267,SET-HISTORICAL-000267
LBL-HISTORICAL-000268,historical,,exact_match,1,none,exact,0,0,INT-HISTORICAL-000268,SET-HISTORICAL-000268
LBL-HISTORICAL-000269,historical,,true_amount_mismatch,0,true_amount_mismatch,do_not_match,0,0,INT-HISTORICAL-000269,SET-HISTORICAL-000269
LBL-HISTORICAL-000270,historical,,exact_match,1,none,exact,0,0,INT-HISTORICAL-000270,SET-HISTORICAL-000270
LBL-HISTORICAL-000271,historical,,exact_match,1,none,exact,0,0,INT-HISTORICAL-000271,SET-HISTORICAL-000271
LBL-HISTORICAL-000272,historical,,reference_format,1,reference_normalization,reference_normalization,0,0,INT-HISTORICAL-000272,SET-HISTORICAL-000272
LBL-HISTORICAL-000273,historical,,reference_format,1,reference_normalization,reference_normalization,0,0,INT-HISTORICAL-000273,SET-HISTORICAL-000273
LBL-HISTORICAL-000274,historical,,exact_match,1,none,exact,0,0,INT-HISTORICAL-000274,SET-HISTORICAL-000274
LBL-HISTORICAL-000275,historical,,reference_format,1,reference_normalization,reference_normalization,0,0,INT-HISTORICAL-000275,SET-HISTORICAL-000275
LBL-HISTORICAL-000276,historical,,exact_match,1,none,exact,0,0,INT-HISTORICAL-000276,SET-HISTORICAL-000276
LBL-HISTORICAL-000277,historical,,exact_match,1,none,exact,0,0,INT-HISTORICAL-000277,SET-HISTORICAL-000277
LBL-HISTORICAL-000278,historical,,reference_format,1,reference_normalization,reference_normalization,0,0,INT-HISTORICAL-000278,SET-HISTORICAL-000278
LBL-HISTORICAL-000279,historical,,exact_match,1,none,exact,0,0,INT-HISTORICAL-000279,SET-HISTORICAL-000279
LBL-HISTORICAL-000280,historical,,exact_match,1,none,exact,0,0,INT-HISTORICAL-000280,SET-HISTORICAL-000280
LBL-HISTORICAL-000281,historical,,exact_match,1,none,exact,0,0,INT-HISTORICAL-000281,SET-HISTORICAL-000281
LBL-HISTORICAL-000282,historical,,exact_match,1,none,exact,0,0,INT-HISTORICAL-000282,SET-HISTORICAL-000282
LBL-HISTORICAL-000283,historical,,exact_match,1,none,exact,0,0,INT-HISTORICAL-000283,SET-HISTORICAL-000283
LBL-HISTORICAL-000284,historical,,exact_match,1,none,exact,0,0,INT-HISTORICAL-000284,SET-HISTORICAL-000284
LBL-HISTORICAL-000285,historical,,processing_fee,1,processor_fee,amount_tolerance,2,0,INT-HISTORICAL-000285,SET-HISTORICAL-000285
LBL-HISTORICAL-000286,historical,,exact_match,1,none,exact,0,0,INT-HISTORICAL-000286,SET-HISTORICAL-000286
LBL-HISTORICAL-000287,historical,,exact_match,1,none,exact,0,0,INT-HISTORICAL-000287,SET-HISTORICAL-000287
LBL-HISTORICAL-000288,historical,,exact_match,1,none,exact,0,0,INT-HISTORICAL-000288,SET-HISTORICAL-000288
LBL-HISTORICAL-000289,historical,,exact_match,1,none,exact,0,0,INT-HISTORICAL-000289,SET-HISTORICAL-000289
LBL-HISTORICAL-000290,historical,,processing_fee,1,processor_fee,amount_tolerance,1,0,INT-HISTORICAL-000290,SET-HISTORICAL-000290
LBL-HISTORICAL-000291,historical,,exact_match,1,none,exact,0,0,INT-HISTORICAL-000291,SET-HISTORICAL-000291
LBL-HISTORICAL-000292,historical,,exact_match,1,none,exact,0,0,INT-HISTORICAL-000292,SET-HISTORICAL-000292
LBL-HISTORICAL-000293,historical,,settlement_delay,1,t_plus_delay,date_tolerance,0,1,INT-HISTORICAL-000293,SET-HISTORICAL-000293
LBL-HISTORICAL-000294,historical,,exact_match,1,none,exact,0,0,INT-HISTORICAL-000294,SET-HISTORICAL-000294
LBL-HISTORICAL-000295,historical,,processing_fee,1,processor_fee,amount_tolerance,5,0,INT-HISTORICAL-000295,SET-HISTORICAL-000295
LBL-HISTORICAL-000296,historical,,exact_match,1,none,exact,0,0,INT-HISTORICAL-000296,SET-HISTORICAL-000296
LBL-HISTORICAL-000297,historical,,exact_match,1,none,exact,0,0,INT-HISTORICAL-000297,SET-HISTORICAL-000297
LBL-HISTORICAL-000298,historical,,exact_match,1,none,exact,0,0,INT-HISTORICAL-000298,SET-HISTORICAL-000298
LBL-HISTORICAL-000299,historical,,exact_match,1,none,exact,0,0,INT-HISTORICAL-000299,SET-HISTORICAL-000299
LBL-HISTORICAL-000300,historical,,reference_format,1,reference_normalization,reference_normalization,0,0,INT-HISTORICAL-000300,SET-HISTORICAL-000300
LBL-HISTORICAL-000301,historical,,exact_match,1,none,exact,0,0,INT-HISTORICAL-000301,SET-HISTORICAL-000301
LBL-HISTORICAL-000302,historical,,exact_match,1,none,exact,0,0,INT-HISTORICAL-000302,SET-HISTORICAL-000302
LBL-HISTORICAL-000303,historical,,exact_match,1,none,exact,0,0,INT-HISTORICAL-000303,SET-HISTORICAL-000303
LBL-HISTORICAL-000304,historical,,exact_match,1,none,exact,0,0,INT-HISTORICAL-000304,SET-HISTORICAL-000304
LBL-HISTORICAL-000305,historical,,duplicate_processor_record,1,duplicate,dedupe_then_match,0,0,INT-HISTORICAL-000305,SET-HISTORICAL-000305
LBL-HISTORICAL-000306,historical,,processing_fee,1,processor_fee,amount_tolerance,1,0,INT-HISTORICAL-000306,SET-HISTORICAL-000306
LBL-HISTORICAL-000307,historical,,exact_match,1,none,exact,0,0,INT-HISTORICAL-000307,SET-HISTORICAL-000307
LBL-HISTORICAL-000308,historical,,exact_match,1,none,exact,0,0,INT-HISTORICAL-000308,SET-HISTORICAL-000308
LBL-HISTORICAL-000309,historical,,processing_fee,1,processor_fee,amount_tolerance,2,0,INT-HISTORICAL-000309,SET-HISTORICAL-000309
LBL-HISTORICAL-000310,historical,,true_amount_mismatch,0,true_amount_mismatch,do_not_match,0,0,INT-HISTORICAL-000310,SET-HISTORICAL-000310
LBL-HISTORICAL-000311,historical,,settlement_delay,1,t_plus_delay,date_tolerance,0,1,INT-HISTORICAL-000311,SET-HISTORICAL-000311
LBL-HISTORICAL-000312,historical,,processing_fee,1,processor_fee,amount_tolerance,1,0,INT-HISTORICAL-000312,SET-HISTORICAL-000312
LBL-HISTORICAL-000313,historical,,exact_match,1,none,exact,0,0,INT-HISTORICAL-000313,SET-HISTORICAL-000313
LBL-HISTORICAL-000314,historical,,exact_match,1,none,exact,0,0,INT-HISTORICAL-000314,SET-HISTORICAL-000314
LBL-HISTORICAL-000315,historical,,exact_match,1,none,exact,0,0,INT-HISTORICAL-000315,SET-HISTORICAL-000315
LBL-HISTORICAL-000316,historical,,exact_match,1,none,exact,0,0,INT-HISTORICAL-000316,SET-HISTORICAL-000316
LBL-HISTORICAL-000317,historical,,processing_fee,1,processor_fee,amount_tolerance,1,0,INT-HISTORICAL-000317,SET-HISTORICAL-000317
LBL-HISTORICAL-000318,historical,,exact_match,1,none,exact,0,0,INT-HISTORICAL-000318,SET-HISTORICAL-000318
LBL-HISTORICAL-000319,historical,,exact_match,1,none,exact,0,0,INT-HISTORICAL-000319,SET-HISTORICAL-000319
LBL-HISTORICAL-000320,historical,,exact_match,1,none,exact,0,0,INT-HISTORICAL-000320,SET-HISTORICAL-000320
LBL-HISTORICAL-000321,historical,,exact_match,1,none,exact,0,0,INT-HISTORICAL-000321,SET-HISTORICAL-000321
LBL-HISTORICAL-000322,historical,,exact_match,1,none,exact,0,0,INT-HISTORICAL-000322,SET-HISTORICAL-000322
LBL-HISTORICAL-000323,historical,,exact_match,1,none,exact,0,0,INT-HISTORICAL-000323,SET-HISTORICAL-000323
LBL-HISTORICAL-000324,historical,,exact_match,1,none,exact,0,0,INT-HISTORICAL-000324,SET-HISTORICAL-000324
LBL-HISTORICAL-000325,historical,,processing_fee,1,processor_fee,amount_tolerance,2,0,INT-HISTORICAL-000325,SET-HISTORICAL-000325
LBL-HISTORICAL-000326,historical,,exact_match,1,none,exact,0,0,INT-HISTORICAL-000326,SET-HISTORICAL-000326
LBL-HISTORICAL-000327,historical,,exact_match,1,none,exact,0,0,INT-HISTORICAL-000327,SET-HISTORICAL-000327
LBL-HISTORICAL-000328,historical,,exact_match,1,none,exact,0,0,INT-HISTORICAL-000328,SET-HISTORICAL-000328
LBL-HISTORICAL-000329,historical,,exact_match,1,none,exact,0,0,INT-HISTORICAL-000329,SET-HISTORICAL-000329
LBL-HISTORICAL-000330,historical,,exact_match,1,none,exact,0,0,INT-HISTORICAL-000330,SET-HISTORICAL-000330
LBL-HISTORICAL-000331,historical,,exact_match,1,none,exact,0,0,INT-HISTORICAL-000331,SET-HISTORICAL-000331
LBL-HISTORICAL-000332,historical,,exact_match,1,none,exact,0,0,INT-HISTORICAL-000332,SET-HISTORICAL-000332
LBL-HISTORICAL-000333,historical,,duplicate_processor_record,1,duplicate,dedupe_then_match,0,0,INT-HISTORICAL-000333,SET-HISTORICAL-000333
LBL-HISTORICAL-000334,historical,,exact_match,1,none,exact,0,0,INT-HISTORICAL-000334,SET-HISTORICAL-000334
LBL-HISTORICAL-000335,historical,,exact_match,1,none,exact,0,0,INT-HISTORICAL-000335,SET-HISTORICAL-000335
LBL-HISTORICAL-000336,historical,,exact_match,1,none,exact,0,0,INT-HISTORICAL-000336,SET-HISTORICAL-000336
LBL-HISTORICAL-000337,historical,,true_amount_mismatch,0,true_amount_mismatch,do_not_match,0,0,INT-HISTORICAL-000337,SET-HISTORICAL-000337
LBL-HISTORICAL-000338,historical,,exact_match,1,none,exact,0,0,INT-HISTORICAL-000338,SET-HISTORICAL-000338
LBL-HISTORICAL-000339,historical,,settlement_delay,1,t_plus_delay,date_tolerance,0,1,INT-HISTORICAL-000339,SET-HISTORICAL-000339
LBL-HISTORICAL-000340,historical,,exact_match,1,none,exact,0,0,INT-HISTORICAL-000340,SET-HISTORICAL-000340
LBL-HISTORICAL-000341,historical,,exact_match,1,none,exact,0,0,INT-HISTORICAL-000341,SET-HISTORICAL-000341
LBL-HISTORICAL-000342,historical,,settlement_delay,1,t_plus_delay,date_tolerance,0,2,INT-HISTORICAL-000342,SET-HISTORICAL-000342
LBL-HISTORICAL-000343,historical,,exact_match,1,none,exact,0,0,INT-HISTORICAL-000343,SET-HISTORICAL-000343
LBL-HISTORICAL-000344,historical,,exact_match,1,none,exact,0,0,INT-HISTORICAL-000344,SET-HISTORICAL-000344
LBL-HISTORICAL-000345,historical,,currency_mismatch,0,currency_mismatch,do_not_match,0,0,INT-HISTORICAL-000345,SET-HISTORICAL-000345
LBL-HISTORICAL-000346,historical,,processing_fee,1,processor_fee,amount_tolerance,2,0,INT-HISTORICAL-000346,SET-HISTORICAL-000346
LBL-HISTORICAL-000347,historical,,exact_match,1,none,exact,0,0,INT-HISTORICAL-000347,SET-HISTORICAL-000347
LBL-HISTORICAL-000348,historical,,exact_match,1,none,exact,0,0,INT-HISTORICAL-000348,SET-HISTORICAL-000348
LBL-HISTORICAL-000349,historical,,settlement_delay,1,t_plus_delay,date_tolerance,0,1,INT-HISTORICAL-000349,SET-HISTORICAL-000349
LBL-HISTORICAL-000350,historical,,exact_match,1,none,exact,0,0,INT-HISTORICAL-000350,SET-HISTORICAL-000350
LBL-HISTORICAL-000351,historical,,exact_match,1,none,exact,0,0,INT-HISTORICAL-000351,SET-HISTORICAL-000351
LBL-HISTORICAL-000352,historical,,exact_match,1,none,exact,0,0,INT-HISTORICAL-000352,SET-HISTORICAL-000352
LBL-HISTORICAL-000353,historical,,exact_match,1,none,exact,0,0,INT-HISTORICAL-000353,SET-HISTORICAL-000353
LBL-HISTORICAL-000354,historical,,exact_match,1,none,exact,0,0,INT-HISTORICAL-000354,SET-HISTORICAL-000354
LBL-HISTORICAL-000355,historical,,currency_mismatch,0,currency_mismatch,do_not_match,0,0,INT-HISTORICAL-000355,SET-HISTORICAL-000355
LBL-HISTORICAL-000356,historical,,exact_match,1,none,exact,0,0,INT-HISTORICAL-000356,SET-HISTORICAL-000356
LBL-HISTORICAL-000357,historical,,exact_match,1,none,exact,0,0,INT-HISTORICAL-000357,SET-HISTORICAL-000357
LBL-HISTORICAL-000358,historical,,processing_fee,1,processor_fee,amount_tolerance,1,0,INT-HISTORICAL-000358,SET-HISTORICAL-000358
LBL-HISTORICAL-000359,historical,,exact_match,1,none,exact,0,0,INT-HISTORICAL-000359,SET-HISTORICAL-000359
LBL-HISTORICAL-000360,historical,,exact_match,1,none,exact,0,0,INT-HISTORICAL-000360,SET-HISTORICAL-000360
LBL-HISTORICAL-000361,historical,,exact_match,1,none,exact,0,0,INT-HISTORICAL-000361,SET-HISTORICAL-000361
LBL-HISTORICAL-000362,historical,,exact_match,1,none,exact,0,0,INT-HISTORICAL-000362,SET-HISTORICAL-000362
LBL-HISTORICAL-000363,historical,,settlement_delay,1,t_plus_delay,date_tolerance,0,1,INT-HISTORICAL-000363,SET-HISTORICAL-000363
LBL-HISTORICAL-000364,historical,,exact_match,1,none,exact,0,0,INT-HISTORICAL-000364,SET-HISTORICAL-000364
LBL-HISTORICAL-000365,historical,,rounding_difference,1,rounding,amount_tolerance,0,0,INT-HISTORICAL-000365,SET-HISTORICAL-000365
LBL-HISTORICAL-000366,historical,,exact_match,1,none,exact,0,0,INT-HISTORICAL-000366,SET-HISTORICAL-000366
LBL-HISTORICAL-000367,historical,,exact_match,1,none,exact,0,0,INT-HISTORICAL-000367,SET-HISTORICAL-000367
LBL-HISTORICAL-000368,historical,,processing_fee,1,processor_fee,amount_tolerance,5,0,INT-HISTORICAL-000368,SET-HISTORICAL-000368
LBL-HISTORICAL-000369,historical,,exact_match,1,none,exact,0,0,INT-HISTORICAL-000369,SET-HISTORICAL-000369
LBL-HISTORICAL-000370,historical,,exact_match,1,none,exact,0,0,INT-HISTORICAL-000370,SET-HISTORICAL-000370
LBL-HISTORICAL-000371,historical,,exact_match,1,none,exact,0,0,INT-HISTORICAL-000371,SET-HISTORICAL-000371
LBL-HISTORICAL-000372,historical,,processing_fee,1,processor_fee,amount_tolerance,2,0,INT-HISTORICAL-000372,SET-HISTORICAL-000372
LBL-HISTORICAL-000373,historical,,exact_match,1,none,exact,0,0,INT-HISTORICAL-000373,SET-HISTORICAL-000373
LBL-HISTORICAL-000374,historical,,processing_fee,1,processor_fee,amount_tolerance,1,0,INT-HISTORICAL-000374,SET-HISTORICAL-000374
LBL-HISTORICAL-000375,historical,,processing_fee,1,processor_fee,amount_tolerance,3,0,INT-HISTORICAL-000375,SET-HISTORICAL-000375
LBL-HISTORICAL-000376,historical,,exact_match,1,none,exact,0,0,INT-HISTORICAL-000376,SET-HISTORICAL-000376
LBL-HISTORICAL-000377,historical,,rounding_difference,1,rounding,amount_tolerance,0,0,INT-HISTORICAL-000377,SET-HISTORICAL-000377
LBL-HISTORICAL-000378,historical,,processing_fee,1,processor_fee,amount_tolerance,3,0,INT-HISTORICAL-000378,SET-HISTORICAL-000378
LBL-HISTORICAL-000379,historical,,exact_match,1,none,exact,0,0,INT-HISTORICAL-000379,SET-HISTORICAL-000379
LBL-HISTORICAL-000380,historical,,exact_match,1,none,exact,0,0,INT-HISTORICAL-000380,SET-HISTORICAL-000380
LBL-HISTORICAL-000381,historical,,exact_match,1,none,exact,0,0,INT-HISTORICAL-000381,SET-HISTORICAL-000381
LBL-HISTORICAL-000382,historical,,processing_fee,1,processor_fee,amount_tolerance,2,0,INT-HISTORICAL-000382,SET-HISTORICAL-000382
LBL-HISTORICAL-000383,historical,,settlement_delay,1,t_plus_delay,date_tolerance,0,1,INT-HISTORICAL-000383,SET-HISTORICAL-000383
LBL-HISTORICAL-000384,historical,,exact_match,1,none,exact,0,0,INT-HISTORICAL-000384,SET-HISTORICAL-000384
LBL-HISTORICAL-000385,historical,,reference_format,1,reference_normalization,reference_normalization,0,0,INT-HISTORICAL-000385,SET-HISTORICAL-000385
LBL-HISTORICAL-000386,historical,,exact_match,1,none,exact,0,0,INT-HISTORICAL-000386,SET-HISTORICAL-000386
LBL-HISTORICAL-000387,historical,,exact_match,1,none,exact,0,0,INT-HISTORICAL-000387,SET-HISTORICAL-000387
LBL-HISTORICAL-000388,historical,,exact_match,1,none,exact,0,0,INT-HISTORICAL-000388,SET-HISTORICAL-000388
LBL-HISTORICAL-000389,historical,,exact_match,1,none,exact,0,0,INT-HISTORICAL-000389,SET-HISTORICAL-000389
LBL-HISTORICAL-000390,historical,,processing_fee,1,processor_fee,amount_tolerance,2,0,INT-HISTORICAL-000390,SET-HISTORICAL-000390
LBL-HISTORICAL-000391,historical,,exact_match,1,none,exact,0,0,INT-HISTORICAL-000391,SET-HISTORICAL-000391
LBL-HISTORICAL-000392,historical,,exact_match,1,none,exact,0,0,INT-HISTORICAL-000392,SET-HISTORICAL-000392
LBL-HISTORICAL-000393,historical,,exact_match,1,none,exact,0,0,INT-HISTORICAL-000393,SET-HISTORICAL-000393
LBL-HISTORICAL-000394,historical,,exact_match,1,none,exact,0,0,INT-HISTORICAL-000394,SET-HISTORICAL-000394
LBL-HISTORICAL-000395,historical,,exact_match,1,none,exact,0,0,INT-HISTORICAL-000395,SET-HISTORICAL-000395
LBL-HISTORICAL-000396,historical,,exact_match,1,none,exact,0,0,INT-HISTORICAL-000396,SET-HISTORICAL-000396
LBL-HISTORICAL-000397,historical,,exact_match,1,none,exact,0,0,INT-HISTORICAL-000397,SET-HISTORICAL-000397
LBL-HISTORICAL-000398,historical,,processing_fee,1,processor_fee,amount_tolerance,2,0,INT-HISTORICAL-000398,SET-HISTORICAL-000398
LBL-HISTORICAL-000399,historical,,true_amount_mismatch,0,true_amount_mismatch,do_not_match,0,0,INT-HISTORICAL-000399,SET-HISTORICAL-000399
LBL-HISTORICAL-000400,historical,,exact_match,1,none,exact,0,0,INT-HISTORICAL-000400,SET-HISTORICAL-000400
LBL-HISTORICAL-000401,historical,,exact_match,1,none,exact,0,0,INT-HISTORICAL-000401,SET-HISTORICAL-000401
LBL-HISTORICAL-000402,historical,,true_amount_mismatch,0,true_amount_mismatch,do_not_match,0,0,INT-HISTORICAL-000402,SET-HISTORICAL-000402
LBL-HISTORICAL-000403,historical,,settlement_delay,1,t_plus_delay,date_tolerance,0,2,INT-HISTORICAL-000403,SET-HISTORICAL-000403
LBL-HISTORICAL-000404,historical,,rounding_difference,1,rounding,amount_tolerance,0,0,INT-HISTORICAL-000404,SET-HISTORICAL-000404
LBL-HISTORICAL-000405,historical,,exact_match,1,none,exact,0,0,INT-HISTORICAL-000405,SET-HISTORICAL-000405
LBL-HISTORICAL-000406,historical,,exact_match,1,none,exact,0,0,INT-HISTORICAL-000406,SET-HISTORICAL-000406
LBL-HISTORICAL-000407,historical,,exact_match,1,none,exact,0,0,INT-HISTORICAL-000407,SET-HISTORICAL-000407
LBL-HISTORICAL-000408,historical,,processing_fee,1,processor_fee,amount_tolerance,1,0,INT-HISTORICAL-000408,SET-HISTORICAL-000408
LBL-HISTORICAL-000409,historical,,exact_match,1,none,exact,0,0,INT-HISTORICAL-000409,SET-HISTORICAL-000409
LBL-HISTORICAL-000410,historical,,exact_match,1,none,exact,0,0,INT-HISTORICAL-000410,SET-HISTORICAL-000410
LBL-HISTORICAL-000411,historical,,exact_match,1,none,exact,0,0,INT-HISTORICAL-000411,SET-HISTORICAL-000411
LBL-HISTORICAL-000412,historical,,processing_fee,1,processor_fee,amount_tolerance,5,0,INT-HISTORICAL-000412,SET-HISTORICAL-000412
LBL-HISTORICAL-000413,historical,,exact_match,1,none,exact,0,0,INT-HISTORICAL-000413,SET-HISTORICAL-000413
LBL-HISTORICAL-000414,historical,,exact_match,1,none,exact,0,0,INT-HISTORICAL-000414,SET-HISTORICAL-000414
LBL-HISTORICAL-000415,historical,,processing_fee,1,processor_fee,amount_tolerance,1,0,INT-HISTORICAL-000415,SET-HISTORICAL-000415
LBL-HISTORICAL-000416,historical,,exact_match,1,none,exact,0,0,INT-HISTORICAL-000416,SET-HISTORICAL-000416
LBL-HISTORICAL-000417,historical,,exact_match,1,none,exact,0,0,INT-HISTORICAL-000417,SET-HISTORICAL-000417
LBL-HISTORICAL-000418,historical,,processing_fee,1,processor_fee,amount_tolerance,5,0,INT-HISTORICAL-000418,SET-HISTORICAL-000418
LBL-HISTORICAL-000419,historical,,processing_fee,1,processor_fee,amount_tolerance,3,0,INT-HISTORICAL-000419,SET-HISTORICAL-000419
LBL-HISTORICAL-000420,historical,,rounding_difference,1,rounding,amount_tolerance,0,0,INT-HISTORICAL-000420,SET-HISTORICAL-000420
LBL-HISTORICAL-000421,historical,,currency_mismatch,0,currency_mismatch,do_not_match,0,0,INT-HISTORICAL-000421,SET-HISTORICAL-000421
LBL-HISTORICAL-000422,historical,,exact_match,1,none,exact,0,0,INT-HISTORICAL-000422,SET-HISTORICAL-000422
LBL-HISTORICAL-000423,historical,,exact_match,1,none,exact,0,0,INT-HISTORICAL-000423,SET-HISTORICAL-000423
LBL-HISTORICAL-000424,historical,,exact_match,1,none,exact,0,0,INT-HISTORICAL-000424,SET-HISTORICAL-000424
LBL-HISTORICAL-000425,historical,,exact_match,1,none,exact,0,0,INT-HISTORICAL-000425,SET-HISTORICAL-000425
LBL-HISTORICAL-000426,historical,,reference_format,1,reference_normalization,reference_normalization,0,0,INT-HISTORICAL-000426,SET-HISTORICAL-000426
LBL-HISTORICAL-000427,historical,,exact_match,1,none,exact,0,0,INT-HISTORICAL-000427,SET-HISTORICAL-000427
LBL-HISTORICAL-000428,historical,,processing_fee,1,processor_fee,amount_tolerance,2,0,INT-HISTORICAL-000428,SET-HISTORICAL-000428
LBL-HISTORICAL-000429,historical,,exact_match,1,none,exact,0,0,INT-HISTORICAL-000429,SET-HISTORICAL-000429
LBL-HISTORICAL-000430,historical,,exact_match,1,none,exact,0,0,INT-HISTORICAL-000430,SET-HISTORICAL-000430
LBL-HISTORICAL-000431,historical,,exact_match,1,none,exact,0,0,INT-HISTORICAL-000431,SET-HISTORICAL-000431
LBL-HISTORICAL-000432,historical,,exact_match,1,none,exact,0,0,INT-HISTORICAL-000432,SET-HISTORICAL-000432
LBL-HISTORICAL-000433,historical,,processing_fee,1,processor_fee,amount_tolerance,3,0,INT-HISTORICAL-000433,SET-HISTORICAL-000433
LBL-HISTORICAL-000434,historical,,exact_match,1,none,exact,0,0,INT-HISTORICAL-000434,SET-HISTORICAL-000434
LBL-HISTORICAL-000435,historical,,true_amount_mismatch,0,true_amount_mismatch,do_not_match,0,0,INT-HISTORICAL-000435,SET-HISTORICAL-000435
LBL-HISTORICAL-000436,historical,,exact_match,1,none,exact,0,0,INT-HISTORICAL-000436,SET-HISTORICAL-000436
LBL-HISTORICAL-000437,historical,,settlement_delay,1,t_plus_delay,date_tolerance,0,1,INT-HISTORICAL-000437,SET-HISTORICAL-000437
LBL-HISTORICAL-000438,historical,,exact_match,1,none,exact,0,0,INT-HISTORICAL-000438,SET-HISTORICAL-000438
LBL-HISTORICAL-000439,historical,,settlement_delay,1,t_plus_delay,date_tolerance,0,1,INT-HISTORICAL-000439,SET-HISTORICAL-000439
LBL-HISTORICAL-000440,historical,,exact_match,1,none,exact,0,0,INT-HISTORICAL-000440,SET-HISTORICAL-000440
LBL-HISTORICAL-000441,historical,,exact_match,1,none,exact,0,0,INT-HISTORICAL-000441,SET-HISTORICAL-000441
LBL-HISTORICAL-000442,historical,,exact_match,1,none,exact,0,0,INT-HISTORICAL-000442,SET-HISTORICAL-000442
LBL-HISTORICAL-000443,historical,,reference_format,1,reference_normalization,reference_normalization,0,0,INT-HISTORICAL-000443,SET-HISTORICAL-000443
LBL-HISTORICAL-000444,historical,,reference_format,1,reference_normalization,reference_normalization,0,0,INT-HISTORICAL-000444,SET-HISTORICAL-000444
LBL-HISTORICAL-000445,historical,,exact_match,1,none,exact,0,0,INT-HISTORICAL-000445,SET-HISTORICAL-000445
LBL-HISTORICAL-000446,historical,,exact_match,1,none,exact,0,0,INT-HISTORICAL-000446,SET-HISTORICAL-000446
LBL-HISTORICAL-000447,historical,,settlement_delay,1,t_plus_delay,date_tolerance,0,1,INT-HISTORICAL-000447,SET-HISTORICAL-000447
LBL-HISTORICAL-000448,historical,,settlement_delay,1,t_plus_delay,date_tolerance,0,2,INT-HISTORICAL-000448,SET-HISTORICAL-000448
LBL-HISTORICAL-000449,historical,,exact_match,1,none,exact,0,0,INT-HISTORICAL-000449,SET-HISTORICAL-000449
LBL-HISTORICAL-000450,historical,,exact_match,1,none,exact,0,0,INT-HISTORICAL-000450,SET-HISTORICAL-000450
LBL-HISTORICAL-000451,historical,,exact_match,1,none,exact,0,0,INT-HISTORICAL-000451,SET-HISTORICAL-000451
LBL-HISTORICAL-000452,historical,,exact_match,1,none,exact,0,0,INT-HISTORICAL-000452,SET-HISTORICAL-000452
LBL-HISTORICAL-000453,historical,,processing_fee,1,processor_fee,amount_tolerance,3,0,INT-HISTORICAL-000453,SET-HISTORICAL-000453
LBL-HISTORICAL-000454,historical,,settlement_delay,1,t_plus_delay,date_tolerance,0,1,INT-HISTORICAL-000454,SET-HISTORICAL-000454
LBL-HISTORICAL-000455,historical,,exact_match,1,none,exact,0,0,INT-HISTORICAL-000455,SET-HISTORICAL-000455
LBL-HISTORICAL-000456,historical,,exact_match,1,none,exact,0,0,INT-HISTORICAL-000456,SET-HISTORICAL-000456
LBL-HISTORICAL-000457,historical,,exact_match,1,none,exact,0,0,INT-HISTORICAL-000457,SET-HISTORICAL-000457
LBL-HISTORICAL-000458,historical,,exact_match,1,none,exact,0,0,INT-HISTORICAL-000458,SET-HISTORICAL-000458
LBL-HISTORICAL-000459,historical,,processing_fee,1,processor_fee,amount_tolerance,1,0,INT-HISTORICAL-000459,SET-HISTORICAL-000459
LBL-HISTORICAL-000460,historical,,processing_fee,1,processor_fee,amount_tolerance,1,0,INT-HISTORICAL-000460,SET-HISTORICAL-000460
LBL-HISTORICAL-000461,historical,,exact_match,1,none,exact,0,0,INT-HISTORICAL-000461,SET-HISTORICAL-000461
LBL-HISTORICAL-000462,historical,,exact_match,1,none,exact,0,0,INT-HISTORICAL-000462,SET-HISTORICAL-000462
LBL-HISTORICAL-000463,historical,,rounding_difference,1,rounding,amount_tolerance,0,0,INT-HISTORICAL-000463,SET-HISTORICAL-000463
LBL-HISTORICAL-000464,historical,,exact_match,1,none,exact,0,0,INT-HISTORICAL-000464,SET-HISTORICAL-000464
LBL-HISTORICAL-000465,historical,,exact_match,1,none,exact,0,0,INT-HISTORICAL-000465,SET-HISTORICAL-000465
LBL-HISTORICAL-000466,historical,,processing_fee,1,processor_fee,amount_tolerance,3,0,INT-HISTORICAL-000466,SET-HISTORICAL-000466
LBL-HISTORICAL-000467,historical,,exact_match,1,none,exact,0,0,INT-HISTORICAL-000467,SET-HISTORICAL-000467
LBL-HISTORICAL-000468,historical,,exact_match,1,none,exact,0,0,INT-HISTORICAL-000468,SET-HISTORICAL-000468
LBL-HISTORICAL-000469,historical,,settlement_delay,1,t_plus_delay,date_tolerance,0,2,INT-HISTORICAL-000469,SET-HISTORICAL-000469
LBL-HISTORICAL-000470,historical,,settlement_delay,1,t_plus_delay,date_tolerance,0,1,INT-HISTORICAL-000470,SET-HISTORICAL-000470
LBL-HISTORICAL-000471,historical,,exact_match,1,none,exact,0,0,INT-HISTORICAL-000471,SET-HISTORICAL-000471
LBL-HISTORICAL-000472,historical,,exact_match,1,none,exact,0,0,INT-HISTORICAL-000472,SET-HISTORICAL-000472
LBL-HISTORICAL-000473,historical,,exact_match,1,none,exact,0,0,INT-HISTORICAL-000473,SET-HISTORICAL-000473
LBL-HISTORICAL-000474,historical,,exact_match,1,none,exact,0,0,INT-HISTORICAL-000474,SET-HISTORICAL-000474
LBL-HISTORICAL-000475,historical,,exact_match,1,none,exact,0,0,INT-HISTORICAL-000475,SET-HISTORICAL-000475
LBL-HISTORICAL-000476,historical,,processing_fee,1,processor_fee,amount_tolerance,5,0,INT-HISTORICAL-000476,SET-HISTORICAL-000476
LBL-HISTORICAL-000477,historical,,processing_fee,1,processor_fee,amount_tolerance,1,0,INT-HISTORICAL-000477,SET-HISTORICAL-000477
LBL-HISTORICAL-000478,historical,,settlement_delay,1,t_plus_delay,date_tolerance,0,2,INT-HISTORICAL-000478,SET-HISTORICAL-000478
LBL-HISTORICAL-000479,historical,,exact_match,1,none,exact,0,0,INT-HISTORICAL-000479,SET-HISTORICAL-000479
LBL-HISTORICAL-000480,historical,,exact_match,1,none,exact,0,0,INT-HISTORICAL-000480,SET-HISTORICAL-000480
LBL-HISTORICAL-000481,historical,,processing_fee,1,processor_fee,amount_tolerance,1,0,INT-HISTORICAL-000481,SET-HISTORICAL-000481
LBL-HISTORICAL-000482,historical,,settlement_delay,1,t_plus_delay,date_tolerance,0,2,INT-HISTORICAL-000482,SET-HISTORICAL-000482
LBL-HISTORICAL-000483,historical,,exact_match,1,none,exact,0,0,INT-HISTORICAL-000483,SET-HISTORICAL-000483
LBL-HISTORICAL-000484,historical,,exact_match,1,none,exact,0,0,INT-HISTORICAL-000484,SET-HISTORICAL-000484
LBL-HISTORICAL-000485,historical,,processing_fee,1,processor_fee,amount_tolerance,3,0,INT-HISTORICAL-000485,SET-HISTORICAL-000485
LBL-HISTORICAL-000486,historical,,currency_mismatch,0,currency_mismatch,do_not_match,0,0,INT-HISTORICAL-000486,SET-HISTORICAL-000486
LBL-HISTORICAL-000487,historical,,duplicate_processor_record,1,duplicate,dedupe_then_match,0,0,INT-HISTORICAL-000487,SET-HISTORICAL-000487
LBL-HISTORICAL-000488,historical,,exact_match,1,none,exact,0,0,INT-HISTORICAL-000488,SET-HISTORICAL-000488
LBL-HISTORICAL-000489,historical,,exact_match,1,none,exact,0,0,INT-HISTORICAL-000489,SET-HISTORICAL-000489
LBL-HISTORICAL-000490,historical,,processing_fee,1,processor_fee,amount_tolerance,5,0,INT-HISTORICAL-000490,SET-HISTORICAL-000490
LBL-HISTORICAL-000491,historical,,rounding_difference,1,rounding,amount_tolerance,0,0,INT-HISTORICAL-000491,SET-HISTORICAL-000491
LBL-HISTORICAL-000492,historical,,exact_match,1,none,exact,0,0,INT-HISTORICAL-000492,SET-HISTORICAL-000492
LBL-HISTORICAL-000493,historical,,rounding_difference,1,rounding,amount_tolerance,0,0,INT-HISTORICAL-000493,SET-HISTORICAL-000493
LBL-HISTORICAL-000494,historical,,settlement_delay,1,t_plus_delay,date_tolerance,0,2,INT-HISTORICAL-000494,SET-HISTORICAL-000494
LBL-HISTORICAL-000495,historical,,exact_match,1,none,exact,0,0,INT-HISTORICAL-000495,SET-HISTORICAL-000495
LBL-HISTORICAL-000496,historical,,exact_match,1,none,exact,0,0,INT-HISTORICAL-000496,SET-HISTORICAL-000496
LBL-HISTORICAL-000497,historical,,exact_match,1,none,exact,0,0,INT-HISTORICAL-000497,SET-HISTORICAL-000497
LBL-HISTORICAL-000498,historical,,reference_format,1,reference_normalization,reference_normalization,0,0,INT-HISTORICAL-000498,SET-HISTORICAL-000498
LBL-HISTORICAL-000499,historical,,processing_fee,1,processor_fee,amount_tolerance,1,0,INT-HISTORICAL-000499,SET-HISTORICAL-000499
LBL-HISTORICAL-000500,historical,,reference_format,1,reference_normalization,reference_normalization,0,0,INT-HISTORICAL-000500,SET-HISTORICAL-000500
LBL-HISTORICAL-000501,historical,,exact_match,1,none,exact,0,0,INT-HISTORICAL-000501,SET-HISTORICAL-000501
LBL-HISTORICAL-000502,historical,,exact_match,1,none,exact,0,0,INT-HISTORICAL-000502,SET-HISTORICAL-000502
LBL-HISTORICAL-000503,historical,,exact_match,1,none,exact,0,0,INT-HISTORICAL-000503,SET-HISTORICAL-000503
LBL-HISTORICAL-000504,historical,,exact_match,1,none,exact,0,0,INT-HISTORICAL-000504,SET-HISTORICAL-000504
LBL-HISTORICAL-000505,historical,,exact_match,1,none,exact,0,0,INT-HISTORICAL-000505,SET-HISTORICAL-000505
LBL-HISTORICAL-000506,historical,,settlement_delay,1,t_plus_delay,date_tolerance,0,2,INT-HISTORICAL-000506,SET-HISTORICAL-000506
LBL-HISTORICAL-000507,historical,,processing_fee,1,processor_fee,amount_tolerance,3,0,INT-HISTORICAL-000507,SET-HISTORICAL-000507
LBL-HISTORICAL-000508,historical,,exact_match,1,none,exact,0,0,INT-HISTORICAL-000508,SET-HISTORICAL-000508
LBL-HISTORICAL-000509,historical,,reference_format,1,reference_normalization,reference_normalization,0,0,INT-HISTORICAL-000509,SET-HISTORICAL-000509
LBL-HISTORICAL-000510,historical,,exact_match,1,none,exact,0,0,INT-HISTORICAL-000510,SET-HISTORICAL-000510
LBL-HISTORICAL-000511,historical,,exact_match,1,none,exact,0,0,INT-HISTORICAL-000511,SET-HISTORICAL-000511
LBL-HISTORICAL-000512,historical,,exact_match,1,none,exact,0,0,INT-HISTORICAL-000512,SET-HISTORICAL-000512
LBL-HISTORICAL-000513,historical,,reference_format,1,reference_normalization,reference_normalization,0,0,INT-HISTORICAL-000513,SET-HISTORICAL-000513
LBL-HISTORICAL-000514,historical,,exact_match,1,none,exact,0,0,INT-HISTORICAL-000514,SET-HISTORICAL-000514
LBL-HISTORICAL-000515,historical,,exact_match,1,none,exact,0,0,INT-HISTORICAL-000515,SET-HISTORICAL-000515
LBL-HISTORICAL-000516,historical,,exact_match,1,none,exact,0,0,INT-HISTORICAL-000516,SET-HISTORICAL-000516
LBL-HISTORICAL-000517,historical,,reference_format,1,reference_normalization,reference_normalization,0,0,INT-HISTORICAL-000517,SET-HISTORICAL-000517
LBL-HISTORICAL-000518,historical,,exact_match,1,none,exact,0,0,INT-HISTORICAL-000518,SET-HISTORICAL-000518
LBL-HISTORICAL-000519,historical,,exact_match,1,none,exact,0,0,INT-HISTORICAL-000519,SET-HISTORICAL-000519
LBL-HISTORICAL-000520,historical,,exact_match,1,none,exact,0,0,INT-HISTORICAL-000520,SET-HISTORICAL-000520
LBL-HISTORICAL-000521,historical,,exact_match,1,none,exact,0,0,INT-HISTORICAL-000521,SET-HISTORICAL-000521
LBL-HISTORICAL-000522,historical,,settlement_delay,1,t_plus_delay,date_tolerance,0,1,INT-HISTORICAL-000522,SET-HISTORICAL-000522
LBL-HISTORICAL-000523,historical,,true_amount_mismatch,0,true_amount_mismatch,do_not_match,0,0,INT-HISTORICAL-000523,SET-HISTORICAL-000523
LBL-HISTORICAL-000524,historical,,exact_match,1,none,exact,0,0,INT-HISTORICAL-000524,SET-HISTORICAL-000524
LBL-HISTORICAL-000525,historical,,exact_match,1,none,exact,0,0,INT-HISTORICAL-000525,SET-HISTORICAL-000525
LBL-HISTORICAL-000526,historical,,reference_format,1,reference_normalization,reference_normalization,0,0,INT-HISTORICAL-000526,SET-HISTORICAL-000526
LBL-HISTORICAL-000527,historical,,exact_match,1,none,exact,0,0,INT-HISTORICAL-000527,SET-HISTORICAL-000527
LBL-HISTORICAL-000528,historical,,exact_match,1,none,exact,0,0,INT-HISTORICAL-000528,SET-HISTORICAL-000528
LBL-HISTORICAL-000529,historical,,exact_match,1,none,exact,0,0,INT-HISTORICAL-000529,SET-HISTORICAL-000529
LBL-HISTORICAL-000530,historical,,exact_match,1,none,exact,0,0,INT-HISTORICAL-000530,SET-HISTORICAL-000530
LBL-HISTORICAL-000531,historical,,exact_match,1,none,exact,0,0,INT-HISTORICAL-000531,SET-HISTORICAL-000531
LBL-HISTORICAL-000532,historical,,exact_match,1,none,exact,0,0,INT-HISTORICAL-000532,SET-HISTORICAL-000532
LBL-HISTORICAL-000533,historical,,exact_match,1,none,exact,0,0,INT-HISTORICAL-000533,SET-HISTORICAL-000533
LBL-HISTORICAL-000534,historical,,exact_match,1,none,exact,0,0,INT-HISTORICAL-000534,SET-HISTORICAL-000534
LBL-HISTORICAL-000535,historical,,duplicate_processor_record,1,duplicate,dedupe_then_match,0,0,INT-HISTORICAL-000535,SET-HISTORICAL-000535
LBL-HISTORICAL-000536,historical,,reference_format,1,reference_normalization,reference_normalization,0,0,INT-HISTORICAL-000536,SET-HISTORICAL-000536
LBL-HISTORICAL-000537,historical,,processing_fee,1,processor_fee,amount_tolerance,3,0,INT-HISTORICAL-000537,SET-HISTORICAL-000537
LBL-HISTORICAL-000538,historical,,exact_match,1,none,exact,0,0,INT-HISTORICAL-000538,SET-HISTORICAL-000538
LBL-HISTORICAL-000539,historical,,exact_match,1,none,exact,0,0,INT-HISTORICAL-000539,SET-HISTORICAL-000539
LBL-HISTORICAL-000540,historical,,settlement_delay,1,t_plus_delay,date_tolerance,0,1,INT-HISTORICAL-000540,SET-HISTORICAL-000540
LBL-HISTORICAL-000541,historical,,duplicate_processor_record,1,duplicate,dedupe_then_match,0,0,INT-HISTORICAL-000541,SET-HISTORICAL-000541
LBL-HISTORICAL-000542,historical,,exact_match,1,none,exact,0,0,INT-HISTORICAL-000542,SET-HISTORICAL-000542
LBL-HISTORICAL-000543,historical,,exact_match,1,none,exact,0,0,INT-HISTORICAL-000543,SET-HISTORICAL-000543
LBL-HISTORICAL-000544,historical,,settlement_delay,1,t_plus_delay,date_tolerance,0,2,INT-HISTORICAL-000544,SET-HISTORICAL-000544
LBL-HISTORICAL-000545,historical,,exact_match,1,none,exact,0,0,INT-HISTORICAL-000545,SET-HISTORICAL-000545
LBL-HISTORICAL-000546,historical,,exact_match,1,none,exact,0,0,INT-HISTORICAL-000546,SET-HISTORICAL-000546
LBL-HISTORICAL-000547,historical,,exact_match,1,none,exact,0,0,INT-HISTORICAL-000547,SET-HISTORICAL-000547
LBL-HISTORICAL-000548,historical,,reference_format,1,reference_normalization,reference_normalization,0,0,INT-HISTORICAL-000548,SET-HISTORICAL-000548
LBL-HISTORICAL-000549,historical,,true_amount_mismatch,0,true_amount_mismatch,do_not_match,0,0,INT-HISTORICAL-000549,SET-HISTORICAL-000549
LBL-HISTORICAL-000550,historical,,exact_match,1,none,exact,0,0,INT-HISTORICAL-000550,SET-HISTORICAL-000550
LBL-HISTORICAL-000551,historical,,exact_match,1,none,exact,0,0,INT-HISTORICAL-000551,SET-HISTORICAL-000551
LBL-HISTORICAL-000552,historical,,reference_format,1,reference_normalization,reference_normalization,0,0,INT-HISTORICAL-000552,SET-HISTORICAL-000552
LBL-HISTORICAL-000553,historical,,exact_match,1,none,exact,0,0,INT-HISTORICAL-000553,SET-HISTORICAL-000553
LBL-HISTORICAL-000554,historical,,exact_match,1,none,exact,0,0,INT-HISTORICAL-000554,SET-HISTORICAL-000554
LBL-HISTORICAL-000555,historical,,exact_match,1,none,exact,0,0,INT-HISTORICAL-000555,SET-HISTORICAL-000555
LBL-HISTORICAL-000556,historical,,exact_match,1,none,exact,0,0,INT-HISTORICAL-000556,SET-HISTORICAL-000556
LBL-HISTORICAL-000557,historical,,exact_match,1,none,exact,0,0,INT-HISTORICAL-000557,SET-HISTORICAL-000557
LBL-HISTORICAL-000558,historical,,exact_match,1,none,exact,0,0,INT-HISTORICAL-000558,SET-HISTORICAL-000558
LBL-HISTORICAL-000559,historical,,processing_fee,1,processor_fee,amount_tolerance,5,0,INT-HISTORICAL-000559,SET-HISTORICAL-000559
LBL-HISTORICAL-000560,historical,,exact_match,1,none,exact,0,0,INT-HISTORICAL-000560,SET-HISTORICAL-000560
LBL-HISTORICAL-000561,historical,,exact_match,1,none,exact,0,0,INT-HISTORICAL-000561,SET-HISTORICAL-000561
LBL-HISTORICAL-000562,historical,,exact_match,1,none,exact,0,0,INT-HISTORICAL-000562,SET-HISTORICAL-000562
LBL-HISTORICAL-000563,historical,,exact_match,1,none,exact,0,0,INT-HISTORICAL-000563,SET-HISTORICAL-000563
LBL-HISTORICAL-000564,historical,,exact_match,1,none,exact,0,0,INT-HISTORICAL-000564,SET-HISTORICAL-000564
LBL-HISTORICAL-000565,historical,,processing_fee,1,processor_fee,amount_tolerance,1,0,INT-HISTORICAL-000565,SET-HISTORICAL-000565
LBL-HISTORICAL-000566,historical,,settlement_delay,1,t_plus_delay,date_tolerance,0,1,INT-HISTORICAL-000566,SET-HISTORICAL-000566
LBL-HISTORICAL-000567,historical,,exact_match,1,none,exact,0,0,INT-HISTORICAL-000567,SET-HISTORICAL-000567
LBL-HISTORICAL-000568,historical,,exact_match,1,none,exact,0,0,INT-HISTORICAL-000568,SET-HISTORICAL-000568
LBL-HISTORICAL-000569,historical,,exact_match,1,none,exact,0,0,INT-HISTORICAL-000569,SET-HISTORICAL-000569
LBL-HISTORICAL-000570,historical,,currency_mismatch,0,currency_mismatch,do_not_match,0,0,INT-HISTORICAL-000570,SET-HISTORICAL-000570
LBL-HISTORICAL-000571,historical,,processing_fee,1,processor_fee,amount_tolerance,2,0,INT-HISTORICAL-000571,SET-HISTORICAL-000571
LBL-HISTORICAL-000572,historical,,exact_match,1,none,exact,0,0,INT-HISTORICAL-000572,SET-HISTORICAL-000572
LBL-HISTORICAL-000573,historical,,exact_match,1,none,exact,0,0,INT-HISTORICAL-000573,SET-HISTORICAL-000573
LBL-HISTORICAL-000574,historical,,exact_match,1,none,exact,0,0,INT-HISTORICAL-000574,SET-HISTORICAL-000574
LBL-HISTORICAL-000575,historical,,exact_match,1,none,exact,0,0,INT-HISTORICAL-000575,SET-HISTORICAL-000575
LBL-HISTORICAL-000576,historical,,rounding_difference,1,rounding,amount_tolerance,0,0,INT-HISTORICAL-000576,SET-HISTORICAL-000576
LBL-HISTORICAL-000577,historical,,duplicate_processor_record,1,duplicate,dedupe_then_match,0,0,INT-HISTORICAL-000577,SET-HISTORICAL-000577
LBL-HISTORICAL-000578,historical,,settlement_delay,1,t_plus_delay,date_tolerance,0,2,INT-HISTORICAL-000578,SET-HISTORICAL-000578
LBL-HISTORICAL-000579,historical,,exact_match,1,none,exact,0,0,INT-HISTORICAL-000579,SET-HISTORICAL-000579
LBL-HISTORICAL-000580,historical,,exact_match,1,none,exact,0,0,INT-HISTORICAL-000580,SET-HISTORICAL-000580
LBL-HISTORICAL-000581,historical,,exact_match,1,none,exact,0,0,INT-HISTORICAL-000581,SET-HISTORICAL-000581
LBL-HISTORICAL-000582,historical,,exact_match,1,none,exact,0,0,INT-HISTORICAL-000582,SET-HISTORICAL-000582
LBL-HISTORICAL-000583,historical,,exact_match,1,none,exact,0,0,INT-HISTORICAL-000583,SET-HISTORICAL-000583
LBL-HISTORICAL-000584,historical,,exact_match,1,none,exact,0,0,INT-HISTORICAL-000584,SET-HISTORICAL-000584
LBL-HISTORICAL-000585,historical,,true_amount_mismatch,0,true_amount_mismatch,do_not_match,0,0,INT-HISTORICAL-000585,SET-HISTORICAL-000585
LBL-HISTORICAL-000586,historical,,exact_match,1,none,exact,0,0,INT-HISTORICAL-000586,SET-HISTORICAL-000586
LBL-HISTORICAL-000587,historical,,processing_fee,1,processor_fee,amount_tolerance,1,0,INT-HISTORICAL-000587,SET-HISTORICAL-000587
LBL-HISTORICAL-000588,historical,,exact_match,1,none,exact,0,0,INT-HISTORICAL-000588,SET-HISTORICAL-000588
LBL-HISTORICAL-000589,historical,,exact_match,1,none,exact,0,0,INT-HISTORICAL-000589,SET-HISTORICAL-000589
LBL-HISTORICAL-000590,historical,,rounding_difference,1,rounding,amount_tolerance,0,0,INT-HISTORICAL-000590,SET-HISTORICAL-000590
LBL-HISTORICAL-000591,historical,,exact_match,1,none,exact,0,0,INT-HISTORICAL-000591,SET-HISTORICAL-000591
LBL-HISTORICAL-000592,historical,,exact_match,1,none,exact,0,0,INT-HISTORICAL-000592,SET-HISTORICAL-000592
LBL-HISTORICAL-000593,historical,,exact_match,1,none,exact,0,0,INT-HISTORICAL-000593,SET-HISTORICAL-000593
LBL-HISTORICAL-000594,historical,,exact_match,1,none,exact,0,0,INT-HISTORICAL-000594,SET-HISTORICAL-000594
LBL-HISTORICAL-000595,historical,,exact_match,1,none,exact,0,0,INT-HISTORICAL-000595,SET-HISTORICAL-000595
LBL-HISTORICAL-000596,historical,,exact_match,1,none,exact,0,0,INT-HISTORICAL-000596,SET-HISTORICAL-000596
LBL-HISTORICAL-000597,historical,,exact_match,1,none,exact,0,0,INT-HISTORICAL-000597,SET-HISTORICAL-000597
LBL-HISTORICAL-000598,historical,,exact_match,1,none,exact,0,0,INT-HISTORICAL-000598,SET-HISTORICAL-000598
LBL-HISTORICAL-000599,historical,,exact_match,1,none,exact,0,0,INT-HISTORICAL-000599,SET-HISTORICAL-000599
LBL-HISTORICAL-000600,historical,,exact_match,1,none,exact,0,0,INT-HISTORICAL-000600,SET-HISTORICAL-000600
LBL-HISTORICAL-000601,historical,,duplicate_processor_record,1,duplicate,dedupe_then_match,0,0,INT-HISTORICAL-000601,SET-HISTORICAL-000601
LBL-HISTORICAL-000602,historical,,exact_match,1,none,exact,0,0,INT-HISTORICAL-000602,SET-HISTORICAL-000602
LBL-HISTORICAL-000603,historical,,processing_fee,1,processor_fee,amount_tolerance,1,0,INT-HISTORICAL-000603,SET-HISTORICAL-000603
LBL-HISTORICAL-000604,historical,,exact_match,1,none,exact,0,0,INT-HISTORICAL-000604,SET-HISTORICAL-000604
LBL-HISTORICAL-000605,historical,,exact_match,1,none,exact,0,0,INT-HISTORICAL-000605,SET-HISTORICAL-000605
LBL-HISTORICAL-000606,historical,,exact_match,1,none,exact,0,0,INT-HISTORICAL-000606,SET-HISTORICAL-000606
LBL-HISTORICAL-000607,historical,,settlement_delay,1,t_plus_delay,date_tolerance,0,1,INT-HISTORICAL-000607,SET-HISTORICAL-000607
LBL-HISTORICAL-000608,historical,,exact_match,1,none,exact,0,0,INT-HISTORICAL-000608,SET-HISTORICAL-000608
LBL-HISTORICAL-000609,historical,,settlement_delay,1,t_plus_delay,date_tolerance,0,2,INT-HISTORICAL-000609,SET-HISTORICAL-000609
LBL-HISTORICAL-000610,historical,,exact_match,1,none,exact,0,0,INT-HISTORICAL-000610,SET-HISTORICAL-000610
LBL-HISTORICAL-000611,historical,,settlement_delay,1,t_plus_delay,date_tolerance,0,1,INT-HISTORICAL-000611,SET-HISTORICAL-000611
LBL-HISTORICAL-000612,historical,,settlement_delay,1,t_plus_delay,date_tolerance,0,2,INT-HISTORICAL-000612,SET-HISTORICAL-000612
LBL-HISTORICAL-000613,historical,,exact_match,1,none,exact,0,0,INT-HISTORICAL-000613,SET-HISTORICAL-000613
LBL-HISTORICAL-000614,historical,,processing_fee,1,processor_fee,amount_tolerance,5,0,INT-HISTORICAL-000614,SET-HISTORICAL-000614
LBL-HISTORICAL-000615,historical,,reference_format,1,reference_normalization,reference_normalization,0,0,INT-HISTORICAL-000615,SET-HISTORICAL-000615
LBL-HISTORICAL-000616,historical,,exact_match,1,none,exact,0,0,INT-HISTORICAL-000616,SET-HISTORICAL-000616
LBL-HISTORICAL-000617,historical,,processing_fee,1,processor_fee,amount_tolerance,5,0,INT-HISTORICAL-000617,SET-HISTORICAL-000617
LBL-HISTORICAL-000618,historical,,exact_match,1,none,exact,0,0,INT-HISTORICAL-000618,SET-HISTORICAL-000618
LBL-HISTORICAL-000619,historical,,exact_match,1,none,exact,0,0,INT-HISTORICAL-000619,SET-HISTORICAL-000619
LBL-HISTORICAL-000620,historical,,exact_match,1,none,exact,0,0,INT-HISTORICAL-000620,SET-HISTORICAL-000620
LBL-HISTORICAL-000621,historical,,exact_match,1,none,exact,0,0,INT-HISTORICAL-000621,SET-HISTORICAL-000621
LBL-HISTORICAL-000622,historical,,exact_match,1,none,exact,0,0,INT-HISTORICAL-000622,SET-HISTORICAL-000622
LBL-HISTORICAL-000623,historical,,exact_match,1,none,exact,0,0,INT-HISTORICAL-000623,SET-HISTORICAL-000623
LBL-HISTORICAL-000624,historical,,reference_format,1,reference_normalization,reference_normalization,0,0,INT-HISTORICAL-000624,SET-HISTORICAL-000624
LBL-HISTORICAL-000625,historical,,processing_fee,1,processor_fee,amount_tolerance,5,0,INT-HISTORICAL-000625,SET-HISTORICAL-000625
LBL-HISTORICAL-000626,historical,,exact_match,1,none,exact,0,0,INT-HISTORICAL-000626,SET-HISTORICAL-000626
LBL-HISTORICAL-000627,historical,,exact_match,1,none,exact,0,0,INT-HISTORICAL-000627,SET-HISTORICAL-000627
LBL-HISTORICAL-000628,historical,,processing_fee,1,processor_fee,amount_tolerance,2,0,INT-HISTORICAL-000628,SET-HISTORICAL-000628
LBL-HISTORICAL-000629,historical,,exact_match,1,none,exact,0,0,INT-HISTORICAL-000629,SET-HISTORICAL-000629
LBL-HISTORICAL-000630,historical,,exact_match,1,none,exact,0,0,INT-HISTORICAL-000630,SET-HISTORICAL-000630
LBL-HISTORICAL-000631,historical,,processing_fee,1,processor_fee,amount_tolerance,1,0,INT-HISTORICAL-000631,SET-HISTORICAL-000631
LBL-HISTORICAL-000632,historical,,exact_match,1,none,exact,0,0,INT-HISTORICAL-000632,SET-HISTORICAL-000632
LBL-HISTORICAL-000633,historical,,exact_match,1,none,exact,0,0,INT-HISTORICAL-000633,SET-HISTORICAL-000633
LBL-HISTORICAL-000634,historical,,exact_match,1,none,exact,0,0,INT-HISTORICAL-000634,SET-HISTORICAL-000634
LBL-HISTORICAL-000635,historical,,exact_match,1,none,exact,0,0,INT-HISTORICAL-000635,SET-HISTORICAL-000635
LBL-HISTORICAL-000636,historical,,exact_match,1,none,exact,0,0,INT-HISTORICAL-000636,SET-HISTORICAL-000636
LBL-HISTORICAL-000637,historical,,exact_match,1,none,exact,0,0,INT-HISTORICAL-000637,SET-HISTORICAL-000637
LBL-HISTORICAL-000638,historical,,exact_match,1,none,exact,0,0,INT-HISTORICAL-000638,SET-HISTORICAL-000638
LBL-HISTORICAL-000639,historical,,exact_match,1,none,exact,0,0,INT-HISTORICAL-000639,SET-HISTORICAL-000639
LBL-HISTORICAL-000640,historical,,reference_format,1,reference_normalization,reference_normalization,0,0,INT-HISTORICAL-000640,SET-HISTORICAL-000640
LBL-HISTORICAL-000641,historical,,reference_format,1,reference_normalization,reference_normalization,0,0,INT-HISTORICAL-000641,SET-HISTORICAL-000641
LBL-HISTORICAL-000642,historical,,exact_match,1,none,exact,0,0,INT-HISTORICAL-000642,SET-HISTORICAL-000642
LBL-HISTORICAL-000643,historical,,duplicate_processor_record,1,duplicate,dedupe_then_match,0,0,INT-HISTORICAL-000643,SET-HISTORICAL-000643
LBL-HISTORICAL-000644,historical,,exact_match,1,none,exact,0,0,INT-HISTORICAL-000644,SET-HISTORICAL-000644
LBL-HISTORICAL-000645,historical,,exact_match,1,none,exact,0,0,INT-HISTORICAL-000645,SET-HISTORICAL-000645
LBL-HISTORICAL-000646,historical,,true_amount_mismatch,0,true_amount_mismatch,do_not_match,0,0,INT-HISTORICAL-000646,SET-HISTORICAL-000646
LBL-HISTORICAL-000647,historical,,processing_fee,1,processor_fee,amount_tolerance,3,0,INT-HISTORICAL-000647,SET-HISTORICAL-000647
LBL-HISTORICAL-000648,historical,,exact_match,1,none,exact,0,0,INT-HISTORICAL-000648,SET-HISTORICAL-000648
LBL-HISTORICAL-000649,historical,,settlement_delay,1,t_plus_delay,date_tolerance,0,2,INT-HISTORICAL-000649,SET-HISTORICAL-000649
LBL-HISTORICAL-000650,historical,,exact_match,1,none,exact,0,0,INT-HISTORICAL-000650,SET-HISTORICAL-000650
LBL-HISTORICAL-000651,historical,,exact_match,1,none,exact,0,0,INT-HISTORICAL-000651,SET-HISTORICAL-000651
LBL-HISTORICAL-000652,historical,,reference_format,1,reference_normalization,reference_normalization,0,0,INT-HISTORICAL-000652,SET-HISTORICAL-000652
LBL-HISTORICAL-000653,historical,,exact_match,1,none,exact,0,0,INT-HISTORICAL-000653,SET-HISTORICAL-000653
LBL-HISTORICAL-000654,historical,,rounding_difference,1,rounding,amount_tolerance,0,0,INT-HISTORICAL-000654,SET-HISTORICAL-000654
LBL-HISTORICAL-000655,historical,,processing_fee,1,processor_fee,amount_tolerance,5,0,INT-HISTORICAL-000655,SET-HISTORICAL-000655
LBL-HISTORICAL-000656,historical,,exact_match,1,none,exact,0,0,INT-HISTORICAL-000656,SET-HISTORICAL-000656
LBL-HISTORICAL-000657,historical,,processing_fee,1,processor_fee,amount_tolerance,3,0,INT-HISTORICAL-000657,SET-HISTORICAL-000657
LBL-HISTORICAL-000658,historical,,rounding_difference,1,rounding,amount_tolerance,0,0,INT-HISTORICAL-000658,SET-HISTORICAL-000658
LBL-HISTORICAL-000659,historical,,exact_match,1,none,exact,0,0,INT-HISTORICAL-000659,SET-HISTORICAL-000659
LBL-HISTORICAL-000660,historical,,exact_match,1,none,exact,0,0,INT-HISTORICAL-000660,SET-HISTORICAL-000660
LBL-HISTORICAL-000661,historical,,processing_fee,1,processor_fee,amount_tolerance,5,0,INT-HISTORICAL-000661,SET-HISTORICAL-000661
LBL-HISTORICAL-000662,historical,,exact_match,1,none,exact,0,0,INT-HISTORICAL-000662,SET-HISTORICAL-000662
LBL-HISTORICAL-000663,historical,,exact_match,1,none,exact,0,0,INT-HISTORICAL-000663,SET-HISTORICAL-000663
LBL-HISTORICAL-000664,historical,,exact_match,1,none,exact,0,0,INT-HISTORICAL-000664,SET-HISTORICAL-000664
LBL-HISTORICAL-000665,historical,,reference_format,1,reference_normalization,reference_normalization,0,0,INT-HISTORICAL-000665,SET-HISTORICAL-000665
LBL-HISTORICAL-000666,historical,,exact_match,1,none,exact,0,0,INT-HISTORICAL-000666,SET-HISTORICAL-000666
LBL-HISTORICAL-000667,historical,,exact_match,1,none,exact,0,0,INT-HISTORICAL-000667,SET-HISTORICAL-000667
LBL-HISTORICAL-000668,historical,,settlement_delay,1,t_plus_delay,date_tolerance,0,1,INT-HISTORICAL-000668,SET-HISTORICAL-000668
LBL-HISTORICAL-000669,historical,,processing_fee,1,processor_fee,amount_tolerance,5,0,INT-HISTORICAL-000669,SET-HISTORICAL-000669
LBL-HISTORICAL-000670,historical,,exact_match,1,none,exact,0,0,INT-HISTORICAL-000670,SET-HISTORICAL-000670
LBL-HISTORICAL-000671,historical,,exact_match,1,none,exact,0,0,INT-HISTORICAL-000671,SET-HISTORICAL-000671
LBL-HISTORICAL-000672,historical,,exact_match,1,none,exact,0,0,INT-HISTORICAL-000672,SET-HISTORICAL-000672
LBL-HISTORICAL-000673,historical,,exact_match,1,none,exact,0,0,INT-HISTORICAL-000673,SET-HISTORICAL-000673
LBL-HISTORICAL-000674,historical,,exact_match,1,none,exact,0,0,INT-HISTORICAL-000674,SET-HISTORICAL-000674
LBL-HISTORICAL-000675,historical,,exact_match,1,none,exact,0,0,INT-HISTORICAL-000675,SET-HISTORICAL-000675
LBL-HISTORICAL-000676,historical,,exact_match,1,none,exact,0,0,INT-HISTORICAL-000676,SET-HISTORICAL-000676
LBL-HISTORICAL-000677,historical,,processing_fee,1,processor_fee,amount_tolerance,1,0,INT-HISTORICAL-000677,SET-HISTORICAL-000677
LBL-HISTORICAL-000678,historical,,exact_match,1,none,exact,0,0,INT-HISTORICAL-000678,SET-HISTORICAL-000678
LBL-HISTORICAL-000679,historical,,exact_match,1,none,exact,0,0,INT-HISTORICAL-000679,SET-HISTORICAL-000679
LBL-HISTORICAL-000680,historical,,exact_match,1,none,exact,0,0,INT-HISTORICAL-000680,SET-HISTORICAL-000680
LBL-HISTORICAL-000681,historical,,exact_match,1,none,exact,0,0,INT-HISTORICAL-000681,SET-HISTORICAL-000681
LBL-HISTORICAL-000682,historical,,processing_fee,1,processor_fee,amount_tolerance,5,0,INT-HISTORICAL-000682,SET-HISTORICAL-000682
LBL-HISTORICAL-000683,historical,,processing_fee,1,processor_fee,amount_tolerance,2,0,INT-HISTORICAL-000683,SET-HISTORICAL-000683
LBL-HISTORICAL-000684,historical,,exact_match,1,none,exact,0,0,INT-HISTORICAL-000684,SET-HISTORICAL-000684
LBL-HISTORICAL-000685,historical,,exact_match,1,none,exact,0,0,INT-HISTORICAL-000685,SET-HISTORICAL-000685
LBL-HISTORICAL-000686,historical,,exact_match,1,none,exact,0,0,INT-HISTORICAL-000686,SET-HISTORICAL-000686
LBL-HISTORICAL-000687,historical,,duplicate_processor_record,1,duplicate,dedupe_then_match,0,0,INT-HISTORICAL-000687,SET-HISTORICAL-000687
LBL-HISTORICAL-000688,historical,,duplicate_processor_record,1,duplicate,dedupe_then_match,0,0,INT-HISTORICAL-000688,SET-HISTORICAL-000688
LBL-HISTORICAL-000689,historical,,processing_fee,1,processor_fee,amount_tolerance,5,0,INT-HISTORICAL-000689,SET-HISTORICAL-000689
LBL-HISTORICAL-000690,historical,,exact_match,1,none,exact,0,0,INT-HISTORICAL-000690,SET-HISTORICAL-000690
LBL-HISTORICAL-000691,historical,,exact_match,1,none,exact,0,0,INT-HISTORICAL-000691,SET-HISTORICAL-000691
LBL-HISTORICAL-000692,historical,,exact_match,1,none,exact,0,0,INT-HISTORICAL-000692,SET-HISTORICAL-000692
LBL-HISTORICAL-000693,historical,,exact_match,1,none,exact,0,0,INT-HISTORICAL-000693,SET-HISTORICAL-000693
LBL-HISTORICAL-000694,historical,,settlement_delay,1,t_plus_delay,date_tolerance,0,1,INT-HISTORICAL-000694,SET-HISTORICAL-000694
LBL-HISTORICAL-000695,historical,,exact_match,1,none,exact,0,0,INT-HISTORICAL-000695,SET-HISTORICAL-000695
LBL-HISTORICAL-000696,historical,,exact_match,1,none,exact,0,0,INT-HISTORICAL-000696,SET-HISTORICAL-000696
LBL-HISTORICAL-000697,historical,,exact_match,1,none,exact,0,0,INT-HISTORICAL-000697,SET-HISTORICAL-000697
LBL-HISTORICAL-000698,historical,,exact_match,1,none,exact,0,0,INT-HISTORICAL-000698,SET-HISTORICAL-000698
LBL-HISTORICAL-000699,historical,,exact_match,1,none,exact,0,0,INT-HISTORICAL-000699,SET-HISTORICAL-000699
LBL-HISTORICAL-000700,historical,,settlement_delay,1,t_plus_delay,date_tolerance,0,1,INT-HISTORICAL-000700,SET-HISTORICAL-000700
LBL-HISTORICAL-000701,historical,,exact_match,1,none,exact,0,0,INT-HISTORICAL-000701,SET-HISTORICAL-000701
LBL-HISTORICAL-000702,historical,,true_amount_mismatch,0,true_amount_mismatch,do_not_match,0,0,INT-HISTORICAL-000702,SET-HISTORICAL-000702
LBL-HISTORICAL-000703,historical,,exact_match,1,none,exact,0,0,INT-HISTORICAL-000703,SET-HISTORICAL-000703
LBL-HISTORICAL-000704,historical,,true_amount_mismatch,0,true_amount_mismatch,do_not_match,0,0,INT-HISTORICAL-000704,SET-HISTORICAL-000704
LBL-HISTORICAL-000705,historical,,rounding_difference,1,rounding,amount_tolerance,0,0,INT-HISTORICAL-000705,SET-HISTORICAL-000705
LBL-HISTORICAL-000706,historical,,reference_format,1,reference_normalization,reference_normalization,0,0,INT-HISTORICAL-000706,SET-HISTORICAL-000706
LBL-HISTORICAL-000707,historical,,settlement_delay,1,t_plus_delay,date_tolerance,0,1,INT-HISTORICAL-000707,SET-HISTORICAL-000707
LBL-HISTORICAL-000708,historical,,exact_match,1,none,exact,0,0,INT-HISTORICAL-000708,SET-HISTORICAL-000708
LBL-HISTORICAL-000709,historical,,processing_fee,1,processor_fee,amount_tolerance,3,0,INT-HISTORICAL-000709,SET-HISTORICAL-000709
LBL-HISTORICAL-000710,historical,,exact_match,1,none,exact,0,0,INT-HISTORICAL-000710,SET-HISTORICAL-000710
LBL-HISTORICAL-000711,historical,,processing_fee,1,processor_fee,amount_tolerance,1,0,INT-HISTORICAL-000711,SET-HISTORICAL-000711
LBL-HISTORICAL-000712,historical,,duplicate_processor_record,1,duplicate,dedupe_then_match,0,0,INT-HISTORICAL-000712,SET-HISTORICAL-000712
LBL-HISTORICAL-000713,historical,,exact_match,1,none,exact,0,0,INT-HISTORICAL-000713,SET-HISTORICAL-000713
LBL-HISTORICAL-000714,historical,,exact_match,1,none,exact,0,0,INT-HISTORICAL-000714,SET-HISTORICAL-000714
LBL-HISTORICAL-000715,historical,,processing_fee,1,processor_fee,amount_tolerance,5,0,INT-HISTORICAL-000715,SET-HISTORICAL-000715
LBL-HISTORICAL-000716,historical,,reference_format,1,reference_normalization,reference_normalization,0,0,INT-HISTORICAL-000716,SET-HISTORICAL-000716
LBL-HISTORICAL-000717,historical,,processing_fee,1,processor_fee,amount_tolerance,3,0,INT-HISTORICAL-000717,SET-HISTORICAL-000717
LBL-HISTORICAL-000718,historical,,settlement_delay,1,t_plus_delay,date_tolerance,0,1,INT-HISTORICAL-000718,SET-HISTORICAL-000718
LBL-HISTORICAL-000719,historical,,exact_match,1,none,exact,0,0,INT-HISTORICAL-000719,SET-HISTORICAL-000719
LBL-HISTORICAL-000720,historical,,reference_format,1,reference_normalization,reference_normalization,0,0,INT-HISTORICAL-000720,SET-HISTORICAL-000720
LBL-HISTORICAL-000721,historical,,exact_match,1,none,exact,0,0,INT-HISTORICAL-000721,SET-HISTORICAL-000721
LBL-HISTORICAL-000722,historical,,exact_match,1,none,exact,0,0,INT-HISTORICAL-000722,SET-HISTORICAL-000722
LBL-HISTORICAL-000723,historical,,exact_match,1,none,exact,0,0,INT-HISTORICAL-000723,SET-HISTORICAL-000723
LBL-HISTORICAL-000724,historical,,exact_match,1,none,exact,0,0,INT-HISTORICAL-000724,SET-HISTORICAL-000724
LBL-HISTORICAL-000725,historical,,exact_match,1,none,exact,0,0,INT-HISTORICAL-000725,SET-HISTORICAL-000725
LBL-HISTORICAL-000726,historical,,processing_fee,1,processor_fee,amount_tolerance,5,0,INT-HISTORICAL-000726,SET-HISTORICAL-000726
LBL-HISTORICAL-000727,historical,,settlement_delay,1,t_plus_delay,date_tolerance,0,1,INT-HISTORICAL-000727,SET-HISTORICAL-000727
LBL-HISTORICAL-000728,historical,,exact_match,1,none,exact,0,0,INT-HISTORICAL-000728,SET-HISTORICAL-000728
LBL-HISTORICAL-000729,historical,,exact_match,1,none,exact,0,0,INT-HISTORICAL-000729,SET-HISTORICAL-000729
LBL-HISTORICAL-000730,historical,,currency_mismatch,0,currency_mismatch,do_not_match,0,0,INT-HISTORICAL-000730,SET-HISTORICAL-000730
LBL-HISTORICAL-000731,historical,,exact_match,1,none,exact,0,0,INT-HISTORICAL-000731,SET-HISTORICAL-000731
LBL-HISTORICAL-000732,historical,,exact_match,1,none,exact,0,0,INT-HISTORICAL-000732,SET-HISTORICAL-000732
LBL-HISTORICAL-000733,historical,,exact_match,1,none,exact,0,0,INT-HISTORICAL-000733,SET-HISTORICAL-000733
LBL-HISTORICAL-000734,historical,,exact_match,1,none,exact,0,0,INT-HISTORICAL-000734,SET-HISTORICAL-000734
LBL-HISTORICAL-000735,historical,,exact_match,1,none,exact,0,0,INT-HISTORICAL-000735,SET-HISTORICAL-000735
LBL-HISTORICAL-000736,historical,,true_amount_mismatch,0,true_amount_mismatch,do_not_match,0,0,INT-HISTORICAL-000736,SET-HISTORICAL-000736
LBL-HISTORICAL-000737,historical,,exact_match,1,none,exact,0,0,INT-HISTORICAL-000737,SET-HISTORICAL-000737
LBL-HISTORICAL-000738,historical,,rounding_difference,1,rounding,amount_tolerance,0,0,INT-HISTORICAL-000738,SET-HISTORICAL-000738
LBL-HISTORICAL-000739,historical,,true_amount_mismatch,0,true_amount_mismatch,do_not_match,0,0,INT-HISTORICAL-000739,SET-HISTORICAL-000739
LBL-HISTORICAL-000740,historical,,exact_match,1,none,exact,0,0,INT-HISTORICAL-000740,SET-HISTORICAL-000740
LBL-HISTORICAL-000741,historical,,settlement_delay,1,t_plus_delay,date_tolerance,0,1,INT-HISTORICAL-000741,SET-HISTORICAL-000741
LBL-HISTORICAL-000742,historical,,exact_match,1,none,exact,0,0,INT-HISTORICAL-000742,SET-HISTORICAL-000742
LBL-HISTORICAL-000743,historical,,exact_match,1,none,exact,0,0,INT-HISTORICAL-000743,SET-HISTORICAL-000743
LBL-HISTORICAL-000744,historical,,exact_match,1,none,exact,0,0,INT-HISTORICAL-000744,SET-HISTORICAL-000744
LBL-HISTORICAL-000745,historical,,exact_match,1,none,exact,0,0,INT-HISTORICAL-000745,SET-HISTORICAL-000745
LBL-HISTORICAL-000746,historical,,exact_match,1,none,exact,0,0,INT-HISTORICAL-000746,SET-HISTORICAL-000746
LBL-HISTORICAL-000747,historical,,exact_match,1,none,exact,0,0,INT-HISTORICAL-000747,SET-HISTORICAL-000747
LBL-HISTORICAL-000748,historical,,reference_format,1,reference_normalization,reference_normalization,0,0,INT-HISTORICAL-000748,SET-HISTORICAL-000748
LBL-HISTORICAL-000749,historical,,currency_mismatch,0,currency_mismatch,do_not_match,0,0,INT-HISTORICAL-000749,SET-HISTORICAL-000749
LBL-HISTORICAL-000750,historical,,exact_match,1,none,exact,0,0,INT-HISTORICAL-000750,SET-HISTORICAL-000750
LBL-HISTORICAL-000751,historical,,exact_match,1,none,exact,0,0,INT-HISTORICAL-000751,SET-HISTORICAL-000751
LBL-HISTORICAL-000752,historical,,exact_match,1,none,exact,0,0,INT-HISTORICAL-000752,SET-HISTORICAL-000752
LBL-HISTORICAL-000753,historical,,exact_match,1,none,exact,0,0,INT-HISTORICAL-000753,SET-HISTORICAL-000753
LBL-HISTORICAL-000754,historical,,exact_match,1,none,exact,0,0,INT-HISTORICAL-000754,SET-HISTORICAL-000754
LBL-HISTORICAL-000755,historical,,rounding_difference,1,rounding,amount_tolerance,0,0,INT-HISTORICAL-000755,SET-HISTORICAL-000755
LBL-HISTORICAL-000756,historical,,exact_match,1,none,exact,0,0,INT-HISTORICAL-000756,SET-HISTORICAL-000756
LBL-HISTORICAL-000757,historical,,settlement_delay,1,t_plus_delay,date_tolerance,0,1,INT-HISTORICAL-000757,SET-HISTORICAL-000757
LBL-HISTORICAL-000758,historical,,exact_match,1,none,exact,0,0,INT-HISTORICAL-000758,SET-HISTORICAL-000758
LBL-HISTORICAL-000759,historical,,exact_match,1,none,exact,0,0,INT-HISTORICAL-000759,SET-HISTORICAL-000759
LBL-HISTORICAL-000760,historical,,exact_match,1,none,exact,0,0,INT-HISTORICAL-000760,SET-HISTORICAL-000760
LBL-HISTORICAL-000761,historical,,reference_format,1,reference_normalization,reference_normalization,0,0,INT-HISTORICAL-000761,SET-HISTORICAL-000761
LBL-HISTORICAL-000762,historical,,settlement_delay,1,t_plus_delay,date_tolerance,0,1,INT-HISTORICAL-000762,SET-HISTORICAL-000762
LBL-HISTORICAL-000763,historical,,exact_match,1,none,exact,0,0,INT-HISTORICAL-000763,SET-HISTORICAL-000763
LBL-HISTORICAL-000764,historical,,exact_match,1,none,exact,0,0,INT-HISTORICAL-000764,SET-HISTORICAL-000764
LBL-HISTORICAL-000765,historical,,exact_match,1,none,exact,0,0,INT-HISTORICAL-000765,SET-HISTORICAL-000765
LBL-HISTORICAL-000766,historical,,reference_format,1,reference_normalization,reference_normalization,0,0,INT-HISTORICAL-000766,SET-HISTORICAL-000766
LBL-HISTORICAL-000767,historical,,exact_match,1,none,exact,0,0,INT-HISTORICAL-000767,SET-HISTORICAL-000767
LBL-HISTORICAL-000768,historical,,exact_match,1,none,exact,0,0,INT-HISTORICAL-000768,SET-HISTORICAL-000768
LBL-HISTORICAL-000769,historical,,exact_match,1,none,exact,0,0,INT-HISTORICAL-000769,SET-HISTORICAL-000769
LBL-HISTORICAL-000770,historical,,exact_match,1,none,exact,0,0,INT-HISTORICAL-000770,SET-HISTORICAL-000770
LBL-HISTORICAL-000771,historical,,exact_match,1,none,exact,0,0,INT-HISTORICAL-000771,SET-HISTORICAL-000771
LBL-HISTORICAL-000772,historical,,processing_fee,1,processor_fee,amount_tolerance,3,0,INT-HISTORICAL-000772,SET-HISTORICAL-000772
LBL-HISTORICAL-000773,historical,,exact_match,1,none,exact,0,0,INT-HISTORICAL-000773,SET-HISTORICAL-000773
LBL-HISTORICAL-000774,historical,,rounding_difference,1,rounding,amount_tolerance,0,0,INT-HISTORICAL-000774,SET-HISTORICAL-000774
LBL-HISTORICAL-000775,historical,,exact_match,1,none,exact,0,0,INT-HISTORICAL-000775,SET-HISTORICAL-000775
LBL-HISTORICAL-000776,historical,,exact_match,1,none,exact,0,0,INT-HISTORICAL-000776,SET-HISTORICAL-000776
LBL-HISTORICAL-000777,historical,,settlement_delay,1,t_plus_delay,date_tolerance,0,1,INT-HISTORICAL-000777,SET-HISTORICAL-000777
LBL-HISTORICAL-000778,historical,,exact_match,1,none,exact,0,0,INT-HISTORICAL-000778,SET-HISTORICAL-000778
LBL-HISTORICAL-000779,historical,,exact_match,1,none,exact,0,0,INT-HISTORICAL-000779,SET-HISTORICAL-000779
LBL-HISTORICAL-000780,historical,,currency_mismatch,0,currency_mismatch,do_not_match,0,0,INT-HISTORICAL-000780,SET-HISTORICAL-000780
LBL-HISTORICAL-000781,historical,,exact_match,1,none,exact,0,0,INT-HISTORICAL-000781,SET-HISTORICAL-000781
LBL-HISTORICAL-000782,historical,,settlement_delay,1,t_plus_delay,date_tolerance,0,1,INT-HISTORICAL-000782,SET-HISTORICAL-000782
LBL-HISTORICAL-000783,historical,,exact_match,1,none,exact,0,0,INT-HISTORICAL-000783,SET-HISTORICAL-000783
LBL-HISTORICAL-000784,historical,,reference_format,1,reference_normalization,reference_normalization,0,0,INT-HISTORICAL-000784,SET-HISTORICAL-000784
LBL-HISTORICAL-000785,historical,,settlement_delay,1,t_plus_delay,date_tolerance,0,1,INT-HISTORICAL-000785,SET-HISTORICAL-000785
LBL-HISTORICAL-000786,historical,,exact_match,1,none,exact,0,0,INT-HISTORICAL-000786,SET-HISTORICAL-000786
LBL-HISTORICAL-000787,historical,,true_amount_mismatch,0,true_amount_mismatch,do_not_match,0,0,INT-HISTORICAL-000787,SET-HISTORICAL-000787
LBL-HISTORICAL-000788,historical,,exact_match,1,none,exact,0,0,INT-HISTORICAL-000788,SET-HISTORICAL-000788
LBL-HISTORICAL-000789,historical,,exact_match,1,none,exact,0,0,INT-HISTORICAL-000789,SET-HISTORICAL-000789
LBL-HISTORICAL-000790,historical,,exact_match,1,none,exact,0,0,INT-HISTORICAL-000790,SET-HISTORICAL-000790
LBL-HISTORICAL-000791,historical,,exact_match,1,none,exact,0,0,INT-HISTORICAL-000791,SET-HISTORICAL-000791
LBL-HISTORICAL-000792,historical,,settlement_delay,1,t_plus_delay,date_tolerance,0,2,INT-HISTORICAL-000792,SET-HISTORICAL-000792
LBL-HISTORICAL-000793,historical,,reference_format,1,reference_normalization,reference_normalization,0,0,INT-HISTORICAL-000793,SET-HISTORICAL-000793
LBL-HISTORICAL-000794,historical,,exact_match,1,none,exact,0,0,INT-HISTORICAL-000794,SET-HISTORICAL-000794
LBL-HISTORICAL-000795,historical,,exact_match,1,none,exact,0,0,INT-HISTORICAL-000795,SET-HISTORICAL-000795
LBL-HISTORICAL-000796,historical,,exact_match,1,none,exact,0,0,INT-HISTORICAL-000796,SET-HISTORICAL-000796
LBL-HISTORICAL-000797,historical,,exact_match,1,none,exact,0,0,INT-HISTORICAL-000797,SET-HISTORICAL-000797
LBL-HISTORICAL-000798,historical,,exact_match,1,none,exact,0,0,INT-HISTORICAL-000798,SET-HISTORICAL-000798
LBL-HISTORICAL-000799,historical,,exact_match,1,none,exact,0,0,INT-HISTORICAL-000799,SET-HISTORICAL-000799
LBL-HISTORICAL-000800,historical,,settlement_delay,1,t_plus_delay,date_tolerance,0,1,INT-HISTORICAL-000800,SET-HISTORICAL-000800
LBL-HISTORICAL-000801,historical,,settlement_delay,1,t_plus_delay,date_tolerance,0,1,INT-HISTORICAL-000801,SET-HISTORICAL-000801
LBL-HISTORICAL-000802,historical,,exact_match,1,none,exact,0,0,INT-HISTORICAL-000802,SET-HISTORICAL-000802
LBL-HISTORICAL-000803,historical,,exact_match,1,none,exact,0,0,INT-HISTORICAL-000803,SET-HISTORICAL-000803
LBL-HISTORICAL-000804,historical,,exact_match,1,none,exact,0,0,INT-HISTORICAL-000804,SET-HISTORICAL-000804
LBL-HISTORICAL-000805,historical,,processing_fee,1,processor_fee,amount_tolerance,1,0,INT-HISTORICAL-000805,SET-HISTORICAL-000805
LBL-HISTORICAL-000806,historical,,reference_format,1,reference_normalization,reference_normalization,0,0,INT-HISTORICAL-000806,SET-HISTORICAL-000806
LBL-HISTORICAL-000807,historical,,exact_match,1,none,exact,0,0,INT-HISTORICAL-000807,SET-HISTORICAL-000807
LBL-HISTORICAL-000808,historical,,exact_match,1,none,exact,0,0,INT-HISTORICAL-000808,SET-HISTORICAL-000808
LBL-HISTORICAL-000809,historical,,exact_match,1,none,exact,0,0,INT-HISTORICAL-000809,SET-HISTORICAL-000809
LBL-HISTORICAL-000810,historical,,exact_match,1,none,exact,0,0,INT-HISTORICAL-000810,SET-HISTORICAL-000810
LBL-HISTORICAL-000811,historical,,exact_match,1,none,exact,0,0,INT-HISTORICAL-000811,SET-HISTORICAL-000811
LBL-HISTORICAL-000812,historical,,rounding_difference,1,rounding,amount_tolerance,0,0,INT-HISTORICAL-000812,SET-HISTORICAL-000812
LBL-HISTORICAL-000813,historical,,settlement_delay,1,t_plus_delay,date_tolerance,0,1,INT-HISTORICAL-000813,SET-HISTORICAL-000813
LBL-HISTORICAL-000814,historical,,exact_match,1,none,exact,0,0,INT-HISTORICAL-000814,SET-HISTORICAL-000814
LBL-HISTORICAL-000815,historical,,exact_match,1,none,exact,0,0,INT-HISTORICAL-000815,SET-HISTORICAL-000815
LBL-HISTORICAL-000816,historical,,settlement_delay,1,t_plus_delay,date_tolerance,0,1,INT-HISTORICAL-000816,SET-HISTORICAL-000816
LBL-HISTORICAL-000817,historical,,exact_match,1,none,exact,0,0,INT-HISTORICAL-000817,SET-HISTORICAL-000817
LBL-HISTORICAL-000818,historical,,processing_fee,1,processor_fee,amount_tolerance,5,0,INT-HISTORICAL-000818,SET-HISTORICAL-000818
LBL-HISTORICAL-000819,historical,,exact_match,1,none,exact,0,0,INT-HISTORICAL-000819,SET-HISTORICAL-000819
LBL-HISTORICAL-000820,historical,,exact_match,1,none,exact,0,0,INT-HISTORICAL-000820,SET-HISTORICAL-000820
LBL-HISTORICAL-000821,historical,,exact_match,1,none,exact,0,0,INT-HISTORICAL-000821,SET-HISTORICAL-000821
LBL-HISTORICAL-000822,historical,,settlement_delay,1,t_plus_delay,date_tolerance,0,1,INT-HISTORICAL-000822,SET-HISTORICAL-000822
LBL-HISTORICAL-000823,historical,,exact_match,1,none,exact,0,0,INT-HISTORICAL-000823,SET-HISTORICAL-000823
LBL-HISTORICAL-000824,historical,,exact_match,1,none,exact,0,0,INT-HISTORICAL-000824,SET-HISTORICAL-000824
LBL-HISTORICAL-000825,historical,,exact_match,1,none,exact,0,0,INT-HISTORICAL-000825,SET-HISTORICAL-000825
LBL-HISTORICAL-000826,historical,,exact_match,1,none,exact,0,0,INT-HISTORICAL-000826,SET-HISTORICAL-000826
LBL-HISTORICAL-000827,historical,,exact_match,1,none,exact,0,0,INT-HISTORICAL-000827,SET-HISTORICAL-000827
LBL-HISTORICAL-000828,historical,,exact_match,1,none,exact,0,0,INT-HISTORICAL-000828,SET-HISTORICAL-000828
LBL-HISTORICAL-000829,historical,,exact_match,1,none,exact,0,0,INT-HISTORICAL-000829,SET-HISTORICAL-000829
LBL-HISTORICAL-000830,historical,,exact_match,1,none,exact,0,0,INT-HISTORICAL-000830,SET-HISTORICAL-000830
LBL-HISTORICAL-000831,historical,,exact_match,1,none,exact,0,0,INT-HISTORICAL-000831,SET-HISTORICAL-000831
LBL-HISTORICAL-000832,historical,,exact_match,1,none,exact,0,0,INT-HISTORICAL-000832,SET-HISTORICAL-000832
LBL-HISTORICAL-000833,historical,,settlement_delay,1,t_plus_delay,date_tolerance,0,1,INT-HISTORICAL-000833,SET-HISTORICAL-000833
LBL-HISTORICAL-000834,historical,,exact_match,1,none,exact,0,0,INT-HISTORICAL-000834,SET-HISTORICAL-000834
LBL-HISTORICAL-000835,historical,,settlement_delay,1,t_plus_delay,date_tolerance,0,1,INT-HISTORICAL-000835,SET-HISTORICAL-000835
LBL-HISTORICAL-000836,historical,,reference_format,1,reference_normalization,reference_normalization,0,0,INT-HISTORICAL-000836,SET-HISTORICAL-000836
LBL-HISTORICAL-000837,historical,,exact_match,1,none,exact,0,0,INT-HISTORICAL-000837,SET-HISTORICAL-000837
LBL-HISTORICAL-000838,historical,,processing_fee,1,processor_fee,amount_tolerance,2,0,INT-HISTORICAL-000838,SET-HISTORICAL-000838
LBL-HISTORICAL-000839,historical,,exact_match,1,none,exact,0,0,INT-HISTORICAL-000839,SET-HISTORICAL-000839
LBL-HISTORICAL-000840,historical,,exact_match,1,none,exact,0,0,INT-HISTORICAL-000840,SET-HISTORICAL-000840
LBL-HISTORICAL-000841,historical,,processing_fee,1,processor_fee,amount_tolerance,2,0,INT-HISTORICAL-000841,SET-HISTORICAL-000841
LBL-HISTORICAL-000842,historical,,settlement_delay,1,t_plus_delay,date_tolerance,0,1,INT-HISTORICAL-000842,SET-HISTORICAL-000842
LBL-HISTORICAL-000843,historical,,settlement_delay,1,t_plus_delay,date_tolerance,0,1,INT-HISTORICAL-000843,SET-HISTORICAL-000843
LBL-HISTORICAL-000844,historical,,exact_match,1,none,exact,0,0,INT-HISTORICAL-000844,SET-HISTORICAL-000844
LBL-HISTORICAL-000845,historical,,duplicate_processor_record,1,duplicate,dedupe_then_match,0,0,INT-HISTORICAL-000845,SET-HISTORICAL-000845
LBL-HISTORICAL-000846,historical,,settlement_delay,1,t_plus_delay,date_tolerance,0,2,INT-HISTORICAL-000846,SET-HISTORICAL-000846
LBL-HISTORICAL-000847,historical,,exact_match,1,none,exact,0,0,INT-HISTORICAL-000847,SET-HISTORICAL-000847
LBL-HISTORICAL-000848,historical,,reference_format,1,reference_normalization,reference_normalization,0,0,INT-HISTORICAL-000848,SET-HISTORICAL-000848
LBL-HISTORICAL-000849,historical,,exact_match,1,none,exact,0,0,INT-HISTORICAL-000849,SET-HISTORICAL-000849
LBL-HISTORICAL-000850,historical,,processing_fee,1,processor_fee,amount_tolerance,5,0,INT-HISTORICAL-000850,SET-HISTORICAL-000850
LBL-HISTORICAL-000851,historical,,exact_match,1,none,exact,0,0,INT-HISTORICAL-000851,SET-HISTORICAL-000851
LBL-HISTORICAL-000852,historical,,exact_match,1,none,exact,0,0,INT-HISTORICAL-000852,SET-HISTORICAL-000852
LBL-HISTORICAL-000853,historical,,exact_match,1,none,exact,0,0,INT-HISTORICAL-000853,SET-HISTORICAL-000853
LBL-HISTORICAL-000854,historical,,currency_mismatch,0,currency_mismatch,do_not_match,0,0,INT-HISTORICAL-000854,SET-HISTORICAL-000854
LBL-HISTORICAL-000855,historical,,exact_match,1,none,exact,0,0,INT-HISTORICAL-000855,SET-HISTORICAL-000855
LBL-HISTORICAL-000856,historical,,exact_match,1,none,exact,0,0,INT-HISTORICAL-000856,SET-HISTORICAL-000856
LBL-HISTORICAL-000857,historical,,settlement_delay,1,t_plus_delay,date_tolerance,0,1,INT-HISTORICAL-000857,SET-HISTORICAL-000857
LBL-HISTORICAL-000858,historical,,exact_match,1,none,exact,0,0,INT-HISTORICAL-000858,SET-HISTORICAL-000858
LBL-HISTORICAL-000859,historical,,exact_match,1,none,exact,0,0,INT-HISTORICAL-000859,SET-HISTORICAL-000859
LBL-HISTORICAL-000860,historical,,exact_match,1,none,exact,0,0,INT-HISTORICAL-000860,SET-HISTORICAL-000860
LBL-HISTORICAL-000861,historical,,exact_match,1,none,exact,0,0,INT-HISTORICAL-000861,SET-HISTORICAL-000861
LBL-HISTORICAL-000862,historical,,exact_match,1,none,exact,0,0,INT-HISTORICAL-000862,SET-HISTORICAL-000862
LBL-HISTORICAL-000863,historical,,exact_match,1,none,exact,0,0,INT-HISTORICAL-000863,SET-HISTORICAL-000863
LBL-HISTORICAL-000864,historical,,exact_match,1,none,exact,0,0,INT-HISTORICAL-000864,SET-HISTORICAL-000864
LBL-HISTORICAL-000865,historical,,duplicate_processor_record,1,duplicate,dedupe_then_match,0,0,INT-HISTORICAL-000865,SET-HISTORICAL-000865
LBL-HISTORICAL-000866,historical,,exact_match,1,none,exact,0,0,INT-HISTORICAL-000866,SET-HISTORICAL-000866
LBL-HISTORICAL-000867,historical,,exact_match,1,none,exact,0,0,INT-HISTORICAL-000867,SET-HISTORICAL-000867
LBL-HISTORICAL-000868,historical,,exact_match,1,none,exact,0,0,INT-HISTORICAL-000868,SET-HISTORICAL-000868
LBL-HISTORICAL-000869,historical,,exact_match,1,none,exact,0,0,INT-HISTORICAL-000869,SET-HISTORICAL-000869
LBL-HISTORICAL-000870,historical,,reference_format,1,reference_normalization,reference_normalization,0,0,INT-HISTORICAL-000870,SET-HISTORICAL-000870
LBL-HISTORICAL-000871,historical,,processing_fee,1,processor_fee,amount_tolerance,5,0,INT-HISTORICAL-000871,SET-HISTORICAL-000871
LBL-HISTORICAL-000872,historical,,settlement_delay,1,t_plus_delay,date_tolerance,0,1,INT-HISTORICAL-000872,SET-HISTORICAL-000872
LBL-HISTORICAL-000873,historical,,exact_match,1,none,exact,0,0,INT-HISTORICAL-000873,SET-HISTORICAL-000873
LBL-HISTORICAL-000874,historical,,exact_match,1,none,exact,0,0,INT-HISTORICAL-000874,SET-HISTORICAL-000874
LBL-HISTORICAL-000875,historical,,exact_match,1,none,exact,0,0,INT-HISTORICAL-000875,SET-HISTORICAL-000875
LBL-HISTORICAL-000876,historical,,exact_match,1,none,exact,0,0,INT-HISTORICAL-000876,SET-HISTORICAL-000876
LBL-HISTORICAL-000877,historical,,exact_match,1,none,exact,0,0,INT-HISTORICAL-000877,SET-HISTORICAL-000877
LBL-HISTORICAL-000878,historical,,exact_match,1,none,exact,0,0,INT-HISTORICAL-000878,SET-HISTORICAL-000878
LBL-HISTORICAL-000879,historical,,exact_match,1,none,exact,0,0,INT-HISTORICAL-000879,SET-HISTORICAL-000879
LBL-HISTORICAL-000880,historical,,exact_match,1,none,exact,0,0,INT-HISTORICAL-000880,SET-HISTORICAL-000880
LBL-HISTORICAL-000881,historical,,exact_match,1,none,exact,0,0,INT-HISTORICAL-000881,SET-HISTORICAL-000881
LBL-HISTORICAL-000882,historical,,exact_match,1,none,exact,0,0,INT-HISTORICAL-000882,SET-HISTORICAL-000882
LBL-HISTORICAL-000883,historical,,exact_match,1,none,exact,0,0,INT-HISTORICAL-000883,SET-HISTORICAL-000883
LBL-HISTORICAL-000884,historical,,exact_match,1,none,exact,0,0,INT-HISTORICAL-000884,SET-HISTORICAL-000884
LBL-HISTORICAL-000885,historical,,exact_match,1,none,exact,0,0,INT-HISTORICAL-000885,SET-HISTORICAL-000885
LBL-HISTORICAL-000886,historical,,exact_match,1,none,exact,0,0,INT-HISTORICAL-000886,SET-HISTORICAL-000886
LBL-HISTORICAL-000887,historical,,exact_match,1,none,exact,0,0,INT-HISTORICAL-000887,SET-HISTORICAL-000887
LBL-HISTORICAL-000888,historical,,exact_match,1,none,exact,0,0,INT-HISTORICAL-000888,SET-HISTORICAL-000888
LBL-HISTORICAL-000889,historical,,settlement_delay,1,t_plus_delay,date_tolerance,0,1,INT-HISTORICAL-000889,SET-HISTORICAL-000889
LBL-HISTORICAL-000890,historical,,rounding_difference,1,rounding,amount_tolerance,0,0,INT-HISTORICAL-000890,SET-HISTORICAL-000890
LBL-HISTORICAL-000891,historical,,exact_match,1,none,exact,0,0,INT-HISTORICAL-000891,SET-HISTORICAL-000891
LBL-HISTORICAL-000892,historical,,settlement_delay,1,t_plus_delay,date_tolerance,0,1,INT-HISTORICAL-000892,SET-HISTORICAL-000892
LBL-HISTORICAL-000893,historical,,exact_match,1,none,exact,0,0,INT-HISTORICAL-000893,SET-HISTORICAL-000893
LBL-HISTORICAL-000894,historical,,exact_match,1,none,exact,0,0,INT-HISTORICAL-000894,SET-HISTORICAL-000894
LBL-HISTORICAL-000895,historical,,exact_match,1,none,exact,0,0,INT-HISTORICAL-000895,SET-HISTORICAL-000895
LBL-HISTORICAL-000896,historical,,settlement_delay,1,t_plus_delay,date_tolerance,0,1,INT-HISTORICAL-000896,SET-HISTORICAL-000896
LBL-HISTORICAL-000897,historical,,settlement_delay,1,t_plus_delay,date_tolerance,0,2,INT-HISTORICAL-000897,SET-HISTORICAL-000897
LBL-HISTORICAL-000898,historical,,exact_match,1,none,exact,0,0,INT-HISTORICAL-000898,SET-HISTORICAL-000898
LBL-HISTORICAL-000899,historical,,exact_match,1,none,exact,0,0,INT-HISTORICAL-000899,SET-HISTORICAL-000899
LBL-HISTORICAL-000900,historical,,exact_match,1,none,exact,0,0,INT-HISTORICAL-000900,SET-HISTORICAL-000900
LBL-HISTORICAL-000901,historical,,processing_fee,1,processor_fee,amount_tolerance,2,0,INT-HISTORICAL-000901,SET-HISTORICAL-000901
LBL-HISTORICAL-000902,historical,,settlement_delay,1,t_plus_delay,date_tolerance,0,1,INT-HISTORICAL-000902,SET-HISTORICAL-000902
LBL-HISTORICAL-000903,historical,,exact_match,1,none,exact,0,0,INT-HISTORICAL-000903,SET-HISTORICAL-000903
LBL-HISTORICAL-000904,historical,,exact_match,1,none,exact,0,0,INT-HISTORICAL-000904,SET-HISTORICAL-000904
LBL-HISTORICAL-000905,historical,,processing_fee,1,processor_fee,amount_tolerance,3,0,INT-HISTORICAL-000905,SET-HISTORICAL-000905
LBL-HISTORICAL-000906,historical,,reference_format,1,reference_normalization,reference_normalization,0,0,INT-HISTORICAL-000906,SET-HISTORICAL-000906
LBL-HISTORICAL-000907,historical,,exact_match,1,none,exact,0,0,INT-HISTORICAL-000907,SET-HISTORICAL-000907
LBL-HISTORICAL-000908,historical,,processing_fee,1,processor_fee,amount_tolerance,1,0,INT-HISTORICAL-000908,SET-HISTORICAL-000908
LBL-HISTORICAL-000909,historical,,reference_format,1,reference_normalization,reference_normalization,0,0,INT-HISTORICAL-000909,SET-HISTORICAL-000909
LBL-HISTORICAL-000910,historical,,exact_match,1,none,exact,0,0,INT-HISTORICAL-000910,SET-HISTORICAL-000910
LBL-HISTORICAL-000911,historical,,exact_match,1,none,exact,0,0,INT-HISTORICAL-000911,SET-HISTORICAL-000911
LBL-HISTORICAL-000912,historical,,exact_match,1,none,exact,0,0,INT-HISTORICAL-000912,SET-HISTORICAL-000912
LBL-HISTORICAL-000913,historical,,exact_match,1,none,exact,0,0,INT-HISTORICAL-000913,SET-HISTORICAL-000913
LBL-HISTORICAL-000914,historical,,exact_match,1,none,exact,0,0,INT-HISTORICAL-000914,SET-HISTORICAL-000914
LBL-HISTORICAL-000915,historical,,exact_match,1,none,exact,0,0,INT-HISTORICAL-000915,SET-HISTORICAL-000915
LBL-HISTORICAL-000916,historical,,exact_match,1,none,exact,0,0,INT-HISTORICAL-000916,SET-HISTORICAL-000916
LBL-HISTORICAL-000917,historical,,processing_fee,1,processor_fee,amount_tolerance,5,0,INT-HISTORICAL-000917,SET-HISTORICAL-000917
LBL-HISTORICAL-000918,historical,,true_amount_mismatch,0,true_amount_mismatch,do_not_match,0,0,INT-HISTORICAL-000918,SET-HISTORICAL-000918
LBL-HISTORICAL-000919,historical,,exact_match,1,none,exact,0,0,INT-HISTORICAL-000919,SET-HISTORICAL-000919
LBL-HISTORICAL-000920,historical,,exact_match,1,none,exact,0,0,INT-HISTORICAL-000920,SET-HISTORICAL-000920
LBL-HISTORICAL-000921,historical,,exact_match,1,none,exact,0,0,INT-HISTORICAL-000921,SET-HISTORICAL-000921
LBL-HISTORICAL-000922,historical,,exact_match,1,none,exact,0,0,INT-HISTORICAL-000922,SET-HISTORICAL-000922
LBL-HISTORICAL-000923,historical,,exact_match,1,none,exact,0,0,INT-HISTORICAL-000923,SET-HISTORICAL-000923
LBL-HISTORICAL-000924,historical,,exact_match,1,none,exact,0,0,INT-HISTORICAL-000924,SET-HISTORICAL-000924
LBL-HISTORICAL-000925,historical,,exact_match,1,none,exact,0,0,INT-HISTORICAL-000925,SET-HISTORICAL-000925
LBL-HISTORICAL-000926,historical,,exact_match,1,none,exact,0,0,INT-HISTORICAL-000926,SET-HISTORICAL-000926
LBL-HISTORICAL-000927,historical,,reference_format,1,reference_normalization,reference_normalization,0,0,INT-HISTORICAL-000927,SET-HISTORICAL-000927
LBL-HISTORICAL-000928,historical,,processing_fee,1,processor_fee,amount_tolerance,1,0,INT-HISTORICAL-000928,SET-HISTORICAL-000928
LBL-HISTORICAL-000929,historical,,exact_match,1,none,exact,0,0,INT-HISTORICAL-000929,SET-HISTORICAL-000929
LBL-HISTORICAL-000930,historical,,exact_match,1,none,exact,0,0,INT-HISTORICAL-000930,SET-HISTORICAL-000930
LBL-HISTORICAL-000931,historical,,exact_match,1,none,exact,0,0,INT-HISTORICAL-000931,SET-HISTORICAL-000931
LBL-HISTORICAL-000932,historical,,reference_format,1,reference_normalization,reference_normalization,0,0,INT-HISTORICAL-000932,SET-HISTORICAL-000932
LBL-HISTORICAL-000933,historical,,exact_match,1,none,exact,0,0,INT-HISTORICAL-000933,SET-HISTORICAL-000933
LBL-HISTORICAL-000934,historical,,reference_format,1,reference_normalization,reference_normalization,0,0,INT-HISTORICAL-000934,SET-HISTORICAL-000934
LBL-HISTORICAL-000935,historical,,exact_match,1,none,exact,0,0,INT-HISTORICAL-000935,SET-HISTORICAL-000935
LBL-HISTORICAL-000936,historical,,exact_match,1,none,exact,0,0,INT-HISTORICAL-000936,SET-HISTORICAL-000936
LBL-HISTORICAL-000937,historical,,exact_match,1,none,exact,0,0,INT-HISTORICAL-000937,SET-HISTORICAL-000937
LBL-HISTORICAL-000938,historical,,exact_match,1,none,exact,0,0,INT-HISTORICAL-000938,SET-HISTORICAL-000938
LBL-HISTORICAL-000939,historical,,exact_match,1,none,exact,0,0,INT-HISTORICAL-000939,SET-HISTORICAL-000939
LBL-HISTORICAL-000940,historical,,rounding_difference,1,rounding,amount_tolerance,0,0,INT-HISTORICAL-000940,SET-HISTORICAL-000940
LBL-HISTORICAL-000941,historical,,currency_mismatch,0,currency_mismatch,do_not_match,0,0,INT-HISTORICAL-000941,SET-HISTORICAL-000941
LBL-HISTORICAL-000942,historical,,settlement_delay,1,t_plus_delay,date_tolerance,0,2,INT-HISTORICAL-000942,SET-HISTORICAL-000942
LBL-HISTORICAL-000943,historical,,exact_match,1,none,exact,0,0,INT-HISTORICAL-000943,SET-HISTORICAL-000943
LBL-HISTORICAL-000944,historical,,exact_match,1,none,exact,0,0,INT-HISTORICAL-000944,SET-HISTORICAL-000944
LBL-HISTORICAL-000945,historical,,reference_format,1,reference_normalization,reference_normalization,0,0,INT-HISTORICAL-000945,SET-HISTORICAL-000945
LBL-HISTORICAL-000946,historical,,processing_fee,1,processor_fee,amount_tolerance,3,0,INT-HISTORICAL-000946,SET-HISTORICAL-000946
LBL-HISTORICAL-000947,historical,,exact_match,1,none,exact,0,0,INT-HISTORICAL-000947,SET-HISTORICAL-000947
LBL-HISTORICAL-000948,historical,,exact_match,1,none,exact,0,0,INT-HISTORICAL-000948,SET-HISTORICAL-000948
LBL-HISTORICAL-000949,historical,,exact_match,1,none,exact,0,0,INT-HISTORICAL-000949,SET-HISTORICAL-000949
LBL-HISTORICAL-000950,historical,,exact_match,1,none,exact,0,0,INT-HISTORICAL-000950,SET-HISTORICAL-000950
LBL-HISTORICAL-000951,historical,,exact_match,1,none,exact,0,0,INT-HISTORICAL-000951,SET-HISTORICAL-000951
LBL-HISTORICAL-000952,historical,,exact_match,1,none,exact,0,0,INT-HISTORICAL-000952,SET-HISTORICAL-000952
LBL-HISTORICAL-000953,historical,,exact_match,1,none,exact,0,0,INT-HISTORICAL-000953,SET-HISTORICAL-000953
LBL-HISTORICAL-000954,historical,,reference_format,1,reference_normalization,reference_normalization,0,0,INT-HISTORICAL-000954,SET-HISTORICAL-000954
LBL-HISTORICAL-000955,historical,,exact_match,1,none,exact,0,0,INT-HISTORICAL-000955,SET-HISTORICAL-000955
LBL-HISTORICAL-000956,historical,,currency_mismatch,0,currency_mismatch,do_not_match,0,0,INT-HISTORICAL-000956,SET-HISTORICAL-000956
LBL-HISTORICAL-000957,historical,,exact_match,1,none,exact,0,0,INT-HISTORICAL-000957,SET-HISTORICAL-000957
LBL-HISTORICAL-000958,historical,,exact_match,1,none,exact,0,0,INT-HISTORICAL-000958,SET-HISTORICAL-000958
LBL-HISTORICAL-000959,historical,,processing_fee,1,processor_fee,amount_tolerance,5,0,INT-HISTORICAL-000959,SET-HISTORICAL-000959
LBL-HISTORICAL-000960,historical,,exact_match,1,none,exact,0,0,INT-HISTORICAL-000960,SET-HISTORICAL-000960
LBL-HISTORICAL-000961,historical,,exact_match,1,none,exact,0,0,INT-HISTORICAL-000961,SET-HISTORICAL-000961
LBL-HISTORICAL-000962,historical,,exact_match,1,none,exact,0,0,INT-HISTORICAL-000962,SET-HISTORICAL-000962
LBL-HISTORICAL-000963,historical,,exact_match,1,none,exact,0,0,INT-HISTORICAL-000963,SET-HISTORICAL-000963
LBL-HISTORICAL-000964,historical,,rounding_difference,1,rounding,amount_tolerance,0,0,INT-HISTORICAL-000964,SET-HISTORICAL-000964
LBL-HISTORICAL-000965,historical,,exact_match,1,none,exact,0,0,INT-HISTORICAL-000965,SET-HISTORICAL-000965
LBL-HISTORICAL-000966,historical,,reference_format,1,reference_normalization,reference_normalization,0,0,INT-HISTORICAL-000966,SET-HISTORICAL-000966
LBL-HISTORICAL-000967,historical,,exact_match,1,none,exact,0,0,INT-HISTORICAL-000967,SET-HISTORICAL-000967
LBL-HISTORICAL-000968,historical,,exact_match,1,none,exact,0,0,INT-HISTORICAL-000968,SET-HISTORICAL-000968
LBL-HISTORICAL-000969,historical,,processing_fee,1,processor_fee,amount_tolerance,2,0,INT-HISTORICAL-000969,SET-HISTORICAL-000969
LBL-HISTORICAL-000970,historical,,exact_match,1,none,exact,0,0,INT-HISTORICAL-000970,SET-HISTORICAL-000970
LBL-HISTORICAL-000971,historical,,exact_match,1,none,exact,0,0,INT-HISTORICAL-000971,SET-HISTORICAL-000971
LBL-HISTORICAL-000972,historical,,exact_match,1,none,exact,0,0,INT-HISTORICAL-000972,SET-HISTORICAL-000972
LBL-HISTORICAL-000973,historical,,reference_format,1,reference_normalization,reference_normalization,0,0,INT-HISTORICAL-000973,SET-HISTORICAL-000973
LBL-HISTORICAL-000974,historical,,exact_match,1,none,exact,0,0,INT-HISTORICAL-000974,SET-HISTORICAL-000974
LBL-HISTORICAL-000975,historical,,exact_match,1,none,exact,0,0,INT-HISTORICAL-000975,SET-HISTORICAL-000975
LBL-HISTORICAL-000976,historical,,processing_fee,1,processor_fee,amount_tolerance,2,0,INT-HISTORICAL-000976,SET-HISTORICAL-000976
LBL-HISTORICAL-000977,historical,,currency_mismatch,0,currency_mismatch,do_not_match,0,0,INT-HISTORICAL-000977,SET-HISTORICAL-000977
LBL-HISTORICAL-000978,historical,,processing_fee,1,processor_fee,amount_tolerance,2,0,INT-HISTORICAL-000978,SET-HISTORICAL-000978
LBL-HISTORICAL-000979,historical,,settlement_delay,1,t_plus_delay,date_tolerance,0,1,INT-HISTORICAL-000979,SET-HISTORICAL-000979
LBL-HISTORICAL-000980,historical,,exact_match,1,none,exact,0,0,INT-HISTORICAL-000980,SET-HISTORICAL-000980
LBL-HISTORICAL-000981,historical,,processing_fee,1,processor_fee,amount_tolerance,2,0,INT-HISTORICAL-000981,SET-HISTORICAL-000981
LBL-HISTORICAL-000982,historical,,exact_match,1,none,exact,0,0,INT-HISTORICAL-000982,SET-HISTORICAL-000982
LBL-HISTORICAL-000983,historical,,exact_match,1,none,exact,0,0,INT-HISTORICAL-000983,SET-HISTORICAL-000983
LBL-HISTORICAL-000984,historical,,exact_match,1,none,exact,0,0,INT-HISTORICAL-000984,SET-HISTORICAL-000984
LBL-HISTORICAL-000985,historical,,settlement_delay,1,t_plus_delay,date_tolerance,0,1,INT-HISTORICAL-000985,SET-HISTORICAL-000985
LBL-HISTORICAL-000986,historical,,rounding_difference,1,rounding,amount_tolerance,0,0,INT-HISTORICAL-000986,SET-HISTORICAL-000986
LBL-HISTORICAL-000987,historical,,exact_match,1,none,exact,0,0,INT-HISTORICAL-000987,SET-HISTORICAL-000987
LBL-HISTORICAL-000988,historical,,exact_match,1,none,exact,0,0,INT-HISTORICAL-000988,SET-HISTORICAL-000988
LBL-HISTORICAL-000989,historical,,processing_fee,1,processor_fee,amount_tolerance,3,0,INT-HISTORICAL-000989,SET-HISTORICAL-000989
LBL-HISTORICAL-000990,historical,,reference_format,1,reference_normalization,reference_normalization,0,0,INT-HISTORICAL-000990,SET-HISTORICAL-000990
LBL-HISTORICAL-000991,historical,,exact_match,1,none,exact,0,0,INT-HISTORICAL-000991,SET-HISTORICAL-000991
LBL-HISTORICAL-000992,historical,,exact_match,1,none,exact,0,0,INT-HISTORICAL-000992,SET-HISTORICAL-000992
LBL-HISTORICAL-000993,historical,,exact_match,1,none,exact,0,0,INT-HISTORICAL-000993,SET-HISTORICAL-000993
LBL-HISTORICAL-000994,historical,,settlement_delay,1,t_plus_delay,date_tolerance,0,1,INT-HISTORICAL-000994,SET-HISTORICAL-000994
LBL-HISTORICAL-000995,historical,,exact_match,1,none,exact,0,0,INT-HISTORICAL-000995,SET-HISTORICAL-000995
LBL-HISTORICAL-000996,historical,,exact_match,1,none,exact,0,0,INT-HISTORICAL-000996,SET-HISTORICAL-000996
LBL-HISTORICAL-000997,historical,,exact_match,1,none,exact,0,0,INT-HISTORICAL-000997,SET-HISTORICAL-000997
LBL-HISTORICAL-000998,historical,,settlement_delay,1,t_plus_delay,date_tolerance,0,1,INT-HISTORICAL-000998,SET-HISTORICAL-000998
LBL-HISTORICAL-000999,historical,,exact_match,1,none,exact,0,0,INT-HISTORICAL-000999,SET-HISTORICAL-000999
LBL-HISTORICAL-001000,historical,,exact_match,1,none,exact,0,0,INT-HISTORICAL-001000,SET-HISTORICAL-001000
LBL-HISTORICAL-001001,historical,,processing_fee,1,processor_fee,amount_tolerance,5,0,INT-HISTORICAL-001001,SET-HISTORICAL-001001
LBL-HISTORICAL-001002,historical,,rounding_difference,1,rounding,amount_tolerance,0,0,INT-HISTORICAL-001002,SET-HISTORICAL-001002
LBL-HISTORICAL-001003,historical,,rounding_difference,1,rounding,amount_tolerance,0,0,INT-HISTORICAL-001003,SET-HISTORICAL-001003
LBL-HISTORICAL-001004,historical,,reference_format,1,reference_normalization,reference_normalization,0,0,INT-HISTORICAL-001004,SET-HISTORICAL-001004
LBL-HISTORICAL-001005,historical,,exact_match,1,none,exact,0,0,INT-HISTORICAL-001005,SET-HISTORICAL-001005
LBL-HISTORICAL-001006,historical,,settlement_delay,1,t_plus_delay,date_tolerance,0,2,INT-HISTORICAL-001006,SET-HISTORICAL-001006
LBL-HISTORICAL-001007,historical,,exact_match,1,none,exact,0,0,INT-HISTORICAL-001007,SET-HISTORICAL-001007
LBL-HISTORICAL-001008,historical,,exact_match,1,none,exact,0,0,INT-HISTORICAL-001008,SET-HISTORICAL-001008
LBL-HISTORICAL-001009,historical,,exact_match,1,none,exact,0,0,INT-HISTORICAL-001009,SET-HISTORICAL-001009
LBL-HISTORICAL-001010,historical,,settlement_delay,1,t_plus_delay,date_tolerance,0,1,INT-HISTORICAL-001010,SET-HISTORICAL-001010
LBL-HISTORICAL-001011,historical,,exact_match,1,none,exact,0,0,INT-HISTORICAL-001011,SET-HISTORICAL-001011
LBL-HISTORICAL-001012,historical,,exact_match,1,none,exact,0,0,INT-HISTORICAL-001012,SET-HISTORICAL-001012
LBL-HISTORICAL-001013,historical,,exact_match,1,none,exact,0,0,INT-HISTORICAL-001013,SET-HISTORICAL-001013
LBL-HISTORICAL-001014,historical,,settlement_delay,1,t_plus_delay,date_tolerance,0,1,INT-HISTORICAL-001014,SET-HISTORICAL-001014
LBL-HISTORICAL-001015,historical,,exact_match,1,none,exact,0,0,INT-HISTORICAL-001015,SET-HISTORICAL-001015
LBL-HISTORICAL-001016,historical,,exact_match,1,none,exact,0,0,INT-HISTORICAL-001016,SET-HISTORICAL-001016
LBL-HISTORICAL-001017,historical,,exact_match,1,none,exact,0,0,INT-HISTORICAL-001017,SET-HISTORICAL-001017
LBL-HISTORICAL-001018,historical,,exact_match,1,none,exact,0,0,INT-HISTORICAL-001018,SET-HISTORICAL-001018
LBL-HISTORICAL-001019,historical,,duplicate_processor_record,1,duplicate,dedupe_then_match,0,0,INT-HISTORICAL-001019,SET-HISTORICAL-001019
LBL-HISTORICAL-001020,historical,,exact_match,1,none,exact,0,0,INT-HISTORICAL-001020,SET-HISTORICAL-001020
LBL-HISTORICAL-001021,historical,,exact_match,1,none,exact,0,0,INT-HISTORICAL-001021,SET-HISTORICAL-001021
LBL-HISTORICAL-001022,historical,,exact_match,1,none,exact,0,0,INT-HISTORICAL-001022,SET-HISTORICAL-001022
LBL-HISTORICAL-001023,historical,,reference_format,1,reference_normalization,reference_normalization,0,0,INT-HISTORICAL-001023,SET-HISTORICAL-001023
LBL-HISTORICAL-001024,historical,,exact_match,1,none,exact,0,0,INT-HISTORICAL-001024,SET-HISTORICAL-001024
LBL-HISTORICAL-001025,historical,,exact_match,1,none,exact,0,0,INT-HISTORICAL-001025,SET-HISTORICAL-001025
LBL-HISTORICAL-001026,historical,,reference_format,1,reference_normalization,reference_normalization,0,0,INT-HISTORICAL-001026,SET-HISTORICAL-001026
LBL-HISTORICAL-001027,historical,,exact_match,1,none,exact,0,0,INT-HISTORICAL-001027,SET-HISTORICAL-001027
LBL-HISTORICAL-001028,historical,,exact_match,1,none,exact,0,0,INT-HISTORICAL-001028,SET-HISTORICAL-001028
LBL-HISTORICAL-001029,historical,,exact_match,1,none,exact,0,0,INT-HISTORICAL-001029,SET-HISTORICAL-001029
LBL-HISTORICAL-001030,historical,,processing_fee,1,processor_fee,amount_tolerance,1,0,INT-HISTORICAL-001030,SET-HISTORICAL-001030
LBL-HISTORICAL-001031,historical,,exact_match,1,none,exact,0,0,INT-HISTORICAL-001031,SET-HISTORICAL-001031
LBL-HISTORICAL-001032,historical,,reference_format,1,reference_normalization,reference_normalization,0,0,INT-HISTORICAL-001032,SET-HISTORICAL-001032
LBL-HISTORICAL-001033,historical,,exact_match,1,none,exact,0,0,INT-HISTORICAL-001033,SET-HISTORICAL-001033
LBL-HISTORICAL-001034,historical,,exact_match,1,none,exact,0,0,INT-HISTORICAL-001034,SET-HISTORICAL-001034
LBL-HISTORICAL-001035,historical,,exact_match,1,none,exact,0,0,INT-HISTORICAL-001035,SET-HISTORICAL-001035
LBL-HISTORICAL-001036,historical,,exact_match,1,none,exact,0,0,INT-HISTORICAL-001036,SET-HISTORICAL-001036
LBL-HISTORICAL-001037,historical,,reference_format,1,reference_normalization,reference_normalization,0,0,INT-HISTORICAL-001037,SET-HISTORICAL-001037
LBL-HISTORICAL-001038,historical,,exact_match,1,none,exact,0,0,INT-HISTORICAL-001038,SET-HISTORICAL-001038
LBL-HISTORICAL-001039,historical,,exact_match,1,none,exact,0,0,INT-HISTORICAL-001039,SET-HISTORICAL-001039
LBL-HISTORICAL-001040,historical,,exact_match,1,none,exact,0,0,INT-HISTORICAL-001040,SET-HISTORICAL-001040
LBL-HISTORICAL-001041,historical,,settlement_delay,1,t_plus_delay,date_tolerance,0,2,INT-HISTORICAL-001041,SET-HISTORICAL-001041
LBL-HISTORICAL-001042,historical,,exact_match,1,none,exact,0,0,INT-HISTORICAL-001042,SET-HISTORICAL-001042
LBL-HISTORICAL-001043,historical,,processing_fee,1,processor_fee,amount_tolerance,5,0,INT-HISTORICAL-001043,SET-HISTORICAL-001043
LBL-HISTORICAL-001044,historical,,exact_match,1,none,exact,0,0,INT-HISTORICAL-001044,SET-HISTORICAL-001044
LBL-HISTORICAL-001045,historical,,exact_match,1,none,exact,0,0,INT-HISTORICAL-001045,SET-HISTORICAL-001045
LBL-HISTORICAL-001046,historical,,exact_match,1,none,exact,0,0,INT-HISTORICAL-001046,SET-HISTORICAL-001046
LBL-HISTORICAL-001047,historical,,exact_match,1,none,exact,0,0,INT-HISTORICAL-001047,SET-HISTORICAL-001047
LBL-HISTORICAL-001048,historical,,exact_match,1,none,exact,0,0,INT-HISTORICAL-001048,SET-HISTORICAL-001048
LBL-HISTORICAL-001049,historical,,reference_format,1,reference_normalization,reference_normalization,0,0,INT-HISTORICAL-001049,SET-HISTORICAL-001049
LBL-HISTORICAL-001050,historical,,exact_match,1,none,exact,0,0,INT-HISTORICAL-001050,SET-HISTORICAL-001050
LBL-HISTORICAL-001051,historical,,true_amount_mismatch,0,true_amount_mismatch,do_not_match,0,0,INT-HISTORICAL-001051,SET-HISTORICAL-001051
LBL-HISTORICAL-001052,historical,,exact_match,1,none,exact,0,0,INT-HISTORICAL-001052,SET-HISTORICAL-001052
LBL-HISTORICAL-001053,historical,,exact_match,1,none,exact,0,0,INT-HISTORICAL-001053,SET-HISTORICAL-001053
LBL-HISTORICAL-001054,historical,,rounding_difference,1,rounding,amount_tolerance,0,0,INT-HISTORICAL-001054,SET-HISTORICAL-001054
LBL-HISTORICAL-001055,historical,,exact_match,1,none,exact,0,0,INT-HISTORICAL-001055,SET-HISTORICAL-001055
LBL-HISTORICAL-001056,historical,,exact_match,1,none,exact,0,0,INT-HISTORICAL-001056,SET-HISTORICAL-001056
LBL-HISTORICAL-001057,historical,,exact_match,1,none,exact,0,0,INT-HISTORICAL-001057,SET-HISTORICAL-001057
LBL-HISTORICAL-001058,historical,,exact_match,1,none,exact,0,0,INT-HISTORICAL-001058,SET-HISTORICAL-001058
LBL-HISTORICAL-001059,historical,,exact_match,1,none,exact,0,0,INT-HISTORICAL-001059,SET-HISTORICAL-001059
LBL-HISTORICAL-001060,historical,,exact_match,1,none,exact,0,0,INT-HISTORICAL-001060,SET-HISTORICAL-001060
LBL-HISTORICAL-001061,historical,,settlement_delay,1,t_plus_delay,date_tolerance,0,1,INT-HISTORICAL-001061,SET-HISTORICAL-001061
LBL-HISTORICAL-001062,historical,,exact_match,1,none,exact,0,0,INT-HISTORICAL-001062,SET-HISTORICAL-001062
LBL-HISTORICAL-001063,historical,,settlement_delay,1,t_plus_delay,date_tolerance,0,1,INT-HISTORICAL-001063,SET-HISTORICAL-001063
LBL-HISTORICAL-001064,historical,,exact_match,1,none,exact,0,0,INT-HISTORICAL-001064,SET-HISTORICAL-001064
LBL-HISTORICAL-001065,historical,,exact_match,1,none,exact,0,0,INT-HISTORICAL-001065,SET-HISTORICAL-001065
LBL-HISTORICAL-001066,historical,,exact_match,1,none,exact,0,0,INT-HISTORICAL-001066,SET-HISTORICAL-001066
LBL-HISTORICAL-001067,historical,,exact_match,1,none,exact,0,0,INT-HISTORICAL-001067,SET-HISTORICAL-001067
LBL-HISTORICAL-001068,historical,,exact_match,1,none,exact,0,0,INT-HISTORICAL-001068,SET-HISTORICAL-001068
LBL-HISTORICAL-001069,historical,,exact_match,1,none,exact,0,0,INT-HISTORICAL-001069,SET-HISTORICAL-001069
LBL-HISTORICAL-001070,historical,,exact_match,1,none,exact,0,0,INT-HISTORICAL-001070,SET-HISTORICAL-001070
LBL-HISTORICAL-001071,historical,,exact_match,1,none,exact,0,0,INT-HISTORICAL-001071,SET-HISTORICAL-001071
LBL-HISTORICAL-001072,historical,,exact_match,1,none,exact,0,0,INT-HISTORICAL-001072,SET-HISTORICAL-001072
LBL-HISTORICAL-001073,historical,,exact_match,1,none,exact,0,0,INT-HISTORICAL-001073,SET-HISTORICAL-001073
LBL-HISTORICAL-001074,historical,,exact_match,1,none,exact,0,0,INT-HISTORICAL-001074,SET-HISTORICAL-001074
LBL-HISTORICAL-001075,historical,,settlement_delay,1,t_plus_delay,date_tolerance,0,1,INT-HISTORICAL-001075,SET-HISTORICAL-001075
LBL-HISTORICAL-001076,historical,,exact_match,1,none,exact,0,0,INT-HISTORICAL-001076,SET-HISTORICAL-001076
LBL-HISTORICAL-001077,historical,,exact_match,1,none,exact,0,0,INT-HISTORICAL-001077,SET-HISTORICAL-001077
LBL-HISTORICAL-001078,historical,,exact_match,1,none,exact,0,0,INT-HISTORICAL-001078,SET-HISTORICAL-001078
LBL-HISTORICAL-001079,historical,,exact_match,1,none,exact,0,0,INT-HISTORICAL-001079,SET-HISTORICAL-001079
LBL-HISTORICAL-001080,historical,,settlement_delay,1,t_plus_delay,date_tolerance,0,2,INT-HISTORICAL-001080,SET-HISTORICAL-001080
LBL-HISTORICAL-001081,historical,,settlement_delay,1,t_plus_delay,date_tolerance,0,1,INT-HISTORICAL-001081,SET-HISTORICAL-001081
LBL-HISTORICAL-001082,historical,,exact_match,1,none,exact,0,0,INT-HISTORICAL-001082,SET-HISTORICAL-001082
LBL-HISTORICAL-001083,historical,,processing_fee,1,processor_fee,amount_tolerance,1,0,INT-HISTORICAL-001083,SET-HISTORICAL-001083
LBL-HISTORICAL-001084,historical,,settlement_delay,1,t_plus_delay,date_tolerance,0,1,INT-HISTORICAL-001084,SET-HISTORICAL-001084
LBL-HISTORICAL-001085,historical,,reference_format,1,reference_normalization,reference_normalization,0,0,INT-HISTORICAL-001085,SET-HISTORICAL-001085
LBL-HISTORICAL-001086,historical,,exact_match,1,none,exact,0,0,INT-HISTORICAL-001086,SET-HISTORICAL-001086
LBL-HISTORICAL-001087,historical,,exact_match,1,none,exact,0,0,INT-HISTORICAL-001087,SET-HISTORICAL-001087
LBL-HISTORICAL-001088,historical,,exact_match,1,none,exact,0,0,INT-HISTORICAL-001088,SET-HISTORICAL-001088
LBL-HISTORICAL-001089,historical,,exact_match,1,none,exact,0,0,INT-HISTORICAL-001089,SET-HISTORICAL-001089
LBL-HISTORICAL-001090,historical,,duplicate_processor_record,1,duplicate,dedupe_then_match,0,0,INT-HISTORICAL-001090,SET-HISTORICAL-001090
LBL-HISTORICAL-001091,historical,,exact_match,1,none,exact,0,0,INT-HISTORICAL-001091,SET-HISTORICAL-001091
LBL-HISTORICAL-001092,historical,,processing_fee,1,processor_fee,amount_tolerance,1,0,INT-HISTORICAL-001092,SET-HISTORICAL-001092
LBL-HISTORICAL-001093,historical,,processing_fee,1,processor_fee,amount_tolerance,3,0,INT-HISTORICAL-001093,SET-HISTORICAL-001093
LBL-HISTORICAL-001094,historical,,exact_match,1,none,exact,0,0,INT-HISTORICAL-001094,SET-HISTORICAL-001094
LBL-HISTORICAL-001095,historical,,reference_format,1,reference_normalization,reference_normalization,0,0,INT-HISTORICAL-001095,SET-HISTORICAL-001095
LBL-HISTORICAL-001096,historical,,processing_fee,1,processor_fee,amount_tolerance,5,0,INT-HISTORICAL-001096,SET-HISTORICAL-001096
LBL-HISTORICAL-001097,historical,,exact_match,1,none,exact,0,0,INT-HISTORICAL-001097,SET-HISTORICAL-001097
LBL-HISTORICAL-001098,historical,,exact_match,1,none,exact,0,0,INT-HISTORICAL-001098,SET-HISTORICAL-001098
LBL-HISTORICAL-001099,historical,,exact_match,1,none,exact,0,0,INT-HISTORICAL-001099,SET-HISTORICAL-001099
LBL-HISTORICAL-001100,historical,,processing_fee,1,processor_fee,amount_tolerance,5,0,INT-HISTORICAL-001100,SET-HISTORICAL-001100
LBL-HISTORICAL-001101,historical,,reference_format,1,reference_normalization,reference_normalization,0,0,INT-HISTORICAL-001101,SET-HISTORICAL-001101
LBL-HISTORICAL-001102,historical,,exact_match,1,none,exact,0,0,INT-HISTORICAL-001102,SET-HISTORICAL-001102
LBL-HISTORICAL-001103,historical,,exact_match,1,none,exact,0,0,INT-HISTORICAL-001103,SET-HISTORICAL-001103
LBL-HISTORICAL-001104,historical,,exact_match,1,none,exact,0,0,INT-HISTORICAL-001104,SET-HISTORICAL-001104
LBL-HISTORICAL-001105,historical,,exact_match,1,none,exact,0,0,INT-HISTORICAL-001105,SET-HISTORICAL-001105
LBL-HISTORICAL-001106,historical,,exact_match,1,none,exact,0,0,INT-HISTORICAL-001106,SET-HISTORICAL-001106
LBL-HISTORICAL-001107,historical,,exact_match,1,none,exact,0,0,INT-HISTORICAL-001107,SET-HISTORICAL-001107
LBL-HISTORICAL-001108,historical,,exact_match,1,none,exact,0,0,INT-HISTORICAL-001108,SET-HISTORICAL-001108
LBL-HISTORICAL-001109,historical,,exact_match,1,none,exact,0,0,INT-HISTORICAL-001109,SET-HISTORICAL-001109
LBL-HISTORICAL-001110,historical,,exact_match,1,none,exact,0,0,INT-HISTORICAL-001110,SET-HISTORICAL-001110
LBL-HISTORICAL-001111,historical,,exact_match,1,none,exact,0,0,INT-HISTORICAL-001111,SET-HISTORICAL-001111
LBL-HISTORICAL-001112,historical,,exact_match,1,none,exact,0,0,INT-HISTORICAL-001112,SET-HISTORICAL-001112
LBL-HISTORICAL-001113,historical,,exact_match,1,none,exact,0,0,INT-HISTORICAL-001113,SET-HISTORICAL-001113
LBL-HISTORICAL-001114,historical,,settlement_delay,1,t_plus_delay,date_tolerance,0,2,INT-HISTORICAL-001114,SET-HISTORICAL-001114
LBL-HISTORICAL-001115,historical,,processing_fee,1,processor_fee,amount_tolerance,2,0,INT-HISTORICAL-001115,SET-HISTORICAL-001115
LBL-HISTORICAL-001116,historical,,exact_match,1,none,exact,0,0,INT-HISTORICAL-001116,SET-HISTORICAL-001116
LBL-HISTORICAL-001117,historical,,exact_match,1,none,exact,0,0,INT-HISTORICAL-001117,SET-HISTORICAL-001117
LBL-HISTORICAL-001118,historical,,processing_fee,1,processor_fee,amount_tolerance,5,0,INT-HISTORICAL-001118,SET-HISTORICAL-001118
LBL-HISTORICAL-001119,historical,,exact_match,1,none,exact,0,0,INT-HISTORICAL-001119,SET-HISTORICAL-001119
LBL-HISTORICAL-001120,historical,,exact_match,1,none,exact,0,0,INT-HISTORICAL-001120,SET-HISTORICAL-001120
LBL-HISTORICAL-001121,historical,,exact_match,1,none,exact,0,0,INT-HISTORICAL-001121,SET-HISTORICAL-001121
LBL-HISTORICAL-001122,historical,,exact_match,1,none,exact,0,0,INT-HISTORICAL-001122,SET-HISTORICAL-001122
LBL-HISTORICAL-001123,historical,,settlement_delay,1,t_plus_delay,date_tolerance,0,1,INT-HISTORICAL-001123,SET-HISTORICAL-001123
LBL-HISTORICAL-001124,historical,,exact_match,1,none,exact,0,0,INT-HISTORICAL-001124,SET-HISTORICAL-001124
LBL-HISTORICAL-001125,historical,,exact_match,1,none,exact,0,0,INT-HISTORICAL-001125,SET-HISTORICAL-001125
LBL-HISTORICAL-001126,historical,,reference_format,1,reference_normalization,reference_normalization,0,0,INT-HISTORICAL-001126,SET-HISTORICAL-001126
LBL-HISTORICAL-001127,historical,,exact_match,1,none,exact,0,0,INT-HISTORICAL-001127,SET-HISTORICAL-001127
LBL-HISTORICAL-001128,historical,,settlement_delay,1,t_plus_delay,date_tolerance,0,1,INT-HISTORICAL-001128,SET-HISTORICAL-001128
LBL-HISTORICAL-001129,historical,,reference_format,1,reference_normalization,reference_normalization,0,0,INT-HISTORICAL-001129,SET-HISTORICAL-001129
LBL-HISTORICAL-001130,historical,,exact_match,1,none,exact,0,0,INT-HISTORICAL-001130,SET-HISTORICAL-001130
LBL-HISTORICAL-001131,historical,,exact_match,1,none,exact,0,0,INT-HISTORICAL-001131,SET-HISTORICAL-001131
LBL-HISTORICAL-001132,historical,,settlement_delay,1,t_plus_delay,date_tolerance,0,2,INT-HISTORICAL-001132,SET-HISTORICAL-001132
LBL-HISTORICAL-001133,historical,,exact_match,1,none,exact,0,0,INT-HISTORICAL-001133,SET-HISTORICAL-001133
LBL-HISTORICAL-001134,historical,,exact_match,1,none,exact,0,0,INT-HISTORICAL-001134,SET-HISTORICAL-001134
LBL-HISTORICAL-001135,historical,,exact_match,1,none,exact,0,0,INT-HISTORICAL-001135,SET-HISTORICAL-001135
LBL-HISTORICAL-001136,historical,,settlement_delay,1,t_plus_delay,date_tolerance,0,1,INT-HISTORICAL-001136,SET-HISTORICAL-001136
LBL-HISTORICAL-001137,historical,,settlement_delay,1,t_plus_delay,date_tolerance,0,1,INT-HISTORICAL-001137,SET-HISTORICAL-001137
LBL-HISTORICAL-001138,historical,,exact_match,1,none,exact,0,0,INT-HISTORICAL-001138,SET-HISTORICAL-001138
LBL-HISTORICAL-001139,historical,,exact_match,1,none,exact,0,0,INT-HISTORICAL-001139,SET-HISTORICAL-001139
LBL-HISTORICAL-001140,historical,,reference_format,1,reference_normalization,reference_normalization,0,0,INT-HISTORICAL-001140,SET-HISTORICAL-001140
LBL-HISTORICAL-001141,historical,,reference_format,1,reference_normalization,reference_normalization,0,0,INT-HISTORICAL-001141,SET-HISTORICAL-001141
LBL-HISTORICAL-001142,historical,,exact_match,1,none,exact,0,0,INT-HISTORICAL-001142,SET-HISTORICAL-001142
LBL-HISTORICAL-001143,historical,,exact_match,1,none,exact,0,0,INT-HISTORICAL-001143,SET-HISTORICAL-001143
LBL-HISTORICAL-001144,historical,,exact_match,1,none,exact,0,0,INT-HISTORICAL-001144,SET-HISTORICAL-001144
LBL-HISTORICAL-001145,historical,,exact_match,1,none,exact,0,0,INT-HISTORICAL-001145,SET-HISTORICAL-001145
LBL-HISTORICAL-001146,historical,,exact_match,1,none,exact,0,0,INT-HISTORICAL-001146,SET-HISTORICAL-001146
LBL-HISTORICAL-001147,historical,,exact_match,1,none,exact,0,0,INT-HISTORICAL-001147,SET-HISTORICAL-001147
LBL-HISTORICAL-001148,historical,,exact_match,1,none,exact,0,0,INT-HISTORICAL-001148,SET-HISTORICAL-001148
LBL-HISTORICAL-001149,historical,,exact_match,1,none,exact,0,0,INT-HISTORICAL-001149,SET-HISTORICAL-001149
LBL-HISTORICAL-001150,historical,,exact_match,1,none,exact,0,0,INT-HISTORICAL-001150,SET-HISTORICAL-001150
LBL-HISTORICAL-001151,historical,,exact_match,1,none,exact,0,0,INT-HISTORICAL-001151,SET-HISTORICAL-001151
LBL-HISTORICAL-001152,historical,,processing_fee,1,processor_fee,amount_tolerance,2,0,INT-HISTORICAL-001152,SET-HISTORICAL-001152
LBL-HISTORICAL-001153,historical,,processing_fee,1,processor_fee,amount_tolerance,2,0,INT-HISTORICAL-001153,SET-HISTORICAL-001153
LBL-HISTORICAL-001154,historical,,true_amount_mismatch,0,true_amount_mismatch,do_not_match,0,0,INT-HISTORICAL-001154,SET-HISTORICAL-001154
LBL-HISTORICAL-001155,historical,,exact_match,1,none,exact,0,0,INT-HISTORICAL-001155,SET-HISTORICAL-001155
LBL-HISTORICAL-001156,historical,,exact_match,1,none,exact,0,0,INT-HISTORICAL-001156,SET-HISTORICAL-001156
LBL-HISTORICAL-001157,historical,,exact_match,1,none,exact,0,0,INT-HISTORICAL-001157,SET-HISTORICAL-001157
LBL-HISTORICAL-001158,historical,,exact_match,1,none,exact,0,0,INT-HISTORICAL-001158,SET-HISTORICAL-001158
LBL-HISTORICAL-001159,historical,,rounding_difference,1,rounding,amount_tolerance,0,0,INT-HISTORICAL-001159,SET-HISTORICAL-001159
LBL-HISTORICAL-001160,historical,,settlement_delay,1,t_plus_delay,date_tolerance,0,1,INT-HISTORICAL-001160,SET-HISTORICAL-001160
LBL-HISTORICAL-001161,historical,,exact_match,1,none,exact,0,0,INT-HISTORICAL-001161,SET-HISTORICAL-001161
LBL-HISTORICAL-001162,historical,,exact_match,1,none,exact,0,0,INT-HISTORICAL-001162,SET-HISTORICAL-001162
LBL-HISTORICAL-001163,historical,,exact_match,1,none,exact,0,0,INT-HISTORICAL-001163,SET-HISTORICAL-001163
LBL-HISTORICAL-001164,historical,,exact_match,1,none,exact,0,0,INT-HISTORICAL-001164,SET-HISTORICAL-001164
LBL-HISTORICAL-001165,historical,,processing_fee,1,processor_fee,amount_tolerance,2,0,INT-HISTORICAL-001165,SET-HISTORICAL-001165
LBL-HISTORICAL-001166,historical,,reference_format,1,reference_normalization,reference_normalization,0,0,INT-HISTORICAL-001166,SET-HISTORICAL-001166
LBL-HISTORICAL-001167,historical,,exact_match,1,none,exact,0,0,INT-HISTORICAL-001167,SET-HISTORICAL-001167
LBL-HISTORICAL-001168,historical,,processing_fee,1,processor_fee,amount_tolerance,5,0,INT-HISTORICAL-001168,SET-HISTORICAL-001168
LBL-HISTORICAL-001169,historical,,true_amount_mismatch,0,true_amount_mismatch,do_not_match,0,0,INT-HISTORICAL-001169,SET-HISTORICAL-001169
LBL-HISTORICAL-001170,historical,,exact_match,1,none,exact,0,0,INT-HISTORICAL-001170,SET-HISTORICAL-001170
LBL-HISTORICAL-001171,historical,,exact_match,1,none,exact,0,0,INT-HISTORICAL-001171,SET-HISTORICAL-001171
LBL-HISTORICAL-001172,historical,,exact_match,1,none,exact,0,0,INT-HISTORICAL-001172,SET-HISTORICAL-001172
LBL-HISTORICAL-001173,historical,,duplicate_processor_record,1,duplicate,dedupe_then_match,0,0,INT-HISTORICAL-001173,SET-HISTORICAL-001173
LBL-HISTORICAL-001174,historical,,processing_fee,1,processor_fee,amount_tolerance,1,0,INT-HISTORICAL-001174,SET-HISTORICAL-001174
LBL-HISTORICAL-001175,historical,,settlement_delay,1,t_plus_delay,date_tolerance,0,2,INT-HISTORICAL-001175,SET-HISTORICAL-001175
LBL-HISTORICAL-001176,historical,,exact_match,1,none,exact,0,0,INT-HISTORICAL-001176,SET-HISTORICAL-001176
LBL-HISTORICAL-001177,historical,,exact_match,1,none,exact,0,0,INT-HISTORICAL-001177,SET-HISTORICAL-001177
LBL-HISTORICAL-001178,historical,,exact_match,1,none,exact,0,0,INT-HISTORICAL-001178,SET-HISTORICAL-001178
LBL-HISTORICAL-001179,historical,,currency_mismatch,0,currency_mismatch,do_not_match,0,0,INT-HISTORICAL-001179,SET-HISTORICAL-001179
LBL-HISTORICAL-001180,historical,,exact_match,1,none,exact,0,0,INT-HISTORICAL-001180,SET-HISTORICAL-001180
LBL-HISTORICAL-001181,historical,,exact_match,1,none,exact,0,0,INT-HISTORICAL-001181,SET-HISTORICAL-001181
LBL-HISTORICAL-001182,historical,,exact_match,1,none,exact,0,0,INT-HISTORICAL-001182,SET-HISTORICAL-001182
LBL-HISTORICAL-001183,historical,,exact_match,1,none,exact,0,0,INT-HISTORICAL-001183,SET-HISTORICAL-001183
LBL-HISTORICAL-001184,historical,,exact_match,1,none,exact,0,0,INT-HISTORICAL-001184,SET-HISTORICAL-001184
LBL-HISTORICAL-001185,historical,,exact_match,1,none,exact,0,0,INT-HISTORICAL-001185,SET-HISTORICAL-001185
LBL-HISTORICAL-001186,historical,,exact_match,1,none,exact,0,0,INT-HISTORICAL-001186,SET-HISTORICAL-001186
LBL-HISTORICAL-001187,historical,,exact_match,1,none,exact,0,0,INT-HISTORICAL-001187,SET-HISTORICAL-001187
LBL-HISTORICAL-001188,historical,,exact_match,1,none,exact,0,0,INT-HISTORICAL-001188,SET-HISTORICAL-001188
LBL-HISTORICAL-001189,historical,,exact_match,1,none,exact,0,0,INT-HISTORICAL-001189,SET-HISTORICAL-001189
LBL-HISTORICAL-001190,historical,,reference_format,1,reference_normalization,reference_normalization,0,0,INT-HISTORICAL-001190,SET-HISTORICAL-001190
LBL-HISTORICAL-001191,historical,,exact_match,1,none,exact,0,0,INT-HISTORICAL-001191,SET-HISTORICAL-001191
LBL-HISTORICAL-001192,historical,,rounding_difference,1,rounding,amount_tolerance,0,0,INT-HISTORICAL-001192,SET-HISTORICAL-001192
LBL-HISTORICAL-001193,historical,,exact_match,1,none,exact,0,0,INT-HISTORICAL-001193,SET-HISTORICAL-001193
LBL-HISTORICAL-001194,historical,,exact_match,1,none,exact,0,0,INT-HISTORICAL-001194,SET-HISTORICAL-001194
LBL-HISTORICAL-001195,historical,,processing_fee,1,processor_fee,amount_tolerance,3,0,INT-HISTORICAL-001195,SET-HISTORICAL-001195
LBL-HISTORICAL-001196,historical,,processing_fee,1,processor_fee,amount_tolerance,5,0,INT-HISTORICAL-001196,SET-HISTORICAL-001196
LBL-HISTORICAL-001197,historical,,exact_match,1,none,exact,0,0,INT-HISTORICAL-001197,SET-HISTORICAL-001197
LBL-HISTORICAL-001198,historical,,exact_match,1,none,exact,0,0,INT-HISTORICAL-001198,SET-HISTORICAL-001198
LBL-HISTORICAL-001199,historical,,exact_match,1,none,exact,0,0,INT-HISTORICAL-001199,SET-HISTORICAL-001199
LBL-HISTORICAL-001200,historical,,exact_match,1,none,exact,0,0,INT-HISTORICAL-001200,SET-HISTORICAL-001200
LBL-HISTORICAL-001201,historical,,processing_fee,1,processor_fee,amount_tolerance,2,0,INT-HISTORICAL-001201,SET-HISTORICAL-001201
LBL-HISTORICAL-001202,historical,,exact_match,1,none,exact,0,0,INT-HISTORICAL-001202,SET-HISTORICAL-001202
LBL-HISTORICAL-001203,historical,,exact_match,1,none,exact,0,0,INT-HISTORICAL-001203,SET-HISTORICAL-001203
LBL-HISTORICAL-001204,historical,,processing_fee,1,processor_fee,amount_tolerance,3,0,INT-HISTORICAL-001204,SET-HISTORICAL-001204
LBL-HISTORICAL-001205,historical,,currency_mismatch,0,currency_mismatch,do_not_match,0,0,INT-HISTORICAL-001205,SET-HISTORICAL-001205
LBL-HISTORICAL-001206,historical,,exact_match,1,none,exact,0,0,INT-HISTORICAL-001206,SET-HISTORICAL-001206
LBL-HISTORICAL-001207,historical,,exact_match,1,none,exact,0,0,INT-HISTORICAL-001207,SET-HISTORICAL-001207
LBL-HISTORICAL-001208,historical,,exact_match,1,none,exact,0,0,INT-HISTORICAL-001208,SET-HISTORICAL-001208
LBL-HISTORICAL-001209,historical,,exact_match,1,none,exact,0,0,INT-HISTORICAL-001209,SET-HISTORICAL-001209
LBL-HISTORICAL-001210,historical,,exact_match,1,none,exact,0,0,INT-HISTORICAL-001210,SET-HISTORICAL-001210
LBL-HISTORICAL-001211,historical,,exact_match,1,none,exact,0,0,INT-HISTORICAL-001211,SET-HISTORICAL-001211
LBL-HISTORICAL-001212,historical,,exact_match,1,none,exact,0,0,INT-HISTORICAL-001212,SET-HISTORICAL-001212
LBL-HISTORICAL-001213,historical,,processing_fee,1,processor_fee,amount_tolerance,1,0,INT-HISTORICAL-001213,SET-HISTORICAL-001213
LBL-HISTORICAL-001214,historical,,exact_match,1,none,exact,0,0,INT-HISTORICAL-001214,SET-HISTORICAL-001214
LBL-HISTORICAL-001215,historical,,exact_match,1,none,exact,0,0,INT-HISTORICAL-001215,SET-HISTORICAL-001215
LBL-HISTORICAL-001216,historical,,true_amount_mismatch,0,true_amount_mismatch,do_not_match,0,0,INT-HISTORICAL-001216,SET-HISTORICAL-001216
LBL-HISTORICAL-001217,historical,,exact_match,1,none,exact,0,0,INT-HISTORICAL-001217,SET-HISTORICAL-001217
LBL-HISTORICAL-001218,historical,,exact_match,1,none,exact,0,0,INT-HISTORICAL-001218,SET-HISTORICAL-001218
LBL-HISTORICAL-001219,historical,,duplicate_processor_record,1,duplicate,dedupe_then_match,0,0,INT-HISTORICAL-001219,SET-HISTORICAL-001219
LBL-HISTORICAL-001220,historical,,exact_match,1,none,exact,0,0,INT-HISTORICAL-001220,SET-HISTORICAL-001220
LBL-HISTORICAL-001221,historical,,exact_match,1,none,exact,0,0,INT-HISTORICAL-001221,SET-HISTORICAL-001221
LBL-HISTORICAL-001222,historical,,processing_fee,1,processor_fee,amount_tolerance,1,0,INT-HISTORICAL-001222,SET-HISTORICAL-001222
LBL-HISTORICAL-001223,historical,,processing_fee,1,processor_fee,amount_tolerance,3,0,INT-HISTORICAL-001223,SET-HISTORICAL-001223
LBL-HISTORICAL-001224,historical,,true_amount_mismatch,0,true_amount_mismatch,do_not_match,0,0,INT-HISTORICAL-001224,SET-HISTORICAL-001224
LBL-HISTORICAL-001225,historical,,processing_fee,1,processor_fee,amount_tolerance,5,0,INT-HISTORICAL-001225,SET-HISTORICAL-001225
LBL-HISTORICAL-001226,historical,,exact_match,1,none,exact,0,0,INT-HISTORICAL-001226,SET-HISTORICAL-001226
LBL-HISTORICAL-001227,historical,,exact_match,1,none,exact,0,0,INT-HISTORICAL-001227,SET-HISTORICAL-001227
LBL-HISTORICAL-001228,historical,,rounding_difference,1,rounding,amount_tolerance,0,0,INT-HISTORICAL-001228,SET-HISTORICAL-001228
LBL-HISTORICAL-001229,historical,,reference_format,1,reference_normalization,reference_normalization,0,0,INT-HISTORICAL-001229,SET-HISTORICAL-001229
LBL-HISTORICAL-001230,historical,,settlement_delay,1,t_plus_delay,date_tolerance,0,2,INT-HISTORICAL-001230,SET-HISTORICAL-001230
LBL-HISTORICAL-001231,historical,,processing_fee,1,processor_fee,amount_tolerance,5,0,INT-HISTORICAL-001231,SET-HISTORICAL-001231
LBL-HISTORICAL-001232,historical,,exact_match,1,none,exact,0,0,INT-HISTORICAL-001232,SET-HISTORICAL-001232
LBL-HISTORICAL-001233,historical,,exact_match,1,none,exact,0,0,INT-HISTORICAL-001233,SET-HISTORICAL-001233
LBL-HISTORICAL-001234,historical,,settlement_delay,1,t_plus_delay,date_tolerance,0,2,INT-HISTORICAL-001234,SET-HISTORICAL-001234
LBL-HISTORICAL-001235,historical,,exact_match,1,none,exact,0,0,INT-HISTORICAL-001235,SET-HISTORICAL-001235
LBL-HISTORICAL-001236,historical,,exact_match,1,none,exact,0,0,INT-HISTORICAL-001236,SET-HISTORICAL-001236
LBL-HISTORICAL-001237,historical,,true_amount_mismatch,0,true_amount_mismatch,do_not_match,0,0,INT-HISTORICAL-001237,SET-HISTORICAL-001237
LBL-HISTORICAL-001238,historical,,processing_fee,1,processor_fee,amount_tolerance,2,0,INT-HISTORICAL-001238,SET-HISTORICAL-001238
LBL-HISTORICAL-001239,historical,,exact_match,1,none,exact,0,0,INT-HISTORICAL-001239,SET-HISTORICAL-001239
LBL-HISTORICAL-001240,historical,,reference_format,1,reference_normalization,reference_normalization,0,0,INT-HISTORICAL-001240,SET-HISTORICAL-001240
LBL-HISTORICAL-001241,historical,,settlement_delay,1,t_plus_delay,date_tolerance,0,1,INT-HISTORICAL-001241,SET-HISTORICAL-001241
LBL-HISTORICAL-001242,historical,,currency_mismatch,0,currency_mismatch,do_not_match,0,0,INT-HISTORICAL-001242,SET-HISTORICAL-001242
LBL-HISTORICAL-001243,historical,,settlement_delay,1,t_plus_delay,date_tolerance,0,1,INT-HISTORICAL-001243,SET-HISTORICAL-001243
LBL-HISTORICAL-001244,historical,,exact_match,1,none,exact,0,0,INT-HISTORICAL-001244,SET-HISTORICAL-001244
LBL-HISTORICAL-001245,historical,,processing_fee,1,processor_fee,amount_tolerance,2,0,INT-HISTORICAL-001245,SET-HISTORICAL-001245
LBL-HISTORICAL-001246,historical,,settlement_delay,1,t_plus_delay,date_tolerance,0,1,INT-HISTORICAL-001246,SET-HISTORICAL-001246
LBL-HISTORICAL-001247,historical,,exact_match,1,none,exact,0,0,INT-HISTORICAL-001247,SET-HISTORICAL-001247
LBL-HISTORICAL-001248,historical,,exact_match,1,none,exact,0,0,INT-HISTORICAL-001248,SET-HISTORICAL-001248
LBL-HISTORICAL-001249,historical,,exact_match,1,none,exact,0,0,INT-HISTORICAL-001249,SET-HISTORICAL-001249
LBL-HISTORICAL-001250,historical,,exact_match,1,none,exact,0,0,INT-HISTORICAL-001250,SET-HISTORICAL-001250
LBL-HISTORICAL-001251,historical,,exact_match,1,none,exact,0,0,INT-HISTORICAL-001251,SET-HISTORICAL-001251
LBL-HISTORICAL-001252,historical,,exact_match,1,none,exact,0,0,INT-HISTORICAL-001252,SET-HISTORICAL-001252
LBL-HISTORICAL-001253,historical,,processing_fee,1,processor_fee,amount_tolerance,3,0,INT-HISTORICAL-001253,SET-HISTORICAL-001253
LBL-HISTORICAL-001254,historical,,exact_match,1,none,exact,0,0,INT-HISTORICAL-001254,SET-HISTORICAL-001254
LBL-HISTORICAL-001255,historical,,exact_match,1,none,exact,0,0,INT-HISTORICAL-001255,SET-HISTORICAL-001255
LBL-HISTORICAL-001256,historical,,exact_match,1,none,exact,0,0,INT-HISTORICAL-001256,SET-HISTORICAL-001256
LBL-HISTORICAL-001257,historical,,exact_match,1,none,exact,0,0,INT-HISTORICAL-001257,SET-HISTORICAL-001257
LBL-HISTORICAL-001258,historical,,exact_match,1,none,exact,0,0,INT-HISTORICAL-001258,SET-HISTORICAL-001258
LBL-HISTORICAL-001259,historical,,exact_match,1,none,exact,0,0,INT-HISTORICAL-001259,SET-HISTORICAL-001259
LBL-HISTORICAL-001260,historical,,exact_match,1,none,exact,0,0,INT-HISTORICAL-001260,SET-HISTORICAL-001260
LBL-HISTORICAL-001261,historical,,rounding_difference,1,rounding,amount_tolerance,0,0,INT-HISTORICAL-001261,SET-HISTORICAL-001261
LBL-HISTORICAL-001262,historical,,exact_match,1,none,exact,0,0,INT-HISTORICAL-001262,SET-HISTORICAL-001262
LBL-HISTORICAL-001263,historical,,reference_format,1,reference_normalization,reference_normalization,0,0,INT-HISTORICAL-001263,SET-HISTORICAL-001263
LBL-HISTORICAL-001264,historical,,exact_match,1,none,exact,0,0,INT-HISTORICAL-001264,SET-HISTORICAL-001264
LBL-HISTORICAL-001265,historical,,exact_match,1,none,exact,0,0,INT-HISTORICAL-001265,SET-HISTORICAL-001265
LBL-HISTORICAL-001266,historical,,exact_match,1,none,exact,0,0,INT-HISTORICAL-001266,SET-HISTORICAL-001266
LBL-HISTORICAL-001267,historical,,reference_format,1,reference_normalization,reference_normalization,0,0,INT-HISTORICAL-001267,SET-HISTORICAL-001267
LBL-HISTORICAL-001268,historical,,exact_match,1,none,exact,0,0,INT-HISTORICAL-001268,SET-HISTORICAL-001268
LBL-HISTORICAL-001269,historical,,exact_match,1,none,exact,0,0,INT-HISTORICAL-001269,SET-HISTORICAL-001269
LBL-HISTORICAL-001270,historical,,exact_match,1,none,exact,0,0,INT-HISTORICAL-001270,SET-HISTORICAL-001270
LBL-HISTORICAL-001271,historical,,exact_match,1,none,exact,0,0,INT-HISTORICAL-001271,SET-HISTORICAL-001271
LBL-HISTORICAL-001272,historical,,reference_format,1,reference_normalization,reference_normalization,0,0,INT-HISTORICAL-001272,SET-HISTORICAL-001272
LBL-HISTORICAL-001273,historical,,settlement_delay,1,t_plus_delay,date_tolerance,0,2,INT-HISTORICAL-001273,SET-HISTORICAL-001273
LBL-HISTORICAL-001274,historical,,rounding_difference,1,rounding,amount_tolerance,0,0,INT-HISTORICAL-001274,SET-HISTORICAL-001274
LBL-HISTORICAL-001275,historical,,settlement_delay,1,t_plus_delay,date_tolerance,0,1,INT-HISTORICAL-001275,SET-HISTORICAL-001275
LBL-HISTORICAL-001276,historical,,exact_match,1,none,exact,0,0,INT-HISTORICAL-001276,SET-HISTORICAL-001276
LBL-HISTORICAL-001277,historical,,true_amount_mismatch,0,true_amount_mismatch,do_not_match,0,0,INT-HISTORICAL-001277,SET-HISTORICAL-001277
LBL-HISTORICAL-001278,historical,,exact_match,1,none,exact,0,0,INT-HISTORICAL-001278,SET-HISTORICAL-001278
LBL-HISTORICAL-001279,historical,,processing_fee,1,processor_fee,amount_tolerance,3,0,INT-HISTORICAL-001279,SET-HISTORICAL-001279
LBL-HISTORICAL-001280,historical,,exact_match,1,none,exact,0,0,INT-HISTORICAL-001280,SET-HISTORICAL-001280
LBL-HISTORICAL-001281,historical,,exact_match,1,none,exact,0,0,INT-HISTORICAL-001281,SET-HISTORICAL-001281
LBL-HISTORICAL-001282,historical,,processing_fee,1,processor_fee,amount_tolerance,2,0,INT-HISTORICAL-001282,SET-HISTORICAL-001282
LBL-HISTORICAL-001283,historical,,exact_match,1,none,exact,0,0,INT-HISTORICAL-001283,SET-HISTORICAL-001283
LBL-HISTORICAL-001284,historical,,exact_match,1,none,exact,0,0,INT-HISTORICAL-001284,SET-HISTORICAL-001284
LBL-HISTORICAL-001285,historical,,exact_match,1,none,exact,0,0,INT-HISTORICAL-001285,SET-HISTORICAL-001285
LBL-HISTORICAL-001286,historical,,processing_fee,1,processor_fee,amount_tolerance,1,0,INT-HISTORICAL-001286,SET-HISTORICAL-001286
LBL-HISTORICAL-001287,historical,,rounding_difference,1,rounding,amount_tolerance,0,0,INT-HISTORICAL-001287,SET-HISTORICAL-001287
LBL-HISTORICAL-001288,historical,,exact_match,1,none,exact,0,0,INT-HISTORICAL-001288,SET-HISTORICAL-001288
LBL-HISTORICAL-001289,historical,,duplicate_processor_record,1,duplicate,dedupe_then_match,0,0,INT-HISTORICAL-001289,SET-HISTORICAL-001289
LBL-HISTORICAL-001290,historical,,settlement_delay,1,t_plus_delay,date_tolerance,0,1,INT-HISTORICAL-001290,SET-HISTORICAL-001290
LBL-HISTORICAL-001291,historical,,exact_match,1,none,exact,0,0,INT-HISTORICAL-001291,SET-HISTORICAL-001291
LBL-HISTORICAL-001292,historical,,exact_match,1,none,exact,0,0,INT-HISTORICAL-001292,SET-HISTORICAL-001292
LBL-HISTORICAL-001293,historical,,exact_match,1,none,exact,0,0,INT-HISTORICAL-001293,SET-HISTORICAL-001293
LBL-HISTORICAL-001294,historical,,rounding_difference,1,rounding,amount_tolerance,0,0,INT-HISTORICAL-001294,SET-HISTORICAL-001294
LBL-HISTORICAL-001295,historical,,exact_match,1,none,exact,0,0,INT-HISTORICAL-001295,SET-HISTORICAL-001295
LBL-HISTORICAL-001296,historical,,exact_match,1,none,exact,0,0,INT-HISTORICAL-001296,SET-HISTORICAL-001296
LBL-HISTORICAL-001297,historical,,exact_match,1,none,exact,0,0,INT-HISTORICAL-001297,SET-HISTORICAL-001297
LBL-HISTORICAL-001298,historical,,exact_match,1,none,exact,0,0,INT-HISTORICAL-001298,SET-HISTORICAL-001298
LBL-HISTORICAL-001299,historical,,settlement_delay,1,t_plus_delay,date_tolerance,0,1,INT-HISTORICAL-001299,SET-HISTORICAL-001299
LBL-HISTORICAL-001300,historical,,exact_match,1,none,exact,0,0,INT-HISTORICAL-001300,SET-HISTORICAL-001300
LBL-HISTORICAL-001301,historical,,reference_format,1,reference_normalization,reference_normalization,0,0,INT-HISTORICAL-001301,SET-HISTORICAL-001301
LBL-HISTORICAL-001302,historical,,exact_match,1,none,exact,0,0,INT-HISTORICAL-001302,SET-HISTORICAL-001302
LBL-HISTORICAL-001303,historical,,reference_format,1,reference_normalization,reference_normalization,0,0,INT-HISTORICAL-001303,SET-HISTORICAL-001303
LBL-HISTORICAL-001304,historical,,exact_match,1,none,exact,0,0,INT-HISTORICAL-001304,SET-HISTORICAL-001304
LBL-HISTORICAL-001305,historical,,exact_match,1,none,exact,0,0,INT-HISTORICAL-001305,SET-HISTORICAL-001305
LBL-HISTORICAL-001306,historical,,exact_match,1,none,exact,0,0,INT-HISTORICAL-001306,SET-HISTORICAL-001306
LBL-HISTORICAL-001307,historical,,processing_fee,1,processor_fee,amount_tolerance,2,0,INT-HISTORICAL-001307,SET-HISTORICAL-001307
LBL-HISTORICAL-001308,historical,,currency_mismatch,0,currency_mismatch,do_not_match,0,0,INT-HISTORICAL-001308,SET-HISTORICAL-001308
LBL-HISTORICAL-001309,historical,,exact_match,1,none,exact,0,0,INT-HISTORICAL-001309,SET-HISTORICAL-001309
LBL-HISTORICAL-001310,historical,,exact_match,1,none,exact,0,0,INT-HISTORICAL-001310,SET-HISTORICAL-001310
LBL-HISTORICAL-001311,historical,,exact_match,1,none,exact,0,0,INT-HISTORICAL-001311,SET-HISTORICAL-001311
LBL-HISTORICAL-001312,historical,,exact_match,1,none,exact,0,0,INT-HISTORICAL-001312,SET-HISTORICAL-001312
LBL-HISTORICAL-001313,historical,,exact_match,1,none,exact,0,0,INT-HISTORICAL-001313,SET-HISTORICAL-001313
LBL-HISTORICAL-001314,historical,,exact_match,1,none,exact,0,0,INT-HISTORICAL-001314,SET-HISTORICAL-001314
LBL-HISTORICAL-001315,historical,,settlement_delay,1,t_plus_delay,date_tolerance,0,1,INT-HISTORICAL-001315,SET-HISTORICAL-001315
LBL-HISTORICAL-001316,historical,,settlement_delay,1,t_plus_delay,date_tolerance,0,1,INT-HISTORICAL-001316,SET-HISTORICAL-001316
LBL-HISTORICAL-001317,historical,,exact_match,1,none,exact,0,0,INT-HISTORICAL-001317,SET-HISTORICAL-001317
LBL-HISTORICAL-001318,historical,,exact_match,1,none,exact,0,0,INT-HISTORICAL-001318,SET-HISTORICAL-001318
LBL-HISTORICAL-001319,historical,,exact_match,1,none,exact,0,0,INT-HISTORICAL-001319,SET-HISTORICAL-001319
LBL-HISTORICAL-001320,historical,,exact_match,1,none,exact,0,0,INT-HISTORICAL-001320,SET-HISTORICAL-001320
LBL-HISTORICAL-001321,historical,,exact_match,1,none,exact,0,0,INT-HISTORICAL-001321,SET-HISTORICAL-001321
LBL-HISTORICAL-001322,historical,,exact_match,1,none,exact,0,0,INT-HISTORICAL-001322,SET-HISTORICAL-001322
LBL-HISTORICAL-001323,historical,,exact_match,1,none,exact,0,0,INT-HISTORICAL-001323,SET-HISTORICAL-001323
LBL-HISTORICAL-001324,historical,,rounding_difference,1,rounding,amount_tolerance,0,0,INT-HISTORICAL-001324,SET-HISTORICAL-001324
LBL-HISTORICAL-001325,historical,,exact_match,1,none,exact,0,0,INT-HISTORICAL-001325,SET-HISTORICAL-001325
LBL-HISTORICAL-001326,historical,,exact_match,1,none,exact,0,0,INT-HISTORICAL-001326,SET-HISTORICAL-001326
LBL-HISTORICAL-001327,historical,,exact_match,1,none,exact,0,0,INT-HISTORICAL-001327,SET-HISTORICAL-001327
LBL-HISTORICAL-001328,historical,,exact_match,1,none,exact,0,0,INT-HISTORICAL-001328,SET-HISTORICAL-001328
LBL-HISTORICAL-001329,historical,,processing_fee,1,processor_fee,amount_tolerance,3,0,INT-HISTORICAL-001329,SET-HISTORICAL-001329
LBL-HISTORICAL-001330,historical,,exact_match,1,none,exact,0,0,INT-HISTORICAL-001330,SET-HISTORICAL-001330
LBL-HISTORICAL-001331,historical,,exact_match,1,none,exact,0,0,INT-HISTORICAL-001331,SET-HISTORICAL-001331
LBL-HISTORICAL-001332,historical,,exact_match,1,none,exact,0,0,INT-HISTORICAL-001332,SET-HISTORICAL-001332
LBL-HISTORICAL-001333,historical,,exact_match,1,none,exact,0,0,INT-HISTORICAL-001333,SET-HISTORICAL-001333
LBL-HISTORICAL-001334,historical,,exact_match,1,none,exact,0,0,INT-HISTORICAL-001334,SET-HISTORICAL-001334
LBL-HISTORICAL-001335,historical,,exact_match,1,none,exact,0,0,INT-HISTORICAL-001335,SET-HISTORICAL-001335
LBL-HISTORICAL-001336,historical,,exact_match,1,none,exact,0,0,INT-HISTORICAL-001336,SET-HISTORICAL-001336
LBL-HISTORICAL-001337,historical,,processing_fee,1,processor_fee,amount_tolerance,1,0,INT-HISTORICAL-001337,SET-HISTORICAL-001337
LBL-HISTORICAL-001338,historical,,exact_match,1,none,exact,0,0,INT-HISTORICAL-001338,SET-HISTORICAL-001338
LBL-HISTORICAL-001339,historical,,exact_match,1,none,exact,0,0,INT-HISTORICAL-001339,SET-HISTORICAL-001339
LBL-HISTORICAL-001340,historical,,exact_match,1,none,exact,0,0,INT-HISTORICAL-001340,SET-HISTORICAL-001340
LBL-HISTORICAL-001341,historical,,exact_match,1,none,exact,0,0,INT-HISTORICAL-001341,SET-HISTORICAL-001341
LBL-HISTORICAL-001342,historical,,exact_match,1,none,exact,0,0,INT-HISTORICAL-001342,SET-HISTORICAL-001342
LBL-HISTORICAL-001343,historical,,exact_match,1,none,exact,0,0,INT-HISTORICAL-001343,SET-HISTORICAL-001343
LBL-HISTORICAL-001344,historical,,exact_match,1,none,exact,0,0,INT-HISTORICAL-001344,SET-HISTORICAL-001344
LBL-HISTORICAL-001345,historical,,exact_match,1,none,exact,0,0,INT-HISTORICAL-001345,SET-HISTORICAL-001345
LBL-HISTORICAL-001346,historical,,exact_match,1,none,exact,0,0,INT-HISTORICAL-001346,SET-HISTORICAL-001346
LBL-HISTORICAL-001347,historical,,rounding_difference,1,rounding,amount_tolerance,0,0,INT-HISTORICAL-001347,SET-HISTORICAL-001347
LBL-HISTORICAL-001348,historical,,exact_match,1,none,exact,0,0,INT-HISTORICAL-001348,SET-HISTORICAL-001348
LBL-HISTORICAL-001349,historical,,exact_match,1,none,exact,0,0,INT-HISTORICAL-001349,SET-HISTORICAL-001349
LBL-HISTORICAL-001350,historical,,exact_match,1,none,exact,0,0,INT-HISTORICAL-001350,SET-HISTORICAL-001350
LBL-HISTORICAL-001351,historical,,settlement_delay,1,t_plus_delay,date_tolerance,0,1,INT-HISTORICAL-001351,SET-HISTORICAL-001351
LBL-HISTORICAL-001352,historical,,exact_match,1,none,exact,0,0,INT-HISTORICAL-001352,SET-HISTORICAL-001352
LBL-HISTORICAL-001353,historical,,settlement_delay,1,t_plus_delay,date_tolerance,0,1,INT-HISTORICAL-001353,SET-HISTORICAL-001353
LBL-HISTORICAL-001354,historical,,exact_match,1,none,exact,0,0,INT-HISTORICAL-001354,SET-HISTORICAL-001354
LBL-HISTORICAL-001355,historical,,exact_match,1,none,exact,0,0,INT-HISTORICAL-001355,SET-HISTORICAL-001355
LBL-HISTORICAL-001356,historical,,settlement_delay,1,t_plus_delay,date_tolerance,0,1,INT-HISTORICAL-001356,SET-HISTORICAL-001356
LBL-HISTORICAL-001357,historical,,exact_match,1,none,exact,0,0,INT-HISTORICAL-001357,SET-HISTORICAL-001357
LBL-HISTORICAL-001358,historical,,exact_match,1,none,exact,0,0,INT-HISTORICAL-001358,SET-HISTORICAL-001358
LBL-HISTORICAL-001359,historical,,settlement_delay,1,t_plus_delay,date_tolerance,0,1,INT-HISTORICAL-001359,SET-HISTORICAL-001359
LBL-HISTORICAL-001360,historical,,exact_match,1,none,exact,0,0,INT-HISTORICAL-001360,SET-HISTORICAL-001360
LBL-HISTORICAL-001361,historical,,exact_match,1,none,exact,0,0,INT-HISTORICAL-001361,SET-HISTORICAL-001361
LBL-HISTORICAL-001362,historical,,exact_match,1,none,exact,0,0,INT-HISTORICAL-001362,SET-HISTORICAL-001362
LBL-HISTORICAL-001363,historical,,settlement_delay,1,t_plus_delay,date_tolerance,0,1,INT-HISTORICAL-001363,SET-HISTORICAL-001363
LBL-HISTORICAL-001364,historical,,exact_match,1,none,exact,0,0,INT-HISTORICAL-001364,SET-HISTORICAL-001364
LBL-HISTORICAL-001365,historical,,exact_match,1,none,exact,0,0,INT-HISTORICAL-001365,SET-HISTORICAL-001365
LBL-HISTORICAL-001366,historical,,exact_match,1,none,exact,0,0,INT-HISTORICAL-001366,SET-HISTORICAL-001366
LBL-HISTORICAL-001367,historical,,exact_match,1,none,exact,0,0,INT-HISTORICAL-001367,SET-HISTORICAL-001367
LBL-HISTORICAL-001368,historical,,exact_match,1,none,exact,0,0,INT-HISTORICAL-001368,SET-HISTORICAL-001368
LBL-HISTORICAL-001369,historical,,exact_match,1,none,exact,0,0,INT-HISTORICAL-001369,SET-HISTORICAL-001369
LBL-HISTORICAL-001370,historical,,exact_match,1,none,exact,0,0,INT-HISTORICAL-001370,SET-HISTORICAL-001370
LBL-HISTORICAL-001371,historical,,settlement_delay,1,t_plus_delay,date_tolerance,0,1,INT-HISTORICAL-001371,SET-HISTORICAL-001371
LBL-HISTORICAL-001372,historical,,exact_match,1,none,exact,0,0,INT-HISTORICAL-001372,SET-HISTORICAL-001372
LBL-HISTORICAL-001373,historical,,exact_match,1,none,exact,0,0,INT-HISTORICAL-001373,SET-HISTORICAL-001373
LBL-HISTORICAL-001374,historical,,exact_match,1,none,exact,0,0,INT-HISTORICAL-001374,SET-HISTORICAL-001374
LBL-HISTORICAL-001375,historical,,processing_fee,1,processor_fee,amount_tolerance,3,0,INT-HISTORICAL-001375,SET-HISTORICAL-001375
LBL-HISTORICAL-001376,historical,,settlement_delay,1,t_plus_delay,date_tolerance,0,2,INT-HISTORICAL-001376,SET-HISTORICAL-001376
LBL-HISTORICAL-001377,historical,,exact_match,1,none,exact,0,0,INT-HISTORICAL-001377,SET-HISTORICAL-001377
LBL-HISTORICAL-001378,historical,,exact_match,1,none,exact,0,0,INT-HISTORICAL-001378,SET-HISTORICAL-001378
LBL-HISTORICAL-001379,historical,,exact_match,1,none,exact,0,0,INT-HISTORICAL-001379,SET-HISTORICAL-001379
LBL-HISTORICAL-001380,historical,,exact_match,1,none,exact,0,0,INT-HISTORICAL-001380,SET-HISTORICAL-001380
LBL-HISTORICAL-001381,historical,,exact_match,1,none,exact,0,0,INT-HISTORICAL-001381,SET-HISTORICAL-001381
LBL-HISTORICAL-001382,historical,,exact_match,1,none,exact,0,0,INT-HISTORICAL-001382,SET-HISTORICAL-001382
LBL-HISTORICAL-001383,historical,,rounding_difference,1,rounding,amount_tolerance,0,0,INT-HISTORICAL-001383,SET-HISTORICAL-001383
LBL-HISTORICAL-001384,historical,,processing_fee,1,processor_fee,amount_tolerance,5,0,INT-HISTORICAL-001384,SET-HISTORICAL-001384
LBL-HISTORICAL-001385,historical,,processing_fee,1,processor_fee,amount_tolerance,2,0,INT-HISTORICAL-001385,SET-HISTORICAL-001385
LBL-HISTORICAL-001386,historical,,exact_match,1,none,exact,0,0,INT-HISTORICAL-001386,SET-HISTORICAL-001386
LBL-HISTORICAL-001387,historical,,true_amount_mismatch,0,true_amount_mismatch,do_not_match,0,0,INT-HISTORICAL-001387,SET-HISTORICAL-001387
LBL-HISTORICAL-001388,historical,,exact_match,1,none,exact,0,0,INT-HISTORICAL-001388,SET-HISTORICAL-001388
LBL-HISTORICAL-001389,historical,,exact_match,1,none,exact,0,0,INT-HISTORICAL-001389,SET-HISTORICAL-001389
LBL-HISTORICAL-001390,historical,,exact_match,1,none,exact,0,0,INT-HISTORICAL-001390,SET-HISTORICAL-001390
LBL-HISTORICAL-001391,historical,,processing_fee,1,processor_fee,amount_tolerance,5,0,INT-HISTORICAL-001391,SET-HISTORICAL-001391
LBL-HISTORICAL-001392,historical,,processing_fee,1,processor_fee,amount_tolerance,1,0,INT-HISTORICAL-001392,SET-HISTORICAL-001392
LBL-HISTORICAL-001393,historical,,exact_match,1,none,exact,0,0,INT-HISTORICAL-001393,SET-HISTORICAL-001393
LBL-HISTORICAL-001394,historical,,settlement_delay,1,t_plus_delay,date_tolerance,0,1,INT-HISTORICAL-001394,SET-HISTORICAL-001394
LBL-HISTORICAL-001395,historical,,settlement_delay,1,t_plus_delay,date_tolerance,0,2,INT-HISTORICAL-001395,SET-HISTORICAL-001395
LBL-HISTORICAL-001396,historical,,exact_match,1,none,exact,0,0,INT-HISTORICAL-001396,SET-HISTORICAL-001396
LBL-HISTORICAL-001397,historical,,exact_match,1,none,exact,0,0,INT-HISTORICAL-001397,SET-HISTORICAL-001397
LBL-HISTORICAL-001398,historical,,settlement_delay,1,t_plus_delay,date_tolerance,0,1,INT-HISTORICAL-001398,SET-HISTORICAL-001398
LBL-HISTORICAL-001399,historical,,exact_match,1,none,exact,0,0,INT-HISTORICAL-001399,SET-HISTORICAL-001399
LBL-HISTORICAL-001400,historical,,processing_fee,1,processor_fee,amount_tolerance,5,0,INT-HISTORICAL-001400,SET-HISTORICAL-001400
LBL-HISTORICAL-001401,historical,,exact_match,1,none,exact,0,0,INT-HISTORICAL-001401,SET-HISTORICAL-001401
LBL-HISTORICAL-001402,historical,,duplicate_processor_record,1,duplicate,dedupe_then_match,0,0,INT-HISTORICAL-001402,SET-HISTORICAL-001402
LBL-HISTORICAL-001403,historical,,exact_match,1,none,exact,0,0,INT-HISTORICAL-001403,SET-HISTORICAL-001403
LBL-HISTORICAL-001404,historical,,processing_fee,1,processor_fee,amount_tolerance,3,0,INT-HISTORICAL-001404,SET-HISTORICAL-001404
LBL-HISTORICAL-001405,historical,,exact_match,1,none,exact,0,0,INT-HISTORICAL-001405,SET-HISTORICAL-001405
LBL-HISTORICAL-001406,historical,,exact_match,1,none,exact,0,0,INT-HISTORICAL-001406,SET-HISTORICAL-001406
LBL-HISTORICAL-001407,historical,,exact_match,1,none,exact,0,0,INT-HISTORICAL-001407,SET-HISTORICAL-001407
LBL-HISTORICAL-001408,historical,,processing_fee,1,processor_fee,amount_tolerance,1,0,INT-HISTORICAL-001408,SET-HISTORICAL-001408
LBL-HISTORICAL-001409,historical,,settlement_delay,1,t_plus_delay,date_tolerance,0,1,INT-HISTORICAL-001409,SET-HISTORICAL-001409
LBL-HISTORICAL-001410,historical,,exact_match,1,none,exact,0,0,INT-HISTORICAL-001410,SET-HISTORICAL-001410
LBL-HISTORICAL-001411,historical,,duplicate_processor_record,1,duplicate,dedupe_then_match,0,0,INT-HISTORICAL-001411,SET-HISTORICAL-001411
LBL-HISTORICAL-001412,historical,,settlement_delay,1,t_plus_delay,date_tolerance,0,2,INT-HISTORICAL-001412,SET-HISTORICAL-001412
LBL-HISTORICAL-001413,historical,,exact_match,1,none,exact,0,0,INT-HISTORICAL-001413,SET-HISTORICAL-001413
LBL-HISTORICAL-001414,historical,,exact_match,1,none,exact,0,0,INT-HISTORICAL-001414,SET-HISTORICAL-001414
LBL-HISTORICAL-001415,historical,,exact_match,1,none,exact,0,0,INT-HISTORICAL-001415,SET-HISTORICAL-001415
LBL-HISTORICAL-001416,historical,,exact_match,1,none,exact,0,0,INT-HISTORICAL-001416,SET-HISTORICAL-001416
LBL-HISTORICAL-001417,historical,,exact_match,1,none,exact,0,0,INT-HISTORICAL-001417,SET-HISTORICAL-001417
LBL-HISTORICAL-001418,historical,,exact_match,1,none,exact,0,0,INT-HISTORICAL-001418,SET-HISTORICAL-001418
LBL-HISTORICAL-001419,historical,,exact_match,1,none,exact,0,0,INT-HISTORICAL-001419,SET-HISTORICAL-001419
LBL-HISTORICAL-001420,historical,,exact_match,1,none,exact,0,0,INT-HISTORICAL-001420,SET-HISTORICAL-001420
LBL-HISTORICAL-001421,historical,,exact_match,1,none,exact,0,0,INT-HISTORICAL-001421,SET-HISTORICAL-001421
LBL-HISTORICAL-001422,historical,,exact_match,1,none,exact,0,0,INT-HISTORICAL-001422,SET-HISTORICAL-001422
LBL-HISTORICAL-001423,historical,,reference_format,1,reference_normalization,reference_normalization,0,0,INT-HISTORICAL-001423,SET-HISTORICAL-001423
LBL-HISTORICAL-001424,historical,,processing_fee,1,processor_fee,amount_tolerance,1,0,INT-HISTORICAL-001424,SET-HISTORICAL-001424
LBL-HISTORICAL-001425,historical,,exact_match,1,none,exact,0,0,INT-HISTORICAL-001425,SET-HISTORICAL-001425
LBL-HISTORICAL-001426,historical,,true_amount_mismatch,0,true_amount_mismatch,do_not_match,0,0,INT-HISTORICAL-001426,SET-HISTORICAL-001426
LBL-HISTORICAL-001427,historical,,exact_match,1,none,exact,0,0,INT-HISTORICAL-001427,SET-HISTORICAL-001427
LBL-HISTORICAL-001428,historical,,exact_match,1,none,exact,0,0,INT-HISTORICAL-001428,SET-HISTORICAL-001428
LBL-HISTORICAL-001429,historical,,exact_match,1,none,exact,0,0,INT-HISTORICAL-001429,SET-HISTORICAL-001429
LBL-HISTORICAL-001430,historical,,exact_match,1,none,exact,0,0,INT-HISTORICAL-001430,SET-HISTORICAL-001430
LBL-HISTORICAL-001431,historical,,settlement_delay,1,t_plus_delay,date_tolerance,0,1,INT-HISTORICAL-001431,SET-HISTORICAL-001431
LBL-HISTORICAL-001432,historical,,exact_match,1,none,exact,0,0,INT-HISTORICAL-001432,SET-HISTORICAL-001432
LBL-HISTORICAL-001433,historical,,exact_match,1,none,exact,0,0,INT-HISTORICAL-001433,SET-HISTORICAL-001433
LBL-HISTORICAL-001434,historical,,processing_fee,1,processor_fee,amount_tolerance,5,0,INT-HISTORICAL-001434,SET-HISTORICAL-001434
LBL-HISTORICAL-001435,historical,,processing_fee,1,processor_fee,amount_tolerance,1,0,INT-HISTORICAL-001435,SET-HISTORICAL-001435
LBL-HISTORICAL-001436,historical,,reference_format,1,reference_normalization,reference_normalization,0,0,INT-HISTORICAL-001436,SET-HISTORICAL-001436
LBL-HISTORICAL-001437,historical,,processing_fee,1,processor_fee,amount_tolerance,5,0,INT-HISTORICAL-001437,SET-HISTORICAL-001437
LBL-HISTORICAL-001438,historical,,processing_fee,1,processor_fee,amount_tolerance,1,0,INT-HISTORICAL-001438,SET-HISTORICAL-001438
LBL-HISTORICAL-001439,historical,,processing_fee,1,processor_fee,amount_tolerance,2,0,INT-HISTORICAL-001439,SET-HISTORICAL-001439
LBL-HISTORICAL-001440,historical,,exact_match,1,none,exact,0,0,INT-HISTORICAL-001440,SET-HISTORICAL-001440
LBL-HISTORICAL-001441,historical,,exact_match,1,none,exact,0,0,INT-HISTORICAL-001441,SET-HISTORICAL-001441
LBL-HISTORICAL-001442,historical,,processing_fee,1,processor_fee,amount_tolerance,1,0,INT-HISTORICAL-001442,SET-HISTORICAL-001442
LBL-HISTORICAL-001443,historical,,exact_match,1,none,exact,0,0,INT-HISTORICAL-001443,SET-HISTORICAL-001443
LBL-HISTORICAL-001444,historical,,processing_fee,1,processor_fee,amount_tolerance,2,0,INT-HISTORICAL-001444,SET-HISTORICAL-001444
LBL-HISTORICAL-001445,historical,,reference_format,1,reference_normalization,reference_normalization,0,0,INT-HISTORICAL-001445,SET-HISTORICAL-001445
LBL-HISTORICAL-001446,historical,,currency_mismatch,0,currency_mismatch,do_not_match,0,0,INT-HISTORICAL-001446,SET-HISTORICAL-001446
LBL-HISTORICAL-001447,historical,,processing_fee,1,processor_fee,amount_tolerance,2,0,INT-HISTORICAL-001447,SET-HISTORICAL-001447
LBL-HISTORICAL-001448,historical,,exact_match,1,none,exact,0,0,INT-HISTORICAL-001448,SET-HISTORICAL-001448
LBL-HISTORICAL-001449,historical,,exact_match,1,none,exact,0,0,INT-HISTORICAL-001449,SET-HISTORICAL-001449
LBL-HISTORICAL-001450,historical,,exact_match,1,none,exact,0,0,INT-HISTORICAL-001450,SET-HISTORICAL-001450
LBL-HISTORICAL-001451,historical,,exact_match,1,none,exact,0,0,INT-HISTORICAL-001451,SET-HISTORICAL-001451
LBL-HISTORICAL-001452,historical,,exact_match,1,none,exact,0,0,INT-HISTORICAL-001452,SET-HISTORICAL-001452
LBL-HISTORICAL-001453,historical,,exact_match,1,none,exact,0,0,INT-HISTORICAL-001453,SET-HISTORICAL-001453
LBL-HISTORICAL-001454,historical,,exact_match,1,none,exact,0,0,INT-HISTORICAL-001454,SET-HISTORICAL-001454
LBL-HISTORICAL-001455,historical,,reference_format,1,reference_normalization,reference_normalization,0,0,INT-HISTORICAL-001455,SET-HISTORICAL-001455
LBL-HISTORICAL-001456,historical,,reference_format,1,reference_normalization,reference_normalization,0,0,INT-HISTORICAL-001456,SET-HISTORICAL-001456
LBL-HISTORICAL-001457,historical,,processing_fee,1,processor_fee,amount_tolerance,3,0,INT-HISTORICAL-001457,SET-HISTORICAL-001457
LBL-HISTORICAL-001458,historical,,exact_match,1,none,exact,0,0,INT-HISTORICAL-001458,SET-HISTORICAL-001458
LBL-HISTORICAL-001459,historical,,exact_match,1,none,exact,0,0,INT-HISTORICAL-001459,SET-HISTORICAL-001459
LBL-HISTORICAL-001460,historical,,exact_match,1,none,exact,0,0,INT-HISTORICAL-001460,SET-HISTORICAL-001460
LBL-HISTORICAL-001461,historical,,exact_match,1,none,exact,0,0,INT-HISTORICAL-001461,SET-HISTORICAL-001461
LBL-HISTORICAL-001462,historical,,exact_match,1,none,exact,0,0,INT-HISTORICAL-001462,SET-HISTORICAL-001462
LBL-HISTORICAL-001463,historical,,exact_match,1,none,exact,0,0,INT-HISTORICAL-001463,SET-HISTORICAL-001463
LBL-HISTORICAL-001464,historical,,exact_match,1,none,exact,0,0,INT-HISTORICAL-001464,SET-HISTORICAL-001464
LBL-HISTORICAL-001465,historical,,reference_format,1,reference_normalization,reference_normalization,0,0,INT-HISTORICAL-001465,SET-HISTORICAL-001465
LBL-HISTORICAL-001466,historical,,reference_format,1,reference_normalization,reference_normalization,0,0,INT-HISTORICAL-001466,SET-HISTORICAL-001466
LBL-HISTORICAL-001467,historical,,reference_format,1,reference_normalization,reference_normalization,0,0,INT-HISTORICAL-001467,SET-HISTORICAL-001467
LBL-HISTORICAL-001468,historical,,rounding_difference,1,rounding,amount_tolerance,0,0,INT-HISTORICAL-001468,SET-HISTORICAL-001468
LBL-HISTORICAL-001469,historical,,exact_match,1,none,exact,0,0,INT-HISTORICAL-001469,SET-HISTORICAL-001469
LBL-HISTORICAL-001470,historical,,settlement_delay,1,t_plus_delay,date_tolerance,0,1,INT-HISTORICAL-001470,SET-HISTORICAL-001470
LBL-HISTORICAL-001471,historical,,exact_match,1,none,exact,0,0,INT-HISTORICAL-001471,SET-HISTORICAL-001471
LBL-HISTORICAL-001472,historical,,exact_match,1,none,exact,0,0,INT-HISTORICAL-001472,SET-HISTORICAL-001472
LBL-HISTORICAL-001473,historical,,processing_fee,1,processor_fee,amount_tolerance,2,0,INT-HISTORICAL-001473,SET-HISTORICAL-001473
LBL-HISTORICAL-001474,historical,,exact_match,1,none,exact,0,0,INT-HISTORICAL-001474,SET-HISTORICAL-001474
LBL-HISTORICAL-001475,historical,,exact_match,1,none,exact,0,0,INT-HISTORICAL-001475,SET-HISTORICAL-001475
LBL-HISTORICAL-001476,historical,,exact_match,1,none,exact,0,0,INT-HISTORICAL-001476,SET-HISTORICAL-001476
LBL-HISTORICAL-001477,historical,,exact_match,1,none,exact,0,0,INT-HISTORICAL-001477,SET-HISTORICAL-001477
LBL-HISTORICAL-001478,historical,,exact_match,1,none,exact,0,0,INT-HISTORICAL-001478,SET-HISTORICAL-001478
LBL-HISTORICAL-001479,historical,,exact_match,1,none,exact,0,0,INT-HISTORICAL-001479,SET-HISTORICAL-001479
LBL-HISTORICAL-001480,historical,,exact_match,1,none,exact,0,0,INT-HISTORICAL-001480,SET-HISTORICAL-001480
LBL-HISTORICAL-001481,historical,,settlement_delay,1,t_plus_delay,date_tolerance,0,2,INT-HISTORICAL-001481,SET-HISTORICAL-001481
LBL-HISTORICAL-001482,historical,,reference_format,1,reference_normalization,reference_normalization,0,0,INT-HISTORICAL-001482,SET-HISTORICAL-001482
LBL-HISTORICAL-001483,historical,,exact_match,1,none,exact,0,0,INT-HISTORICAL-001483,SET-HISTORICAL-001483
LBL-HISTORICAL-001484,historical,,exact_match,1,none,exact,0,0,INT-HISTORICAL-001484,SET-HISTORICAL-001484
LBL-HISTORICAL-001485,historical,,exact_match,1,none,exact,0,0,INT-HISTORICAL-001485,SET-HISTORICAL-001485
LBL-HISTORICAL-001486,historical,,processing_fee,1,processor_fee,amount_tolerance,1,0,INT-HISTORICAL-001486,SET-HISTORICAL-001486
LBL-HISTORICAL-001487,historical,,duplicate_processor_record,1,duplicate,dedupe_then_match,0,0,INT-HISTORICAL-001487,SET-HISTORICAL-001487
LBL-HISTORICAL-001488,historical,,exact_match,1,none,exact,0,0,INT-HISTORICAL-001488,SET-HISTORICAL-001488
LBL-HISTORICAL-001489,historical,,processing_fee,1,processor_fee,amount_tolerance,2,0,INT-HISTORICAL-001489,SET-HISTORICAL-001489
LBL-HISTORICAL-001490,historical,,exact_match,1,none,exact,0,0,INT-HISTORICAL-001490,SET-HISTORICAL-001490
LBL-HISTORICAL-001491,historical,,settlement_delay,1,t_plus_delay,date_tolerance,0,2,INT-HISTORICAL-001491,SET-HISTORICAL-001491
LBL-HISTORICAL-001492,historical,,true_amount_mismatch,0,true_amount_mismatch,do_not_match,0,0,INT-HISTORICAL-001492,SET-HISTORICAL-001492
LBL-HISTORICAL-001493,historical,,settlement_delay,1,t_plus_delay,date_tolerance,0,1,INT-HISTORICAL-001493,SET-HISTORICAL-001493
LBL-HISTORICAL-001494,historical,,rounding_difference,1,rounding,amount_tolerance,0,0,INT-HISTORICAL-001494,SET-HISTORICAL-001494
LBL-HISTORICAL-001495,historical,,exact_match,1,none,exact,0,0,INT-HISTORICAL-001495,SET-HISTORICAL-001495
LBL-HISTORICAL-001496,historical,,exact_match,1,none,exact,0,0,INT-HISTORICAL-001496,SET-HISTORICAL-001496
LBL-HISTORICAL-001497,historical,,processing_fee,1,processor_fee,amount_tolerance,2,0,INT-HISTORICAL-001497,SET-HISTORICAL-001497
LBL-HISTORICAL-001498,historical,,exact_match,1,none,exact,0,0,INT-HISTORICAL-001498,SET-HISTORICAL-001498
LBL-HISTORICAL-001499,historical,,exact_match,1,none,exact,0,0,INT-HISTORICAL-001499,SET-HISTORICAL-001499
LBL-HISTORICAL-001500,historical,,exact_match,1,none,exact,0,0,INT-HISTORICAL-001500,SET-HISTORICAL-001500
LBL-HISTORICAL-001501,historical,,reference_format,1,reference_normalization,reference_normalization,0,0,INT-HISTORICAL-001501,SET-HISTORICAL-001501
LBL-HISTORICAL-001502,historical,,exact_match,1,none,exact,0,0,INT-HISTORICAL-001502,SET-HISTORICAL-001502
LBL-HISTORICAL-001503,historical,,reference_format,1,reference_normalization,reference_normalization,0,0,INT-HISTORICAL-001503,SET-HISTORICAL-001503
LBL-HISTORICAL-001504,historical,,exact_match,1,none,exact,0,0,INT-HISTORICAL-001504,SET-HISTORICAL-001504
LBL-HISTORICAL-001505,historical,,exact_match,1,none,exact,0,0,INT-HISTORICAL-001505,SET-HISTORICAL-001505
LBL-HISTORICAL-001506,historical,,exact_match,1,none,exact,0,0,INT-HISTORICAL-001506,SET-HISTORICAL-001506
LBL-HISTORICAL-001507,historical,,exact_match,1,none,exact,0,0,INT-HISTORICAL-001507,SET-HISTORICAL-001507
LBL-HISTORICAL-001508,historical,,exact_match,1,none,exact,0,0,INT-HISTORICAL-001508,SET-HISTORICAL-001508
LBL-HISTORICAL-001509,historical,,true_amount_mismatch,0,true_amount_mismatch,do_not_match,0,0,INT-HISTORICAL-001509,SET-HISTORICAL-001509
LBL-HISTORICAL-001510,historical,,exact_match,1,none,exact,0,0,INT-HISTORICAL-001510,SET-HISTORICAL-001510
LBL-HISTORICAL-001511,historical,,reference_format,1,reference_normalization,reference_normalization,0,0,INT-HISTORICAL-001511,SET-HISTORICAL-001511
LBL-HISTORICAL-001512,historical,,exact_match,1,none,exact,0,0,INT-HISTORICAL-001512,SET-HISTORICAL-001512
LBL-HISTORICAL-001513,historical,,settlement_delay,1,t_plus_delay,date_tolerance,0,2,INT-HISTORICAL-001513,SET-HISTORICAL-001513
LBL-HISTORICAL-001514,historical,,exact_match,1,none,exact,0,0,INT-HISTORICAL-001514,SET-HISTORICAL-001514
LBL-HISTORICAL-001515,historical,,exact_match,1,none,exact,0,0,INT-HISTORICAL-001515,SET-HISTORICAL-001515
LBL-HISTORICAL-001516,historical,,currency_mismatch,0,currency_mismatch,do_not_match,0,0,INT-HISTORICAL-001516,SET-HISTORICAL-001516
LBL-HISTORICAL-001517,historical,,exact_match,1,none,exact,0,0,INT-HISTORICAL-001517,SET-HISTORICAL-001517
LBL-HISTORICAL-001518,historical,,reference_format,1,reference_normalization,reference_normalization,0,0,INT-HISTORICAL-001518,SET-HISTORICAL-001518
LBL-HISTORICAL-001519,historical,,true_amount_mismatch,0,true_amount_mismatch,do_not_match,0,0,INT-HISTORICAL-001519,SET-HISTORICAL-001519
LBL-HISTORICAL-001520,historical,,exact_match,1,none,exact,0,0,INT-HISTORICAL-001520,SET-HISTORICAL-001520
LBL-HISTORICAL-001521,historical,,exact_match,1,none,exact,0,0,INT-HISTORICAL-001521,SET-HISTORICAL-001521
LBL-HISTORICAL-001522,historical,,exact_match,1,none,exact,0,0,INT-HISTORICAL-001522,SET-HISTORICAL-001522
LBL-HISTORICAL-001523,historical,,rounding_difference,1,rounding,amount_tolerance,0,0,INT-HISTORICAL-001523,SET-HISTORICAL-001523
LBL-HISTORICAL-001524,historical,,exact_match,1,none,exact,0,0,INT-HISTORICAL-001524,SET-HISTORICAL-001524
LBL-HISTORICAL-001525,historical,,exact_match,1,none,exact,0,0,INT-HISTORICAL-001525,SET-HISTORICAL-001525
LBL-HISTORICAL-001526,historical,,exact_match,1,none,exact,0,0,INT-HISTORICAL-001526,SET-HISTORICAL-001526
LBL-HISTORICAL-001527,historical,,exact_match,1,none,exact,0,0,INT-HISTORICAL-001527,SET-HISTORICAL-001527
LBL-HISTORICAL-001528,historical,,exact_match,1,none,exact,0,0,INT-HISTORICAL-001528,SET-HISTORICAL-001528
LBL-HISTORICAL-001529,historical,,exact_match,1,none,exact,0,0,INT-HISTORICAL-001529,SET-HISTORICAL-001529
LBL-HISTORICAL-001530,historical,,settlement_delay,1,t_plus_delay,date_tolerance,0,2,INT-HISTORICAL-001530,SET-HISTORICAL-001530
LBL-HISTORICAL-001531,historical,,exact_match,1,none,exact,0,0,INT-HISTORICAL-001531,SET-HISTORICAL-001531
LBL-HISTORICAL-001532,historical,,exact_match,1,none,exact,0,0,INT-HISTORICAL-001532,SET-HISTORICAL-001532
LBL-HISTORICAL-001533,historical,,exact_match,1,none,exact,0,0,INT-HISTORICAL-001533,SET-HISTORICAL-001533
LBL-HISTORICAL-001534,historical,,exact_match,1,none,exact,0,0,INT-HISTORICAL-001534,SET-HISTORICAL-001534
LBL-HISTORICAL-001535,historical,,exact_match,1,none,exact,0,0,INT-HISTORICAL-001535,SET-HISTORICAL-001535
LBL-HISTORICAL-001536,historical,,exact_match,1,none,exact,0,0,INT-HISTORICAL-001536,SET-HISTORICAL-001536
LBL-HISTORICAL-001537,historical,,exact_match,1,none,exact,0,0,INT-HISTORICAL-001537,SET-HISTORICAL-001537
LBL-HISTORICAL-001538,historical,,exact_match,1,none,exact,0,0,INT-HISTORICAL-001538,SET-HISTORICAL-001538
LBL-HISTORICAL-001539,historical,,processing_fee,1,processor_fee,amount_tolerance,3,0,INT-HISTORICAL-001539,SET-HISTORICAL-001539
LBL-HISTORICAL-001540,historical,,processing_fee,1,processor_fee,amount_tolerance,1,0,INT-HISTORICAL-001540,SET-HISTORICAL-001540
LBL-HISTORICAL-001541,historical,,exact_match,1,none,exact,0,0,INT-HISTORICAL-001541,SET-HISTORICAL-001541
LBL-HISTORICAL-001542,historical,,exact_match,1,none,exact,0,0,INT-HISTORICAL-001542,SET-HISTORICAL-001542
LBL-HISTORICAL-001543,historical,,exact_match,1,none,exact,0,0,INT-HISTORICAL-001543,SET-HISTORICAL-001543
LBL-HISTORICAL-001544,historical,,exact_match,1,none,exact,0,0,INT-HISTORICAL-001544,SET-HISTORICAL-001544
LBL-HISTORICAL-001545,historical,,exact_match,1,none,exact,0,0,INT-HISTORICAL-001545,SET-HISTORICAL-001545
LBL-HISTORICAL-001546,historical,,currency_mismatch,0,currency_mismatch,do_not_match,0,0,INT-HISTORICAL-001546,SET-HISTORICAL-001546
LBL-HISTORICAL-001547,historical,,exact_match,1,none,exact,0,0,INT-HISTORICAL-001547,SET-HISTORICAL-001547
LBL-HISTORICAL-001548,historical,,processing_fee,1,processor_fee,amount_tolerance,2,0,INT-HISTORICAL-001548,SET-HISTORICAL-001548
LBL-HISTORICAL-001549,historical,,settlement_delay,1,t_plus_delay,date_tolerance,0,2,INT-HISTORICAL-001549,SET-HISTORICAL-001549
LBL-HISTORICAL-001550,historical,,exact_match,1,none,exact,0,0,INT-HISTORICAL-001550,SET-HISTORICAL-001550
LBL-HISTORICAL-001551,historical,,true_amount_mismatch,0,true_amount_mismatch,do_not_match,0,0,INT-HISTORICAL-001551,SET-HISTORICAL-001551
LBL-HISTORICAL-001552,historical,,processing_fee,1,processor_fee,amount_tolerance,2,0,INT-HISTORICAL-001552,SET-HISTORICAL-001552
LBL-HISTORICAL-001553,historical,,processing_fee,1,processor_fee,amount_tolerance,5,0,INT-HISTORICAL-001553,SET-HISTORICAL-001553
LBL-HISTORICAL-001554,historical,,exact_match,1,none,exact,0,0,INT-HISTORICAL-001554,SET-HISTORICAL-001554
LBL-HISTORICAL-001555,historical,,reference_format,1,reference_normalization,reference_normalization,0,0,INT-HISTORICAL-001555,SET-HISTORICAL-001555
LBL-HISTORICAL-001556,historical,,rounding_difference,1,rounding,amount_tolerance,0,0,INT-HISTORICAL-001556,SET-HISTORICAL-001556
LBL-HISTORICAL-001557,historical,,exact_match,1,none,exact,0,0,INT-HISTORICAL-001557,SET-HISTORICAL-001557
LBL-HISTORICAL-001558,historical,,exact_match,1,none,exact,0,0,INT-HISTORICAL-001558,SET-HISTORICAL-001558
LBL-HISTORICAL-001559,historical,,exact_match,1,none,exact,0,0,INT-HISTORICAL-001559,SET-HISTORICAL-001559
LBL-HISTORICAL-001560,historical,,processing_fee,1,processor_fee,amount_tolerance,3,0,INT-HISTORICAL-001560,SET-HISTORICAL-001560
LBL-HISTORICAL-001561,historical,,exact_match,1,none,exact,0,0,INT-HISTORICAL-001561,SET-HISTORICAL-001561
LBL-HISTORICAL-001562,historical,,processing_fee,1,processor_fee,amount_tolerance,1,0,INT-HISTORICAL-001562,SET-HISTORICAL-001562
LBL-HISTORICAL-001563,historical,,exact_match,1,none,exact,0,0,INT-HISTORICAL-001563,SET-HISTORICAL-001563
LBL-HISTORICAL-001564,historical,,reference_format,1,reference_normalization,reference_normalization,0,0,INT-HISTORICAL-001564,SET-HISTORICAL-001564
LBL-HISTORICAL-001565,historical,,rounding_difference,1,rounding,amount_tolerance,0,0,INT-HISTORICAL-001565,SET-HISTORICAL-001565
LBL-HISTORICAL-001566,historical,,exact_match,1,none,exact,0,0,INT-HISTORICAL-001566,SET-HISTORICAL-001566
LBL-HISTORICAL-001567,historical,,exact_match,1,none,exact,0,0,INT-HISTORICAL-001567,SET-HISTORICAL-001567
LBL-HISTORICAL-001568,historical,,exact_match,1,none,exact,0,0,INT-HISTORICAL-001568,SET-HISTORICAL-001568
LBL-HISTORICAL-001569,historical,,exact_match,1,none,exact,0,0,INT-HISTORICAL-001569,SET-HISTORICAL-001569
LBL-HISTORICAL-001570,historical,,exact_match,1,none,exact,0,0,INT-HISTORICAL-001570,SET-HISTORICAL-001570
LBL-HISTORICAL-001571,historical,,settlement_delay,1,t_plus_delay,date_tolerance,0,1,INT-HISTORICAL-001571,SET-HISTORICAL-001571
LBL-HISTORICAL-001572,historical,,rounding_difference,1,rounding,amount_tolerance,0,0,INT-HISTORICAL-001572,SET-HISTORICAL-001572
LBL-HISTORICAL-001573,historical,,exact_match,1,none,exact,0,0,INT-HISTORICAL-001573,SET-HISTORICAL-001573
LBL-HISTORICAL-001574,historical,,exact_match,1,none,exact,0,0,INT-HISTORICAL-001574,SET-HISTORICAL-001574
LBL-HISTORICAL-001575,historical,,exact_match,1,none,exact,0,0,INT-HISTORICAL-001575,SET-HISTORICAL-001575
LBL-HISTORICAL-001576,historical,,exact_match,1,none,exact,0,0,INT-HISTORICAL-001576,SET-HISTORICAL-001576
LBL-HISTORICAL-001577,historical,,reference_format,1,reference_normalization,reference_normalization,0,0,INT-HISTORICAL-001577,SET-HISTORICAL-001577
LBL-HISTORICAL-001578,historical,,exact_match,1,none,exact,0,0,INT-HISTORICAL-001578,SET-HISTORICAL-001578
LBL-HISTORICAL-001579,historical,,processing_fee,1,processor_fee,amount_tolerance,1,0,INT-HISTORICAL-001579,SET-HISTORICAL-001579
LBL-HISTORICAL-001580,historical,,true_amount_mismatch,0,true_amount_mismatch,do_not_match,0,0,INT-HISTORICAL-001580,SET-HISTORICAL-001580
LBL-HISTORICAL-001581,historical,,exact_match,1,none,exact,0,0,INT-HISTORICAL-001581,SET-HISTORICAL-001581
LBL-HISTORICAL-001582,historical,,exact_match,1,none,exact,0,0,INT-HISTORICAL-001582,SET-HISTORICAL-001582
LBL-HISTORICAL-001583,historical,,settlement_delay,1,t_plus_delay,date_tolerance,0,1,INT-HISTORICAL-001583,SET-HISTORICAL-001583
LBL-HISTORICAL-001584,historical,,exact_match,1,none,exact,0,0,INT-HISTORICAL-001584,SET-HISTORICAL-001584
LBL-HISTORICAL-001585,historical,,exact_match,1,none,exact,0,0,INT-HISTORICAL-001585,SET-HISTORICAL-001585
LBL-HISTORICAL-001586,historical,,exact_match,1,none,exact,0,0,INT-HISTORICAL-001586,SET-HISTORICAL-001586
LBL-HISTORICAL-001587,historical,,rounding_difference,1,rounding,amount_tolerance,0,0,INT-HISTORICAL-001587,SET-HISTORICAL-001587
LBL-HISTORICAL-001588,historical,,exact_match,1,none,exact,0,0,INT-HISTORICAL-001588,SET-HISTORICAL-001588
LBL-HISTORICAL-001589,historical,,exact_match,1,none,exact,0,0,INT-HISTORICAL-001589,SET-HISTORICAL-001589
LBL-HISTORICAL-001590,historical,,exact_match,1,none,exact,0,0,INT-HISTORICAL-001590,SET-HISTORICAL-001590
LBL-HISTORICAL-001591,historical,,true_amount_mismatch,0,true_amount_mismatch,do_not_match,0,0,INT-HISTORICAL-001591,SET-HISTORICAL-001591
LBL-HISTORICAL-001592,historical,,exact_match,1,none,exact,0,0,INT-HISTORICAL-001592,SET-HISTORICAL-001592
LBL-HISTORICAL-001593,historical,,exact_match,1,none,exact,0,0,INT-HISTORICAL-001593,SET-HISTORICAL-001593
LBL-HISTORICAL-001594,historical,,reference_format,1,reference_normalization,reference_normalization,0,0,INT-HISTORICAL-001594,SET-HISTORICAL-001594
LBL-HISTORICAL-001595,historical,,processing_fee,1,processor_fee,amount_tolerance,3,0,INT-HISTORICAL-001595,SET-HISTORICAL-001595
LBL-HISTORICAL-001596,historical,,exact_match,1,none,exact,0,0,INT-HISTORICAL-001596,SET-HISTORICAL-001596
LBL-HISTORICAL-001597,historical,,processing_fee,1,processor_fee,amount_tolerance,3,0,INT-HISTORICAL-001597,SET-HISTORICAL-001597
LBL-HISTORICAL-001598,historical,,exact_match,1,none,exact,0,0,INT-HISTORICAL-001598,SET-HISTORICAL-001598
LBL-HISTORICAL-001599,historical,,exact_match,1,none,exact,0,0,INT-HISTORICAL-001599,SET-HISTORICAL-001599
LBL-HISTORICAL-001600,historical,,exact_match,1,none,exact,0,0,INT-HISTORICAL-001600,SET-HISTORICAL-001600
LBL-HISTORICAL-001601,historical,,exact_match,1,none,exact,0,0,INT-HISTORICAL-001601,SET-HISTORICAL-001601
LBL-HISTORICAL-001602,historical,,exact_match,1,none,exact,0,0,INT-HISTORICAL-001602,SET-HISTORICAL-001602
LBL-HISTORICAL-001603,historical,,duplicate_processor_record,1,duplicate,dedupe_then_match,0,0,INT-HISTORICAL-001603,SET-HISTORICAL-001603
LBL-HISTORICAL-001604,historical,,rounding_difference,1,rounding,amount_tolerance,0,0,INT-HISTORICAL-001604,SET-HISTORICAL-001604
LBL-HISTORICAL-001605,historical,,duplicate_processor_record,1,duplicate,dedupe_then_match,0,0,INT-HISTORICAL-001605,SET-HISTORICAL-001605
LBL-HISTORICAL-001606,historical,,exact_match,1,none,exact,0,0,INT-HISTORICAL-001606,SET-HISTORICAL-001606
LBL-HISTORICAL-001607,historical,,exact_match,1,none,exact,0,0,INT-HISTORICAL-001607,SET-HISTORICAL-001607
LBL-HISTORICAL-001608,historical,,exact_match,1,none,exact,0,0,INT-HISTORICAL-001608,SET-HISTORICAL-001608
LBL-HISTORICAL-001609,historical,,exact_match,1,none,exact,0,0,INT-HISTORICAL-001609,SET-HISTORICAL-001609
LBL-HISTORICAL-001610,historical,,exact_match,1,none,exact,0,0,INT-HISTORICAL-001610,SET-HISTORICAL-001610
LBL-HISTORICAL-001611,historical,,exact_match,1,none,exact,0,0,INT-HISTORICAL-001611,SET-HISTORICAL-001611
LBL-HISTORICAL-001612,historical,,exact_match,1,none,exact,0,0,INT-HISTORICAL-001612,SET-HISTORICAL-001612
LBL-HISTORICAL-001613,historical,,exact_match,1,none,exact,0,0,INT-HISTORICAL-001613,SET-HISTORICAL-001613
LBL-HISTORICAL-001614,historical,,processing_fee,1,processor_fee,amount_tolerance,2,0,INT-HISTORICAL-001614,SET-HISTORICAL-001614
LBL-HISTORICAL-001615,historical,,exact_match,1,none,exact,0,0,INT-HISTORICAL-001615,SET-HISTORICAL-001615
LBL-HISTORICAL-001616,historical,,exact_match,1,none,exact,0,0,INT-HISTORICAL-001616,SET-HISTORICAL-001616
LBL-HISTORICAL-001617,historical,,exact_match,1,none,exact,0,0,INT-HISTORICAL-001617,SET-HISTORICAL-001617
LBL-HISTORICAL-001618,historical,,exact_match,1,none,exact,0,0,INT-HISTORICAL-001618,SET-HISTORICAL-001618
LBL-HISTORICAL-001619,historical,,exact_match,1,none,exact,0,0,INT-HISTORICAL-001619,SET-HISTORICAL-001619
LBL-HISTORICAL-001620,historical,,exact_match,1,none,exact,0,0,INT-HISTORICAL-001620,SET-HISTORICAL-001620
LBL-HISTORICAL-001621,historical,,exact_match,1,none,exact,0,0,INT-HISTORICAL-001621,SET-HISTORICAL-001621
LBL-HISTORICAL-001622,historical,,exact_match,1,none,exact,0,0,INT-HISTORICAL-001622,SET-HISTORICAL-001622
LBL-HISTORICAL-001623,historical,,exact_match,1,none,exact,0,0,INT-HISTORICAL-001623,SET-HISTORICAL-001623
LBL-HISTORICAL-001624,historical,,processing_fee,1,processor_fee,amount_tolerance,5,0,INT-HISTORICAL-001624,SET-HISTORICAL-001624
LBL-HISTORICAL-001625,historical,,exact_match,1,none,exact,0,0,INT-HISTORICAL-001625,SET-HISTORICAL-001625
LBL-HISTORICAL-001626,historical,,exact_match,1,none,exact,0,0,INT-HISTORICAL-001626,SET-HISTORICAL-001626
LBL-HISTORICAL-001627,historical,,exact_match,1,none,exact,0,0,INT-HISTORICAL-001627,SET-HISTORICAL-001627
LBL-HISTORICAL-001628,historical,,exact_match,1,none,exact,0,0,INT-HISTORICAL-001628,SET-HISTORICAL-001628
LBL-HISTORICAL-001629,historical,,settlement_delay,1,t_plus_delay,date_tolerance,0,2,INT-HISTORICAL-001629,SET-HISTORICAL-001629
LBL-HISTORICAL-001630,historical,,exact_match,1,none,exact,0,0,INT-HISTORICAL-001630,SET-HISTORICAL-001630
LBL-HISTORICAL-001631,historical,,settlement_delay,1,t_plus_delay,date_tolerance,0,1,INT-HISTORICAL-001631,SET-HISTORICAL-001631
LBL-HISTORICAL-001632,historical,,exact_match,1,none,exact,0,0,INT-HISTORICAL-001632,SET-HISTORICAL-001632
LBL-HISTORICAL-001633,historical,,rounding_difference,1,rounding,amount_tolerance,0,0,INT-HISTORICAL-001633,SET-HISTORICAL-001633
LBL-HISTORICAL-001634,historical,,true_amount_mismatch,0,true_amount_mismatch,do_not_match,0,0,INT-HISTORICAL-001634,SET-HISTORICAL-001634
LBL-HISTORICAL-001635,historical,,exact_match,1,none,exact,0,0,INT-HISTORICAL-001635,SET-HISTORICAL-001635
LBL-HISTORICAL-001636,historical,,exact_match,1,none,exact,0,0,INT-HISTORICAL-001636,SET-HISTORICAL-001636
LBL-HISTORICAL-001637,historical,,rounding_difference,1,rounding,amount_tolerance,0,0,INT-HISTORICAL-001637,SET-HISTORICAL-001637
LBL-HISTORICAL-001638,historical,,exact_match,1,none,exact,0,0,INT-HISTORICAL-001638,SET-HISTORICAL-001638
LBL-HISTORICAL-001639,historical,,exact_match,1,none,exact,0,0,INT-HISTORICAL-001639,SET-HISTORICAL-001639
LBL-HISTORICAL-001640,historical,,exact_match,1,none,exact,0,0,INT-HISTORICAL-001640,SET-HISTORICAL-001640
LBL-HISTORICAL-001641,historical,,exact_match,1,none,exact,0,0,INT-HISTORICAL-001641,SET-HISTORICAL-001641
LBL-HISTORICAL-001642,historical,,exact_match,1,none,exact,0,0,INT-HISTORICAL-001642,SET-HISTORICAL-001642
LBL-HISTORICAL-001643,historical,,exact_match,1,none,exact,0,0,INT-HISTORICAL-001643,SET-HISTORICAL-001643
LBL-HISTORICAL-001644,historical,,exact_match,1,none,exact,0,0,INT-HISTORICAL-001644,SET-HISTORICAL-001644
LBL-HISTORICAL-001645,historical,,exact_match,1,none,exact,0,0,INT-HISTORICAL-001645,SET-HISTORICAL-001645
LBL-HISTORICAL-001646,historical,,exact_match,1,none,exact,0,0,INT-HISTORICAL-001646,SET-HISTORICAL-001646
LBL-HISTORICAL-001647,historical,,exact_match,1,none,exact,0,0,INT-HISTORICAL-001647,SET-HISTORICAL-001647
LBL-HISTORICAL-001648,historical,,exact_match,1,none,exact,0,0,INT-HISTORICAL-001648,SET-HISTORICAL-001648
LBL-HISTORICAL-001649,historical,,exact_match,1,none,exact,0,0,INT-HISTORICAL-001649,SET-HISTORICAL-001649
LBL-HISTORICAL-001650,historical,,exact_match,1,none,exact,0,0,INT-HISTORICAL-001650,SET-HISTORICAL-001650
LBL-HISTORICAL-001651,historical,,exact_match,1,none,exact,0,0,INT-HISTORICAL-001651,SET-HISTORICAL-001651
LBL-HISTORICAL-001652,historical,,exact_match,1,none,exact,0,0,INT-HISTORICAL-001652,SET-HISTORICAL-001652
LBL-HISTORICAL-001653,historical,,exact_match,1,none,exact,0,0,INT-HISTORICAL-001653,SET-HISTORICAL-001653
LBL-HISTORICAL-001654,historical,,rounding_difference,1,rounding,amount_tolerance,0,0,INT-HISTORICAL-001654,SET-HISTORICAL-001654
LBL-HISTORICAL-001655,historical,,exact_match,1,none,exact,0,0,INT-HISTORICAL-001655,SET-HISTORICAL-001655
LBL-HISTORICAL-001656,historical,,processing_fee,1,processor_fee,amount_tolerance,1,0,INT-HISTORICAL-001656,SET-HISTORICAL-001656
LBL-HISTORICAL-001657,historical,,exact_match,1,none,exact,0,0,INT-HISTORICAL-001657,SET-HISTORICAL-001657
LBL-HISTORICAL-001658,historical,,exact_match,1,none,exact,0,0,INT-HISTORICAL-001658,SET-HISTORICAL-001658
LBL-HISTORICAL-001659,historical,,exact_match,1,none,exact,0,0,INT-HISTORICAL-001659,SET-HISTORICAL-001659
LBL-HISTORICAL-001660,historical,,exact_match,1,none,exact,0,0,INT-HISTORICAL-001660,SET-HISTORICAL-001660
LBL-HISTORICAL-001661,historical,,exact_match,1,none,exact,0,0,INT-HISTORICAL-001661,SET-HISTORICAL-001661
LBL-HISTORICAL-001662,historical,,exact_match,1,none,exact,0,0,INT-HISTORICAL-001662,SET-HISTORICAL-001662
LBL-HISTORICAL-001663,historical,,exact_match,1,none,exact,0,0,INT-HISTORICAL-001663,SET-HISTORICAL-001663
LBL-HISTORICAL-001664,historical,,exact_match,1,none,exact,0,0,INT-HISTORICAL-001664,SET-HISTORICAL-001664
LBL-HISTORICAL-001665,historical,,exact_match,1,none,exact,0,0,INT-HISTORICAL-001665,SET-HISTORICAL-001665
LBL-HISTORICAL-001666,historical,,settlement_delay,1,t_plus_delay,date_tolerance,0,2,INT-HISTORICAL-001666,SET-HISTORICAL-001666
LBL-HISTORICAL-001667,historical,,exact_match,1,none,exact,0,0,INT-HISTORICAL-001667,SET-HISTORICAL-001667
LBL-HISTORICAL-001668,historical,,exact_match,1,none,exact,0,0,INT-HISTORICAL-001668,SET-HISTORICAL-001668
LBL-HISTORICAL-001669,historical,,exact_match,1,none,exact,0,0,INT-HISTORICAL-001669,SET-HISTORICAL-001669
LBL-HISTORICAL-001670,historical,,exact_match,1,none,exact,0,0,INT-HISTORICAL-001670,SET-HISTORICAL-001670
LBL-HISTORICAL-001671,historical,,exact_match,1,none,exact,0,0,INT-HISTORICAL-001671,SET-HISTORICAL-001671
LBL-HISTORICAL-001672,historical,,settlement_delay,1,t_plus_delay,date_tolerance,0,2,INT-HISTORICAL-001672,SET-HISTORICAL-001672
LBL-HISTORICAL-001673,historical,,rounding_difference,1,rounding,amount_tolerance,0,0,INT-HISTORICAL-001673,SET-HISTORICAL-001673
LBL-HISTORICAL-001674,historical,,exact_match,1,none,exact,0,0,INT-HISTORICAL-001674,SET-HISTORICAL-001674
LBL-HISTORICAL-001675,historical,,exact_match,1,none,exact,0,0,INT-HISTORICAL-001675,SET-HISTORICAL-001675
LBL-HISTORICAL-001676,historical,,exact_match,1,none,exact,0,0,INT-HISTORICAL-001676,SET-HISTORICAL-001676
LBL-HISTORICAL-001677,historical,,exact_match,1,none,exact,0,0,INT-HISTORICAL-001677,SET-HISTORICAL-001677
LBL-HISTORICAL-001678,historical,,exact_match,1,none,exact,0,0,INT-HISTORICAL-001678,SET-HISTORICAL-001678
LBL-HISTORICAL-001679,historical,,rounding_difference,1,rounding,amount_tolerance,0,0,INT-HISTORICAL-001679,SET-HISTORICAL-001679
LBL-HISTORICAL-001680,historical,,exact_match,1,none,exact,0,0,INT-HISTORICAL-001680,SET-HISTORICAL-001680
LBL-HISTORICAL-001681,historical,,exact_match,1,none,exact,0,0,INT-HISTORICAL-001681,SET-HISTORICAL-001681
LBL-HISTORICAL-001682,historical,,exact_match,1,none,exact,0,0,INT-HISTORICAL-001682,SET-HISTORICAL-001682
LBL-HISTORICAL-001683,historical,,rounding_difference,1,rounding,amount_tolerance,0,0,INT-HISTORICAL-001683,SET-HISTORICAL-001683
LBL-HISTORICAL-001684,historical,,settlement_delay,1,t_plus_delay,date_tolerance,0,1,INT-HISTORICAL-001684,SET-HISTORICAL-001684
LBL-HISTORICAL-001685,historical,,exact_match,1,none,exact,0,0,INT-HISTORICAL-001685,SET-HISTORICAL-001685
LBL-HISTORICAL-001686,historical,,settlement_delay,1,t_plus_delay,date_tolerance,0,1,INT-HISTORICAL-001686,SET-HISTORICAL-001686
LBL-HISTORICAL-001687,historical,,true_amount_mismatch,0,true_amount_mismatch,do_not_match,0,0,INT-HISTORICAL-001687,SET-HISTORICAL-001687
LBL-HISTORICAL-001688,historical,,exact_match,1,none,exact,0,0,INT-HISTORICAL-001688,SET-HISTORICAL-001688
LBL-HISTORICAL-001689,historical,,reference_format,1,reference_normalization,reference_normalization,0,0,INT-HISTORICAL-001689,SET-HISTORICAL-001689
LBL-HISTORICAL-001690,historical,,rounding_difference,1,rounding,amount_tolerance,0,0,INT-HISTORICAL-001690,SET-HISTORICAL-001690
LBL-HISTORICAL-001691,historical,,exact_match,1,none,exact,0,0,INT-HISTORICAL-001691,SET-HISTORICAL-001691
LBL-HISTORICAL-001692,historical,,exact_match,1,none,exact,0,0,INT-HISTORICAL-001692,SET-HISTORICAL-001692
LBL-HISTORICAL-001693,historical,,settlement_delay,1,t_plus_delay,date_tolerance,0,1,INT-HISTORICAL-001693,SET-HISTORICAL-001693
LBL-HISTORICAL-001694,historical,,exact_match,1,none,exact,0,0,INT-HISTORICAL-001694,SET-HISTORICAL-001694
LBL-HISTORICAL-001695,historical,,exact_match,1,none,exact,0,0,INT-HISTORICAL-001695,SET-HISTORICAL-001695
LBL-HISTORICAL-001696,historical,,exact_match,1,none,exact,0,0,INT-HISTORICAL-001696,SET-HISTORICAL-001696
LBL-HISTORICAL-001697,historical,,exact_match,1,none,exact,0,0,INT-HISTORICAL-001697,SET-HISTORICAL-001697
LBL-HISTORICAL-001698,historical,,exact_match,1,none,exact,0,0,INT-HISTORICAL-001698,SET-HISTORICAL-001698
LBL-HISTORICAL-001699,historical,,exact_match,1,none,exact,0,0,INT-HISTORICAL-001699,SET-HISTORICAL-001699
LBL-HISTORICAL-001700,historical,,reference_format,1,reference_normalization,reference_normalization,0,0,INT-HISTORICAL-001700,SET-HISTORICAL-001700
LBL-HISTORICAL-001701,historical,,rounding_difference,1,rounding,amount_tolerance,0,0,INT-HISTORICAL-001701,SET-HISTORICAL-001701
LBL-HISTORICAL-001702,historical,,exact_match,1,none,exact,0,0,INT-HISTORICAL-001702,SET-HISTORICAL-001702
LBL-HISTORICAL-001703,historical,,exact_match,1,none,exact,0,0,INT-HISTORICAL-001703,SET-HISTORICAL-001703
LBL-HISTORICAL-001704,historical,,exact_match,1,none,exact,0,0,INT-HISTORICAL-001704,SET-HISTORICAL-001704
LBL-HISTORICAL-001705,historical,,exact_match,1,none,exact,0,0,INT-HISTORICAL-001705,SET-HISTORICAL-001705
LBL-HISTORICAL-001706,historical,,settlement_delay,1,t_plus_delay,date_tolerance,0,1,INT-HISTORICAL-001706,SET-HISTORICAL-001706
LBL-HISTORICAL-001707,historical,,exact_match,1,none,exact,0,0,INT-HISTORICAL-001707,SET-HISTORICAL-001707
LBL-HISTORICAL-001708,historical,,exact_match,1,none,exact,0,0,INT-HISTORICAL-001708,SET-HISTORICAL-001708
LBL-HISTORICAL-001709,historical,,reference_format,1,reference_normalization,reference_normalization,0,0,INT-HISTORICAL-001709,SET-HISTORICAL-001709
LBL-HISTORICAL-001710,historical,,exact_match,1,none,exact,0,0,INT-HISTORICAL-001710,SET-HISTORICAL-001710
LBL-HISTORICAL-001711,historical,,reference_format,1,reference_normalization,reference_normalization,0,0,INT-HISTORICAL-001711,SET-HISTORICAL-001711
LBL-HISTORICAL-001712,historical,,exact_match,1,none,exact,0,0,INT-HISTORICAL-001712,SET-HISTORICAL-001712
LBL-HISTORICAL-001713,historical,,exact_match,1,none,exact,0,0,INT-HISTORICAL-001713,SET-HISTORICAL-001713
LBL-HISTORICAL-001714,historical,,settlement_delay,1,t_plus_delay,date_tolerance,0,1,INT-HISTORICAL-001714,SET-HISTORICAL-001714
LBL-HISTORICAL-001715,historical,,exact_match,1,none,exact,0,0,INT-HISTORICAL-001715,SET-HISTORICAL-001715
LBL-HISTORICAL-001716,historical,,exact_match,1,none,exact,0,0,INT-HISTORICAL-001716,SET-HISTORICAL-001716
LBL-HISTORICAL-001717,historical,,processing_fee,1,processor_fee,amount_tolerance,5,0,INT-HISTORICAL-001717,SET-HISTORICAL-001717
LBL-HISTORICAL-001718,historical,,exact_match,1,none,exact,0,0,INT-HISTORICAL-001718,SET-HISTORICAL-001718
LBL-HISTORICAL-001719,historical,,exact_match,1,none,exact,0,0,INT-HISTORICAL-001719,SET-HISTORICAL-001719
LBL-HISTORICAL-001720,historical,,exact_match,1,none,exact,0,0,INT-HISTORICAL-001720,SET-HISTORICAL-001720
LBL-HISTORICAL-001721,historical,,reference_format,1,reference_normalization,reference_normalization,0,0,INT-HISTORICAL-001721,SET-HISTORICAL-001721
LBL-HISTORICAL-001722,historical,,exact_match,1,none,exact,0,0,INT-HISTORICAL-001722,SET-HISTORICAL-001722
LBL-HISTORICAL-001723,historical,,exact_match,1,none,exact,0,0,INT-HISTORICAL-001723,SET-HISTORICAL-001723
LBL-HISTORICAL-001724,historical,,currency_mismatch,0,currency_mismatch,do_not_match,0,0,INT-HISTORICAL-001724,SET-HISTORICAL-001724
LBL-HISTORICAL-001725,historical,,processing_fee,1,processor_fee,amount_tolerance,2,0,INT-HISTORICAL-001725,SET-HISTORICAL-001725
LBL-HISTORICAL-001726,historical,,settlement_delay,1,t_plus_delay,date_tolerance,0,1,INT-HISTORICAL-001726,SET-HISTORICAL-001726
LBL-HISTORICAL-001727,historical,,processing_fee,1,processor_fee,amount_tolerance,5,0,INT-HISTORICAL-001727,SET-HISTORICAL-001727
LBL-HISTORICAL-001728,historical,,exact_match,1,none,exact,0,0,INT-HISTORICAL-001728,SET-HISTORICAL-001728
LBL-HISTORICAL-001729,historical,,exact_match,1,none,exact,0,0,INT-HISTORICAL-001729,SET-HISTORICAL-001729
LBL-HISTORICAL-001730,historical,,exact_match,1,none,exact,0,0,INT-HISTORICAL-001730,SET-HISTORICAL-001730
LBL-HISTORICAL-001731,historical,,exact_match,1,none,exact,0,0,INT-HISTORICAL-001731,SET-HISTORICAL-001731
LBL-HISTORICAL-001732,historical,,settlement_delay,1,t_plus_delay,date_tolerance,0,1,INT-HISTORICAL-001732,SET-HISTORICAL-001732
LBL-HISTORICAL-001733,historical,,processing_fee,1,processor_fee,amount_tolerance,1,0,INT-HISTORICAL-001733,SET-HISTORICAL-001733
LBL-HISTORICAL-001734,historical,,exact_match,1,none,exact,0,0,INT-HISTORICAL-001734,SET-HISTORICAL-001734
LBL-HISTORICAL-001735,historical,,settlement_delay,1,t_plus_delay,date_tolerance,0,1,INT-HISTORICAL-001735,SET-HISTORICAL-001735
LBL-HISTORICAL-001736,historical,,exact_match,1,none,exact,0,0,INT-HISTORICAL-001736,SET-HISTORICAL-001736
LBL-HISTORICAL-001737,historical,,exact_match,1,none,exact,0,0,INT-HISTORICAL-001737,SET-HISTORICAL-001737
LBL-HISTORICAL-001738,historical,,settlement_delay,1,t_plus_delay,date_tolerance,0,2,INT-HISTORICAL-001738,SET-HISTORICAL-001738
LBL-HISTORICAL-001739,historical,,exact_match,1,none,exact,0,0,INT-HISTORICAL-001739,SET-HISTORICAL-001739
LBL-HISTORICAL-001740,historical,,exact_match,1,none,exact,0,0,INT-HISTORICAL-001740,SET-HISTORICAL-001740
LBL-HISTORICAL-001741,historical,,exact_match,1,none,exact,0,0,INT-HISTORICAL-001741,SET-HISTORICAL-001741
LBL-HISTORICAL-001742,historical,,exact_match,1,none,exact,0,0,INT-HISTORICAL-001742,SET-HISTORICAL-001742
LBL-HISTORICAL-001743,historical,,exact_match,1,none,exact,0,0,INT-HISTORICAL-001743,SET-HISTORICAL-001743
LBL-HISTORICAL-001744,historical,,exact_match,1,none,exact,0,0,INT-HISTORICAL-001744,SET-HISTORICAL-001744
LBL-HISTORICAL-001745,historical,,processing_fee,1,processor_fee,amount_tolerance,1,0,INT-HISTORICAL-001745,SET-HISTORICAL-001745
LBL-HISTORICAL-001746,historical,,exact_match,1,none,exact,0,0,INT-HISTORICAL-001746,SET-HISTORICAL-001746
LBL-HISTORICAL-001747,historical,,exact_match,1,none,exact,0,0,INT-HISTORICAL-001747,SET-HISTORICAL-001747
LBL-HISTORICAL-001748,historical,,rounding_difference,1,rounding,amount_tolerance,0,0,INT-HISTORICAL-001748,SET-HISTORICAL-001748
LBL-HISTORICAL-001749,historical,,exact_match,1,none,exact,0,0,INT-HISTORICAL-001749,SET-HISTORICAL-001749
LBL-HISTORICAL-001750,historical,,exact_match,1,none,exact,0,0,INT-HISTORICAL-001750,SET-HISTORICAL-001750
LBL-HISTORICAL-001751,historical,,exact_match,1,none,exact,0,0,INT-HISTORICAL-001751,SET-HISTORICAL-001751
LBL-HISTORICAL-001752,historical,,settlement_delay,1,t_plus_delay,date_tolerance,0,1,INT-HISTORICAL-001752,SET-HISTORICAL-001752
LBL-HISTORICAL-001753,historical,,processing_fee,1,processor_fee,amount_tolerance,5,0,INT-HISTORICAL-001753,SET-HISTORICAL-001753
LBL-HISTORICAL-001754,historical,,exact_match,1,none,exact,0,0,INT-HISTORICAL-001754,SET-HISTORICAL-001754
LBL-HISTORICAL-001755,historical,,exact_match,1,none,exact,0,0,INT-HISTORICAL-001755,SET-HISTORICAL-001755
LBL-HISTORICAL-001756,historical,,processing_fee,1,processor_fee,amount_tolerance,3,0,INT-HISTORICAL-001756,SET-HISTORICAL-001756
LBL-HISTORICAL-001757,historical,,exact_match,1,none,exact,0,0,INT-HISTORICAL-001757,SET-HISTORICAL-001757
LBL-HISTORICAL-001758,historical,,exact_match,1,none,exact,0,0,INT-HISTORICAL-001758,SET-HISTORICAL-001758
LBL-HISTORICAL-001759,historical,,exact_match,1,none,exact,0,0,INT-HISTORICAL-001759,SET-HISTORICAL-001759
LBL-HISTORICAL-001760,historical,,exact_match,1,none,exact,0,0,INT-HISTORICAL-001760,SET-HISTORICAL-001760
LBL-HISTORICAL-001761,historical,,exact_match,1,none,exact,0,0,INT-HISTORICAL-001761,SET-HISTORICAL-001761
LBL-HISTORICAL-001762,historical,,exact_match,1,none,exact,0,0,INT-HISTORICAL-001762,SET-HISTORICAL-001762
LBL-HISTORICAL-001763,historical,,exact_match,1,none,exact,0,0,INT-HISTORICAL-001763,SET-HISTORICAL-001763
LBL-HISTORICAL-001764,historical,,exact_match,1,none,exact,0,0,INT-HISTORICAL-001764,SET-HISTORICAL-001764
LBL-HISTORICAL-001765,historical,,exact_match,1,none,exact,0,0,INT-HISTORICAL-001765,SET-HISTORICAL-001765
LBL-HISTORICAL-001766,historical,,exact_match,1,none,exact,0,0,INT-HISTORICAL-001766,SET-HISTORICAL-001766
LBL-HISTORICAL-001767,historical,,exact_match,1,none,exact,0,0,INT-HISTORICAL-001767,SET-HISTORICAL-001767
LBL-HISTORICAL-001768,historical,,settlement_delay,1,t_plus_delay,date_tolerance,0,1,INT-HISTORICAL-001768,SET-HISTORICAL-001768
LBL-HISTORICAL-001769,historical,,exact_match,1,none,exact,0,0,INT-HISTORICAL-001769,SET-HISTORICAL-001769
LBL-HISTORICAL-001770,historical,,exact_match,1,none,exact,0,0,INT-HISTORICAL-001770,SET-HISTORICAL-001770
LBL-HISTORICAL-001771,historical,,duplicate_processor_record,1,duplicate,dedupe_then_match,0,0,INT-HISTORICAL-001771,SET-HISTORICAL-001771
LBL-HISTORICAL-001772,historical,,processing_fee,1,processor_fee,amount_tolerance,2,0,INT-HISTORICAL-001772,SET-HISTORICAL-001772
LBL-HISTORICAL-001773,historical,,exact_match,1,none,exact,0,0,INT-HISTORICAL-001773,SET-HISTORICAL-001773
LBL-HISTORICAL-001774,historical,,exact_match,1,none,exact,0,0,INT-HISTORICAL-001774,SET-HISTORICAL-001774
LBL-HISTORICAL-001775,historical,,reference_format,1,reference_normalization,reference_normalization,0,0,INT-HISTORICAL-001775,SET-HISTORICAL-001775
LBL-HISTORICAL-001776,historical,,processing_fee,1,processor_fee,amount_tolerance,2,0,INT-HISTORICAL-001776,SET-HISTORICAL-001776
LBL-HISTORICAL-001777,historical,,exact_match,1,none,exact,0,0,INT-HISTORICAL-001777,SET-HISTORICAL-001777
LBL-HISTORICAL-001778,historical,,exact_match,1,none,exact,0,0,INT-HISTORICAL-001778,SET-HISTORICAL-001778
LBL-HISTORICAL-001779,historical,,processing_fee,1,processor_fee,amount_tolerance,5,0,INT-HISTORICAL-001779,SET-HISTORICAL-001779
LBL-HISTORICAL-001780,historical,,settlement_delay,1,t_plus_delay,date_tolerance,0,1,INT-HISTORICAL-001780,SET-HISTORICAL-001780
LBL-HISTORICAL-001781,historical,,settlement_delay,1,t_plus_delay,date_tolerance,0,2,INT-HISTORICAL-001781,SET-HISTORICAL-001781
LBL-HISTORICAL-001782,historical,,exact_match,1,none,exact,0,0,INT-HISTORICAL-001782,SET-HISTORICAL-001782
LBL-HISTORICAL-001783,historical,,reference_format,1,reference_normalization,reference_normalization,0,0,INT-HISTORICAL-001783,SET-HISTORICAL-001783
LBL-HISTORICAL-001784,historical,,exact_match,1,none,exact,0,0,INT-HISTORICAL-001784,SET-HISTORICAL-001784
LBL-HISTORICAL-001785,historical,,currency_mismatch,0,currency_mismatch,do_not_match,0,0,INT-HISTORICAL-001785,SET-HISTORICAL-001785
LBL-HISTORICAL-001786,historical,,exact_match,1,none,exact,0,0,INT-HISTORICAL-001786,SET-HISTORICAL-001786
LBL-HISTORICAL-001787,historical,,settlement_delay,1,t_plus_delay,date_tolerance,0,1,INT-HISTORICAL-001787,SET-HISTORICAL-001787
LBL-HISTORICAL-001788,historical,,rounding_difference,1,rounding,amount_tolerance,0,0,INT-HISTORICAL-001788,SET-HISTORICAL-001788
LBL-HISTORICAL-001789,historical,,exact_match,1,none,exact,0,0,INT-HISTORICAL-001789,SET-HISTORICAL-001789
LBL-HISTORICAL-001790,historical,,reference_format,1,reference_normalization,reference_normalization,0,0,INT-HISTORICAL-001790,SET-HISTORICAL-001790
LBL-HISTORICAL-001791,historical,,exact_match,1,none,exact,0,0,INT-HISTORICAL-001791,SET-HISTORICAL-001791
LBL-HISTORICAL-001792,historical,,exact_match,1,none,exact,0,0,INT-HISTORICAL-001792,SET-HISTORICAL-001792
LBL-HISTORICAL-001793,historical,,exact_match,1,none,exact,0,0,INT-HISTORICAL-001793,SET-HISTORICAL-001793
LBL-HISTORICAL-001794,historical,,exact_match,1,none,exact,0,0,INT-HISTORICAL-001794,SET-HISTORICAL-001794
LBL-HISTORICAL-001795,historical,,exact_match,1,none,exact,0,0,INT-HISTORICAL-001795,SET-HISTORICAL-001795
LBL-HISTORICAL-001796,historical,,settlement_delay,1,t_plus_delay,date_tolerance,0,2,INT-HISTORICAL-001796,SET-HISTORICAL-001796
LBL-HISTORICAL-001797,historical,,exact_match,1,none,exact,0,0,INT-HISTORICAL-001797,SET-HISTORICAL-001797
LBL-HISTORICAL-001798,historical,,exact_match,1,none,exact,0,0,INT-HISTORICAL-001798,SET-HISTORICAL-001798
LBL-HISTORICAL-001799,historical,,exact_match,1,none,exact,0,0,INT-HISTORICAL-001799,SET-HISTORICAL-001799
LBL-HISTORICAL-001800,historical,,exact_match,1,none,exact,0,0,INT-HISTORICAL-001800,SET-HISTORICAL-001800
LBL-HISTORICAL-001801,historical,,reference_format,1,reference_normalization,reference_normalization,0,0,INT-HISTORICAL-001801,SET-HISTORICAL-001801
LBL-HISTORICAL-001802,historical,,exact_match,1,none,exact,0,0,INT-HISTORICAL-001802,SET-HISTORICAL-001802
LBL-HISTORICAL-001803,historical,,processing_fee,1,processor_fee,amount_tolerance,1,0,INT-HISTORICAL-001803,SET-HISTORICAL-001803
LBL-HISTORICAL-001804,historical,,exact_match,1,none,exact,0,0,INT-HISTORICAL-001804,SET-HISTORICAL-001804
LBL-HISTORICAL-001805,historical,,exact_match,1,none,exact,0,0,INT-HISTORICAL-001805,SET-HISTORICAL-001805
LBL-HISTORICAL-001806,historical,,rounding_difference,1,rounding,amount_tolerance,0,0,INT-HISTORICAL-001806,SET-HISTORICAL-001806
LBL-HISTORICAL-001807,historical,,exact_match,1,none,exact,0,0,INT-HISTORICAL-001807,SET-HISTORICAL-001807
LBL-HISTORICAL-001808,historical,,exact_match,1,none,exact,0,0,INT-HISTORICAL-001808,SET-HISTORICAL-001808
LBL-HISTORICAL-001809,historical,,exact_match,1,none,exact,0,0,INT-HISTORICAL-001809,SET-HISTORICAL-001809
LBL-HISTORICAL-001810,historical,,exact_match,1,none,exact,0,0,INT-HISTORICAL-001810,SET-HISTORICAL-001810
LBL-HISTORICAL-001811,historical,,processing_fee,1,processor_fee,amount_tolerance,1,0,INT-HISTORICAL-001811,SET-HISTORICAL-001811
LBL-HISTORICAL-001812,historical,,exact_match,1,none,exact,0,0,INT-HISTORICAL-001812,SET-HISTORICAL-001812
LBL-HISTORICAL-001813,historical,,exact_match,1,none,exact,0,0,INT-HISTORICAL-001813,SET-HISTORICAL-001813
LBL-HISTORICAL-001814,historical,,exact_match,1,none,exact,0,0,INT-HISTORICAL-001814,SET-HISTORICAL-001814
LBL-HISTORICAL-001815,historical,,exact_match,1,none,exact,0,0,INT-HISTORICAL-001815,SET-HISTORICAL-001815
LBL-HISTORICAL-001816,historical,,exact_match,1,none,exact,0,0,INT-HISTORICAL-001816,SET-HISTORICAL-001816
LBL-HISTORICAL-001817,historical,,exact_match,1,none,exact,0,0,INT-HISTORICAL-001817,SET-HISTORICAL-001817
LBL-HISTORICAL-001818,historical,,reference_format,1,reference_normalization,reference_normalization,0,0,INT-HISTORICAL-001818,SET-HISTORICAL-001818
LBL-HISTORICAL-001819,historical,,exact_match,1,none,exact,0,0,INT-HISTORICAL-001819,SET-HISTORICAL-001819
LBL-HISTORICAL-001820,historical,,exact_match,1,none,exact,0,0,INT-HISTORICAL-001820,SET-HISTORICAL-001820
LBL-HISTORICAL-001821,historical,,processing_fee,1,processor_fee,amount_tolerance,2,0,INT-HISTORICAL-001821,SET-HISTORICAL-001821
LBL-HISTORICAL-001822,historical,,exact_match,1,none,exact,0,0,INT-HISTORICAL-001822,SET-HISTORICAL-001822
LBL-HISTORICAL-001823,historical,,exact_match,1,none,exact,0,0,INT-HISTORICAL-001823,SET-HISTORICAL-001823
LBL-HISTORICAL-001824,historical,,exact_match,1,none,exact,0,0,INT-HISTORICAL-001824,SET-HISTORICAL-001824
LBL-HISTORICAL-001825,historical,,settlement_delay,1,t_plus_delay,date_tolerance,0,1,INT-HISTORICAL-001825,SET-HISTORICAL-001825
LBL-HISTORICAL-001826,historical,,exact_match,1,none,exact,0,0,INT-HISTORICAL-001826,SET-HISTORICAL-001826
LBL-HISTORICAL-001827,historical,,exact_match,1,none,exact,0,0,INT-HISTORICAL-001827,SET-HISTORICAL-001827
LBL-HISTORICAL-001828,historical,,settlement_delay,1,t_plus_delay,date_tolerance,0,1,INT-HISTORICAL-001828,SET-HISTORICAL-001828
LBL-HISTORICAL-001829,historical,,exact_match,1,none,exact,0,0,INT-HISTORICAL-001829,SET-HISTORICAL-001829
LBL-HISTORICAL-001830,historical,,exact_match,1,none,exact,0,0,INT-HISTORICAL-001830,SET-HISTORICAL-001830
LBL-HISTORICAL-001831,historical,,exact_match,1,none,exact,0,0,INT-HISTORICAL-001831,SET-HISTORICAL-001831
LBL-HISTORICAL-001832,historical,,reference_format,1,reference_normalization,reference_normalization,0,0,INT-HISTORICAL-001832,SET-HISTORICAL-001832
LBL-HISTORICAL-001833,historical,,exact_match,1,none,exact,0,0,INT-HISTORICAL-001833,SET-HISTORICAL-001833
LBL-HISTORICAL-001834,historical,,exact_match,1,none,exact,0,0,INT-HISTORICAL-001834,SET-HISTORICAL-001834
LBL-HISTORICAL-001835,historical,,exact_match,1,none,exact,0,0,INT-HISTORICAL-001835,SET-HISTORICAL-001835
LBL-HISTORICAL-001836,historical,,exact_match,1,none,exact,0,0,INT-HISTORICAL-001836,SET-HISTORICAL-001836
LBL-HISTORICAL-001837,historical,,exact_match,1,none,exact,0,0,INT-HISTORICAL-001837,SET-HISTORICAL-001837
LBL-HISTORICAL-001838,historical,,exact_match,1,none,exact,0,0,INT-HISTORICAL-001838,SET-HISTORICAL-001838
LBL-HISTORICAL-001839,historical,,exact_match,1,none,exact,0,0,INT-HISTORICAL-001839,SET-HISTORICAL-001839
LBL-HISTORICAL-001840,historical,,exact_match,1,none,exact,0,0,INT-HISTORICAL-001840,SET-HISTORICAL-001840
LBL-HISTORICAL-001841,historical,,exact_match,1,none,exact,0,0,INT-HISTORICAL-001841,SET-HISTORICAL-001841
LBL-HISTORICAL-001842,historical,,exact_match,1,none,exact,0,0,INT-HISTORICAL-001842,SET-HISTORICAL-001842
LBL-HISTORICAL-001843,historical,,exact_match,1,none,exact,0,0,INT-HISTORICAL-001843,SET-HISTORICAL-001843
LBL-HISTORICAL-001844,historical,,exact_match,1,none,exact,0,0,INT-HISTORICAL-001844,SET-HISTORICAL-001844
LBL-HISTORICAL-001845,historical,,exact_match,1,none,exact,0,0,INT-HISTORICAL-001845,SET-HISTORICAL-001845
LBL-HISTORICAL-001846,historical,,exact_match,1,none,exact,0,0,INT-HISTORICAL-001846,SET-HISTORICAL-001846
LBL-HISTORICAL-001847,historical,,exact_match,1,none,exact,0,0,INT-HISTORICAL-001847,SET-HISTORICAL-001847
LBL-HISTORICAL-001848,historical,,exact_match,1,none,exact,0,0,INT-HISTORICAL-001848,SET-HISTORICAL-001848
LBL-HISTORICAL-001849,historical,,exact_match,1,none,exact,0,0,INT-HISTORICAL-001849,SET-HISTORICAL-001849
LBL-HISTORICAL-001850,historical,,exact_match,1,none,exact,0,0,INT-HISTORICAL-001850,SET-HISTORICAL-001850
LBL-HISTORICAL-001851,historical,,exact_match,1,none,exact,0,0,INT-HISTORICAL-001851,SET-HISTORICAL-001851
LBL-HISTORICAL-001852,historical,,exact_match,1,none,exact,0,0,INT-HISTORICAL-001852,SET-HISTORICAL-001852
LBL-HISTORICAL-001853,historical,,processing_fee,1,processor_fee,amount_tolerance,5,0,INT-HISTORICAL-001853,SET-HISTORICAL-001853
LBL-HISTORICAL-001854,historical,,settlement_delay,1,t_plus_delay,date_tolerance,0,1,INT-HISTORICAL-001854,SET-HISTORICAL-001854
LBL-HISTORICAL-001855,historical,,exact_match,1,none,exact,0,0,INT-HISTORICAL-001855,SET-HISTORICAL-001855
LBL-HISTORICAL-001856,historical,,exact_match,1,none,exact,0,0,INT-HISTORICAL-001856,SET-HISTORICAL-001856
LBL-HISTORICAL-001857,historical,,processing_fee,1,processor_fee,amount_tolerance,5,0,INT-HISTORICAL-001857,SET-HISTORICAL-001857
LBL-HISTORICAL-001858,historical,,processing_fee,1,processor_fee,amount_tolerance,5,0,INT-HISTORICAL-001858,SET-HISTORICAL-001858
LBL-HISTORICAL-001859,historical,,exact_match,1,none,exact,0,0,INT-HISTORICAL-001859,SET-HISTORICAL-001859
LBL-HISTORICAL-001860,historical,,exact_match,1,none,exact,0,0,INT-HISTORICAL-001860,SET-HISTORICAL-001860
LBL-HISTORICAL-001861,historical,,processing_fee,1,processor_fee,amount_tolerance,2,0,INT-HISTORICAL-001861,SET-HISTORICAL-001861
LBL-HISTORICAL-001862,historical,,exact_match,1,none,exact,0,0,INT-HISTORICAL-001862,SET-HISTORICAL-001862
LBL-HISTORICAL-001863,historical,,exact_match,1,none,exact,0,0,INT-HISTORICAL-001863,SET-HISTORICAL-001863
LBL-HISTORICAL-001864,historical,,exact_match,1,none,exact,0,0,INT-HISTORICAL-001864,SET-HISTORICAL-001864
LBL-HISTORICAL-001865,historical,,exact_match,1,none,exact,0,0,INT-HISTORICAL-001865,SET-HISTORICAL-001865
LBL-HISTORICAL-001866,historical,,exact_match,1,none,exact,0,0,INT-HISTORICAL-001866,SET-HISTORICAL-001866
LBL-HISTORICAL-001867,historical,,exact_match,1,none,exact,0,0,INT-HISTORICAL-001867,SET-HISTORICAL-001867
LBL-HISTORICAL-001868,historical,,exact_match,1,none,exact,0,0,INT-HISTORICAL-001868,SET-HISTORICAL-001868
LBL-HISTORICAL-001869,historical,,true_amount_mismatch,0,true_amount_mismatch,do_not_match,0,0,INT-HISTORICAL-001869,SET-HISTORICAL-001869
LBL-HISTORICAL-001870,historical,,exact_match,1,none,exact,0,0,INT-HISTORICAL-001870,SET-HISTORICAL-001870
LBL-HISTORICAL-001871,historical,,true_amount_mismatch,0,true_amount_mismatch,do_not_match,0,0,INT-HISTORICAL-001871,SET-HISTORICAL-001871
LBL-HISTORICAL-001872,historical,,exact_match,1,none,exact,0,0,INT-HISTORICAL-001872,SET-HISTORICAL-001872
LBL-HISTORICAL-001873,historical,,exact_match,1,none,exact,0,0,INT-HISTORICAL-001873,SET-HISTORICAL-001873
LBL-HISTORICAL-001874,historical,,rounding_difference,1,rounding,amount_tolerance,0,0,INT-HISTORICAL-001874,SET-HISTORICAL-001874
LBL-HISTORICAL-001875,historical,,exact_match,1,none,exact,0,0,INT-HISTORICAL-001875,SET-HISTORICAL-001875
LBL-HISTORICAL-001876,historical,,exact_match,1,none,exact,0,0,INT-HISTORICAL-001876,SET-HISTORICAL-001876
LBL-HISTORICAL-001877,historical,,exact_match,1,none,exact,0,0,INT-HISTORICAL-001877,SET-HISTORICAL-001877
LBL-HISTORICAL-001878,historical,,exact_match,1,none,exact,0,0,INT-HISTORICAL-001878,SET-HISTORICAL-001878
LBL-HISTORICAL-001879,historical,,exact_match,1,none,exact,0,0,INT-HISTORICAL-001879,SET-HISTORICAL-001879
LBL-HISTORICAL-001880,historical,,settlement_delay,1,t_plus_delay,date_tolerance,0,1,INT-HISTORICAL-001880,SET-HISTORICAL-001880
LBL-HISTORICAL-001881,historical,,exact_match,1,none,exact,0,0,INT-HISTORICAL-001881,SET-HISTORICAL-001881
LBL-HISTORICAL-001882,historical,,exact_match,1,none,exact,0,0,INT-HISTORICAL-001882,SET-HISTORICAL-001882
LBL-HISTORICAL-001883,historical,,exact_match,1,none,exact,0,0,INT-HISTORICAL-001883,SET-HISTORICAL-001883
LBL-HISTORICAL-001884,historical,,exact_match,1,none,exact,0,0,INT-HISTORICAL-001884,SET-HISTORICAL-001884
LBL-HISTORICAL-001885,historical,,exact_match,1,none,exact,0,0,INT-HISTORICAL-001885,SET-HISTORICAL-001885
LBL-HISTORICAL-001886,historical,,exact_match,1,none,exact,0,0,INT-HISTORICAL-001886,SET-HISTORICAL-001886
LBL-HISTORICAL-001887,historical,,true_amount_mismatch,0,true_amount_mismatch,do_not_match,0,0,INT-HISTORICAL-001887,SET-HISTORICAL-001887
LBL-HISTORICAL-001888,historical,,reference_format,1,reference_normalization,reference_normalization,0,0,INT-HISTORICAL-001888,SET-HISTORICAL-001888
LBL-HISTORICAL-001889,historical,,exact_match,1,none,exact,0,0,INT-HISTORICAL-001889,SET-HISTORICAL-001889
LBL-HISTORICAL-001890,historical,,exact_match,1,none,exact,0,0,INT-HISTORICAL-001890,SET-HISTORICAL-001890
LBL-HISTORICAL-001891,historical,,exact_match,1,none,exact,0,0,INT-HISTORICAL-001891,SET-HISTORICAL-001891
LBL-HISTORICAL-001892,historical,,exact_match,1,none,exact,0,0,INT-HISTORICAL-001892,SET-HISTORICAL-001892
LBL-HISTORICAL-001893,historical,,currency_mismatch,0,currency_mismatch,do_not_match,0,0,INT-HISTORICAL-001893,SET-HISTORICAL-001893
LBL-HISTORICAL-001894,historical,,exact_match,1,none,exact,0,0,INT-HISTORICAL-001894,SET-HISTORICAL-001894
LBL-HISTORICAL-001895,historical,,exact_match,1,none,exact,0,0,INT-HISTORICAL-001895,SET-HISTORICAL-001895
LBL-HISTORICAL-001896,historical,,exact_match,1,none,exact,0,0,INT-HISTORICAL-001896,SET-HISTORICAL-001896
LBL-HISTORICAL-001897,historical,,exact_match,1,none,exact,0,0,INT-HISTORICAL-001897,SET-HISTORICAL-001897
LBL-HISTORICAL-001898,historical,,exact_match,1,none,exact,0,0,INT-HISTORICAL-001898,SET-HISTORICAL-001898
LBL-HISTORICAL-001899,historical,,exact_match,1,none,exact,0,0,INT-HISTORICAL-001899,SET-HISTORICAL-001899
LBL-HISTORICAL-001900,historical,,exact_match,1,none,exact,0,0,INT-HISTORICAL-001900,SET-HISTORICAL-001900
LBL-HISTORICAL-001901,historical,,duplicate_processor_record,1,duplicate,dedupe_then_match,0,0,INT-HISTORICAL-001901,SET-HISTORICAL-001901
LBL-HISTORICAL-001902,historical,,settlement_delay,1,t_plus_delay,date_tolerance,0,1,INT-HISTORICAL-001902,SET-HISTORICAL-001902
LBL-HISTORICAL-001903,historical,,exact_match,1,none,exact,0,0,INT-HISTORICAL-001903,SET-HISTORICAL-001903
LBL-HISTORICAL-001904,historical,,processing_fee,1,processor_fee,amount_tolerance,1,0,INT-HISTORICAL-001904,SET-HISTORICAL-001904
LBL-HISTORICAL-001905,historical,,exact_match,1,none,exact,0,0,INT-HISTORICAL-001905,SET-HISTORICAL-001905
LBL-HISTORICAL-001906,historical,,exact_match,1,none,exact,0,0,INT-HISTORICAL-001906,SET-HISTORICAL-001906
LBL-HISTORICAL-001907,historical,,exact_match,1,none,exact,0,0,INT-HISTORICAL-001907,SET-HISTORICAL-001907
LBL-HISTORICAL-001908,historical,,exact_match,1,none,exact,0,0,INT-HISTORICAL-001908,SET-HISTORICAL-001908
LBL-HISTORICAL-001909,historical,,exact_match,1,none,exact,0,0,INT-HISTORICAL-001909,SET-HISTORICAL-001909
LBL-HISTORICAL-001910,historical,,true_amount_mismatch,0,true_amount_mismatch,do_not_match,0,0,INT-HISTORICAL-001910,SET-HISTORICAL-001910
LBL-HISTORICAL-001911,historical,,exact_match,1,none,exact,0,0,INT-HISTORICAL-001911,SET-HISTORICAL-001911
LBL-HISTORICAL-001912,historical,,exact_match,1,none,exact,0,0,INT-HISTORICAL-001912,SET-HISTORICAL-001912
LBL-HISTORICAL-001913,historical,,exact_match,1,none,exact,0,0,INT-HISTORICAL-001913,SET-HISTORICAL-001913
LBL-HISTORICAL-001914,historical,,exact_match,1,none,exact,0,0,INT-HISTORICAL-001914,SET-HISTORICAL-001914
LBL-HISTORICAL-001915,historical,,true_amount_mismatch,0,true_amount_mismatch,do_not_match,0,0,INT-HISTORICAL-001915,SET-HISTORICAL-001915
LBL-HISTORICAL-001916,historical,,exact_match,1,none,exact,0,0,INT-HISTORICAL-001916,SET-HISTORICAL-001916
LBL-HISTORICAL-001917,historical,,processing_fee,1,processor_fee,amount_tolerance,5,0,INT-HISTORICAL-001917,SET-HISTORICAL-001917
LBL-HISTORICAL-001918,historical,,exact_match,1,none,exact,0,0,INT-HISTORICAL-001918,SET-HISTORICAL-001918
LBL-HISTORICAL-001919,historical,,exact_match,1,none,exact,0,0,INT-HISTORICAL-001919,SET-HISTORICAL-001919
LBL-HISTORICAL-001920,historical,,exact_match,1,none,exact,0,0,INT-HISTORICAL-001920,SET-HISTORICAL-001920
LBL-HISTORICAL-001921,historical,,currency_mismatch,0,currency_mismatch,do_not_match,0,0,INT-HISTORICAL-001921,SET-HISTORICAL-001921
LBL-HISTORICAL-001922,historical,,exact_match,1,none,exact,0,0,INT-HISTORICAL-001922,SET-HISTORICAL-001922
LBL-HISTORICAL-001923,historical,,duplicate_processor_record,1,duplicate,dedupe_then_match,0,0,INT-HISTORICAL-001923,SET-HISTORICAL-001923
LBL-HISTORICAL-001924,historical,,exact_match,1,none,exact,0,0,INT-HISTORICAL-001924,SET-HISTORICAL-001924
LBL-HISTORICAL-001925,historical,,exact_match,1,none,exact,0,0,INT-HISTORICAL-001925,SET-HISTORICAL-001925
LBL-HISTORICAL-001926,historical,,exact_match,1,none,exact,0,0,INT-HISTORICAL-001926,SET-HISTORICAL-001926
LBL-HISTORICAL-001927,historical,,exact_match,1,none,exact,0,0,INT-HISTORICAL-001927,SET-HISTORICAL-001927
LBL-HISTORICAL-001928,historical,,exact_match,1,none,exact,0,0,INT-HISTORICAL-001928,SET-HISTORICAL-001928
LBL-HISTORICAL-001929,historical,,exact_match,1,none,exact,0,0,INT-HISTORICAL-001929,SET-HISTORICAL-001929
LBL-HISTORICAL-001930,historical,,exact_match,1,none,exact,0,0,INT-HISTORICAL-001930,SET-HISTORICAL-001930
LBL-HISTORICAL-001931,historical,,exact_match,1,none,exact,0,0,INT-HISTORICAL-001931,SET-HISTORICAL-001931
LBL-HISTORICAL-001932,historical,,exact_match,1,none,exact,0,0,INT-HISTORICAL-001932,SET-HISTORICAL-001932
LBL-HISTORICAL-001933,historical,,exact_match,1,none,exact,0,0,INT-HISTORICAL-001933,SET-HISTORICAL-001933
LBL-HISTORICAL-001934,historical,,exact_match,1,none,exact,0,0,INT-HISTORICAL-001934,SET-HISTORICAL-001934
LBL-HISTORICAL-001935,historical,,settlement_delay,1,t_plus_delay,date_tolerance,0,1,INT-HISTORICAL-001935,SET-HISTORICAL-001935
LBL-HISTORICAL-001936,historical,,exact_match,1,none,exact,0,0,INT-HISTORICAL-001936,SET-HISTORICAL-001936
LBL-HISTORICAL-001937,historical,,reference_format,1,reference_normalization,reference_normalization,0,0,INT-HISTORICAL-001937,SET-HISTORICAL-001937
LBL-HISTORICAL-001938,historical,,duplicate_processor_record,1,duplicate,dedupe_then_match,0,0,INT-HISTORICAL-001938,SET-HISTORICAL-001938
LBL-HISTORICAL-001939,historical,,exact_match,1,none,exact,0,0,INT-HISTORICAL-001939,SET-HISTORICAL-001939
LBL-HISTORICAL-001940,historical,,settlement_delay,1,t_plus_delay,date_tolerance,0,1,INT-HISTORICAL-001940,SET-HISTORICAL-001940
LBL-HISTORICAL-001941,historical,,exact_match,1,none,exact,0,0,INT-HISTORICAL-001941,SET-HISTORICAL-001941
LBL-HISTORICAL-001942,historical,,duplicate_processor_record,1,duplicate,dedupe_then_match,0,0,INT-HISTORICAL-001942,SET-HISTORICAL-001942
LBL-HISTORICAL-001943,historical,,exact_match,1,none,exact,0,0,INT-HISTORICAL-001943,SET-HISTORICAL-001943
LBL-HISTORICAL-001944,historical,,exact_match,1,none,exact,0,0,INT-HISTORICAL-001944,SET-HISTORICAL-001944
LBL-HISTORICAL-001945,historical,,exact_match,1,none,exact,0,0,INT-HISTORICAL-001945,SET-HISTORICAL-001945
LBL-HISTORICAL-001946,historical,,exact_match,1,none,exact,0,0,INT-HISTORICAL-001946,SET-HISTORICAL-001946
LBL-HISTORICAL-001947,historical,,exact_match,1,none,exact,0,0,INT-HISTORICAL-001947,SET-HISTORICAL-001947
LBL-HISTORICAL-001948,historical,,processing_fee,1,processor_fee,amount_tolerance,3,0,INT-HISTORICAL-001948,SET-HISTORICAL-001948
LBL-HISTORICAL-001949,historical,,processing_fee,1,processor_fee,amount_tolerance,3,0,INT-HISTORICAL-001949,SET-HISTORICAL-001949
LBL-HISTORICAL-001950,historical,,exact_match,1,none,exact,0,0,INT-HISTORICAL-001950,SET-HISTORICAL-001950
LBL-HISTORICAL-001951,historical,,exact_match,1,none,exact,0,0,INT-HISTORICAL-001951,SET-HISTORICAL-001951
LBL-HISTORICAL-001952,historical,,reference_format,1,reference_normalization,reference_normalization,0,0,INT-HISTORICAL-001952,SET-HISTORICAL-001952
LBL-HISTORICAL-001953,historical,,exact_match,1,none,exact,0,0,INT-HISTORICAL-001953,SET-HISTORICAL-001953
LBL-HISTORICAL-001954,historical,,settlement_delay,1,t_plus_delay,date_tolerance,0,2,INT-HISTORICAL-001954,SET-HISTORICAL-001954
LBL-HISTORICAL-001955,historical,,exact_match,1,none,exact,0,0,INT-HISTORICAL-001955,SET-HISTORICAL-001955
LBL-HISTORICAL-001956,historical,,rounding_difference,1,rounding,amount_tolerance,0,0,INT-HISTORICAL-001956,SET-HISTORICAL-001956
LBL-HISTORICAL-001957,historical,,true_amount_mismatch,0,true_amount_mismatch,do_not_match,0,0,INT-HISTORICAL-001957,SET-HISTORICAL-001957
LBL-HISTORICAL-001958,historical,,exact_match,1,none,exact,0,0,INT-HISTORICAL-001958,SET-HISTORICAL-001958
LBL-HISTORICAL-001959,historical,,exact_match,1,none,exact,0,0,INT-HISTORICAL-001959,SET-HISTORICAL-001959
LBL-HISTORICAL-001960,historical,,exact_match,1,none,exact,0,0,INT-HISTORICAL-001960,SET-HISTORICAL-001960
LBL-HISTORICAL-001961,historical,,exact_match,1,none,exact,0,0,INT-HISTORICAL-001961,SET-HISTORICAL-001961
LBL-HISTORICAL-001962,historical,,exact_match,1,none,exact,0,0,INT-HISTORICAL-001962,SET-HISTORICAL-001962
LBL-HISTORICAL-001963,historical,,exact_match,1,none,exact,0,0,INT-HISTORICAL-001963,SET-HISTORICAL-001963
LBL-HISTORICAL-001964,historical,,exact_match,1,none,exact,0,0,INT-HISTORICAL-001964,SET-HISTORICAL-001964
LBL-HISTORICAL-001965,historical,,exact_match,1,none,exact,0,0,INT-HISTORICAL-001965,SET-HISTORICAL-001965
LBL-HISTORICAL-001966,historical,,true_amount_mismatch,0,true_amount_mismatch,do_not_match,0,0,INT-HISTORICAL-001966,SET-HISTORICAL-001966
LBL-HISTORICAL-001967,historical,,exact_match,1,none,exact,0,0,INT-HISTORICAL-001967,SET-HISTORICAL-001967
LBL-HISTORICAL-001968,historical,,true_amount_mismatch,0,true_amount_mismatch,do_not_match,0,0,INT-HISTORICAL-001968,SET-HISTORICAL-001968
LBL-HISTORICAL-001969,historical,,exact_match,1,none,exact,0,0,INT-HISTORICAL-001969,SET-HISTORICAL-001969
LBL-HISTORICAL-001970,historical,,rounding_difference,1,rounding,amount_tolerance,0,0,INT-HISTORICAL-001970,SET-HISTORICAL-001970
LBL-HISTORICAL-001971,historical,,exact_match,1,none,exact,0,0,INT-HISTORICAL-001971,SET-HISTORICAL-001971
LBL-HISTORICAL-001972,historical,,duplicate_processor_record,1,duplicate,dedupe_then_match,0,0,INT-HISTORICAL-001972,SET-HISTORICAL-001972
LBL-HISTORICAL-001973,historical,,settlement_delay,1,t_plus_delay,date_tolerance,0,1,INT-HISTORICAL-001973,SET-HISTORICAL-001973
LBL-HISTORICAL-001974,historical,,exact_match,1,none,exact,0,0,INT-HISTORICAL-001974,SET-HISTORICAL-001974
LBL-HISTORICAL-001975,historical,,processing_fee,1,processor_fee,amount_tolerance,5,0,INT-HISTORICAL-001975,SET-HISTORICAL-001975
LBL-HISTORICAL-001976,historical,,exact_match,1,none,exact,0,0,INT-HISTORICAL-001976,SET-HISTORICAL-001976
LBL-HISTORICAL-001977,historical,,exact_match,1,none,exact,0,0,INT-HISTORICAL-001977,SET-HISTORICAL-001977
LBL-HISTORICAL-001978,historical,,processing_fee,1,processor_fee,amount_tolerance,5,0,INT-HISTORICAL-001978,SET-HISTORICAL-001978
LBL-HISTORICAL-001979,historical,,exact_match,1,none,exact,0,0,INT-HISTORICAL-001979,SET-HISTORICAL-001979
LBL-HISTORICAL-001980,historical,,exact_match,1,none,exact,0,0,INT-HISTORICAL-001980,SET-HISTORICAL-001980
LBL-HISTORICAL-001981,historical,,reference_format,1,reference_normalization,reference_normalization,0,0,INT-HISTORICAL-001981,SET-HISTORICAL-001981
LBL-HISTORICAL-001982,historical,,exact_match,1,none,exact,0,0,INT-HISTORICAL-001982,SET-HISTORICAL-001982
LBL-HISTORICAL-001983,historical,,exact_match,1,none,exact,0,0,INT-HISTORICAL-001983,SET-HISTORICAL-001983
LBL-HISTORICAL-001984,historical,,exact_match,1,none,exact,0,0,INT-HISTORICAL-001984,SET-HISTORICAL-001984
LBL-HISTORICAL-001985,historical,,exact_match,1,none,exact,0,0,INT-HISTORICAL-001985,SET-HISTORICAL-001985
LBL-HISTORICAL-001986,historical,,exact_match,1,none,exact,0,0,INT-HISTORICAL-001986,SET-HISTORICAL-001986
LBL-HISTORICAL-001987,historical,,exact_match,1,none,exact,0,0,INT-HISTORICAL-001987,SET-HISTORICAL-001987
LBL-HISTORICAL-001988,historical,,reference_format,1,reference_normalization,reference_normalization,0,0,INT-HISTORICAL-001988,SET-HISTORICAL-001988
LBL-HISTORICAL-001989,historical,,currency_mismatch,0,currency_mismatch,do_not_match,0,0,INT-HISTORICAL-001989,SET-HISTORICAL-001989
LBL-HISTORICAL-001990,historical,,exact_match,1,none,exact,0,0,INT-HISTORICAL-001990,SET-HISTORICAL-001990
LBL-HISTORICAL-001991,historical,,exact_match,1,none,exact,0,0,INT-HISTORICAL-001991,SET-HISTORICAL-001991
LBL-HISTORICAL-001992,historical,,exact_match,1,none,exact,0,0,INT-HISTORICAL-001992,SET-HISTORICAL-001992
LBL-HISTORICAL-001993,historical,,exact_match,1,none,exact,0,0,INT-HISTORICAL-001993,SET-HISTORICAL-001993
LBL-HISTORICAL-001994,historical,,processing_fee,1,processor_fee,amount_tolerance,2,0,INT-HISTORICAL-001994,SET-HISTORICAL-001994
LBL-HISTORICAL-001995,historical,,exact_match,1,none,exact,0,0,INT-HISTORICAL-001995,SET-HISTORICAL-001995
LBL-HISTORICAL-001996,historical,,exact_match,1,none,exact,0,0,INT-HISTORICAL-001996,SET-HISTORICAL-001996
LBL-HISTORICAL-001997,historical,,exact_match,1,none,exact,0,0,INT-HISTORICAL-001997,SET-HISTORICAL-001997
LBL-HISTORICAL-001998,historical,,true_amount_mismatch,0,true_amount_mismatch,do_not_match,0,0,INT-HISTORICAL-001998,SET-HISTORICAL-001998
LBL-HISTORICAL-001999,historical,,exact_match,1,none,exact,0,0,INT-HISTORICAL-001999,SET-HISTORICAL-001999
LBL-HISTORICAL-002000,historical,,exact_match,1,none,exact,0,0,INT-HISTORICAL-002000,SET-HISTORICAL-002000
LBL-HISTORICAL-002001,historical,,exact_match,1,none,exact,0,0,INT-HISTORICAL-002001,SET-HISTORICAL-002001
LBL-HISTORICAL-002002,historical,,exact_match,1,none,exact,0,0,INT-HISTORICAL-002002,SET-HISTORICAL-002002
LBL-HISTORICAL-002003,historical,,exact_match,1,none,exact,0,0,INT-HISTORICAL-002003,SET-HISTORICAL-002003
LBL-HISTORICAL-002004,historical,,exact_match,1,none,exact,0,0,INT-HISTORICAL-002004,SET-HISTORICAL-002004
LBL-HISTORICAL-002005,historical,,exact_match,1,none,exact,0,0,INT-HISTORICAL-002005,SET-HISTORICAL-002005
LBL-HISTORICAL-002006,historical,,exact_match,1,none,exact,0,0,INT-HISTORICAL-002006,SET-HISTORICAL-002006
LBL-HISTORICAL-002007,historical,,exact_match,1,none,exact,0,0,INT-HISTORICAL-002007,SET-HISTORICAL-002007
LBL-HISTORICAL-002008,historical,,exact_match,1,none,exact,0,0,INT-HISTORICAL-002008,SET-HISTORICAL-002008
LBL-HISTORICAL-002009,historical,,settlement_delay,1,t_plus_delay,date_tolerance,0,1,INT-HISTORICAL-002009,SET-HISTORICAL-002009
LBL-HISTORICAL-002010,historical,,exact_match,1,none,exact,0,0,INT-HISTORICAL-002010,SET-HISTORICAL-002010
LBL-HISTORICAL-002011,historical,,exact_match,1,none,exact,0,0,INT-HISTORICAL-002011,SET-HISTORICAL-002011
LBL-HISTORICAL-002012,historical,,exact_match,1,none,exact,0,0,INT-HISTORICAL-002012,SET-HISTORICAL-002012
LBL-HISTORICAL-002013,historical,,exact_match,1,none,exact,0,0,INT-HISTORICAL-002013,SET-HISTORICAL-002013
LBL-HISTORICAL-002014,historical,,exact_match,1,none,exact,0,0,INT-HISTORICAL-002014,SET-HISTORICAL-002014
LBL-HISTORICAL-002015,historical,,exact_match,1,none,exact,0,0,INT-HISTORICAL-002015,SET-HISTORICAL-002015
LBL-HISTORICAL-002016,historical,,exact_match,1,none,exact,0,0,INT-HISTORICAL-002016,SET-HISTORICAL-002016
LBL-HISTORICAL-002017,historical,,exact_match,1,none,exact,0,0,INT-HISTORICAL-002017,SET-HISTORICAL-002017
LBL-HISTORICAL-002018,historical,,reference_format,1,reference_normalization,reference_normalization,0,0,INT-HISTORICAL-002018,SET-HISTORICAL-002018
LBL-HISTORICAL-002019,historical,,rounding_difference,1,rounding,amount_tolerance,0,0,INT-HISTORICAL-002019,SET-HISTORICAL-002019
LBL-HISTORICAL-002020,historical,,true_amount_mismatch,0,true_amount_mismatch,do_not_match,0,0,INT-HISTORICAL-002020,SET-HISTORICAL-002020
LBL-HISTORICAL-002021,historical,,exact_match,1,none,exact,0,0,INT-HISTORICAL-002021,SET-HISTORICAL-002021
LBL-HISTORICAL-002022,historical,,exact_match,1,none,exact,0,0,INT-HISTORICAL-002022,SET-HISTORICAL-002022
LBL-HISTORICAL-002023,historical,,exact_match,1,none,exact,0,0,INT-HISTORICAL-002023,SET-HISTORICAL-002023
LBL-HISTORICAL-002024,historical,,exact_match,1,none,exact,0,0,INT-HISTORICAL-002024,SET-HISTORICAL-002024
LBL-HISTORICAL-002025,historical,,exact_match,1,none,exact,0,0,INT-HISTORICAL-002025,SET-HISTORICAL-002025
LBL-HISTORICAL-002026,historical,,exact_match,1,none,exact,0,0,INT-HISTORICAL-002026,SET-HISTORICAL-002026
LBL-HISTORICAL-002027,historical,,exact_match,1,none,exact,0,0,INT-HISTORICAL-002027,SET-HISTORICAL-002027
LBL-HISTORICAL-002028,historical,,exact_match,1,none,exact,0,0,INT-HISTORICAL-002028,SET-HISTORICAL-002028
LBL-HISTORICAL-002029,historical,,exact_match,1,none,exact,0,0,INT-HISTORICAL-002029,SET-HISTORICAL-002029
LBL-HISTORICAL-002030,historical,,exact_match,1,none,exact,0,0,INT-HISTORICAL-002030,SET-HISTORICAL-002030
LBL-HISTORICAL-002031,historical,,exact_match,1,none,exact,0,0,INT-HISTORICAL-002031,SET-HISTORICAL-002031
LBL-HISTORICAL-002032,historical,,exact_match,1,none,exact,0,0,INT-HISTORICAL-002032,SET-HISTORICAL-002032
LBL-HISTORICAL-002033,historical,,exact_match,1,none,exact,0,0,INT-HISTORICAL-002033,SET-HISTORICAL-002033
LBL-HISTORICAL-002034,historical,,exact_match,1,none,exact,0,0,INT-HISTORICAL-002034,SET-HISTORICAL-002034
LBL-HISTORICAL-002035,historical,,settlement_delay,1,t_plus_delay,date_tolerance,0,1,INT-HISTORICAL-002035,SET-HISTORICAL-002035
LBL-HISTORICAL-002036,historical,,processing_fee,1,processor_fee,amount_tolerance,3,0,INT-HISTORICAL-002036,SET-HISTORICAL-002036
LBL-HISTORICAL-002037,historical,,exact_match,1,none,exact,0,0,INT-HISTORICAL-002037,SET-HISTORICAL-002037
LBL-HISTORICAL-002038,historical,,settlement_delay,1,t_plus_delay,date_tolerance,0,1,INT-HISTORICAL-002038,SET-HISTORICAL-002038
LBL-HISTORICAL-002039,historical,,exact_match,1,none,exact,0,0,INT-HISTORICAL-002039,SET-HISTORICAL-002039
LBL-HISTORICAL-002040,historical,,exact_match,1,none,exact,0,0,INT-HISTORICAL-002040,SET-HISTORICAL-002040
LBL-HISTORICAL-002041,historical,,exact_match,1,none,exact,0,0,INT-HISTORICAL-002041,SET-HISTORICAL-002041
LBL-HISTORICAL-002042,historical,,exact_match,1,none,exact,0,0,INT-HISTORICAL-002042,SET-HISTORICAL-002042
LBL-HISTORICAL-002043,historical,,processing_fee,1,processor_fee,amount_tolerance,1,0,INT-HISTORICAL-002043,SET-HISTORICAL-002043
LBL-HISTORICAL-002044,historical,,exact_match,1,none,exact,0,0,INT-HISTORICAL-002044,SET-HISTORICAL-002044
LBL-HISTORICAL-002045,historical,,settlement_delay,1,t_plus_delay,date_tolerance,0,1,INT-HISTORICAL-002045,SET-HISTORICAL-002045
LBL-HISTORICAL-002046,historical,,exact_match,1,none,exact,0,0,INT-HISTORICAL-002046,SET-HISTORICAL-002046
LBL-HISTORICAL-002047,historical,,settlement_delay,1,t_plus_delay,date_tolerance,0,1,INT-HISTORICAL-002047,SET-HISTORICAL-002047
LBL-HISTORICAL-002048,historical,,exact_match,1,none,exact,0,0,INT-HISTORICAL-002048,SET-HISTORICAL-002048
LBL-HISTORICAL-002049,historical,,exact_match,1,none,exact,0,0,INT-HISTORICAL-002049,SET-HISTORICAL-002049
LBL-HISTORICAL-002050,historical,,exact_match,1,none,exact,0,0,INT-HISTORICAL-002050,SET-HISTORICAL-002050
LBL-HISTORICAL-002051,historical,,processing_fee,1,processor_fee,amount_tolerance,1,0,INT-HISTORICAL-002051,SET-HISTORICAL-002051
LBL-HISTORICAL-002052,historical,,exact_match,1,none,exact,0,0,INT-HISTORICAL-002052,SET-HISTORICAL-002052
LBL-HISTORICAL-002053,historical,,exact_match,1,none,exact,0,0,INT-HISTORICAL-002053,SET-HISTORICAL-002053
LBL-HISTORICAL-002054,historical,,exact_match,1,none,exact,0,0,INT-HISTORICAL-002054,SET-HISTORICAL-002054
LBL-HISTORICAL-002055,historical,,exact_match,1,none,exact,0,0,INT-HISTORICAL-002055,SET-HISTORICAL-002055
LBL-HISTORICAL-002056,historical,,exact_match,1,none,exact,0,0,INT-HISTORICAL-002056,SET-HISTORICAL-002056
LBL-HISTORICAL-002057,historical,,exact_match,1,none,exact,0,0,INT-HISTORICAL-002057,SET-HISTORICAL-002057
LBL-HISTORICAL-002058,historical,,settlement_delay,1,t_plus_delay,date_tolerance,0,1,INT-HISTORICAL-002058,SET-HISTORICAL-002058
LBL-HISTORICAL-002059,historical,,processing_fee,1,processor_fee,amount_tolerance,2,0,INT-HISTORICAL-002059,SET-HISTORICAL-002059
LBL-HISTORICAL-002060,historical,,exact_match,1,none,exact,0,0,INT-HISTORICAL-002060,SET-HISTORICAL-002060
LBL-HISTORICAL-002061,historical,,exact_match,1,none,exact,0,0,INT-HISTORICAL-002061,SET-HISTORICAL-002061
LBL-HISTORICAL-002062,historical,,exact_match,1,none,exact,0,0,INT-HISTORICAL-002062,SET-HISTORICAL-002062
LBL-HISTORICAL-002063,historical,,exact_match,1,none,exact,0,0,INT-HISTORICAL-002063,SET-HISTORICAL-002063
LBL-HISTORICAL-002064,historical,,exact_match,1,none,exact,0,0,INT-HISTORICAL-002064,SET-HISTORICAL-002064
LBL-HISTORICAL-002065,historical,,exact_match,1,none,exact,0,0,INT-HISTORICAL-002065,SET-HISTORICAL-002065
LBL-HISTORICAL-002066,historical,,exact_match,1,none,exact,0,0,INT-HISTORICAL-002066,SET-HISTORICAL-002066
LBL-HISTORICAL-002067,historical,,exact_match,1,none,exact,0,0,INT-HISTORICAL-002067,SET-HISTORICAL-002067
LBL-HISTORICAL-002068,historical,,exact_match,1,none,exact,0,0,INT-HISTORICAL-002068,SET-HISTORICAL-002068
LBL-HISTORICAL-002069,historical,,settlement_delay,1,t_plus_delay,date_tolerance,0,1,INT-HISTORICAL-002069,SET-HISTORICAL-002069
LBL-HISTORICAL-002070,historical,,exact_match,1,none,exact,0,0,INT-HISTORICAL-002070,SET-HISTORICAL-002070
LBL-HISTORICAL-002071,historical,,exact_match,1,none,exact,0,0,INT-HISTORICAL-002071,SET-HISTORICAL-002071
LBL-HISTORICAL-002072,historical,,settlement_delay,1,t_plus_delay,date_tolerance,0,2,INT-HISTORICAL-002072,SET-HISTORICAL-002072
LBL-HISTORICAL-002073,historical,,exact_match,1,none,exact,0,0,INT-HISTORICAL-002073,SET-HISTORICAL-002073
LBL-HISTORICAL-002074,historical,,reference_format,1,reference_normalization,reference_normalization,0,0,INT-HISTORICAL-002074,SET-HISTORICAL-002074
LBL-HISTORICAL-002075,historical,,exact_match,1,none,exact,0,0,INT-HISTORICAL-002075,SET-HISTORICAL-002075
LBL-HISTORICAL-002076,historical,,exact_match,1,none,exact,0,0,INT-HISTORICAL-002076,SET-HISTORICAL-002076
LBL-HISTORICAL-002077,historical,,exact_match,1,none,exact,0,0,INT-HISTORICAL-002077,SET-HISTORICAL-002077
LBL-HISTORICAL-002078,historical,,processing_fee,1,processor_fee,amount_tolerance,2,0,INT-HISTORICAL-002078,SET-HISTORICAL-002078
LBL-HISTORICAL-002079,historical,,exact_match,1,none,exact,0,0,INT-HISTORICAL-002079,SET-HISTORICAL-002079
LBL-HISTORICAL-002080,historical,,exact_match,1,none,exact,0,0,INT-HISTORICAL-002080,SET-HISTORICAL-002080
LBL-HISTORICAL-002081,historical,,exact_match,1,none,exact,0,0,INT-HISTORICAL-002081,SET-HISTORICAL-002081
LBL-HISTORICAL-002082,historical,,exact_match,1,none,exact,0,0,INT-HISTORICAL-002082,SET-HISTORICAL-002082
LBL-HISTORICAL-002083,historical,,exact_match,1,none,exact,0,0,INT-HISTORICAL-002083,SET-HISTORICAL-002083
LBL-HISTORICAL-002084,historical,,true_amount_mismatch,0,true_amount_mismatch,do_not_match,0,0,INT-HISTORICAL-002084,SET-HISTORICAL-002084
LBL-HISTORICAL-002085,historical,,exact_match,1,none,exact,0,0,INT-HISTORICAL-002085,SET-HISTORICAL-002085
LBL-HISTORICAL-002086,historical,,rounding_difference,1,rounding,amount_tolerance,0,0,INT-HISTORICAL-002086,SET-HISTORICAL-002086
LBL-HISTORICAL-002087,historical,,exact_match,1,none,exact,0,0,INT-HISTORICAL-002087,SET-HISTORICAL-002087
LBL-HISTORICAL-002088,historical,,exact_match,1,none,exact,0,0,INT-HISTORICAL-002088,SET-HISTORICAL-002088
LBL-HISTORICAL-002089,historical,,exact_match,1,none,exact,0,0,INT-HISTORICAL-002089,SET-HISTORICAL-002089
LBL-HISTORICAL-002090,historical,,exact_match,1,none,exact,0,0,INT-HISTORICAL-002090,SET-HISTORICAL-002090
LBL-HISTORICAL-002091,historical,,exact_match,1,none,exact,0,0,INT-HISTORICAL-002091,SET-HISTORICAL-002091
LBL-HISTORICAL-002092,historical,,exact_match,1,none,exact,0,0,INT-HISTORICAL-002092,SET-HISTORICAL-002092
LBL-HISTORICAL-002093,historical,,exact_match,1,none,exact,0,0,INT-HISTORICAL-002093,SET-HISTORICAL-002093
LBL-HISTORICAL-002094,historical,,exact_match,1,none,exact,0,0,INT-HISTORICAL-002094,SET-HISTORICAL-002094
LBL-HISTORICAL-002095,historical,,exact_match,1,none,exact,0,0,INT-HISTORICAL-002095,SET-HISTORICAL-002095
LBL-HISTORICAL-002096,historical,,exact_match,1,none,exact,0,0,INT-HISTORICAL-002096,SET-HISTORICAL-002096
LBL-HISTORICAL-002097,historical,,reference_format,1,reference_normalization,reference_normalization,0,0,INT-HISTORICAL-002097,SET-HISTORICAL-002097
LBL-HISTORICAL-002098,historical,,exact_match,1,none,exact,0,0,INT-HISTORICAL-002098,SET-HISTORICAL-002098
LBL-HISTORICAL-002099,historical,,processing_fee,1,processor_fee,amount_tolerance,5,0,INT-HISTORICAL-002099,SET-HISTORICAL-002099
LBL-HISTORICAL-002100,historical,,processing_fee,1,processor_fee,amount_tolerance,1,0,INT-HISTORICAL-002100,SET-HISTORICAL-002100
LBL-HISTORICAL-002101,historical,,exact_match,1,none,exact,0,0,INT-HISTORICAL-002101,SET-HISTORICAL-002101
LBL-HISTORICAL-002102,historical,,processing_fee,1,processor_fee,amount_tolerance,1,0,INT-HISTORICAL-002102,SET-HISTORICAL-002102
LBL-HISTORICAL-002103,historical,,exact_match,1,none,exact,0,0,INT-HISTORICAL-002103,SET-HISTORICAL-002103
LBL-HISTORICAL-002104,historical,,exact_match,1,none,exact,0,0,INT-HISTORICAL-002104,SET-HISTORICAL-002104
LBL-HISTORICAL-002105,historical,,exact_match,1,none,exact,0,0,INT-HISTORICAL-002105,SET-HISTORICAL-002105
LBL-HISTORICAL-002106,historical,,settlement_delay,1,t_plus_delay,date_tolerance,0,1,INT-HISTORICAL-002106,SET-HISTORICAL-002106
LBL-HISTORICAL-002107,historical,,exact_match,1,none,exact,0,0,INT-HISTORICAL-002107,SET-HISTORICAL-002107
LBL-HISTORICAL-002108,historical,,exact_match,1,none,exact,0,0,INT-HISTORICAL-002108,SET-HISTORICAL-002108
LBL-HISTORICAL-002109,historical,,settlement_delay,1,t_plus_delay,date_tolerance,0,1,INT-HISTORICAL-002109,SET-HISTORICAL-002109
LBL-HISTORICAL-002110,historical,,exact_match,1,none,exact,0,0,INT-HISTORICAL-002110,SET-HISTORICAL-002110
LBL-HISTORICAL-002111,historical,,exact_match,1,none,exact,0,0,INT-HISTORICAL-002111,SET-HISTORICAL-002111
LBL-HISTORICAL-002112,historical,,settlement_delay,1,t_plus_delay,date_tolerance,0,1,INT-HISTORICAL-002112,SET-HISTORICAL-002112
LBL-HISTORICAL-002113,historical,,processing_fee,1,processor_fee,amount_tolerance,1,0,INT-HISTORICAL-002113,SET-HISTORICAL-002113
LBL-HISTORICAL-002114,historical,,exact_match,1,none,exact,0,0,INT-HISTORICAL-002114,SET-HISTORICAL-002114
LBL-HISTORICAL-002115,historical,,processing_fee,1,processor_fee,amount_tolerance,5,0,INT-HISTORICAL-002115,SET-HISTORICAL-002115
LBL-HISTORICAL-002116,historical,,exact_match,1,none,exact,0,0,INT-HISTORICAL-002116,SET-HISTORICAL-002116
LBL-HISTORICAL-002117,historical,,exact_match,1,none,exact,0,0,INT-HISTORICAL-002117,SET-HISTORICAL-002117
LBL-HISTORICAL-002118,historical,,exact_match,1,none,exact,0,0,INT-HISTORICAL-002118,SET-HISTORICAL-002118
LBL-HISTORICAL-002119,historical,,exact_match,1,none,exact,0,0,INT-HISTORICAL-002119,SET-HISTORICAL-002119
LBL-HISTORICAL-002120,historical,,settlement_delay,1,t_plus_delay,date_tolerance,0,1,INT-HISTORICAL-002120,SET-HISTORICAL-002120
LBL-HISTORICAL-002121,historical,,processing_fee,1,processor_fee,amount_tolerance,1,0,INT-HISTORICAL-002121,SET-HISTORICAL-002121
LBL-HISTORICAL-002122,historical,,exact_match,1,none,exact,0,0,INT-HISTORICAL-002122,SET-HISTORICAL-002122
LBL-HISTORICAL-002123,historical,,exact_match,1,none,exact,0,0,INT-HISTORICAL-002123,SET-HISTORICAL-002123
LBL-HISTORICAL-002124,historical,,exact_match,1,none,exact,0,0,INT-HISTORICAL-002124,SET-HISTORICAL-002124
LBL-HISTORICAL-002125,historical,,exact_match,1,none,exact,0,0,INT-HISTORICAL-002125,SET-HISTORICAL-002125
LBL-HISTORICAL-002126,historical,,exact_match,1,none,exact,0,0,INT-HISTORICAL-002126,SET-HISTORICAL-002126
LBL-HISTORICAL-002127,historical,,settlement_delay,1,t_plus_delay,date_tolerance,0,1,INT-HISTORICAL-002127,SET-HISTORICAL-002127
LBL-HISTORICAL-002128,historical,,exact_match,1,none,exact,0,0,INT-HISTORICAL-002128,SET-HISTORICAL-002128
LBL-HISTORICAL-002129,historical,,exact_match,1,none,exact,0,0,INT-HISTORICAL-002129,SET-HISTORICAL-002129
LBL-HISTORICAL-002130,historical,,true_amount_mismatch,0,true_amount_mismatch,do_not_match,0,0,INT-HISTORICAL-002130,SET-HISTORICAL-002130
LBL-HISTORICAL-002131,historical,,settlement_delay,1,t_plus_delay,date_tolerance,0,1,INT-HISTORICAL-002131,SET-HISTORICAL-002131
LBL-HISTORICAL-002132,historical,,exact_match,1,none,exact,0,0,INT-HISTORICAL-002132,SET-HISTORICAL-002132
LBL-HISTORICAL-002133,historical,,settlement_delay,1,t_plus_delay,date_tolerance,0,1,INT-HISTORICAL-002133,SET-HISTORICAL-002133
LBL-HISTORICAL-002134,historical,,exact_match,1,none,exact,0,0,INT-HISTORICAL-002134,SET-HISTORICAL-002134
LBL-HISTORICAL-002135,historical,,reference_format,1,reference_normalization,reference_normalization,0,0,INT-HISTORICAL-002135,SET-HISTORICAL-002135
LBL-HISTORICAL-002136,historical,,exact_match,1,none,exact,0,0,INT-HISTORICAL-002136,SET-HISTORICAL-002136
LBL-HISTORICAL-002137,historical,,exact_match,1,none,exact,0,0,INT-HISTORICAL-002137,SET-HISTORICAL-002137
LBL-HISTORICAL-002138,historical,,exact_match,1,none,exact,0,0,INT-HISTORICAL-002138,SET-HISTORICAL-002138
LBL-HISTORICAL-002139,historical,,exact_match,1,none,exact,0,0,INT-HISTORICAL-002139,SET-HISTORICAL-002139
LBL-HISTORICAL-002140,historical,,exact_match,1,none,exact,0,0,INT-HISTORICAL-002140,SET-HISTORICAL-002140
LBL-HISTORICAL-002141,historical,,exact_match,1,none,exact,0,0,INT-HISTORICAL-002141,SET-HISTORICAL-002141
LBL-HISTORICAL-002142,historical,,settlement_delay,1,t_plus_delay,date_tolerance,0,1,INT-HISTORICAL-002142,SET-HISTORICAL-002142
LBL-HISTORICAL-002143,historical,,exact_match,1,none,exact,0,0,INT-HISTORICAL-002143,SET-HISTORICAL-002143
LBL-HISTORICAL-002144,historical,,settlement_delay,1,t_plus_delay,date_tolerance,0,2,INT-HISTORICAL-002144,SET-HISTORICAL-002144
LBL-HISTORICAL-002145,historical,,exact_match,1,none,exact,0,0,INT-HISTORICAL-002145,SET-HISTORICAL-002145
LBL-HISTORICAL-002146,historical,,exact_match,1,none,exact,0,0,INT-HISTORICAL-002146,SET-HISTORICAL-002146
LBL-HISTORICAL-002147,historical,,exact_match,1,none,exact,0,0,INT-HISTORICAL-002147,SET-HISTORICAL-002147
LBL-HISTORICAL-002148,historical,,exact_match,1,none,exact,0,0,INT-HISTORICAL-002148,SET-HISTORICAL-002148
LBL-HISTORICAL-002149,historical,,exact_match,1,none,exact,0,0,INT-HISTORICAL-002149,SET-HISTORICAL-002149
LBL-HISTORICAL-002150,historical,,exact_match,1,none,exact,0,0,INT-HISTORICAL-002150,SET-HISTORICAL-002150
LBL-HISTORICAL-002151,historical,,exact_match,1,none,exact,0,0,INT-HISTORICAL-002151,SET-HISTORICAL-002151
LBL-HISTORICAL-002152,historical,,settlement_delay,1,t_plus_delay,date_tolerance,0,1,INT-HISTORICAL-002152,SET-HISTORICAL-002152
LBL-HISTORICAL-002153,historical,,processing_fee,1,processor_fee,amount_tolerance,5,0,INT-HISTORICAL-002153,SET-HISTORICAL-002153
LBL-HISTORICAL-002154,historical,,exact_match,1,none,exact,0,0,INT-HISTORICAL-002154,SET-HISTORICAL-002154
LBL-HISTORICAL-002155,historical,,exact_match,1,none,exact,0,0,INT-HISTORICAL-002155,SET-HISTORICAL-002155
LBL-HISTORICAL-002156,historical,,processing_fee,1,processor_fee,amount_tolerance,3,0,INT-HISTORICAL-002156,SET-HISTORICAL-002156
LBL-HISTORICAL-002157,historical,,exact_match,1,none,exact,0,0,INT-HISTORICAL-002157,SET-HISTORICAL-002157
LBL-HISTORICAL-002158,historical,,exact_match,1,none,exact,0,0,INT-HISTORICAL-002158,SET-HISTORICAL-002158
LBL-HISTORICAL-002159,historical,,exact_match,1,none,exact,0,0,INT-HISTORICAL-002159,SET-HISTORICAL-002159
LBL-HISTORICAL-002160,historical,,exact_match,1,none,exact,0,0,INT-HISTORICAL-002160,SET-HISTORICAL-002160
LBL-HISTORICAL-002161,historical,,exact_match,1,none,exact,0,0,INT-HISTORICAL-002161,SET-HISTORICAL-002161
LBL-HISTORICAL-002162,historical,,exact_match,1,none,exact,0,0,INT-HISTORICAL-002162,SET-HISTORICAL-002162
LBL-HISTORICAL-002163,historical,,exact_match,1,none,exact,0,0,INT-HISTORICAL-002163,SET-HISTORICAL-002163
LBL-HISTORICAL-002164,historical,,exact_match,1,none,exact,0,0,INT-HISTORICAL-002164,SET-HISTORICAL-002164
LBL-HISTORICAL-002165,historical,,processing_fee,1,processor_fee,amount_tolerance,2,0,INT-HISTORICAL-002165,SET-HISTORICAL-002165
LBL-HISTORICAL-002166,historical,,exact_match,1,none,exact,0,0,INT-HISTORICAL-002166,SET-HISTORICAL-002166
LBL-HISTORICAL-002167,historical,,processing_fee,1,processor_fee,amount_tolerance,3,0,INT-HISTORICAL-002167,SET-HISTORICAL-002167
LBL-HISTORICAL-002168,historical,,processing_fee,1,processor_fee,amount_tolerance,3,0,INT-HISTORICAL-002168,SET-HISTORICAL-002168
LBL-HISTORICAL-002169,historical,,processing_fee,1,processor_fee,amount_tolerance,5,0,INT-HISTORICAL-002169,SET-HISTORICAL-002169
LBL-HISTORICAL-002170,historical,,exact_match,1,none,exact,0,0,INT-HISTORICAL-002170,SET-HISTORICAL-002170
LBL-HISTORICAL-002171,historical,,exact_match,1,none,exact,0,0,INT-HISTORICAL-002171,SET-HISTORICAL-002171
LBL-HISTORICAL-002172,historical,,rounding_difference,1,rounding,amount_tolerance,0,0,INT-HISTORICAL-002172,SET-HISTORICAL-002172
LBL-HISTORICAL-002173,historical,,exact_match,1,none,exact,0,0,INT-HISTORICAL-002173,SET-HISTORICAL-002173
LBL-HISTORICAL-002174,historical,,exact_match,1,none,exact,0,0,INT-HISTORICAL-002174,SET-HISTORICAL-002174
LBL-HISTORICAL-002175,historical,,duplicate_processor_record,1,duplicate,dedupe_then_match,0,0,INT-HISTORICAL-002175,SET-HISTORICAL-002175
LBL-HISTORICAL-002176,historical,,exact_match,1,none,exact,0,0,INT-HISTORICAL-002176,SET-HISTORICAL-002176
LBL-HISTORICAL-002177,historical,,exact_match,1,none,exact,0,0,INT-HISTORICAL-002177,SET-HISTORICAL-002177
LBL-HISTORICAL-002178,historical,,exact_match,1,none,exact,0,0,INT-HISTORICAL-002178,SET-HISTORICAL-002178
LBL-HISTORICAL-002179,historical,,processing_fee,1,processor_fee,amount_tolerance,3,0,INT-HISTORICAL-002179,SET-HISTORICAL-002179
LBL-HISTORICAL-002180,historical,,reference_format,1,reference_normalization,reference_normalization,0,0,INT-HISTORICAL-002180,SET-HISTORICAL-002180
LBL-HISTORICAL-002181,historical,,exact_match,1,none,exact,0,0,INT-HISTORICAL-002181,SET-HISTORICAL-002181
LBL-HISTORICAL-002182,historical,,processing_fee,1,processor_fee,amount_tolerance,3,0,INT-HISTORICAL-002182,SET-HISTORICAL-002182
LBL-HISTORICAL-002183,historical,,exact_match,1,none,exact,0,0,INT-HISTORICAL-002183,SET-HISTORICAL-002183
LBL-HISTORICAL-002184,historical,,exact_match,1,none,exact,0,0,INT-HISTORICAL-002184,SET-HISTORICAL-002184
LBL-HISTORICAL-002185,historical,,exact_match,1,none,exact,0,0,INT-HISTORICAL-002185,SET-HISTORICAL-002185
LBL-HISTORICAL-002186,historical,,exact_match,1,none,exact,0,0,INT-HISTORICAL-002186,SET-HISTORICAL-002186
LBL-HISTORICAL-002187,historical,,exact_match,1,none,exact,0,0,INT-HISTORICAL-002187,SET-HISTORICAL-002187
LBL-HISTORICAL-002188,historical,,rounding_difference,1,rounding,amount_tolerance,0,0,INT-HISTORICAL-002188,SET-HISTORICAL-002188
LBL-HISTORICAL-002189,historical,,processing_fee,1,processor_fee,amount_tolerance,5,0,INT-HISTORICAL-002189,SET-HISTORICAL-002189
LBL-HISTORICAL-002190,historical,,exact_match,1,none,exact,0,0,INT-HISTORICAL-002190,SET-HISTORICAL-002190
LBL-HISTORICAL-002191,historical,,exact_match,1,none,exact,0,0,INT-HISTORICAL-002191,SET-HISTORICAL-002191
LBL-HISTORICAL-002192,historical,,settlement_delay,1,t_plus_delay,date_tolerance,0,2,INT-HISTORICAL-002192,SET-HISTORICAL-002192
LBL-HISTORICAL-002193,historical,,exact_match,1,none,exact,0,0,INT-HISTORICAL-002193,SET-HISTORICAL-002193
LBL-HISTORICAL-002194,historical,,rounding_difference,1,rounding,amount_tolerance,0,0,INT-HISTORICAL-002194,SET-HISTORICAL-002194
LBL-HISTORICAL-002195,historical,,exact_match,1,none,exact,0,0,INT-HISTORICAL-002195,SET-HISTORICAL-002195
LBL-HISTORICAL-002196,historical,,processing_fee,1,processor_fee,amount_tolerance,3,0,INT-HISTORICAL-002196,SET-HISTORICAL-002196
LBL-HISTORICAL-002197,historical,,processing_fee,1,processor_fee,amount_tolerance,1,0,INT-HISTORICAL-002197,SET-HISTORICAL-002197
LBL-HISTORICAL-002198,historical,,processing_fee,1,processor_fee,amount_tolerance,3,0,INT-HISTORICAL-002198,SET-HISTORICAL-002198
LBL-HISTORICAL-002199,historical,,exact_match,1,none,exact,0,0,INT-HISTORICAL-002199,SET-HISTORICAL-002199
LBL-HISTORICAL-002200,historical,,exact_match,1,none,exact,0,0,INT-HISTORICAL-002200,SET-HISTORICAL-002200
LBL-HISTORICAL-002201,historical,,exact_match,1,none,exact,0,0,INT-HISTORICAL-002201,SET-HISTORICAL-002201
LBL-HISTORICAL-002202,historical,,exact_match,1,none,exact,0,0,INT-HISTORICAL-002202,SET-HISTORICAL-002202
LBL-HISTORICAL-002203,historical,,exact_match,1,none,exact,0,0,INT-HISTORICAL-002203,SET-HISTORICAL-002203
LBL-HISTORICAL-002204,historical,,processing_fee,1,processor_fee,amount_tolerance,2,0,INT-HISTORICAL-002204,SET-HISTORICAL-002204
LBL-HISTORICAL-002205,historical,,exact_match,1,none,exact,0,0,INT-HISTORICAL-002205,SET-HISTORICAL-002205
LBL-HISTORICAL-002206,historical,,exact_match,1,none,exact,0,0,INT-HISTORICAL-002206,SET-HISTORICAL-002206
LBL-HISTORICAL-002207,historical,,exact_match,1,none,exact,0,0,INT-HISTORICAL-002207,SET-HISTORICAL-002207
LBL-HISTORICAL-002208,historical,,processing_fee,1,processor_fee,amount_tolerance,5,0,INT-HISTORICAL-002208,SET-HISTORICAL-002208
LBL-HISTORICAL-002209,historical,,exact_match,1,none,exact,0,0,INT-HISTORICAL-002209,SET-HISTORICAL-002209
LBL-HISTORICAL-002210,historical,,exact_match,1,none,exact,0,0,INT-HISTORICAL-002210,SET-HISTORICAL-002210
LBL-HISTORICAL-002211,historical,,exact_match,1,none,exact,0,0,INT-HISTORICAL-002211,SET-HISTORICAL-002211
LBL-HISTORICAL-002212,historical,,exact_match,1,none,exact,0,0,INT-HISTORICAL-002212,SET-HISTORICAL-002212
LBL-HISTORICAL-002213,historical,,exact_match,1,none,exact,0,0,INT-HISTORICAL-002213,SET-HISTORICAL-002213
LBL-HISTORICAL-002214,historical,,rounding_difference,1,rounding,amount_tolerance,0,0,INT-HISTORICAL-002214,SET-HISTORICAL-002214
LBL-HISTORICAL-002215,historical,,processing_fee,1,processor_fee,amount_tolerance,5,0,INT-HISTORICAL-002215,SET-HISTORICAL-002215
LBL-HISTORICAL-002216,historical,,exact_match,1,none,exact,0,0,INT-HISTORICAL-002216,SET-HISTORICAL-002216
LBL-HISTORICAL-002217,historical,,exact_match,1,none,exact,0,0,INT-HISTORICAL-002217,SET-HISTORICAL-002217
LBL-HISTORICAL-002218,historical,,reference_format,1,reference_normalization,reference_normalization,0,0,INT-HISTORICAL-002218,SET-HISTORICAL-002218
LBL-HISTORICAL-002219,historical,,exact_match,1,none,exact,0,0,INT-HISTORICAL-002219,SET-HISTORICAL-002219
LBL-HISTORICAL-002220,historical,,exact_match,1,none,exact,0,0,INT-HISTORICAL-002220,SET-HISTORICAL-002220
LBL-HISTORICAL-002221,historical,,reference_format,1,reference_normalization,reference_normalization,0,0,INT-HISTORICAL-002221,SET-HISTORICAL-002221
LBL-HISTORICAL-002222,historical,,rounding_difference,1,rounding,amount_tolerance,0,0,INT-HISTORICAL-002222,SET-HISTORICAL-002222
LBL-HISTORICAL-002223,historical,,settlement_delay,1,t_plus_delay,date_tolerance,0,2,INT-HISTORICAL-002223,SET-HISTORICAL-002223
LBL-HISTORICAL-002224,historical,,duplicate_processor_record,1,duplicate,dedupe_then_match,0,0,INT-HISTORICAL-002224,SET-HISTORICAL-002224
LBL-HISTORICAL-002225,historical,,exact_match,1,none,exact,0,0,INT-HISTORICAL-002225,SET-HISTORICAL-002225
LBL-HISTORICAL-002226,historical,,exact_match,1,none,exact,0,0,INT-HISTORICAL-002226,SET-HISTORICAL-002226
LBL-HISTORICAL-002227,historical,,processing_fee,1,processor_fee,amount_tolerance,1,0,INT-HISTORICAL-002227,SET-HISTORICAL-002227
LBL-HISTORICAL-002228,historical,,exact_match,1,none,exact,0,0,INT-HISTORICAL-002228,SET-HISTORICAL-002228
LBL-HISTORICAL-002229,historical,,reference_format,1,reference_normalization,reference_normalization,0,0,INT-HISTORICAL-002229,SET-HISTORICAL-002229
LBL-HISTORICAL-002230,historical,,exact_match,1,none,exact,0,0,INT-HISTORICAL-002230,SET-HISTORICAL-002230
LBL-HISTORICAL-002231,historical,,processing_fee,1,processor_fee,amount_tolerance,5,0,INT-HISTORICAL-002231,SET-HISTORICAL-002231
LBL-HISTORICAL-002232,historical,,processing_fee,1,processor_fee,amount_tolerance,2,0,INT-HISTORICAL-002232,SET-HISTORICAL-002232
LBL-HISTORICAL-002233,historical,,exact_match,1,none,exact,0,0,INT-HISTORICAL-002233,SET-HISTORICAL-002233
LBL-HISTORICAL-002234,historical,,reference_format,1,reference_normalization,reference_normalization,0,0,INT-HISTORICAL-002234,SET-HISTORICAL-002234
LBL-HISTORICAL-002235,historical,,exact_match,1,none,exact,0,0,INT-HISTORICAL-002235,SET-HISTORICAL-002235
LBL-HISTORICAL-002236,historical,,exact_match,1,none,exact,0,0,INT-HISTORICAL-002236,SET-HISTORICAL-002236
LBL-HISTORICAL-002237,historical,,exact_match,1,none,exact,0,0,INT-HISTORICAL-002237,SET-HISTORICAL-002237
LBL-HISTORICAL-002238,historical,,exact_match,1,none,exact,0,0,INT-HISTORICAL-002238,SET-HISTORICAL-002238
LBL-HISTORICAL-002239,historical,,exact_match,1,none,exact,0,0,INT-HISTORICAL-002239,SET-HISTORICAL-002239
LBL-HISTORICAL-002240,historical,,settlement_delay,1,t_plus_delay,date_tolerance,0,1,INT-HISTORICAL-002240,SET-HISTORICAL-002240
LBL-HISTORICAL-002241,historical,,exact_match,1,none,exact,0,0,INT-HISTORICAL-002241,SET-HISTORICAL-002241
LBL-HISTORICAL-002242,historical,,exact_match,1,none,exact,0,0,INT-HISTORICAL-002242,SET-HISTORICAL-002242
LBL-HISTORICAL-002243,historical,,exact_match,1,none,exact,0,0,INT-HISTORICAL-002243,SET-HISTORICAL-002243
LBL-HISTORICAL-002244,historical,,exact_match,1,none,exact,0,0,INT-HISTORICAL-002244,SET-HISTORICAL-002244
LBL-HISTORICAL-002245,historical,,exact_match,1,none,exact,0,0,INT-HISTORICAL-002245,SET-HISTORICAL-002245
LBL-HISTORICAL-002246,historical,,settlement_delay,1,t_plus_delay,date_tolerance,0,2,INT-HISTORICAL-002246,SET-HISTORICAL-002246
LBL-HISTORICAL-002247,historical,,reference_format,1,reference_normalization,reference_normalization,0,0,INT-HISTORICAL-002247,SET-HISTORICAL-002247
LBL-HISTORICAL-002248,historical,,exact_match,1,none,exact,0,0,INT-HISTORICAL-002248,SET-HISTORICAL-002248
LBL-HISTORICAL-002249,historical,,processing_fee,1,processor_fee,amount_tolerance,3,0,INT-HISTORICAL-002249,SET-HISTORICAL-002249
LBL-HISTORICAL-002250,historical,,exact_match,1,none,exact,0,0,INT-HISTORICAL-002250,SET-HISTORICAL-002250
LBL-HISTORICAL-002251,historical,,exact_match,1,none,exact,0,0,INT-HISTORICAL-002251,SET-HISTORICAL-002251
LBL-HISTORICAL-002252,historical,,exact_match,1,none,exact,0,0,INT-HISTORICAL-002252,SET-HISTORICAL-002252
LBL-HISTORICAL-002253,historical,,exact_match,1,none,exact,0,0,INT-HISTORICAL-002253,SET-HISTORICAL-002253
LBL-HISTORICAL-002254,historical,,processing_fee,1,processor_fee,amount_tolerance,2,0,INT-HISTORICAL-002254,SET-HISTORICAL-002254
LBL-HISTORICAL-002255,historical,,settlement_delay,1,t_plus_delay,date_tolerance,0,1,INT-HISTORICAL-002255,SET-HISTORICAL-002255
LBL-HISTORICAL-002256,historical,,exact_match,1,none,exact,0,0,INT-HISTORICAL-002256,SET-HISTORICAL-002256
LBL-HISTORICAL-002257,historical,,exact_match,1,none,exact,0,0,INT-HISTORICAL-002257,SET-HISTORICAL-002257
LBL-HISTORICAL-002258,historical,,exact_match,1,none,exact,0,0,INT-HISTORICAL-002258,SET-HISTORICAL-002258
LBL-HISTORICAL-002259,historical,,exact_match,1,none,exact,0,0,INT-HISTORICAL-002259,SET-HISTORICAL-002259
LBL-HISTORICAL-002260,historical,,exact_match,1,none,exact,0,0,INT-HISTORICAL-002260,SET-HISTORICAL-002260
LBL-HISTORICAL-002261,historical,,exact_match,1,none,exact,0,0,INT-HISTORICAL-002261,SET-HISTORICAL-002261
LBL-HISTORICAL-002262,historical,,exact_match,1,none,exact,0,0,INT-HISTORICAL-002262,SET-HISTORICAL-002262
LBL-HISTORICAL-002263,historical,,exact_match,1,none,exact,0,0,INT-HISTORICAL-002263,SET-HISTORICAL-002263
LBL-HISTORICAL-002264,historical,,exact_match,1,none,exact,0,0,INT-HISTORICAL-002264,SET-HISTORICAL-002264
LBL-HISTORICAL-002265,historical,,exact_match,1,none,exact,0,0,INT-HISTORICAL-002265,SET-HISTORICAL-002265
LBL-HISTORICAL-002266,historical,,exact_match,1,none,exact,0,0,INT-HISTORICAL-002266,SET-HISTORICAL-002266
LBL-HISTORICAL-002267,historical,,exact_match,1,none,exact,0,0,INT-HISTORICAL-002267,SET-HISTORICAL-002267
LBL-HISTORICAL-002268,historical,,exact_match,1,none,exact,0,0,INT-HISTORICAL-002268,SET-HISTORICAL-002268
LBL-HISTORICAL-002269,historical,,processing_fee,1,processor_fee,amount_tolerance,3,0,INT-HISTORICAL-002269,SET-HISTORICAL-002269
LBL-HISTORICAL-002270,historical,,true_amount_mismatch,0,true_amount_mismatch,do_not_match,0,0,INT-HISTORICAL-002270,SET-HISTORICAL-002270
LBL-HISTORICAL-002271,historical,,exact_match,1,none,exact,0,0,INT-HISTORICAL-002271,SET-HISTORICAL-002271
LBL-HISTORICAL-002272,historical,,settlement_delay,1,t_plus_delay,date_tolerance,0,1,INT-HISTORICAL-002272,SET-HISTORICAL-002272
LBL-HISTORICAL-002273,historical,,exact_match,1,none,exact,0,0,INT-HISTORICAL-002273,SET-HISTORICAL-002273
LBL-HISTORICAL-002274,historical,,exact_match,1,none,exact,0,0,INT-HISTORICAL-002274,SET-HISTORICAL-002274
LBL-HISTORICAL-002275,historical,,processing_fee,1,processor_fee,amount_tolerance,2,0,INT-HISTORICAL-002275,SET-HISTORICAL-002275
LBL-HISTORICAL-002276,historical,,exact_match,1,none,exact,0,0,INT-HISTORICAL-002276,SET-HISTORICAL-002276
LBL-HISTORICAL-002277,historical,,reference_format,1,reference_normalization,reference_normalization,0,0,INT-HISTORICAL-002277,SET-HISTORICAL-002277
LBL-HISTORICAL-002278,historical,,true_amount_mismatch,0,true_amount_mismatch,do_not_match,0,0,INT-HISTORICAL-002278,SET-HISTORICAL-002278
LBL-HISTORICAL-002279,historical,,exact_match,1,none,exact,0,0,INT-HISTORICAL-002279,SET-HISTORICAL-002279
LBL-HISTORICAL-002280,historical,,exact_match,1,none,exact,0,0,INT-HISTORICAL-002280,SET-HISTORICAL-002280
LBL-HISTORICAL-002281,historical,,exact_match,1,none,exact,0,0,INT-HISTORICAL-002281,SET-HISTORICAL-002281
LBL-HISTORICAL-002282,historical,,exact_match,1,none,exact,0,0,INT-HISTORICAL-002282,SET-HISTORICAL-002282
LBL-HISTORICAL-002283,historical,,processing_fee,1,processor_fee,amount_tolerance,5,0,INT-HISTORICAL-002283,SET-HISTORICAL-002283
LBL-HISTORICAL-002284,historical,,exact_match,1,none,exact,0,0,INT-HISTORICAL-002284,SET-HISTORICAL-002284
LBL-HISTORICAL-002285,historical,,exact_match,1,none,exact,0,0,INT-HISTORICAL-002285,SET-HISTORICAL-002285
LBL-HISTORICAL-002286,historical,,exact_match,1,none,exact,0,0,INT-HISTORICAL-002286,SET-HISTORICAL-002286
LBL-HISTORICAL-002287,historical,,exact_match,1,none,exact,0,0,INT-HISTORICAL-002287,SET-HISTORICAL-002287
LBL-HISTORICAL-002288,historical,,exact_match,1,none,exact,0,0,INT-HISTORICAL-002288,SET-HISTORICAL-002288
LBL-HISTORICAL-002289,historical,,exact_match,1,none,exact,0,0,INT-HISTORICAL-002289,SET-HISTORICAL-002289
LBL-HISTORICAL-002290,historical,,exact_match,1,none,exact,0,0,INT-HISTORICAL-002290,SET-HISTORICAL-002290
LBL-HISTORICAL-002291,historical,,exact_match,1,none,exact,0,0,INT-HISTORICAL-002291,SET-HISTORICAL-002291
LBL-HISTORICAL-002292,historical,,exact_match,1,none,exact,0,0,INT-HISTORICAL-002292,SET-HISTORICAL-002292
LBL-HISTORICAL-002293,historical,,exact_match,1,none,exact,0,0,INT-HISTORICAL-002293,SET-HISTORICAL-002293
LBL-HISTORICAL-002294,historical,,processing_fee,1,processor_fee,amount_tolerance,5,0,INT-HISTORICAL-002294,SET-HISTORICAL-002294
LBL-HISTORICAL-002295,historical,,exact_match,1,none,exact,0,0,INT-HISTORICAL-002295,SET-HISTORICAL-002295
LBL-HISTORICAL-002296,historical,,exact_match,1,none,exact,0,0,INT-HISTORICAL-002296,SET-HISTORICAL-002296
LBL-HISTORICAL-002297,historical,,exact_match,1,none,exact,0,0,INT-HISTORICAL-002297,SET-HISTORICAL-002297
LBL-HISTORICAL-002298,historical,,settlement_delay,1,t_plus_delay,date_tolerance,0,1,INT-HISTORICAL-002298,SET-HISTORICAL-002298
LBL-HISTORICAL-002299,historical,,true_amount_mismatch,0,true_amount_mismatch,do_not_match,0,0,INT-HISTORICAL-002299,SET-HISTORICAL-002299
LBL-HISTORICAL-002300,historical,,exact_match,1,none,exact,0,0,INT-HISTORICAL-002300,SET-HISTORICAL-002300
LBL-HISTORICAL-002301,historical,,true_amount_mismatch,0,true_amount_mismatch,do_not_match,0,0,INT-HISTORICAL-002301,SET-HISTORICAL-002301
LBL-HISTORICAL-002302,historical,,exact_match,1,none,exact,0,0,INT-HISTORICAL-002302,SET-HISTORICAL-002302
LBL-HISTORICAL-002303,historical,,processing_fee,1,processor_fee,amount_tolerance,2,0,INT-HISTORICAL-002303,SET-HISTORICAL-002303
LBL-HISTORICAL-002304,historical,,exact_match,1,none,exact,0,0,INT-HISTORICAL-002304,SET-HISTORICAL-002304
LBL-HISTORICAL-002305,historical,,processing_fee,1,processor_fee,amount_tolerance,1,0,INT-HISTORICAL-002305,SET-HISTORICAL-002305
LBL-HISTORICAL-002306,historical,,settlement_delay,1,t_plus_delay,date_tolerance,0,1,INT-HISTORICAL-002306,SET-HISTORICAL-002306
LBL-HISTORICAL-002307,historical,,exact_match,1,none,exact,0,0,INT-HISTORICAL-002307,SET-HISTORICAL-002307
LBL-HISTORICAL-002308,historical,,exact_match,1,none,exact,0,0,INT-HISTORICAL-002308,SET-HISTORICAL-002308
LBL-HISTORICAL-002309,historical,,exact_match,1,none,exact,0,0,INT-HISTORICAL-002309,SET-HISTORICAL-002309
LBL-HISTORICAL-002310,historical,,exact_match,1,none,exact,0,0,INT-HISTORICAL-002310,SET-HISTORICAL-002310
LBL-HISTORICAL-002311,historical,,exact_match,1,none,exact,0,0,INT-HISTORICAL-002311,SET-HISTORICAL-002311
LBL-HISTORICAL-002312,historical,,exact_match,1,none,exact,0,0,INT-HISTORICAL-002312,SET-HISTORICAL-002312
LBL-HISTORICAL-002313,historical,,exact_match,1,none,exact,0,0,INT-HISTORICAL-002313,SET-HISTORICAL-002313
LBL-HISTORICAL-002314,historical,,processing_fee,1,processor_fee,amount_tolerance,5,0,INT-HISTORICAL-002314,SET-HISTORICAL-002314
LBL-HISTORICAL-002315,historical,,true_amount_mismatch,0,true_amount_mismatch,do_not_match,0,0,INT-HISTORICAL-002315,SET-HISTORICAL-002315
LBL-HISTORICAL-002316,historical,,true_amount_mismatch,0,true_amount_mismatch,do_not_match,0,0,INT-HISTORICAL-002316,SET-HISTORICAL-002316
LBL-HISTORICAL-002317,historical,,duplicate_processor_record,1,duplicate,dedupe_then_match,0,0,INT-HISTORICAL-002317,SET-HISTORICAL-002317
LBL-HISTORICAL-002318,historical,,exact_match,1,none,exact,0,0,INT-HISTORICAL-002318,SET-HISTORICAL-002318
LBL-HISTORICAL-002319,historical,,exact_match,1,none,exact,0,0,INT-HISTORICAL-002319,SET-HISTORICAL-002319
LBL-HISTORICAL-002320,historical,,exact_match,1,none,exact,0,0,INT-HISTORICAL-002320,SET-HISTORICAL-002320
LBL-HISTORICAL-002321,historical,,exact_match,1,none,exact,0,0,INT-HISTORICAL-002321,SET-HISTORICAL-002321
LBL-HISTORICAL-002322,historical,,exact_match,1,none,exact,0,0,INT-HISTORICAL-002322,SET-HISTORICAL-002322
LBL-HISTORICAL-002323,historical,,reference_format,1,reference_normalization,reference_normalization,0,0,INT-HISTORICAL-002323,SET-HISTORICAL-002323
LBL-HISTORICAL-002324,historical,,exact_match,1,none,exact,0,0,INT-HISTORICAL-002324,SET-HISTORICAL-002324
LBL-HISTORICAL-002325,historical,,reference_format,1,reference_normalization,reference_normalization,0,0,INT-HISTORICAL-002325,SET-HISTORICAL-002325
LBL-HISTORICAL-002326,historical,,currency_mismatch,0,currency_mismatch,do_not_match,0,0,INT-HISTORICAL-002326,SET-HISTORICAL-002326
LBL-HISTORICAL-002327,historical,,exact_match,1,none,exact,0,0,INT-HISTORICAL-002327,SET-HISTORICAL-002327
LBL-HISTORICAL-002328,historical,,processing_fee,1,processor_fee,amount_tolerance,2,0,INT-HISTORICAL-002328,SET-HISTORICAL-002328
LBL-HISTORICAL-002329,historical,,exact_match,1,none,exact,0,0,INT-HISTORICAL-002329,SET-HISTORICAL-002329
LBL-HISTORICAL-002330,historical,,exact_match,1,none,exact,0,0,INT-HISTORICAL-002330,SET-HISTORICAL-002330
LBL-HISTORICAL-002331,historical,,exact_match,1,none,exact,0,0,INT-HISTORICAL-002331,SET-HISTORICAL-002331
LBL-HISTORICAL-002332,historical,,exact_match,1,none,exact,0,0,INT-HISTORICAL-002332,SET-HISTORICAL-002332
LBL-HISTORICAL-002333,historical,,exact_match,1,none,exact,0,0,INT-HISTORICAL-002333,SET-HISTORICAL-002333
LBL-HISTORICAL-002334,historical,,exact_match,1,none,exact,0,0,INT-HISTORICAL-002334,SET-HISTORICAL-002334
LBL-HISTORICAL-002335,historical,,exact_match,1,none,exact,0,0,INT-HISTORICAL-002335,SET-HISTORICAL-002335
LBL-HISTORICAL-002336,historical,,exact_match,1,none,exact,0,0,INT-HISTORICAL-002336,SET-HISTORICAL-002336
LBL-HISTORICAL-002337,historical,,exact_match,1,none,exact,0,0,INT-HISTORICAL-002337,SET-HISTORICAL-002337
LBL-HISTORICAL-002338,historical,,exact_match,1,none,exact,0,0,INT-HISTORICAL-002338,SET-HISTORICAL-002338
LBL-HISTORICAL-002339,historical,,exact_match,1,none,exact,0,0,INT-HISTORICAL-002339,SET-HISTORICAL-002339
LBL-HISTORICAL-002340,historical,,processing_fee,1,processor_fee,amount_tolerance,2,0,INT-HISTORICAL-002340,SET-HISTORICAL-002340
LBL-HISTORICAL-002341,historical,,true_amount_mismatch,0,true_amount_mismatch,do_not_match,0,0,INT-HISTORICAL-002341,SET-HISTORICAL-002341
LBL-HISTORICAL-002342,historical,,exact_match,1,none,exact,0,0,INT-HISTORICAL-002342,SET-HISTORICAL-002342
LBL-HISTORICAL-002343,historical,,exact_match,1,none,exact,0,0,INT-HISTORICAL-002343,SET-HISTORICAL-002343
LBL-HISTORICAL-002344,historical,,exact_match,1,none,exact,0,0,INT-HISTORICAL-002344,SET-HISTORICAL-002344
LBL-HISTORICAL-002345,historical,,exact_match,1,none,exact,0,0,INT-HISTORICAL-002345,SET-HISTORICAL-002345
LBL-HISTORICAL-002346,historical,,true_amount_mismatch,0,true_amount_mismatch,do_not_match,0,0,INT-HISTORICAL-002346,SET-HISTORICAL-002346
LBL-HISTORICAL-002347,historical,,exact_match,1,none,exact,0,0,INT-HISTORICAL-002347,SET-HISTORICAL-002347
LBL-HISTORICAL-002348,historical,,settlement_delay,1,t_plus_delay,date_tolerance,0,2,INT-HISTORICAL-002348,SET-HISTORICAL-002348
LBL-HISTORICAL-002349,historical,,exact_match,1,none,exact,0,0,INT-HISTORICAL-002349,SET-HISTORICAL-002349
LBL-HISTORICAL-002350,historical,,exact_match,1,none,exact,0,0,INT-HISTORICAL-002350,SET-HISTORICAL-002350
LBL-HISTORICAL-002351,historical,,exact_match,1,none,exact,0,0,INT-HISTORICAL-002351,SET-HISTORICAL-002351
LBL-HISTORICAL-002352,historical,,exact_match,1,none,exact,0,0,INT-HISTORICAL-002352,SET-HISTORICAL-002352
LBL-HISTORICAL-002353,historical,,exact_match,1,none,exact,0,0,INT-HISTORICAL-002353,SET-HISTORICAL-002353
LBL-HISTORICAL-002354,historical,,exact_match,1,none,exact,0,0,INT-HISTORICAL-002354,SET-HISTORICAL-002354
LBL-HISTORICAL-002355,historical,,processing_fee,1,processor_fee,amount_tolerance,3,0,INT-HISTORICAL-002355,SET-HISTORICAL-002355
LBL-HISTORICAL-002356,historical,,exact_match,1,none,exact,0,0,INT-HISTORICAL-002356,SET-HISTORICAL-002356
LBL-HISTORICAL-002357,historical,,processing_fee,1,processor_fee,amount_tolerance,1,0,INT-HISTORICAL-002357,SET-HISTORICAL-002357
LBL-HISTORICAL-002358,historical,,exact_match,1,none,exact,0,0,INT-HISTORICAL-002358,SET-HISTORICAL-002358
LBL-HISTORICAL-002359,historical,,reference_format,1,reference_normalization,reference_normalization,0,0,INT-HISTORICAL-002359,SET-HISTORICAL-002359
LBL-HISTORICAL-002360,historical,,exact_match,1,none,exact,0,0,INT-HISTORICAL-002360,SET-HISTORICAL-002360
LBL-HISTORICAL-002361,historical,,exact_match,1,none,exact,0,0,INT-HISTORICAL-002361,SET-HISTORICAL-002361
LBL-HISTORICAL-002362,historical,,duplicate_processor_record,1,duplicate,dedupe_then_match,0,0,INT-HISTORICAL-002362,SET-HISTORICAL-002362
LBL-HISTORICAL-002363,historical,,exact_match,1,none,exact,0,0,INT-HISTORICAL-002363,SET-HISTORICAL-002363
LBL-HISTORICAL-002364,historical,,exact_match,1,none,exact,0,0,INT-HISTORICAL-002364,SET-HISTORICAL-002364
LBL-HISTORICAL-002365,historical,,currency_mismatch,0,currency_mismatch,do_not_match,0,0,INT-HISTORICAL-002365,SET-HISTORICAL-002365
LBL-HISTORICAL-002366,historical,,exact_match,1,none,exact,0,0,INT-HISTORICAL-002366,SET-HISTORICAL-002366
LBL-HISTORICAL-002367,historical,,exact_match,1,none,exact,0,0,INT-HISTORICAL-002367,SET-HISTORICAL-002367
LBL-HISTORICAL-002368,historical,,exact_match,1,none,exact,0,0,INT-HISTORICAL-002368,SET-HISTORICAL-002368
LBL-HISTORICAL-002369,historical,,exact_match,1,none,exact,0,0,INT-HISTORICAL-002369,SET-HISTORICAL-002369
LBL-HISTORICAL-002370,historical,,exact_match,1,none,exact,0,0,INT-HISTORICAL-002370,SET-HISTORICAL-002370
LBL-HISTORICAL-002371,historical,,exact_match,1,none,exact,0,0,INT-HISTORICAL-002371,SET-HISTORICAL-002371
LBL-HISTORICAL-002372,historical,,exact_match,1,none,exact,0,0,INT-HISTORICAL-002372,SET-HISTORICAL-002372
LBL-HISTORICAL-002373,historical,,exact_match,1,none,exact,0,0,INT-HISTORICAL-002373,SET-HISTORICAL-002373
LBL-HISTORICAL-002374,historical,,processing_fee,1,processor_fee,amount_tolerance,5,0,INT-HISTORICAL-002374,SET-HISTORICAL-002374
LBL-HISTORICAL-002375,historical,,exact_match,1,none,exact,0,0,INT-HISTORICAL-002375,SET-HISTORICAL-002375
LBL-HISTORICAL-002376,historical,,exact_match,1,none,exact,0,0,INT-HISTORICAL-002376,SET-HISTORICAL-002376
LBL-HISTORICAL-002377,historical,,exact_match,1,none,exact,0,0,INT-HISTORICAL-002377,SET-HISTORICAL-002377
LBL-HISTORICAL-002378,historical,,exact_match,1,none,exact,0,0,INT-HISTORICAL-002378,SET-HISTORICAL-002378
LBL-HISTORICAL-002379,historical,,exact_match,1,none,exact,0,0,INT-HISTORICAL-002379,SET-HISTORICAL-002379
LBL-HISTORICAL-002380,historical,,exact_match,1,none,exact,0,0,INT-HISTORICAL-002380,SET-HISTORICAL-002380
LBL-HISTORICAL-002381,historical,,processing_fee,1,processor_fee,amount_tolerance,2,0,INT-HISTORICAL-002381,SET-HISTORICAL-002381
LBL-HISTORICAL-002382,historical,,exact_match,1,none,exact,0,0,INT-HISTORICAL-002382,SET-HISTORICAL-002382
LBL-HISTORICAL-002383,historical,,exact_match,1,none,exact,0,0,INT-HISTORICAL-002383,SET-HISTORICAL-002383
LBL-HISTORICAL-002384,historical,,reference_format,1,reference_normalization,reference_normalization,0,0,INT-HISTORICAL-002384,SET-HISTORICAL-002384
LBL-HISTORICAL-002385,historical,,true_amount_mismatch,0,true_amount_mismatch,do_not_match,0,0,INT-HISTORICAL-002385,SET-HISTORICAL-002385
LBL-HISTORICAL-002386,historical,,exact_match,1,none,exact,0,0,INT-HISTORICAL-002386,SET-HISTORICAL-002386
LBL-HISTORICAL-002387,historical,,exact_match,1,none,exact,0,0,INT-HISTORICAL-002387,SET-HISTORICAL-002387
LBL-HISTORICAL-002388,historical,,exact_match,1,none,exact,0,0,INT-HISTORICAL-002388,SET-HISTORICAL-002388
LBL-HISTORICAL-002389,historical,,processing_fee,1,processor_fee,amount_tolerance,2,0,INT-HISTORICAL-002389,SET-HISTORICAL-002389
LBL-HISTORICAL-002390,historical,,exact_match,1,none,exact,0,0,INT-HISTORICAL-002390,SET-HISTORICAL-002390
LBL-HISTORICAL-002391,historical,,exact_match,1,none,exact,0,0,INT-HISTORICAL-002391,SET-HISTORICAL-002391
LBL-HISTORICAL-002392,historical,,exact_match,1,none,exact,0,0,INT-HISTORICAL-002392,SET-HISTORICAL-002392
LBL-HISTORICAL-002393,historical,,exact_match,1,none,exact,0,0,INT-HISTORICAL-002393,SET-HISTORICAL-002393
LBL-HISTORICAL-002394,historical,,exact_match,1,none,exact,0,0,INT-HISTORICAL-002394,SET-HISTORICAL-002394
LBL-HISTORICAL-002395,historical,,reference_format,1,reference_normalization,reference_normalization,0,0,INT-HISTORICAL-002395,SET-HISTORICAL-002395
LBL-HISTORICAL-002396,historical,,exact_match,1,none,exact,0,0,INT-HISTORICAL-002396,SET-HISTORICAL-002396
LBL-HISTORICAL-002397,historical,,exact_match,1,none,exact,0,0,INT-HISTORICAL-002397,SET-HISTORICAL-002397
LBL-HISTORICAL-002398,historical,,exact_match,1,none,exact,0,0,INT-HISTORICAL-002398,SET-HISTORICAL-002398
LBL-HISTORICAL-002399,historical,,reference_format,1,reference_normalization,reference_normalization,0,0,INT-HISTORICAL-002399,SET-HISTORICAL-002399
LBL-HISTORICAL-002400,historical,,exact_match,1,none,exact,0,0,INT-HISTORICAL-002400,SET-HISTORICAL-002400
LBL-HISTORICAL-002401,historical,,exact_match,1,none,exact,0,0,INT-HISTORICAL-002401,SET-HISTORICAL-002401
LBL-HISTORICAL-002402,historical,,settlement_delay,1,t_plus_delay,date_tolerance,0,1,INT-HISTORICAL-002402,SET-HISTORICAL-002402
LBL-HISTORICAL-002403,historical,,exact_match,1,none,exact,0,0,INT-HISTORICAL-002403,SET-HISTORICAL-002403
LBL-HISTORICAL-002404,historical,,exact_match,1,none,exact,0,0,INT-HISTORICAL-002404,SET-HISTORICAL-002404
LBL-HISTORICAL-002405,historical,,exact_match,1,none,exact,0,0,INT-HISTORICAL-002405,SET-HISTORICAL-002405
LBL-HISTORICAL-002406,historical,,exact_match,1,none,exact,0,0,INT-HISTORICAL-002406,SET-HISTORICAL-002406
LBL-HISTORICAL-002407,historical,,exact_match,1,none,exact,0,0,INT-HISTORICAL-002407,SET-HISTORICAL-002407
LBL-HISTORICAL-002408,historical,,exact_match,1,none,exact,0,0,INT-HISTORICAL-002408,SET-HISTORICAL-002408
LBL-HISTORICAL-002409,historical,,exact_match,1,none,exact,0,0,INT-HISTORICAL-002409,SET-HISTORICAL-002409
LBL-HISTORICAL-002410,historical,,exact_match,1,none,exact,0,0,INT-HISTORICAL-002410,SET-HISTORICAL-002410
LBL-HISTORICAL-002411,historical,,settlement_delay,1,t_plus_delay,date_tolerance,0,1,INT-HISTORICAL-002411,SET-HISTORICAL-002411
LBL-HISTORICAL-002412,historical,,exact_match,1,none,exact,0,0,INT-HISTORICAL-002412,SET-HISTORICAL-002412
LBL-HISTORICAL-002413,historical,,processing_fee,1,processor_fee,amount_tolerance,5,0,INT-HISTORICAL-002413,SET-HISTORICAL-002413
LBL-HISTORICAL-002414,historical,,exact_match,1,none,exact,0,0,INT-HISTORICAL-002414,SET-HISTORICAL-002414
LBL-HISTORICAL-002415,historical,,exact_match,1,none,exact,0,0,INT-HISTORICAL-002415,SET-HISTORICAL-002415
LBL-HISTORICAL-002416,historical,,exact_match,1,none,exact,0,0,INT-HISTORICAL-002416,SET-HISTORICAL-002416
LBL-HISTORICAL-002417,historical,,exact_match,1,none,exact,0,0,INT-HISTORICAL-002417,SET-HISTORICAL-002417
LBL-HISTORICAL-002418,historical,,processing_fee,1,processor_fee,amount_tolerance,2,0,INT-HISTORICAL-002418,SET-HISTORICAL-002418
LBL-HISTORICAL-002419,historical,,exact_match,1,none,exact,0,0,INT-HISTORICAL-002419,SET-HISTORICAL-002419
LBL-HISTORICAL-002420,historical,,exact_match,1,none,exact,0,0,INT-HISTORICAL-002420,SET-HISTORICAL-002420
LBL-HISTORICAL-002421,historical,,exact_match,1,none,exact,0,0,INT-HISTORICAL-002421,SET-HISTORICAL-002421
LBL-HISTORICAL-002422,historical,,reference_format,1,reference_normalization,reference_normalization,0,0,INT-HISTORICAL-002422,SET-HISTORICAL-002422
LBL-HISTORICAL-002423,historical,,exact_match,1,none,exact,0,0,INT-HISTORICAL-002423,SET-HISTORICAL-002423
LBL-HISTORICAL-002424,historical,,exact_match,1,none,exact,0,0,INT-HISTORICAL-002424,SET-HISTORICAL-002424
LBL-HISTORICAL-002425,historical,,exact_match,1,none,exact,0,0,INT-HISTORICAL-002425,SET-HISTORICAL-002425
LBL-HISTORICAL-002426,historical,,exact_match,1,none,exact,0,0,INT-HISTORICAL-002426,SET-HISTORICAL-002426
LBL-HISTORICAL-002427,historical,,processing_fee,1,processor_fee,amount_tolerance,2,0,INT-HISTORICAL-002427,SET-HISTORICAL-002427
LBL-HISTORICAL-002428,historical,,exact_match,1,none,exact,0,0,INT-HISTORICAL-002428,SET-HISTORICAL-002428
LBL-HISTORICAL-002429,historical,,exact_match,1,none,exact,0,0,INT-HISTORICAL-002429,SET-HISTORICAL-002429
LBL-HISTORICAL-002430,historical,,settlement_delay,1,t_plus_delay,date_tolerance,0,1,INT-HISTORICAL-002430,SET-HISTORICAL-002430
LBL-HISTORICAL-002431,historical,,exact_match,1,none,exact,0,0,INT-HISTORICAL-002431,SET-HISTORICAL-002431
LBL-HISTORICAL-002432,historical,,exact_match,1,none,exact,0,0,INT-HISTORICAL-002432,SET-HISTORICAL-002432
LBL-HISTORICAL-002433,historical,,processing_fee,1,processor_fee,amount_tolerance,5,0,INT-HISTORICAL-002433,SET-HISTORICAL-002433
LBL-HISTORICAL-002434,historical,,reference_format,1,reference_normalization,reference_normalization,0,0,INT-HISTORICAL-002434,SET-HISTORICAL-002434
LBL-HISTORICAL-002435,historical,,exact_match,1,none,exact,0,0,INT-HISTORICAL-002435,SET-HISTORICAL-002435
LBL-HISTORICAL-002436,historical,,exact_match,1,none,exact,0,0,INT-HISTORICAL-002436,SET-HISTORICAL-002436
LBL-HISTORICAL-002437,historical,,exact_match,1,none,exact,0,0,INT-HISTORICAL-002437,SET-HISTORICAL-002437
LBL-HISTORICAL-002438,historical,,exact_match,1,none,exact,0,0,INT-HISTORICAL-002438,SET-HISTORICAL-002438
LBL-HISTORICAL-002439,historical,,exact_match,1,none,exact,0,0,INT-HISTORICAL-002439,SET-HISTORICAL-002439
LBL-HISTORICAL-002440,historical,,exact_match,1,none,exact,0,0,INT-HISTORICAL-002440,SET-HISTORICAL-002440
LBL-HISTORICAL-002441,historical,,settlement_delay,1,t_plus_delay,date_tolerance,0,2,INT-HISTORICAL-002441,SET-HISTORICAL-002441
LBL-HISTORICAL-002442,historical,,exact_match,1,none,exact,0,0,INT-HISTORICAL-002442,SET-HISTORICAL-002442
LBL-HISTORICAL-002443,historical,,exact_match,1,none,exact,0,0,INT-HISTORICAL-002443,SET-HISTORICAL-002443
LBL-HISTORICAL-002444,historical,,exact_match,1,none,exact,0,0,INT-HISTORICAL-002444,SET-HISTORICAL-002444
LBL-HISTORICAL-002445,historical,,exact_match,1,none,exact,0,0,INT-HISTORICAL-002445,SET-HISTORICAL-002445
LBL-HISTORICAL-002446,historical,,exact_match,1,none,exact,0,0,INT-HISTORICAL-002446,SET-HISTORICAL-002446
LBL-HISTORICAL-002447,historical,,exact_match,1,none,exact,0,0,INT-HISTORICAL-002447,SET-HISTORICAL-002447
LBL-HISTORICAL-002448,historical,,exact_match,1,none,exact,0,0,INT-HISTORICAL-002448,SET-HISTORICAL-002448
LBL-HISTORICAL-002449,historical,,exact_match,1,none,exact,0,0,INT-HISTORICAL-002449,SET-HISTORICAL-002449
LBL-HISTORICAL-002450,historical,,exact_match,1,none,exact,0,0,INT-HISTORICAL-002450,SET-HISTORICAL-002450
LBL-HISTORICAL-002451,historical,,duplicate_processor_record,1,duplicate,dedupe_then_match,0,0,INT-HISTORICAL-002451,SET-HISTORICAL-002451
LBL-HISTORICAL-002452,historical,,processing_fee,1,processor_fee,amount_tolerance,2,0,INT-HISTORICAL-002452,SET-HISTORICAL-002452
LBL-HISTORICAL-002453,historical,,processing_fee,1,processor_fee,amount_tolerance,3,0,INT-HISTORICAL-002453,SET-HISTORICAL-002453
LBL-HISTORICAL-002454,historical,,exact_match,1,none,exact,0,0,INT-HISTORICAL-002454,SET-HISTORICAL-002454
LBL-HISTORICAL-002455,historical,,exact_match,1,none,exact,0,0,INT-HISTORICAL-002455,SET-HISTORICAL-002455
LBL-HISTORICAL-002456,historical,,exact_match,1,none,exact,0,0,INT-HISTORICAL-002456,SET-HISTORICAL-002456
LBL-HISTORICAL-002457,historical,,exact_match,1,none,exact,0,0,INT-HISTORICAL-002457,SET-HISTORICAL-002457
LBL-HISTORICAL-002458,historical,,reference_format,1,reference_normalization,reference_normalization,0,0,INT-HISTORICAL-002458,SET-HISTORICAL-002458
LBL-HISTORICAL-002459,historical,,exact_match,1,none,exact,0,0,INT-HISTORICAL-002459,SET-HISTORICAL-002459
LBL-HISTORICAL-002460,historical,,exact_match,1,none,exact,0,0,INT-HISTORICAL-002460,SET-HISTORICAL-002460
LBL-HISTORICAL-002461,historical,,exact_match,1,none,exact,0,0,INT-HISTORICAL-002461,SET-HISTORICAL-002461
LBL-HISTORICAL-002462,historical,,exact_match,1,none,exact,0,0,INT-HISTORICAL-002462,SET-HISTORICAL-002462
LBL-HISTORICAL-002463,historical,,exact_match,1,none,exact,0,0,INT-HISTORICAL-002463,SET-HISTORICAL-002463
LBL-HISTORICAL-002464,historical,,exact_match,1,none,exact,0,0,INT-HISTORICAL-002464,SET-HISTORICAL-002464
LBL-HISTORICAL-002465,historical,,exact_match,1,none,exact,0,0,INT-HISTORICAL-002465,SET-HISTORICAL-002465
LBL-HISTORICAL-002466,historical,,exact_match,1,none,exact,0,0,INT-HISTORICAL-002466,SET-HISTORICAL-002466
LBL-HISTORICAL-002467,historical,,exact_match,1,none,exact,0,0,INT-HISTORICAL-002467,SET-HISTORICAL-002467
LBL-HISTORICAL-002468,historical,,settlement_delay,1,t_plus_delay,date_tolerance,0,1,INT-HISTORICAL-002468,SET-HISTORICAL-002468
LBL-HISTORICAL-002469,historical,,exact_match,1,none,exact,0,0,INT-HISTORICAL-002469,SET-HISTORICAL-002469
LBL-HISTORICAL-002470,historical,,reference_format,1,reference_normalization,reference_normalization,0,0,INT-HISTORICAL-002470,SET-HISTORICAL-002470
LBL-HISTORICAL-002471,historical,,exact_match,1,none,exact,0,0,INT-HISTORICAL-002471,SET-HISTORICAL-002471
LBL-HISTORICAL-002472,historical,,settlement_delay,1,t_plus_delay,date_tolerance,0,2,INT-HISTORICAL-002472,SET-HISTORICAL-002472
LBL-HISTORICAL-002473,historical,,exact_match,1,none,exact,0,0,INT-HISTORICAL-002473,SET-HISTORICAL-002473
LBL-HISTORICAL-002474,historical,,exact_match,1,none,exact,0,0,INT-HISTORICAL-002474,SET-HISTORICAL-002474
LBL-HISTORICAL-002475,historical,,exact_match,1,none,exact,0,0,INT-HISTORICAL-002475,SET-HISTORICAL-002475
LBL-HISTORICAL-002476,historical,,settlement_delay,1,t_plus_delay,date_tolerance,0,2,INT-HISTORICAL-002476,SET-HISTORICAL-002476
LBL-HISTORICAL-002477,historical,,processing_fee,1,processor_fee,amount_tolerance,2,0,INT-HISTORICAL-002477,SET-HISTORICAL-002477
LBL-HISTORICAL-002478,historical,,duplicate_processor_record,1,duplicate,dedupe_then_match,0,0,INT-HISTORICAL-002478,SET-HISTORICAL-002478
LBL-HISTORICAL-002479,historical,,exact_match,1,none,exact,0,0,INT-HISTORICAL-002479,SET-HISTORICAL-002479
LBL-HISTORICAL-002480,historical,,exact_match,1,none,exact,0,0,INT-HISTORICAL-002480,SET-HISTORICAL-002480
LBL-HISTORICAL-002481,historical,,exact_match,1,none,exact,0,0,INT-HISTORICAL-002481,SET-HISTORICAL-002481
LBL-HISTORICAL-002482,historical,,exact_match,1,none,exact,0,0,INT-HISTORICAL-002482,SET-HISTORICAL-002482
LBL-HISTORICAL-002483,historical,,exact_match,1,none,exact,0,0,INT-HISTORICAL-002483,SET-HISTORICAL-002483
LBL-HISTORICAL-002484,historical,,settlement_delay,1,t_plus_delay,date_tolerance,0,1,INT-HISTORICAL-002484,SET-HISTORICAL-002484
LBL-HISTORICAL-002485,historical,,exact_match,1,none,exact,0,0,INT-HISTORICAL-002485,SET-HISTORICAL-002485
LBL-HISTORICAL-002486,historical,,exact_match,1,none,exact,0,0,INT-HISTORICAL-002486,SET-HISTORICAL-002486
LBL-HISTORICAL-002487,historical,,reference_format,1,reference_normalization,reference_normalization,0,0,INT-HISTORICAL-002487,SET-HISTORICAL-002487
LBL-HISTORICAL-002488,historical,,exact_match,1,none,exact,0,0,INT-HISTORICAL-002488,SET-HISTORICAL-002488
LBL-HISTORICAL-002489,historical,,settlement_delay,1,t_plus_delay,date_tolerance,0,1,INT-HISTORICAL-002489,SET-HISTORICAL-002489
LBL-HISTORICAL-002490,historical,,exact_match,1,none,exact,0,0,INT-HISTORICAL-002490,SET-HISTORICAL-002490
LBL-HISTORICAL-002491,historical,,exact_match,1,none,exact,0,0,INT-HISTORICAL-002491,SET-HISTORICAL-002491
LBL-HISTORICAL-002492,historical,,exact_match,1,none,exact,0,0,INT-HISTORICAL-002492,SET-HISTORICAL-002492
LBL-HISTORICAL-002493,historical,,exact_match,1,none,exact,0,0,INT-HISTORICAL-002493,SET-HISTORICAL-002493
LBL-HISTORICAL-002494,historical,,exact_match,1,none,exact,0,0,INT-HISTORICAL-002494,SET-HISTORICAL-002494
LBL-HISTORICAL-002495,historical,,true_amount_mismatch,0,true_amount_mismatch,do_not_match,0,0,INT-HISTORICAL-002495,SET-HISTORICAL-002495
LBL-HISTORICAL-002496,historical,,true_amount_mismatch,0,true_amount_mismatch,do_not_match,0,0,INT-HISTORICAL-002496,SET-HISTORICAL-002496
LBL-HISTORICAL-002497,historical,,exact_match,1,none,exact,0,0,INT-HISTORICAL-002497,SET-HISTORICAL-002497
LBL-HISTORICAL-002498,historical,,exact_match,1,none,exact,0,0,INT-HISTORICAL-002498,SET-HISTORICAL-002498
LBL-HISTORICAL-002499,historical,,settlement_delay,1,t_plus_delay,date_tolerance,0,1,INT-HISTORICAL-002499,SET-HISTORICAL-002499
LBL-HISTORICAL-002500,historical,,processing_fee,1,processor_fee,amount_tolerance,2,0,INT-HISTORICAL-002500,SET-HISTORICAL-002500
LBL-HISTORICAL-002501,historical,,processing_fee,1,processor_fee,amount_tolerance,1,0,INT-HISTORICAL-002501,SET-HISTORICAL-002501
LBL-HISTORICAL-002502,historical,,exact_match,1,none,exact,0,0,INT-HISTORICAL-002502,SET-HISTORICAL-002502
LBL-HISTORICAL-002503,historical,,exact_match,1,none,exact,0,0,INT-HISTORICAL-002503,SET-HISTORICAL-002503
LBL-HISTORICAL-002504,historical,,processing_fee,1,processor_fee,amount_tolerance,2,0,INT-HISTORICAL-002504,SET-HISTORICAL-002504
LBL-HISTORICAL-002505,historical,,exact_match,1,none,exact,0,0,INT-HISTORICAL-002505,SET-HISTORICAL-002505
LBL-HISTORICAL-002506,historical,,exact_match,1,none,exact,0,0,INT-HISTORICAL-002506,SET-HISTORICAL-002506
LBL-HISTORICAL-002507,historical,,exact_match,1,none,exact,0,0,INT-HISTORICAL-002507,SET-HISTORICAL-002507
LBL-HISTORICAL-002508,historical,,exact_match,1,none,exact,0,0,INT-HISTORICAL-002508,SET-HISTORICAL-002508
LBL-HISTORICAL-002509,historical,,exact_match,1,none,exact,0,0,INT-HISTORICAL-002509,SET-HISTORICAL-002509
LBL-HISTORICAL-002510,historical,,exact_match,1,none,exact,0,0,INT-HISTORICAL-002510,SET-HISTORICAL-002510
LBL-HISTORICAL-002511,historical,,reference_format,1,reference_normalization,reference_normalization,0,0,INT-HISTORICAL-002511,SET-HISTORICAL-002511
LBL-HISTORICAL-002512,historical,,reference_format,1,reference_normalization,reference_normalization,0,0,INT-HISTORICAL-002512,SET-HISTORICAL-002512
LBL-HISTORICAL-002513,historical,,settlement_delay,1,t_plus_delay,date_tolerance,0,1,INT-HISTORICAL-002513,SET-HISTORICAL-002513
LBL-HISTORICAL-002514,historical,,settlement_delay,1,t_plus_delay,date_tolerance,0,2,INT-HISTORICAL-002514,SET-HISTORICAL-002514
LBL-HISTORICAL-002515,historical,,exact_match,1,none,exact,0,0,INT-HISTORICAL-002515,SET-HISTORICAL-002515
LBL-HISTORICAL-002516,historical,,exact_match,1,none,exact,0,0,INT-HISTORICAL-002516,SET-HISTORICAL-002516
LBL-HISTORICAL-002517,historical,,exact_match,1,none,exact,0,0,INT-HISTORICAL-002517,SET-HISTORICAL-002517
LBL-HISTORICAL-002518,historical,,exact_match,1,none,exact,0,0,INT-HISTORICAL-002518,SET-HISTORICAL-002518
LBL-HISTORICAL-002519,historical,,exact_match,1,none,exact,0,0,INT-HISTORICAL-002519,SET-HISTORICAL-002519
LBL-HISTORICAL-002520,historical,,exact_match,1,none,exact,0,0,INT-HISTORICAL-002520,SET-HISTORICAL-002520
LBL-HISTORICAL-002521,historical,,reference_format,1,reference_normalization,reference_normalization,0,0,INT-HISTORICAL-002521,SET-HISTORICAL-002521
LBL-HISTORICAL-002522,historical,,exact_match,1,none,exact,0,0,INT-HISTORICAL-002522,SET-HISTORICAL-002522
LBL-HISTORICAL-002523,historical,,exact_match,1,none,exact,0,0,INT-HISTORICAL-002523,SET-HISTORICAL-002523
LBL-HISTORICAL-002524,historical,,exact_match,1,none,exact,0,0,INT-HISTORICAL-002524,SET-HISTORICAL-002524
LBL-HISTORICAL-002525,historical,,true_amount_mismatch,0,true_amount_mismatch,do_not_match,0,0,INT-HISTORICAL-002525,SET-HISTORICAL-002525
LBL-HISTORICAL-002526,historical,,exact_match,1,none,exact,0,0,INT-HISTORICAL-002526,SET-HISTORICAL-002526
LBL-HISTORICAL-002527,historical,,processing_fee,1,processor_fee,amount_tolerance,1,0,INT-HISTORICAL-002527,SET-HISTORICAL-002527
LBL-HISTORICAL-002528,historical,,rounding_difference,1,rounding,amount_tolerance,0,0,INT-HISTORICAL-002528,SET-HISTORICAL-002528
LBL-HISTORICAL-002529,historical,,exact_match,1,none,exact,0,0,INT-HISTORICAL-002529,SET-HISTORICAL-002529
LBL-HISTORICAL-002530,historical,,processing_fee,1,processor_fee,amount_tolerance,3,0,INT-HISTORICAL-002530,SET-HISTORICAL-002530
LBL-HISTORICAL-002531,historical,,settlement_delay,1,t_plus_delay,date_tolerance,0,1,INT-HISTORICAL-002531,SET-HISTORICAL-002531
LBL-HISTORICAL-002532,historical,,exact_match,1,none,exact,0,0,INT-HISTORICAL-002532,SET-HISTORICAL-002532
LBL-HISTORICAL-002533,historical,,processing_fee,1,processor_fee,amount_tolerance,3,0,INT-HISTORICAL-002533,SET-HISTORICAL-002533
LBL-HISTORICAL-002534,historical,,exact_match,1,none,exact,0,0,INT-HISTORICAL-002534,SET-HISTORICAL-002534
LBL-HISTORICAL-002535,historical,,exact_match,1,none,exact,0,0,INT-HISTORICAL-002535,SET-HISTORICAL-002535
LBL-HISTORICAL-002536,historical,,exact_match,1,none,exact,0,0,INT-HISTORICAL-002536,SET-HISTORICAL-002536
LBL-HISTORICAL-002537,historical,,settlement_delay,1,t_plus_delay,date_tolerance,0,2,INT-HISTORICAL-002537,SET-HISTORICAL-002537
LBL-HISTORICAL-002538,historical,,true_amount_mismatch,0,true_amount_mismatch,do_not_match,0,0,INT-HISTORICAL-002538,SET-HISTORICAL-002538
LBL-HISTORICAL-002539,historical,,exact_match,1,none,exact,0,0,INT-HISTORICAL-002539,SET-HISTORICAL-002539
LBL-HISTORICAL-002540,historical,,exact_match,1,none,exact,0,0,INT-HISTORICAL-002540,SET-HISTORICAL-002540
LBL-HISTORICAL-002541,historical,,exact_match,1,none,exact,0,0,INT-HISTORICAL-002541,SET-HISTORICAL-002541
LBL-HISTORICAL-002542,historical,,exact_match,1,none,exact,0,0,INT-HISTORICAL-002542,SET-HISTORICAL-002542
LBL-HISTORICAL-002543,historical,,processing_fee,1,processor_fee,amount_tolerance,2,0,INT-HISTORICAL-002543,SET-HISTORICAL-002543
LBL-HISTORICAL-002544,historical,,exact_match,1,none,exact,0,0,INT-HISTORICAL-002544,SET-HISTORICAL-002544
LBL-HISTORICAL-002545,historical,,exact_match,1,none,exact,0,0,INT-HISTORICAL-002545,SET-HISTORICAL-002545
LBL-HISTORICAL-002546,historical,,exact_match,1,none,exact,0,0,INT-HISTORICAL-002546,SET-HISTORICAL-002546
LBL-HISTORICAL-002547,historical,,processing_fee,1,processor_fee,amount_tolerance,1,0,INT-HISTORICAL-002547,SET-HISTORICAL-002547
LBL-HISTORICAL-002548,historical,,exact_match,1,none,exact,0,0,INT-HISTORICAL-002548,SET-HISTORICAL-002548
LBL-HISTORICAL-002549,historical,,exact_match,1,none,exact,0,0,INT-HISTORICAL-002549,SET-HISTORICAL-002549
LBL-HISTORICAL-002550,historical,,exact_match,1,none,exact,0,0,INT-HISTORICAL-002550,SET-HISTORICAL-002550
LBL-HISTORICAL-002551,historical,,exact_match,1,none,exact,0,0,INT-HISTORICAL-002551,SET-HISTORICAL-002551
LBL-HISTORICAL-002552,historical,,exact_match,1,none,exact,0,0,INT-HISTORICAL-002552,SET-HISTORICAL-002552
LBL-HISTORICAL-002553,historical,,exact_match,1,none,exact,0,0,INT-HISTORICAL-002553,SET-HISTORICAL-002553
LBL-HISTORICAL-002554,historical,,reference_format,1,reference_normalization,reference_normalization,0,0,INT-HISTORICAL-002554,SET-HISTORICAL-002554
LBL-HISTORICAL-002555,historical,,exact_match,1,none,exact,0,0,INT-HISTORICAL-002555,SET-HISTORICAL-002555
LBL-HISTORICAL-002556,historical,,exact_match,1,none,exact,0,0,INT-HISTORICAL-002556,SET-HISTORICAL-002556
LBL-HISTORICAL-002557,historical,,processing_fee,1,processor_fee,amount_tolerance,2,0,INT-HISTORICAL-002557,SET-HISTORICAL-002557
LBL-HISTORICAL-002558,historical,,exact_match,1,none,exact,0,0,INT-HISTORICAL-002558,SET-HISTORICAL-002558
LBL-HISTORICAL-002559,historical,,exact_match,1,none,exact,0,0,INT-HISTORICAL-002559,SET-HISTORICAL-002559
LBL-HISTORICAL-002560,historical,,exact_match,1,none,exact,0,0,INT-HISTORICAL-002560,SET-HISTORICAL-002560
LBL-HISTORICAL-002561,historical,,settlement_delay,1,t_plus_delay,date_tolerance,0,2,INT-HISTORICAL-002561,SET-HISTORICAL-002561
LBL-HISTORICAL-002562,historical,,exact_match,1,none,exact,0,0,INT-HISTORICAL-002562,SET-HISTORICAL-002562
LBL-HISTORICAL-002563,historical,,settlement_delay,1,t_plus_delay,date_tolerance,0,1,INT-HISTORICAL-002563,SET-HISTORICAL-002563
LBL-HISTORICAL-002564,historical,,exact_match,1,none,exact,0,0,INT-HISTORICAL-002564,SET-HISTORICAL-002564
LBL-HISTORICAL-002565,historical,,exact_match,1,none,exact,0,0,INT-HISTORICAL-002565,SET-HISTORICAL-002565
LBL-HISTORICAL-002566,historical,,exact_match,1,none,exact,0,0,INT-HISTORICAL-002566,SET-HISTORICAL-002566
LBL-HISTORICAL-002567,historical,,currency_mismatch,0,currency_mismatch,do_not_match,0,0,INT-HISTORICAL-002567,SET-HISTORICAL-002567
LBL-HISTORICAL-002568,historical,,exact_match,1,none,exact,0,0,INT-HISTORICAL-002568,SET-HISTORICAL-002568
LBL-HISTORICAL-002569,historical,,exact_match,1,none,exact,0,0,INT-HISTORICAL-002569,SET-HISTORICAL-002569
LBL-HISTORICAL-002570,historical,,settlement_delay,1,t_plus_delay,date_tolerance,0,2,INT-HISTORICAL-002570,SET-HISTORICAL-002570
LBL-HISTORICAL-002571,historical,,rounding_difference,1,rounding,amount_tolerance,0,0,INT-HISTORICAL-002571,SET-HISTORICAL-002571
LBL-HISTORICAL-002572,historical,,exact_match,1,none,exact,0,0,INT-HISTORICAL-002572,SET-HISTORICAL-002572
LBL-HISTORICAL-002573,historical,,exact_match,1,none,exact,0,0,INT-HISTORICAL-002573,SET-HISTORICAL-002573
LBL-HISTORICAL-002574,historical,,exact_match,1,none,exact,0,0,INT-HISTORICAL-002574,SET-HISTORICAL-002574
LBL-HISTORICAL-002575,historical,,exact_match,1,none,exact,0,0,INT-HISTORICAL-002575,SET-HISTORICAL-002575
LBL-HISTORICAL-002576,historical,,exact_match,1,none,exact,0,0,INT-HISTORICAL-002576,SET-HISTORICAL-002576
LBL-HISTORICAL-002577,historical,,exact_match,1,none,exact,0,0,INT-HISTORICAL-002577,SET-HISTORICAL-002577
LBL-HISTORICAL-002578,historical,,exact_match,1,none,exact,0,0,INT-HISTORICAL-002578,SET-HISTORICAL-002578
LBL-HISTORICAL-002579,historical,,exact_match,1,none,exact,0,0,INT-HISTORICAL-002579,SET-HISTORICAL-002579
LBL-HISTORICAL-002580,historical,,exact_match,1,none,exact,0,0,INT-HISTORICAL-002580,SET-HISTORICAL-002580
LBL-HISTORICAL-002581,historical,,exact_match,1,none,exact,0,0,INT-HISTORICAL-002581,SET-HISTORICAL-002581
LBL-HISTORICAL-002582,historical,,settlement_delay,1,t_plus_delay,date_tolerance,0,2,INT-HISTORICAL-002582,SET-HISTORICAL-002582
LBL-HISTORICAL-002583,historical,,processing_fee,1,processor_fee,amount_tolerance,3,0,INT-HISTORICAL-002583,SET-HISTORICAL-002583
LBL-HISTORICAL-002584,historical,,exact_match,1,none,exact,0,0,INT-HISTORICAL-002584,SET-HISTORICAL-002584
LBL-HISTORICAL-002585,historical,,exact_match,1,none,exact,0,0,INT-HISTORICAL-002585,SET-HISTORICAL-002585
LBL-HISTORICAL-002586,historical,,exact_match,1,none,exact,0,0,INT-HISTORICAL-002586,SET-HISTORICAL-002586
LBL-HISTORICAL-002587,historical,,exact_match,1,none,exact,0,0,INT-HISTORICAL-002587,SET-HISTORICAL-002587
LBL-HISTORICAL-002588,historical,,exact_match,1,none,exact,0,0,INT-HISTORICAL-002588,SET-HISTORICAL-002588
LBL-HISTORICAL-002589,historical,,exact_match,1,none,exact,0,0,INT-HISTORICAL-002589,SET-HISTORICAL-002589
LBL-HISTORICAL-002590,historical,,exact_match,1,none,exact,0,0,INT-HISTORICAL-002590,SET-HISTORICAL-002590
LBL-HISTORICAL-002591,historical,,processing_fee,1,processor_fee,amount_tolerance,5,0,INT-HISTORICAL-002591,SET-HISTORICAL-002591
LBL-HISTORICAL-002592,historical,,exact_match,1,none,exact,0,0,INT-HISTORICAL-002592,SET-HISTORICAL-002592
LBL-HISTORICAL-002593,historical,,exact_match,1,none,exact,0,0,INT-HISTORICAL-002593,SET-HISTORICAL-002593
LBL-HISTORICAL-002594,historical,,exact_match,1,none,exact,0,0,INT-HISTORICAL-002594,SET-HISTORICAL-002594
LBL-HISTORICAL-002595,historical,,exact_match,1,none,exact,0,0,INT-HISTORICAL-002595,SET-HISTORICAL-002595
LBL-HISTORICAL-002596,historical,,exact_match,1,none,exact,0,0,INT-HISTORICAL-002596,SET-HISTORICAL-002596
LBL-HISTORICAL-002597,historical,,rounding_difference,1,rounding,amount_tolerance,0,0,INT-HISTORICAL-002597,SET-HISTORICAL-002597
LBL-HISTORICAL-002598,historical,,reference_format,1,reference_normalization,reference_normalization,0,0,INT-HISTORICAL-002598,SET-HISTORICAL-002598
LBL-HISTORICAL-002599,historical,,processing_fee,1,processor_fee,amount_tolerance,2,0,INT-HISTORICAL-002599,SET-HISTORICAL-002599
LBL-HISTORICAL-002600,historical,,exact_match,1,none,exact,0,0,INT-HISTORICAL-002600,SET-HISTORICAL-002600
LBL-HISTORICAL-002601,historical,,exact_match,1,none,exact,0,0,INT-HISTORICAL-002601,SET-HISTORICAL-002601
LBL-HISTORICAL-002602,historical,,exact_match,1,none,exact,0,0,INT-HISTORICAL-002602,SET-HISTORICAL-002602
LBL-HISTORICAL-002603,historical,,reference_format,1,reference_normalization,reference_normalization,0,0,INT-HISTORICAL-002603,SET-HISTORICAL-002603
LBL-HISTORICAL-002604,historical,,exact_match,1,none,exact,0,0,INT-HISTORICAL-002604,SET-HISTORICAL-002604
LBL-HISTORICAL-002605,historical,,exact_match,1,none,exact,0,0,INT-HISTORICAL-002605,SET-HISTORICAL-002605
LBL-HISTORICAL-002606,historical,,processing_fee,1,processor_fee,amount_tolerance,1,0,INT-HISTORICAL-002606,SET-HISTORICAL-002606
LBL-HISTORICAL-002607,historical,,exact_match,1,none,exact,0,0,INT-HISTORICAL-002607,SET-HISTORICAL-002607
LBL-HISTORICAL-002608,historical,,exact_match,1,none,exact,0,0,INT-HISTORICAL-002608,SET-HISTORICAL-002608
LBL-HISTORICAL-002609,historical,,exact_match,1,none,exact,0,0,INT-HISTORICAL-002609,SET-HISTORICAL-002609
LBL-HISTORICAL-002610,historical,,exact_match,1,none,exact,0,0,INT-HISTORICAL-002610,SET-HISTORICAL-002610
LBL-HISTORICAL-002611,historical,,reference_format,1,reference_normalization,reference_normalization,0,0,INT-HISTORICAL-002611,SET-HISTORICAL-002611
LBL-HISTORICAL-002612,historical,,exact_match,1,none,exact,0,0,INT-HISTORICAL-002612,SET-HISTORICAL-002612
LBL-HISTORICAL-002613,historical,,processing_fee,1,processor_fee,amount_tolerance,1,0,INT-HISTORICAL-002613,SET-HISTORICAL-002613
LBL-HISTORICAL-002614,historical,,exact_match,1,none,exact,0,0,INT-HISTORICAL-002614,SET-HISTORICAL-002614
LBL-HISTORICAL-002615,historical,,true_amount_mismatch,0,true_amount_mismatch,do_not_match,0,0,INT-HISTORICAL-002615,SET-HISTORICAL-002615
LBL-HISTORICAL-002616,historical,,true_amount_mismatch,0,true_amount_mismatch,do_not_match,0,0,INT-HISTORICAL-002616,SET-HISTORICAL-002616
LBL-HISTORICAL-002617,historical,,exact_match,1,none,exact,0,0,INT-HISTORICAL-002617,SET-HISTORICAL-002617
LBL-HISTORICAL-002618,historical,,processing_fee,1,processor_fee,amount_tolerance,5,0,INT-HISTORICAL-002618,SET-HISTORICAL-002618
LBL-HISTORICAL-002619,historical,,exact_match,1,none,exact,0,0,INT-HISTORICAL-002619,SET-HISTORICAL-002619
LBL-HISTORICAL-002620,historical,,exact_match,1,none,exact,0,0,INT-HISTORICAL-002620,SET-HISTORICAL-002620
LBL-HISTORICAL-002621,historical,,exact_match,1,none,exact,0,0,INT-HISTORICAL-002621,SET-HISTORICAL-002621
LBL-HISTORICAL-002622,historical,,exact_match,1,none,exact,0,0,INT-HISTORICAL-002622,SET-HISTORICAL-002622
LBL-HISTORICAL-002623,historical,,exact_match,1,none,exact,0,0,INT-HISTORICAL-002623,SET-HISTORICAL-002623
LBL-HISTORICAL-002624,historical,,exact_match,1,none,exact,0,0,INT-HISTORICAL-002624,SET-HISTORICAL-002624
LBL-HISTORICAL-002625,historical,,reference_format,1,reference_normalization,reference_normalization,0,0,INT-HISTORICAL-002625,SET-HISTORICAL-002625
LBL-HISTORICAL-002626,historical,,exact_match,1,none,exact,0,0,INT-HISTORICAL-002626,SET-HISTORICAL-002626
LBL-HISTORICAL-002627,historical,,exact_match,1,none,exact,0,0,INT-HISTORICAL-002627,SET-HISTORICAL-002627
LBL-HISTORICAL-002628,historical,,exact_match,1,none,exact,0,0,INT-HISTORICAL-002628,SET-HISTORICAL-002628
LBL-HISTORICAL-002629,historical,,exact_match,1,none,exact,0,0,INT-HISTORICAL-002629,SET-HISTORICAL-002629
LBL-HISTORICAL-002630,historical,,processing_fee,1,processor_fee,amount_tolerance,3,0,INT-HISTORICAL-002630,SET-HISTORICAL-002630
LBL-HISTORICAL-002631,historical,,exact_match,1,none,exact,0,0,INT-HISTORICAL-002631,SET-HISTORICAL-002631
LBL-HISTORICAL-002632,historical,,duplicate_processor_record,1,duplicate,dedupe_then_match,0,0,INT-HISTORICAL-002632,SET-HISTORICAL-002632
LBL-HISTORICAL-002633,historical,,exact_match,1,none,exact,0,0,INT-HISTORICAL-002633,SET-HISTORICAL-002633
LBL-HISTORICAL-002634,historical,,exact_match,1,none,exact,0,0,INT-HISTORICAL-002634,SET-HISTORICAL-002634
LBL-HISTORICAL-002635,historical,,settlement_delay,1,t_plus_delay,date_tolerance,0,1,INT-HISTORICAL-002635,SET-HISTORICAL-002635
LBL-HISTORICAL-002636,historical,,exact_match,1,none,exact,0,0,INT-HISTORICAL-002636,SET-HISTORICAL-002636
LBL-HISTORICAL-002637,historical,,exact_match,1,none,exact,0,0,INT-HISTORICAL-002637,SET-HISTORICAL-002637
LBL-HISTORICAL-002638,historical,,exact_match,1,none,exact,0,0,INT-HISTORICAL-002638,SET-HISTORICAL-002638
LBL-HISTORICAL-002639,historical,,exact_match,1,none,exact,0,0,INT-HISTORICAL-002639,SET-HISTORICAL-002639
LBL-HISTORICAL-002640,historical,,reference_format,1,reference_normalization,reference_normalization,0,0,INT-HISTORICAL-002640,SET-HISTORICAL-002640
LBL-HISTORICAL-002641,historical,,exact_match,1,none,exact,0,0,INT-HISTORICAL-002641,SET-HISTORICAL-002641
LBL-HISTORICAL-002642,historical,,rounding_difference,1,rounding,amount_tolerance,0,0,INT-HISTORICAL-002642,SET-HISTORICAL-002642
LBL-HISTORICAL-002643,historical,,exact_match,1,none,exact,0,0,INT-HISTORICAL-002643,SET-HISTORICAL-002643
LBL-HISTORICAL-002644,historical,,exact_match,1,none,exact,0,0,INT-HISTORICAL-002644,SET-HISTORICAL-002644
LBL-HISTORICAL-002645,historical,,exact_match,1,none,exact,0,0,INT-HISTORICAL-002645,SET-HISTORICAL-002645
LBL-HISTORICAL-002646,historical,,reference_format,1,reference_normalization,reference_normalization,0,0,INT-HISTORICAL-002646,SET-HISTORICAL-002646
LBL-HISTORICAL-002647,historical,,exact_match,1,none,exact,0,0,INT-HISTORICAL-002647,SET-HISTORICAL-002647
LBL-HISTORICAL-002648,historical,,exact_match,1,none,exact,0,0,INT-HISTORICAL-002648,SET-HISTORICAL-002648
LBL-HISTORICAL-002649,historical,,processing_fee,1,processor_fee,amount_tolerance,5,0,INT-HISTORICAL-002649,SET-HISTORICAL-002649
LBL-HISTORICAL-002650,historical,,processing_fee,1,processor_fee,amount_tolerance,3,0,INT-HISTORICAL-002650,SET-HISTORICAL-002650
LBL-HISTORICAL-002651,historical,,duplicate_processor_record,1,duplicate,dedupe_then_match,0,0,INT-HISTORICAL-002651,SET-HISTORICAL-002651
LBL-HISTORICAL-002652,historical,,exact_match,1,none,exact,0,0,INT-HISTORICAL-002652,SET-HISTORICAL-002652
LBL-HISTORICAL-002653,historical,,exact_match,1,none,exact,0,0,INT-HISTORICAL-002653,SET-HISTORICAL-002653
LBL-HISTORICAL-002654,historical,,exact_match,1,none,exact,0,0,INT-HISTORICAL-002654,SET-HISTORICAL-002654
LBL-HISTORICAL-002655,historical,,settlement_delay,1,t_plus_delay,date_tolerance,0,1,INT-HISTORICAL-002655,SET-HISTORICAL-002655
LBL-HISTORICAL-002656,historical,,rounding_difference,1,rounding,amount_tolerance,0,0,INT-HISTORICAL-002656,SET-HISTORICAL-002656
LBL-HISTORICAL-002657,historical,,exact_match,1,none,exact,0,0,INT-HISTORICAL-002657,SET-HISTORICAL-002657
LBL-HISTORICAL-002658,historical,,exact_match,1,none,exact,0,0,INT-HISTORICAL-002658,SET-HISTORICAL-002658
LBL-HISTORICAL-002659,historical,,exact_match,1,none,exact,0,0,INT-HISTORICAL-002659,SET-HISTORICAL-002659
LBL-HISTORICAL-002660,historical,,processing_fee,1,processor_fee,amount_tolerance,1,0,INT-HISTORICAL-002660,SET-HISTORICAL-002660
LBL-HISTORICAL-002661,historical,,exact_match,1,none,exact,0,0,INT-HISTORICAL-002661,SET-HISTORICAL-002661
LBL-HISTORICAL-002662,historical,,exact_match,1,none,exact,0,0,INT-HISTORICAL-002662,SET-HISTORICAL-002662
LBL-HISTORICAL-002663,historical,,exact_match,1,none,exact,0,0,INT-HISTORICAL-002663,SET-HISTORICAL-002663
LBL-HISTORICAL-002664,historical,,exact_match,1,none,exact,0,0,INT-HISTORICAL-002664,SET-HISTORICAL-002664
LBL-HISTORICAL-002665,historical,,exact_match,1,none,exact,0,0,INT-HISTORICAL-002665,SET-HISTORICAL-002665
LBL-HISTORICAL-002666,historical,,exact_match,1,none,exact,0,0,INT-HISTORICAL-002666,SET-HISTORICAL-002666
LBL-HISTORICAL-002667,historical,,exact_match,1,none,exact,0,0,INT-HISTORICAL-002667,SET-HISTORICAL-002667
LBL-HISTORICAL-002668,historical,,exact_match,1,none,exact,0,0,INT-HISTORICAL-002668,SET-HISTORICAL-002668
LBL-HISTORICAL-002669,historical,,exact_match,1,none,exact,0,0,INT-HISTORICAL-002669,SET-HISTORICAL-002669
LBL-HISTORICAL-002670,historical,,processing_fee,1,processor_fee,amount_tolerance,5,0,INT-HISTORICAL-002670,SET-HISTORICAL-002670
LBL-HISTORICAL-002671,historical,,exact_match,1,none,exact,0,0,INT-HISTORICAL-002671,SET-HISTORICAL-002671
LBL-HISTORICAL-002672,historical,,exact_match,1,none,exact,0,0,INT-HISTORICAL-002672,SET-HISTORICAL-002672
LBL-HISTORICAL-002673,historical,,reference_format,1,reference_normalization,reference_normalization,0,0,INT-HISTORICAL-002673,SET-HISTORICAL-002673
LBL-HISTORICAL-002674,historical,,exact_match,1,none,exact,0,0,INT-HISTORICAL-002674,SET-HISTORICAL-002674
LBL-HISTORICAL-002675,historical,,exact_match,1,none,exact,0,0,INT-HISTORICAL-002675,SET-HISTORICAL-002675
LBL-HISTORICAL-002676,historical,,exact_match,1,none,exact,0,0,INT-HISTORICAL-002676,SET-HISTORICAL-002676
LBL-HISTORICAL-002677,historical,,exact_match,1,none,exact,0,0,INT-HISTORICAL-002677,SET-HISTORICAL-002677
LBL-HISTORICAL-002678,historical,,exact_match,1,none,exact,0,0,INT-HISTORICAL-002678,SET-HISTORICAL-002678
LBL-HISTORICAL-002679,historical,,processing_fee,1,processor_fee,amount_tolerance,5,0,INT-HISTORICAL-002679,SET-HISTORICAL-002679
LBL-HISTORICAL-002680,historical,,reference_format,1,reference_normalization,reference_normalization,0,0,INT-HISTORICAL-002680,SET-HISTORICAL-002680
LBL-HISTORICAL-002681,historical,,exact_match,1,none,exact,0,0,INT-HISTORICAL-002681,SET-HISTORICAL-002681
LBL-HISTORICAL-002682,historical,,exact_match,1,none,exact,0,0,INT-HISTORICAL-002682,SET-HISTORICAL-002682
LBL-HISTORICAL-002683,historical,,settlement_delay,1,t_plus_delay,date_tolerance,0,1,INT-HISTORICAL-002683,SET-HISTORICAL-002683
LBL-HISTORICAL-002684,historical,,exact_match,1,none,exact,0,0,INT-HISTORICAL-002684,SET-HISTORICAL-002684
LBL-HISTORICAL-002685,historical,,exact_match,1,none,exact,0,0,INT-HISTORICAL-002685,SET-HISTORICAL-002685
LBL-HISTORICAL-002686,historical,,exact_match,1,none,exact,0,0,INT-HISTORICAL-002686,SET-HISTORICAL-002686
LBL-HISTORICAL-002687,historical,,reference_format,1,reference_normalization,reference_normalization,0,0,INT-HISTORICAL-002687,SET-HISTORICAL-002687
LBL-HISTORICAL-002688,historical,,exact_match,1,none,exact,0,0,INT-HISTORICAL-002688,SET-HISTORICAL-002688
LBL-HISTORICAL-002689,historical,,exact_match,1,none,exact,0,0,INT-HISTORICAL-002689,SET-HISTORICAL-002689
LBL-HISTORICAL-002690,historical,,exact_match,1,none,exact,0,0,INT-HISTORICAL-002690,SET-HISTORICAL-002690
LBL-HISTORICAL-002691,historical,,exact_match,1,none,exact,0,0,INT-HISTORICAL-002691,SET-HISTORICAL-002691
LBL-HISTORICAL-002692,historical,,exact_match,1,none,exact,0,0,INT-HISTORICAL-002692,SET-HISTORICAL-002692
LBL-HISTORICAL-002693,historical,,processing_fee,1,processor_fee,amount_tolerance,5,0,INT-HISTORICAL-002693,SET-HISTORICAL-002693
LBL-HISTORICAL-002694,historical,,exact_match,1,none,exact,0,0,INT-HISTORICAL-002694,SET-HISTORICAL-002694
LBL-HISTORICAL-002695,historical,,processing_fee,1,processor_fee,amount_tolerance,5,0,INT-HISTORICAL-002695,SET-HISTORICAL-002695
LBL-HISTORICAL-002696,historical,,exact_match,1,none,exact,0,0,INT-HISTORICAL-002696,SET-HISTORICAL-002696
LBL-HISTORICAL-002697,historical,,exact_match,1,none,exact,0,0,INT-HISTORICAL-002697,SET-HISTORICAL-002697
LBL-HISTORICAL-002698,historical,,exact_match,1,none,exact,0,0,INT-HISTORICAL-002698,SET-HISTORICAL-002698
LBL-HISTORICAL-002699,historical,,exact_match,1,none,exact,0,0,INT-HISTORICAL-002699,SET-HISTORICAL-002699
LBL-HISTORICAL-002700,historical,,reference_format,1,reference_normalization,reference_normalization,0,0,INT-HISTORICAL-002700,SET-HISTORICAL-002700
LBL-HISTORICAL-002701,historical,,reference_format,1,reference_normalization,reference_normalization,0,0,INT-HISTORICAL-002701,SET-HISTORICAL-002701
LBL-HISTORICAL-002702,historical,,processing_fee,1,processor_fee,amount_tolerance,5,0,INT-HISTORICAL-002702,SET-HISTORICAL-002702
LBL-HISTORICAL-002703,historical,,exact_match,1,none,exact,0,0,INT-HISTORICAL-002703,SET-HISTORICAL-002703
LBL-HISTORICAL-002704,historical,,processing_fee,1,processor_fee,amount_tolerance,2,0,INT-HISTORICAL-002704,SET-HISTORICAL-002704
LBL-HISTORICAL-002705,historical,,exact_match,1,none,exact,0,0,INT-HISTORICAL-002705,SET-HISTORICAL-002705
LBL-HISTORICAL-002706,historical,,exact_match,1,none,exact,0,0,INT-HISTORICAL-002706,SET-HISTORICAL-002706
LBL-HISTORICAL-002707,historical,,exact_match,1,none,exact,0,0,INT-HISTORICAL-002707,SET-HISTORICAL-002707
LBL-HISTORICAL-002708,historical,,exact_match,1,none,exact,0,0,INT-HISTORICAL-002708,SET-HISTORICAL-002708
LBL-HISTORICAL-002709,historical,,exact_match,1,none,exact,0,0,INT-HISTORICAL-002709,SET-HISTORICAL-002709
LBL-HISTORICAL-002710,historical,,exact_match,1,none,exact,0,0,INT-HISTORICAL-002710,SET-HISTORICAL-002710
LBL-HISTORICAL-002711,historical,,exact_match,1,none,exact,0,0,INT-HISTORICAL-002711,SET-HISTORICAL-002711
LBL-HISTORICAL-002712,historical,,exact_match,1,none,exact,0,0,INT-HISTORICAL-002712,SET-HISTORICAL-002712
LBL-HISTORICAL-002713,historical,,reference_format,1,reference_normalization,reference_normalization,0,0,INT-HISTORICAL-002713,SET-HISTORICAL-002713
LBL-HISTORICAL-002714,historical,,exact_match,1,none,exact,0,0,INT-HISTORICAL-002714,SET-HISTORICAL-002714
LBL-HISTORICAL-002715,historical,,exact_match,1,none,exact,0,0,INT-HISTORICAL-002715,SET-HISTORICAL-002715
LBL-HISTORICAL-002716,historical,,rounding_difference,1,rounding,amount_tolerance,0,0,INT-HISTORICAL-002716,SET-HISTORICAL-002716
LBL-HISTORICAL-002717,historical,,settlement_delay,1,t_plus_delay,date_tolerance,0,1,INT-HISTORICAL-002717,SET-HISTORICAL-002717
LBL-HISTORICAL-002718,historical,,reference_format,1,reference_normalization,reference_normalization,0,0,INT-HISTORICAL-002718,SET-HISTORICAL-002718
LBL-HISTORICAL-002719,historical,,exact_match,1,none,exact,0,0,INT-HISTORICAL-002719,SET-HISTORICAL-002719
LBL-HISTORICAL-002720,historical,,exact_match,1,none,exact,0,0,INT-HISTORICAL-002720,SET-HISTORICAL-002720
LBL-HISTORICAL-002721,historical,,processing_fee,1,processor_fee,amount_tolerance,5,0,INT-HISTORICAL-002721,SET-HISTORICAL-002721
LBL-HISTORICAL-002722,historical,,settlement_delay,1,t_plus_delay,date_tolerance,0,2,INT-HISTORICAL-002722,SET-HISTORICAL-002722
LBL-HISTORICAL-002723,historical,,exact_match,1,none,exact,0,0,INT-HISTORICAL-002723,SET-HISTORICAL-002723
LBL-HISTORICAL-002724,historical,,exact_match,1,none,exact,0,0,INT-HISTORICAL-002724,SET-HISTORICAL-002724
LBL-HISTORICAL-002725,historical,,settlement_delay,1,t_plus_delay,date_tolerance,0,2,INT-HISTORICAL-002725,SET-HISTORICAL-002725
LBL-HISTORICAL-002726,historical,,exact_match,1,none,exact,0,0,INT-HISTORICAL-002726,SET-HISTORICAL-002726
LBL-HISTORICAL-002727,historical,,processing_fee,1,processor_fee,amount_tolerance,2,0,INT-HISTORICAL-002727,SET-HISTORICAL-002727
LBL-HISTORICAL-002728,historical,,exact_match,1,none,exact,0,0,INT-HISTORICAL-002728,SET-HISTORICAL-002728
LBL-HISTORICAL-002729,historical,,true_amount_mismatch,0,true_amount_mismatch,do_not_match,0,0,INT-HISTORICAL-002729,SET-HISTORICAL-002729
LBL-HISTORICAL-002730,historical,,exact_match,1,none,exact,0,0,INT-HISTORICAL-002730,SET-HISTORICAL-002730
LBL-HISTORICAL-002731,historical,,true_amount_mismatch,0,true_amount_mismatch,do_not_match,0,0,INT-HISTORICAL-002731,SET-HISTORICAL-002731
LBL-HISTORICAL-002732,historical,,exact_match,1,none,exact,0,0,INT-HISTORICAL-002732,SET-HISTORICAL-002732
LBL-HISTORICAL-002733,historical,,processing_fee,1,processor_fee,amount_tolerance,1,0,INT-HISTORICAL-002733,SET-HISTORICAL-002733
LBL-HISTORICAL-002734,historical,,exact_match,1,none,exact,0,0,INT-HISTORICAL-002734,SET-HISTORICAL-002734
LBL-HISTORICAL-002735,historical,,exact_match,1,none,exact,0,0,INT-HISTORICAL-002735,SET-HISTORICAL-002735
LBL-HISTORICAL-002736,historical,,exact_match,1,none,exact,0,0,INT-HISTORICAL-002736,SET-HISTORICAL-002736
LBL-HISTORICAL-002737,historical,,exact_match,1,none,exact,0,0,INT-HISTORICAL-002737,SET-HISTORICAL-002737
LBL-HISTORICAL-002738,historical,,exact_match,1,none,exact,0,0,INT-HISTORICAL-002738,SET-HISTORICAL-002738
LBL-HISTORICAL-002739,historical,,exact_match,1,none,exact,0,0,INT-HISTORICAL-002739,SET-HISTORICAL-002739
LBL-HISTORICAL-002740,historical,,exact_match,1,none,exact,0,0,INT-HISTORICAL-002740,SET-HISTORICAL-002740
LBL-HISTORICAL-002741,historical,,exact_match,1,none,exact,0,0,INT-HISTORICAL-002741,SET-HISTORICAL-002741
LBL-HISTORICAL-002742,historical,,exact_match,1,none,exact,0,0,INT-HISTORICAL-002742,SET-HISTORICAL-002742
LBL-HISTORICAL-002743,historical,,processing_fee,1,processor_fee,amount_tolerance,3,0,INT-HISTORICAL-002743,SET-HISTORICAL-002743
LBL-HISTORICAL-002744,historical,,processing_fee,1,processor_fee,amount_tolerance,5,0,INT-HISTORICAL-002744,SET-HISTORICAL-002744
LBL-HISTORICAL-002745,historical,,exact_match,1,none,exact,0,0,INT-HISTORICAL-002745,SET-HISTORICAL-002745
LBL-HISTORICAL-002746,historical,,exact_match,1,none,exact,0,0,INT-HISTORICAL-002746,SET-HISTORICAL-002746
LBL-HISTORICAL-002747,historical,,exact_match,1,none,exact,0,0,INT-HISTORICAL-002747,SET-HISTORICAL-002747
LBL-HISTORICAL-002748,historical,,exact_match,1,none,exact,0,0,INT-HISTORICAL-002748,SET-HISTORICAL-002748
LBL-HISTORICAL-002749,historical,,exact_match,1,none,exact,0,0,INT-HISTORICAL-002749,SET-HISTORICAL-002749
LBL-HISTORICAL-002750,historical,,exact_match,1,none,exact,0,0,INT-HISTORICAL-002750,SET-HISTORICAL-002750
LBL-HISTORICAL-002751,historical,,exact_match,1,none,exact,0,0,INT-HISTORICAL-002751,SET-HISTORICAL-002751
LBL-HISTORICAL-002752,historical,,reference_format,1,reference_normalization,reference_normalization,0,0,INT-HISTORICAL-002752,SET-HISTORICAL-002752
LBL-HISTORICAL-002753,historical,,settlement_delay,1,t_plus_delay,date_tolerance,0,1,INT-HISTORICAL-002753,SET-HISTORICAL-002753
LBL-HISTORICAL-002754,historical,,exact_match,1,none,exact,0,0,INT-HISTORICAL-002754,SET-HISTORICAL-002754
LBL-HISTORICAL-002755,historical,,exact_match,1,none,exact,0,0,INT-HISTORICAL-002755,SET-HISTORICAL-002755
LBL-HISTORICAL-002756,historical,,exact_match,1,none,exact,0,0,INT-HISTORICAL-002756,SET-HISTORICAL-002756
LBL-HISTORICAL-002757,historical,,processing_fee,1,processor_fee,amount_tolerance,1,0,INT-HISTORICAL-002757,SET-HISTORICAL-002757
LBL-HISTORICAL-002758,historical,,exact_match,1,none,exact,0,0,INT-HISTORICAL-002758,SET-HISTORICAL-002758
LBL-HISTORICAL-002759,historical,,exact_match,1,none,exact,0,0,INT-HISTORICAL-002759,SET-HISTORICAL-002759
LBL-HISTORICAL-002760,historical,,exact_match,1,none,exact,0,0,INT-HISTORICAL-002760,SET-HISTORICAL-002760
LBL-HISTORICAL-002761,historical,,exact_match,1,none,exact,0,0,INT-HISTORICAL-002761,SET-HISTORICAL-002761
LBL-HISTORICAL-002762,historical,,processing_fee,1,processor_fee,amount_tolerance,2,0,INT-HISTORICAL-002762,SET-HISTORICAL-002762
LBL-HISTORICAL-002763,historical,,exact_match,1,none,exact,0,0,INT-HISTORICAL-002763,SET-HISTORICAL-002763
LBL-HISTORICAL-002764,historical,,exact_match,1,none,exact,0,0,INT-HISTORICAL-002764,SET-HISTORICAL-002764
LBL-HISTORICAL-002765,historical,,settlement_delay,1,t_plus_delay,date_tolerance,0,1,INT-HISTORICAL-002765,SET-HISTORICAL-002765
LBL-HISTORICAL-002766,historical,,exact_match,1,none,exact,0,0,INT-HISTORICAL-002766,SET-HISTORICAL-002766
LBL-HISTORICAL-002767,historical,,processing_fee,1,processor_fee,amount_tolerance,2,0,INT-HISTORICAL-002767,SET-HISTORICAL-002767
LBL-HISTORICAL-002768,historical,,exact_match,1,none,exact,0,0,INT-HISTORICAL-002768,SET-HISTORICAL-002768
LBL-HISTORICAL-002769,historical,,exact_match,1,none,exact,0,0,INT-HISTORICAL-002769,SET-HISTORICAL-002769
LBL-HISTORICAL-002770,historical,,exact_match,1,none,exact,0,0,INT-HISTORICAL-002770,SET-HISTORICAL-002770
LBL-HISTORICAL-002771,historical,,exact_match,1,none,exact,0,0,INT-HISTORICAL-002771,SET-HISTORICAL-002771
LBL-HISTORICAL-002772,historical,,exact_match,1,none,exact,0,0,INT-HISTORICAL-002772,SET-HISTORICAL-002772
LBL-HISTORICAL-002773,historical,,currency_mismatch,0,currency_mismatch,do_not_match,0,0,INT-HISTORICAL-002773,SET-HISTORICAL-002773
LBL-HISTORICAL-002774,historical,,exact_match,1,none,exact,0,0,INT-HISTORICAL-002774,SET-HISTORICAL-002774
LBL-HISTORICAL-002775,historical,,exact_match,1,none,exact,0,0,INT-HISTORICAL-002775,SET-HISTORICAL-002775
LBL-HISTORICAL-002776,historical,,exact_match,1,none,exact,0,0,INT-HISTORICAL-002776,SET-HISTORICAL-002776
LBL-HISTORICAL-002777,historical,,exact_match,1,none,exact,0,0,INT-HISTORICAL-002777,SET-HISTORICAL-002777
LBL-HISTORICAL-002778,historical,,processing_fee,1,processor_fee,amount_tolerance,3,0,INT-HISTORICAL-002778,SET-HISTORICAL-002778
LBL-HISTORICAL-002779,historical,,currency_mismatch,0,currency_mismatch,do_not_match,0,0,INT-HISTORICAL-002779,SET-HISTORICAL-002779
LBL-HISTORICAL-002780,historical,,exact_match,1,none,exact,0,0,INT-HISTORICAL-002780,SET-HISTORICAL-002780
LBL-HISTORICAL-002781,historical,,reference_format,1,reference_normalization,reference_normalization,0,0,INT-HISTORICAL-002781,SET-HISTORICAL-002781
LBL-HISTORICAL-002782,historical,,exact_match,1,none,exact,0,0,INT-HISTORICAL-002782,SET-HISTORICAL-002782
LBL-HISTORICAL-002783,historical,,exact_match,1,none,exact,0,0,INT-HISTORICAL-002783,SET-HISTORICAL-002783
LBL-HISTORICAL-002784,historical,,exact_match,1,none,exact,0,0,INT-HISTORICAL-002784,SET-HISTORICAL-002784
LBL-HISTORICAL-002785,historical,,exact_match,1,none,exact,0,0,INT-HISTORICAL-002785,SET-HISTORICAL-002785
LBL-HISTORICAL-002786,historical,,exact_match,1,none,exact,0,0,INT-HISTORICAL-002786,SET-HISTORICAL-002786
LBL-HISTORICAL-002787,historical,,exact_match,1,none,exact,0,0,INT-HISTORICAL-002787,SET-HISTORICAL-002787
LBL-HISTORICAL-002788,historical,,settlement_delay,1,t_plus_delay,date_tolerance,0,2,INT-HISTORICAL-002788,SET-HISTORICAL-002788
LBL-HISTORICAL-002789,historical,,exact_match,1,none,exact,0,0,INT-HISTORICAL-002789,SET-HISTORICAL-002789
LBL-HISTORICAL-002790,historical,,exact_match,1,none,exact,0,0,INT-HISTORICAL-002790,SET-HISTORICAL-002790
LBL-HISTORICAL-002791,historical,,exact_match,1,none,exact,0,0,INT-HISTORICAL-002791,SET-HISTORICAL-002791
LBL-HISTORICAL-002792,historical,,settlement_delay,1,t_plus_delay,date_tolerance,0,1,INT-HISTORICAL-002792,SET-HISTORICAL-002792
LBL-HISTORICAL-002793,historical,,exact_match,1,none,exact,0,0,INT-HISTORICAL-002793,SET-HISTORICAL-002793
LBL-HISTORICAL-002794,historical,,exact_match,1,none,exact,0,0,INT-HISTORICAL-002794,SET-HISTORICAL-002794
LBL-HISTORICAL-002795,historical,,exact_match,1,none,exact,0,0,INT-HISTORICAL-002795,SET-HISTORICAL-002795
LBL-HISTORICAL-002796,historical,,exact_match,1,none,exact,0,0,INT-HISTORICAL-002796,SET-HISTORICAL-002796
LBL-HISTORICAL-002797,historical,,exact_match,1,none,exact,0,0,INT-HISTORICAL-002797,SET-HISTORICAL-002797
LBL-HISTORICAL-002798,historical,,exact_match,1,none,exact,0,0,INT-HISTORICAL-002798,SET-HISTORICAL-002798
LBL-HISTORICAL-002799,historical,,exact_match,1,none,exact,0,0,INT-HISTORICAL-002799,SET-HISTORICAL-002799
LBL-HISTORICAL-002800,historical,,exact_match,1,none,exact,0,0,INT-HISTORICAL-002800,SET-HISTORICAL-002800
LBL-HISTORICAL-002801,historical,,settlement_delay,1,t_plus_delay,date_tolerance,0,1,INT-HISTORICAL-002801,SET-HISTORICAL-002801
LBL-HISTORICAL-002802,historical,,exact_match,1,none,exact,0,0,INT-HISTORICAL-002802,SET-HISTORICAL-002802
LBL-HISTORICAL-002803,historical,,settlement_delay,1,t_plus_delay,date_tolerance,0,2,INT-HISTORICAL-002803,SET-HISTORICAL-002803
LBL-HISTORICAL-002804,historical,,exact_match,1,none,exact,0,0,INT-HISTORICAL-002804,SET-HISTORICAL-002804
LBL-HISTORICAL-002805,historical,,exact_match,1,none,exact,0,0,INT-HISTORICAL-002805,SET-HISTORICAL-002805
LBL-HISTORICAL-002806,historical,,exact_match,1,none,exact,0,0,INT-HISTORICAL-002806,SET-HISTORICAL-002806
LBL-HISTORICAL-002807,historical,,exact_match,1,none,exact,0,0,INT-HISTORICAL-002807,SET-HISTORICAL-002807
LBL-HISTORICAL-002808,historical,,exact_match,1,none,exact,0,0,INT-HISTORICAL-002808,SET-HISTORICAL-002808
LBL-HISTORICAL-002809,historical,,settlement_delay,1,t_plus_delay,date_tolerance,0,1,INT-HISTORICAL-002809,SET-HISTORICAL-002809
LBL-HISTORICAL-002810,historical,,exact_match,1,none,exact,0,0,INT-HISTORICAL-002810,SET-HISTORICAL-002810
LBL-HISTORICAL-002811,historical,,reference_format,1,reference_normalization,reference_normalization,0,0,INT-HISTORICAL-002811,SET-HISTORICAL-002811
LBL-HISTORICAL-002812,historical,,exact_match,1,none,exact,0,0,INT-HISTORICAL-002812,SET-HISTORICAL-002812
LBL-HISTORICAL-002813,historical,,settlement_delay,1,t_plus_delay,date_tolerance,0,1,INT-HISTORICAL-002813,SET-HISTORICAL-002813
LBL-HISTORICAL-002814,historical,,exact_match,1,none,exact,0,0,INT-HISTORICAL-002814,SET-HISTORICAL-002814
LBL-HISTORICAL-002815,historical,,exact_match,1,none,exact,0,0,INT-HISTORICAL-002815,SET-HISTORICAL-002815
LBL-HISTORICAL-002816,historical,,exact_match,1,none,exact,0,0,INT-HISTORICAL-002816,SET-HISTORICAL-002816
LBL-HISTORICAL-002817,historical,,exact_match,1,none,exact,0,0,INT-HISTORICAL-002817,SET-HISTORICAL-002817
LBL-HISTORICAL-002818,historical,,exact_match,1,none,exact,0,0,INT-HISTORICAL-002818,SET-HISTORICAL-002818
LBL-HISTORICAL-002819,historical,,processing_fee,1,processor_fee,amount_tolerance,1,0,INT-HISTORICAL-002819,SET-HISTORICAL-002819
LBL-HISTORICAL-002820,historical,,exact_match,1,none,exact,0,0,INT-HISTORICAL-002820,SET-HISTORICAL-002820
LBL-HISTORICAL-002821,historical,,processing_fee,1,processor_fee,amount_tolerance,5,0,INT-HISTORICAL-002821,SET-HISTORICAL-002821
LBL-HISTORICAL-002822,historical,,exact_match,1,none,exact,0,0,INT-HISTORICAL-002822,SET-HISTORICAL-002822
LBL-HISTORICAL-002823,historical,,exact_match,1,none,exact,0,0,INT-HISTORICAL-002823,SET-HISTORICAL-002823
LBL-HISTORICAL-002824,historical,,exact_match,1,none,exact,0,0,INT-HISTORICAL-002824,SET-HISTORICAL-002824
LBL-HISTORICAL-002825,historical,,exact_match,1,none,exact,0,0,INT-HISTORICAL-002825,SET-HISTORICAL-002825
LBL-HISTORICAL-002826,historical,,exact_match,1,none,exact,0,0,INT-HISTORICAL-002826,SET-HISTORICAL-002826
LBL-HISTORICAL-002827,historical,,exact_match,1,none,exact,0,0,INT-HISTORICAL-002827,SET-HISTORICAL-002827
LBL-HISTORICAL-002828,historical,,exact_match,1,none,exact,0,0,INT-HISTORICAL-002828,SET-HISTORICAL-002828
LBL-HISTORICAL-002829,historical,,exact_match,1,none,exact,0,0,INT-HISTORICAL-002829,SET-HISTORICAL-002829
LBL-HISTORICAL-002830,historical,,exact_match,1,none,exact,0,0,INT-HISTORICAL-002830,SET-HISTORICAL-002830
LBL-HISTORICAL-002831,historical,,exact_match,1,none,exact,0,0,INT-HISTORICAL-002831,SET-HISTORICAL-002831
LBL-HISTORICAL-002832,historical,,exact_match,1,none,exact,0,0,INT-HISTORICAL-002832,SET-HISTORICAL-002832
LBL-HISTORICAL-002833,historical,,exact_match,1,none,exact,0,0,INT-HISTORICAL-002833,SET-HISTORICAL-002833
LBL-HISTORICAL-002834,historical,,exact_match,1,none,exact,0,0,INT-HISTORICAL-002834,SET-HISTORICAL-002834
LBL-HISTORICAL-002835,historical,,exact_match,1,none,exact,0,0,INT-HISTORICAL-002835,SET-HISTORICAL-002835
LBL-HISTORICAL-002836,historical,,processing_fee,1,processor_fee,amount_tolerance,3,0,INT-HISTORICAL-002836,SET-HISTORICAL-002836
LBL-HISTORICAL-002837,historical,,processing_fee,1,processor_fee,amount_tolerance,3,0,INT-HISTORICAL-002837,SET-HISTORICAL-002837
LBL-HISTORICAL-002838,historical,,exact_match,1,none,exact,0,0,INT-HISTORICAL-002838,SET-HISTORICAL-002838
LBL-HISTORICAL-002839,historical,,exact_match,1,none,exact,0,0,INT-HISTORICAL-002839,SET-HISTORICAL-002839
LBL-HISTORICAL-002840,historical,,exact_match,1,none,exact,0,0,INT-HISTORICAL-002840,SET-HISTORICAL-002840
LBL-HISTORICAL-002841,historical,,exact_match,1,none,exact,0,0,INT-HISTORICAL-002841,SET-HISTORICAL-002841
LBL-HISTORICAL-002842,historical,,exact_match,1,none,exact,0,0,INT-HISTORICAL-002842,SET-HISTORICAL-002842
LBL-HISTORICAL-002843,historical,,exact_match,1,none,exact,0,0,INT-HISTORICAL-002843,SET-HISTORICAL-002843
LBL-HISTORICAL-002844,historical,,exact_match,1,none,exact,0,0,INT-HISTORICAL-002844,SET-HISTORICAL-002844
LBL-HISTORICAL-002845,historical,,exact_match,1,none,exact,0,0,INT-HISTORICAL-002845,SET-HISTORICAL-002845
LBL-HISTORICAL-002846,historical,,exact_match,1,none,exact,0,0,INT-HISTORICAL-002846,SET-HISTORICAL-002846
LBL-HISTORICAL-002847,historical,,processing_fee,1,processor_fee,amount_tolerance,5,0,INT-HISTORICAL-002847,SET-HISTORICAL-002847
LBL-HISTORICAL-002848,historical,,exact_match,1,none,exact,0,0,INT-HISTORICAL-002848,SET-HISTORICAL-002848
LBL-HISTORICAL-002849,historical,,settlement_delay,1,t_plus_delay,date_tolerance,0,1,INT-HISTORICAL-002849,SET-HISTORICAL-002849
LBL-HISTORICAL-002850,historical,,exact_match,1,none,exact,0,0,INT-HISTORICAL-002850,SET-HISTORICAL-002850
LBL-HISTORICAL-002851,historical,,exact_match,1,none,exact,0,0,INT-HISTORICAL-002851,SET-HISTORICAL-002851
LBL-HISTORICAL-002852,historical,,exact_match,1,none,exact,0,0,INT-HISTORICAL-002852,SET-HISTORICAL-002852
LBL-HISTORICAL-002853,historical,,exact_match,1,none,exact,0,0,INT-HISTORICAL-002853,SET-HISTORICAL-002853
LBL-HISTORICAL-002854,historical,,processing_fee,1,processor_fee,amount_tolerance,1,0,INT-HISTORICAL-002854,SET-HISTORICAL-002854
LBL-HISTORICAL-002855,historical,,processing_fee,1,processor_fee,amount_tolerance,1,0,INT-HISTORICAL-002855,SET-HISTORICAL-002855
LBL-HISTORICAL-002856,historical,,exact_match,1,none,exact,0,0,INT-HISTORICAL-002856,SET-HISTORICAL-002856
LBL-HISTORICAL-002857,historical,,true_amount_mismatch,0,true_amount_mismatch,do_not_match,0,0,INT-HISTORICAL-002857,SET-HISTORICAL-002857
LBL-HISTORICAL-002858,historical,,reference_format,1,reference_normalization,reference_normalization,0,0,INT-HISTORICAL-002858,SET-HISTORICAL-002858
LBL-HISTORICAL-002859,historical,,exact_match,1,none,exact,0,0,INT-HISTORICAL-002859,SET-HISTORICAL-002859
LBL-HISTORICAL-002860,historical,,reference_format,1,reference_normalization,reference_normalization,0,0,INT-HISTORICAL-002860,SET-HISTORICAL-002860
LBL-HISTORICAL-002861,historical,,settlement_delay,1,t_plus_delay,date_tolerance,0,1,INT-HISTORICAL-002861,SET-HISTORICAL-002861
LBL-HISTORICAL-002862,historical,,exact_match,1,none,exact,0,0,INT-HISTORICAL-002862,SET-HISTORICAL-002862
LBL-HISTORICAL-002863,historical,,exact_match,1,none,exact,0,0,INT-HISTORICAL-002863,SET-HISTORICAL-002863
LBL-HISTORICAL-002864,historical,,exact_match,1,none,exact,0,0,INT-HISTORICAL-002864,SET-HISTORICAL-002864
LBL-HISTORICAL-002865,historical,,exact_match,1,none,exact,0,0,INT-HISTORICAL-002865,SET-HISTORICAL-002865
LBL-HISTORICAL-002866,historical,,exact_match,1,none,exact,0,0,INT-HISTORICAL-002866,SET-HISTORICAL-002866
LBL-HISTORICAL-002867,historical,,exact_match,1,none,exact,0,0,INT-HISTORICAL-002867,SET-HISTORICAL-002867
LBL-HISTORICAL-002868,historical,,exact_match,1,none,exact,0,0,INT-HISTORICAL-002868,SET-HISTORICAL-002868
LBL-HISTORICAL-002869,historical,,exact_match,1,none,exact,0,0,INT-HISTORICAL-002869,SET-HISTORICAL-002869
LBL-HISTORICAL-002870,historical,,exact_match,1,none,exact,0,0,INT-HISTORICAL-002870,SET-HISTORICAL-002870
LBL-HISTORICAL-002871,historical,,exact_match,1,none,exact,0,0,INT-HISTORICAL-002871,SET-HISTORICAL-002871
LBL-HISTORICAL-002872,historical,,settlement_delay,1,t_plus_delay,date_tolerance,0,1,INT-HISTORICAL-002872,SET-HISTORICAL-002872
LBL-HISTORICAL-002873,historical,,exact_match,1,none,exact,0,0,INT-HISTORICAL-002873,SET-HISTORICAL-002873
LBL-HISTORICAL-002874,historical,,exact_match,1,none,exact,0,0,INT-HISTORICAL-002874,SET-HISTORICAL-002874
LBL-HISTORICAL-002875,historical,,currency_mismatch,0,currency_mismatch,do_not_match,0,0,INT-HISTORICAL-002875,SET-HISTORICAL-002875
LBL-HISTORICAL-002876,historical,,exact_match,1,none,exact,0,0,INT-HISTORICAL-002876,SET-HISTORICAL-002876
LBL-HISTORICAL-002877,historical,,exact_match,1,none,exact,0,0,INT-HISTORICAL-002877,SET-HISTORICAL-002877
LBL-HISTORICAL-002878,historical,,exact_match,1,none,exact,0,0,INT-HISTORICAL-002878,SET-HISTORICAL-002878
LBL-HISTORICAL-002879,historical,,exact_match,1,none,exact,0,0,INT-HISTORICAL-002879,SET-HISTORICAL-002879
LBL-HISTORICAL-002880,historical,,exact_match,1,none,exact,0,0,INT-HISTORICAL-002880,SET-HISTORICAL-002880
LBL-HISTORICAL-002881,historical,,exact_match,1,none,exact,0,0,INT-HISTORICAL-002881,SET-HISTORICAL-002881
LBL-HISTORICAL-002882,historical,,rounding_difference,1,rounding,amount_tolerance,0,0,INT-HISTORICAL-002882,SET-HISTORICAL-002882
LBL-HISTORICAL-002883,historical,,exact_match,1,none,exact,0,0,INT-HISTORICAL-002883,SET-HISTORICAL-002883
LBL-HISTORICAL-002884,historical,,exact_match,1,none,exact,0,0,INT-HISTORICAL-002884,SET-HISTORICAL-002884
LBL-HISTORICAL-002885,historical,,exact_match,1,none,exact,0,0,INT-HISTORICAL-002885,SET-HISTORICAL-002885
LBL-HISTORICAL-002886,historical,,exact_match,1,none,exact,0,0,INT-HISTORICAL-002886,SET-HISTORICAL-002886
LBL-HISTORICAL-002887,historical,,settlement_delay,1,t_plus_delay,date_tolerance,0,1,INT-HISTORICAL-002887,SET-HISTORICAL-002887
LBL-HISTORICAL-002888,historical,,reference_format,1,reference_normalization,reference_normalization,0,0,INT-HISTORICAL-002888,SET-HISTORICAL-002888
LBL-HISTORICAL-002889,historical,,true_amount_mismatch,0,true_amount_mismatch,do_not_match,0,0,INT-HISTORICAL-002889,SET-HISTORICAL-002889
LBL-HISTORICAL-002890,historical,,settlement_delay,1,t_plus_delay,date_tolerance,0,1,INT-HISTORICAL-002890,SET-HISTORICAL-002890
LBL-HISTORICAL-002891,historical,,exact_match,1,none,exact,0,0,INT-HISTORICAL-002891,SET-HISTORICAL-002891
LBL-HISTORICAL-002892,historical,,exact_match,1,none,exact,0,0,INT-HISTORICAL-002892,SET-HISTORICAL-002892
LBL-HISTORICAL-002893,historical,,exact_match,1,none,exact,0,0,INT-HISTORICAL-002893,SET-HISTORICAL-002893
LBL-HISTORICAL-002894,historical,,processing_fee,1,processor_fee,amount_tolerance,5,0,INT-HISTORICAL-002894,SET-HISTORICAL-002894
LBL-HISTORICAL-002895,historical,,exact_match,1,none,exact,0,0,INT-HISTORICAL-002895,SET-HISTORICAL-002895
LBL-HISTORICAL-002896,historical,,processing_fee,1,processor_fee,amount_tolerance,5,0,INT-HISTORICAL-002896,SET-HISTORICAL-002896
LBL-HISTORICAL-002897,historical,,exact_match,1,none,exact,0,0,INT-HISTORICAL-002897,SET-HISTORICAL-002897
LBL-HISTORICAL-002898,historical,,exact_match,1,none,exact,0,0,INT-HISTORICAL-002898,SET-HISTORICAL-002898
LBL-HISTORICAL-002899,historical,,exact_match,1,none,exact,0,0,INT-HISTORICAL-002899,SET-HISTORICAL-002899
LBL-HISTORICAL-002900,historical,,exact_match,1,none,exact,0,0,INT-HISTORICAL-002900,SET-HISTORICAL-002900
LBL-HISTORICAL-002901,historical,,exact_match,1,none,exact,0,0,INT-HISTORICAL-002901,SET-HISTORICAL-002901
LBL-HISTORICAL-002902,historical,,settlement_delay,1,t_plus_delay,date_tolerance,0,1,INT-HISTORICAL-002902,SET-HISTORICAL-002902
LBL-HISTORICAL-002903,historical,,exact_match,1,none,exact,0,0,INT-HISTORICAL-002903,SET-HISTORICAL-002903
LBL-HISTORICAL-002904,historical,,exact_match,1,none,exact,0,0,INT-HISTORICAL-002904,SET-HISTORICAL-002904
LBL-HISTORICAL-002905,historical,,exact_match,1,none,exact,0,0,INT-HISTORICAL-002905,SET-HISTORICAL-002905
LBL-HISTORICAL-002906,historical,,exact_match,1,none,exact,0,0,INT-HISTORICAL-002906,SET-HISTORICAL-002906
LBL-HISTORICAL-002907,historical,,settlement_delay,1,t_plus_delay,date_tolerance,0,1,INT-HISTORICAL-002907,SET-HISTORICAL-002907
LBL-HISTORICAL-002908,historical,,settlement_delay,1,t_plus_delay,date_tolerance,0,1,INT-HISTORICAL-002908,SET-HISTORICAL-002908
LBL-HISTORICAL-002909,historical,,exact_match,1,none,exact,0,0,INT-HISTORICAL-002909,SET-HISTORICAL-002909
LBL-HISTORICAL-002910,historical,,settlement_delay,1,t_plus_delay,date_tolerance,0,1,INT-HISTORICAL-002910,SET-HISTORICAL-002910
LBL-HISTORICAL-002911,historical,,exact_match,1,none,exact,0,0,INT-HISTORICAL-002911,SET-HISTORICAL-002911
LBL-HISTORICAL-002912,historical,,exact_match,1,none,exact,0,0,INT-HISTORICAL-002912,SET-HISTORICAL-002912
LBL-HISTORICAL-002913,historical,,exact_match,1,none,exact,0,0,INT-HISTORICAL-002913,SET-HISTORICAL-002913
LBL-HISTORICAL-002914,historical,,processing_fee,1,processor_fee,amount_tolerance,1,0,INT-HISTORICAL-002914,SET-HISTORICAL-002914
LBL-HISTORICAL-002915,historical,,processing_fee,1,processor_fee,amount_tolerance,3,0,INT-HISTORICAL-002915,SET-HISTORICAL-002915
LBL-HISTORICAL-002916,historical,,exact_match,1,none,exact,0,0,INT-HISTORICAL-002916,SET-HISTORICAL-002916
LBL-HISTORICAL-002917,historical,,exact_match,1,none,exact,0,0,INT-HISTORICAL-002917,SET-HISTORICAL-002917
LBL-HISTORICAL-002918,historical,,exact_match,1,none,exact,0,0,INT-HISTORICAL-002918,SET-HISTORICAL-002918
LBL-HISTORICAL-002919,historical,,exact_match,1,none,exact,0,0,INT-HISTORICAL-002919,SET-HISTORICAL-002919
LBL-HISTORICAL-002920,historical,,exact_match,1,none,exact,0,0,INT-HISTORICAL-002920,SET-HISTORICAL-002920
LBL-HISTORICAL-002921,historical,,exact_match,1,none,exact,0,0,INT-HISTORICAL-002921,SET-HISTORICAL-002921
LBL-HISTORICAL-002922,historical,,reference_format,1,reference_normalization,reference_normalization,0,0,INT-HISTORICAL-002922,SET-HISTORICAL-002922
LBL-HISTORICAL-002923,historical,,processing_fee,1,processor_fee,amount_tolerance,3,0,INT-HISTORICAL-002923,SET-HISTORICAL-002923
LBL-HISTORICAL-002924,historical,,rounding_difference,1,rounding,amount_tolerance,0,0,INT-HISTORICAL-002924,SET-HISTORICAL-002924
LBL-HISTORICAL-002925,historical,,reference_format,1,reference_normalization,reference_normalization,0,0,INT-HISTORICAL-002925,SET-HISTORICAL-002925
LBL-HISTORICAL-002926,historical,,exact_match,1,none,exact,0,0,INT-HISTORICAL-002926,SET-HISTORICAL-002926
LBL-HISTORICAL-002927,historical,,exact_match,1,none,exact,0,0,INT-HISTORICAL-002927,SET-HISTORICAL-002927
LBL-HISTORICAL-002928,historical,,processing_fee,1,processor_fee,amount_tolerance,5,0,INT-HISTORICAL-002928,SET-HISTORICAL-002928
LBL-HISTORICAL-002929,historical,,exact_match,1,none,exact,0,0,INT-HISTORICAL-002929,SET-HISTORICAL-002929
LBL-HISTORICAL-002930,historical,,true_amount_mismatch,0,true_amount_mismatch,do_not_match,0,0,INT-HISTORICAL-002930,SET-HISTORICAL-002930
LBL-HISTORICAL-002931,historical,,rounding_difference,1,rounding,amount_tolerance,0,0,INT-HISTORICAL-002931,SET-HISTORICAL-002931
LBL-HISTORICAL-002932,historical,,exact_match,1,none,exact,0,0,INT-HISTORICAL-002932,SET-HISTORICAL-002932
LBL-HISTORICAL-002933,historical,,exact_match,1,none,exact,0,0,INT-HISTORICAL-002933,SET-HISTORICAL-002933
LBL-HISTORICAL-002934,historical,,exact_match,1,none,exact,0,0,INT-HISTORICAL-002934,SET-HISTORICAL-002934
LBL-HISTORICAL-002935,historical,,exact_match,1,none,exact,0,0,INT-HISTORICAL-002935,SET-HISTORICAL-002935
LBL-HISTORICAL-002936,historical,,true_amount_mismatch,0,true_amount_mismatch,do_not_match,0,0,INT-HISTORICAL-002936,SET-HISTORICAL-002936
LBL-HISTORICAL-002937,historical,,exact_match,1,none,exact,0,0,INT-HISTORICAL-002937,SET-HISTORICAL-002937
LBL-HISTORICAL-002938,historical,,exact_match,1,none,exact,0,0,INT-HISTORICAL-002938,SET-HISTORICAL-002938
LBL-HISTORICAL-002939,historical,,exact_match,1,none,exact,0,0,INT-HISTORICAL-002939,SET-HISTORICAL-002939
LBL-HISTORICAL-002940,historical,,exact_match,1,none,exact,0,0,INT-HISTORICAL-002940,SET-HISTORICAL-002940
LBL-HISTORICAL-002941,historical,,exact_match,1,none,exact,0,0,INT-HISTORICAL-002941,SET-HISTORICAL-002941
LBL-HISTORICAL-002942,historical,,exact_match,1,none,exact,0,0,INT-HISTORICAL-002942,SET-HISTORICAL-002942
LBL-HISTORICAL-002943,historical,,exact_match,1,none,exact,0,0,INT-HISTORICAL-002943,SET-HISTORICAL-002943
LBL-HISTORICAL-002944,historical,,exact_match,1,none,exact,0,0,INT-HISTORICAL-002944,SET-HISTORICAL-002944
LBL-HISTORICAL-002945,historical,,rounding_difference,1,rounding,amount_tolerance,0,0,INT-HISTORICAL-002945,SET-HISTORICAL-002945
LBL-HISTORICAL-002946,historical,,exact_match,1,none,exact,0,0,INT-HISTORICAL-002946,SET-HISTORICAL-002946
LBL-HISTORICAL-002947,historical,,settlement_delay,1,t_plus_delay,date_tolerance,0,1,INT-HISTORICAL-002947,SET-HISTORICAL-002947
LBL-HISTORICAL-002948,historical,,exact_match,1,none,exact,0,0,INT-HISTORICAL-002948,SET-HISTORICAL-002948
LBL-HISTORICAL-002949,historical,,exact_match,1,none,exact,0,0,INT-HISTORICAL-002949,SET-HISTORICAL-002949
LBL-HISTORICAL-002950,historical,,exact_match,1,none,exact,0,0,INT-HISTORICAL-002950,SET-HISTORICAL-002950
LBL-HISTORICAL-002951,historical,,exact_match,1,none,exact,0,0,INT-HISTORICAL-002951,SET-HISTORICAL-002951
LBL-HISTORICAL-002952,historical,,exact_match,1,none,exact,0,0,INT-HISTORICAL-002952,SET-HISTORICAL-002952
LBL-HISTORICAL-002953,historical,,exact_match,1,none,exact,0,0,INT-HISTORICAL-002953,SET-HISTORICAL-002953
LBL-HISTORICAL-002954,historical,,settlement_delay,1,t_plus_delay,date_tolerance,0,1,INT-HISTORICAL-002954,SET-HISTORICAL-002954
LBL-HISTORICAL-002955,historical,,exact_match,1,none,exact,0,0,INT-HISTORICAL-002955,SET-HISTORICAL-002955
LBL-HISTORICAL-002956,historical,,exact_match,1,none,exact,0,0,INT-HISTORICAL-002956,SET-HISTORICAL-002956
LBL-HISTORICAL-002957,historical,,exact_match,1,none,exact,0,0,INT-HISTORICAL-002957,SET-HISTORICAL-002957
LBL-HISTORICAL-002958,historical,,exact_match,1,none,exact,0,0,INT-HISTORICAL-002958,SET-HISTORICAL-002958
LBL-HISTORICAL-002959,historical,,processing_fee,1,processor_fee,amount_tolerance,2,0,INT-HISTORICAL-002959,SET-HISTORICAL-002959
LBL-HISTORICAL-002960,historical,,exact_match,1,none,exact,0,0,INT-HISTORICAL-002960,SET-HISTORICAL-002960
LBL-HISTORICAL-002961,historical,,exact_match,1,none,exact,0,0,INT-HISTORICAL-002961,SET-HISTORICAL-002961
LBL-HISTORICAL-002962,historical,,exact_match,1,none,exact,0,0,INT-HISTORICAL-002962,SET-HISTORICAL-002962
LBL-HISTORICAL-002963,historical,,exact_match,1,none,exact,0,0,INT-HISTORICAL-002963,SET-HISTORICAL-002963
LBL-HISTORICAL-002964,historical,,exact_match,1,none,exact,0,0,INT-HISTORICAL-002964,SET-HISTORICAL-002964
LBL-HISTORICAL-002965,historical,,processing_fee,1,processor_fee,amount_tolerance,2,0,INT-HISTORICAL-002965,SET-HISTORICAL-002965
LBL-HISTORICAL-002966,historical,,settlement_delay,1,t_plus_delay,date_tolerance,0,2,INT-HISTORICAL-002966,SET-HISTORICAL-002966
LBL-HISTORICAL-002967,historical,,exact_match,1,none,exact,0,0,INT-HISTORICAL-002967,SET-HISTORICAL-002967
LBL-HISTORICAL-002968,historical,,exact_match,1,none,exact,0,0,INT-HISTORICAL-002968,SET-HISTORICAL-002968
LBL-HISTORICAL-002969,historical,,exact_match,1,none,exact,0,0,INT-HISTORICAL-002969,SET-HISTORICAL-002969
LBL-HISTORICAL-002970,historical,,rounding_difference,1,rounding,amount_tolerance,0,0,INT-HISTORICAL-002970,SET-HISTORICAL-002970
LBL-HISTORICAL-002971,historical,,exact_match,1,none,exact,0,0,INT-HISTORICAL-002971,SET-HISTORICAL-002971
LBL-HISTORICAL-002972,historical,,exact_match,1,none,exact,0,0,INT-HISTORICAL-002972,SET-HISTORICAL-002972
LBL-HISTORICAL-002973,historical,,exact_match,1,none,exact,0,0,INT-HISTORICAL-002973,SET-HISTORICAL-002973
LBL-HISTORICAL-002974,historical,,settlement_delay,1,t_plus_delay,date_tolerance,0,2,INT-HISTORICAL-002974,SET-HISTORICAL-002974
LBL-HISTORICAL-002975,historical,,processing_fee,1,processor_fee,amount_tolerance,3,0,INT-HISTORICAL-002975,SET-HISTORICAL-002975
LBL-HISTORICAL-002976,historical,,settlement_delay,1,t_plus_delay,date_tolerance,0,1,INT-HISTORICAL-002976,SET-HISTORICAL-002976
LBL-HISTORICAL-002977,historical,,processing_fee,1,processor_fee,amount_tolerance,3,0,INT-HISTORICAL-002977,SET-HISTORICAL-002977
LBL-HISTORICAL-002978,historical,,exact_match,1,none,exact,0,0,INT-HISTORICAL-002978,SET-HISTORICAL-002978
LBL-HISTORICAL-002979,historical,,reference_format,1,reference_normalization,reference_normalization,0,0,INT-HISTORICAL-002979,SET-HISTORICAL-002979
LBL-HISTORICAL-002980,historical,,exact_match,1,none,exact,0,0,INT-HISTORICAL-002980,SET-HISTORICAL-002980
LBL-HISTORICAL-002981,historical,,processing_fee,1,processor_fee,amount_tolerance,3,0,INT-HISTORICAL-002981,SET-HISTORICAL-002981
LBL-HISTORICAL-002982,historical,,reference_format,1,reference_normalization,reference_normalization,0,0,INT-HISTORICAL-002982,SET-HISTORICAL-002982
LBL-HISTORICAL-002983,historical,,exact_match,1,none,exact,0,0,INT-HISTORICAL-002983,SET-HISTORICAL-002983
LBL-HISTORICAL-002984,historical,,exact_match,1,none,exact,0,0,INT-HISTORICAL-002984,SET-HISTORICAL-002984
LBL-HISTORICAL-002985,historical,,exact_match,1,none,exact,0,0,INT-HISTORICAL-002985,SET-HISTORICAL-002985
LBL-HISTORICAL-002986,historical,,exact_match,1,none,exact,0,0,INT-HISTORICAL-002986,SET-HISTORICAL-002986
LBL-HISTORICAL-002987,historical,,processing_fee,1,processor_fee,amount_tolerance,1,0,INT-HISTORICAL-002987,SET-HISTORICAL-002987
LBL-HISTORICAL-002988,historical,,exact_match,1,none,exact,0,0,INT-HISTORICAL-002988,SET-HISTORICAL-002988
LBL-HISTORICAL-002989,historical,,exact_match,1,none,exact,0,0,INT-HISTORICAL-002989,SET-HISTORICAL-002989
LBL-HISTORICAL-002990,historical,,exact_match,1,none,exact,0,0,INT-HISTORICAL-002990,SET-HISTORICAL-002990
LBL-HISTORICAL-002991,historical,,processing_fee,1,processor_fee,amount_tolerance,3,0,INT-HISTORICAL-002991,SET-HISTORICAL-002991
LBL-HISTORICAL-002992,historical,,exact_match,1,none,exact,0,0,INT-HISTORICAL-002992,SET-HISTORICAL-002992
LBL-HISTORICAL-002993,historical,,exact_match,1,none,exact,0,0,INT-HISTORICAL-002993,SET-HISTORICAL-002993
LBL-HISTORICAL-002994,historical,,exact_match,1,none,exact,0,0,INT-HISTORICAL-002994,SET-HISTORICAL-002994
LBL-HISTORICAL-002995,historical,,exact_match,1,none,exact,0,0,INT-HISTORICAL-002995,SET-HISTORICAL-002995
LBL-HISTORICAL-002996,historical,,processing_fee,1,processor_fee,amount_tolerance,5,0,INT-HISTORICAL-002996,SET-HISTORICAL-002996
LBL-HISTORICAL-002997,historical,,settlement_delay,1,t_plus_delay,date_tolerance,0,1,INT-HISTORICAL-002997,SET-HISTORICAL-002997
LBL-HISTORICAL-002998,historical,,reference_format,1,reference_normalization,reference_normalization,0,0,INT-HISTORICAL-002998,SET-HISTORICAL-002998
LBL-HISTORICAL-002999,historical,,exact_match,1,none,exact,0,0,INT-HISTORICAL-002999,SET-HISTORICAL-002999
LBL-HISTORICAL-003000,historical,,reference_format,1,reference_normalization,reference_normalization,0,0,INT-HISTORICAL-003000,SET-HISTORICAL-003000
LBL-HISTORICAL-003001,historical,,exact_match,1,none,exact,0,0,INT-HISTORICAL-003001,SET-HISTORICAL-003001
LBL-HISTORICAL-003002,historical,,processing_fee,1,processor_fee,amount_tolerance,1,0,INT-HISTORICAL-003002,SET-HISTORICAL-003002
LBL-HISTORICAL-003003,historical,,exact_match,1,none,exact,0,0,INT-HISTORICAL-003003,SET-HISTORICAL-003003
LBL-HISTORICAL-003004,historical,,exact_match,1,none,exact,0,0,INT-HISTORICAL-003004,SET-HISTORICAL-003004
LBL-HISTORICAL-003005,historical,,exact_match,1,none,exact,0,0,INT-HISTORICAL-003005,SET-HISTORICAL-003005
LBL-HISTORICAL-003006,historical,,exact_match,1,none,exact,0,0,INT-HISTORICAL-003006,SET-HISTORICAL-003006
LBL-HISTORICAL-003007,historical,,exact_match,1,none,exact,0,0,INT-HISTORICAL-003007,SET-HISTORICAL-003007
LBL-HISTORICAL-003008,historical,,exact_match,1,none,exact,0,0,INT-HISTORICAL-003008,SET-HISTORICAL-003008
LBL-HISTORICAL-003009,historical,,exact_match,1,none,exact,0,0,INT-HISTORICAL-003009,SET-HISTORICAL-003009
LBL-HISTORICAL-003010,historical,,reference_format,1,reference_normalization,reference_normalization,0,0,INT-HISTORICAL-003010,SET-HISTORICAL-003010
LBL-HISTORICAL-003011,historical,,exact_match,1,none,exact,0,0,INT-HISTORICAL-003011,SET-HISTORICAL-003011
LBL-HISTORICAL-003012,historical,,exact_match,1,none,exact,0,0,INT-HISTORICAL-003012,SET-HISTORICAL-003012
LBL-HISTORICAL-003013,historical,,rounding_difference,1,rounding,amount_tolerance,0,0,INT-HISTORICAL-003013,SET-HISTORICAL-003013
LBL-HISTORICAL-003014,historical,,exact_match,1,none,exact,0,0,INT-HISTORICAL-003014,SET-HISTORICAL-003014
LBL-HISTORICAL-003015,historical,,processing_fee,1,processor_fee,amount_tolerance,2,0,INT-HISTORICAL-003015,SET-HISTORICAL-003015
LBL-HISTORICAL-003016,historical,,exact_match,1,none,exact,0,0,INT-HISTORICAL-003016,SET-HISTORICAL-003016
LBL-HISTORICAL-003017,historical,,processing_fee,1,processor_fee,amount_tolerance,5,0,INT-HISTORICAL-003017,SET-HISTORICAL-003017
LBL-HISTORICAL-003018,historical,,exact_match,1,none,exact,0,0,INT-HISTORICAL-003018,SET-HISTORICAL-003018
LBL-HISTORICAL-003019,historical,,settlement_delay,1,t_plus_delay,date_tolerance,0,1,INT-HISTORICAL-003019,SET-HISTORICAL-003019
LBL-HISTORICAL-003020,historical,,processing_fee,1,processor_fee,amount_tolerance,3,0,INT-HISTORICAL-003020,SET-HISTORICAL-003020
LBL-HISTORICAL-003021,historical,,settlement_delay,1,t_plus_delay,date_tolerance,0,1,INT-HISTORICAL-003021,SET-HISTORICAL-003021
LBL-HISTORICAL-003022,historical,,exact_match,1,none,exact,0,0,INT-HISTORICAL-003022,SET-HISTORICAL-003022
LBL-HISTORICAL-003023,historical,,exact_match,1,none,exact,0,0,INT-HISTORICAL-003023,SET-HISTORICAL-003023
LBL-HISTORICAL-003024,historical,,exact_match,1,none,exact,0,0,INT-HISTORICAL-003024,SET-HISTORICAL-003024
LBL-HISTORICAL-003025,historical,,exact_match,1,none,exact,0,0,INT-HISTORICAL-003025,SET-HISTORICAL-003025
LBL-HISTORICAL-003026,historical,,exact_match,1,none,exact,0,0,INT-HISTORICAL-003026,SET-HISTORICAL-003026
LBL-HISTORICAL-003027,historical,,rounding_difference,1,rounding,amount_tolerance,0,0,INT-HISTORICAL-003027,SET-HISTORICAL-003027
LBL-HISTORICAL-003028,historical,,exact_match,1,none,exact,0,0,INT-HISTORICAL-003028,SET-HISTORICAL-003028
LBL-HISTORICAL-003029,historical,,exact_match,1,none,exact,0,0,INT-HISTORICAL-003029,SET-HISTORICAL-003029
LBL-HISTORICAL-003030,historical,,exact_match,1,none,exact,0,0,INT-HISTORICAL-003030,SET-HISTORICAL-003030
LBL-HISTORICAL-003031,historical,,exact_match,1,none,exact,0,0,INT-HISTORICAL-003031,SET-HISTORICAL-003031
LBL-HISTORICAL-003032,historical,,exact_match,1,none,exact,0,0,INT-HISTORICAL-003032,SET-HISTORICAL-003032
LBL-HISTORICAL-003033,historical,,exact_match,1,none,exact,0,0,INT-HISTORICAL-003033,SET-HISTORICAL-003033
LBL-HISTORICAL-003034,historical,,exact_match,1,none,exact,0,0,INT-HISTORICAL-003034,SET-HISTORICAL-003034
LBL-HISTORICAL-003035,historical,,exact_match,1,none,exact,0,0,INT-HISTORICAL-003035,SET-HISTORICAL-003035
LBL-HISTORICAL-003036,historical,,exact_match,1,none,exact,0,0,INT-HISTORICAL-003036,SET-HISTORICAL-003036
LBL-HISTORICAL-003037,historical,,settlement_delay,1,t_plus_delay,date_tolerance,0,2,INT-HISTORICAL-003037,SET-HISTORICAL-003037
LBL-HISTORICAL-003038,historical,,exact_match,1,none,exact,0,0,INT-HISTORICAL-003038,SET-HISTORICAL-003038
LBL-HISTORICAL-003039,historical,,exact_match,1,none,exact,0,0,INT-HISTORICAL-003039,SET-HISTORICAL-003039
LBL-HISTORICAL-003040,historical,,exact_match,1,none,exact,0,0,INT-HISTORICAL-003040,SET-HISTORICAL-003040
LBL-HISTORICAL-003041,historical,,settlement_delay,1,t_plus_delay,date_tolerance,0,1,INT-HISTORICAL-003041,SET-HISTORICAL-003041
LBL-HISTORICAL-003042,historical,,exact_match,1,none,exact,0,0,INT-HISTORICAL-003042,SET-HISTORICAL-003042
LBL-HISTORICAL-003043,historical,,exact_match,1,none,exact,0,0,INT-HISTORICAL-003043,SET-HISTORICAL-003043
LBL-HISTORICAL-003044,historical,,exact_match,1,none,exact,0,0,INT-HISTORICAL-003044,SET-HISTORICAL-003044
LBL-HISTORICAL-003045,historical,,exact_match,1,none,exact,0,0,INT-HISTORICAL-003045,SET-HISTORICAL-003045
LBL-HISTORICAL-003046,historical,,exact_match,1,none,exact,0,0,INT-HISTORICAL-003046,SET-HISTORICAL-003046
LBL-HISTORICAL-003047,historical,,rounding_difference,1,rounding,amount_tolerance,0,0,INT-HISTORICAL-003047,SET-HISTORICAL-003047
LBL-HISTORICAL-003048,historical,,exact_match,1,none,exact,0,0,INT-HISTORICAL-003048,SET-HISTORICAL-003048
LBL-HISTORICAL-003049,historical,,exact_match,1,none,exact,0,0,INT-HISTORICAL-003049,SET-HISTORICAL-003049
LBL-HISTORICAL-003050,historical,,processing_fee,1,processor_fee,amount_tolerance,2,0,INT-HISTORICAL-003050,SET-HISTORICAL-003050
LBL-HISTORICAL-003051,historical,,exact_match,1,none,exact,0,0,INT-HISTORICAL-003051,SET-HISTORICAL-003051
LBL-HISTORICAL-003052,historical,,settlement_delay,1,t_plus_delay,date_tolerance,0,2,INT-HISTORICAL-003052,SET-HISTORICAL-003052
LBL-HISTORICAL-003053,historical,,exact_match,1,none,exact,0,0,INT-HISTORICAL-003053,SET-HISTORICAL-003053
LBL-HISTORICAL-003054,historical,,exact_match,1,none,exact,0,0,INT-HISTORICAL-003054,SET-HISTORICAL-003054
LBL-HISTORICAL-003055,historical,,exact_match,1,none,exact,0,0,INT-HISTORICAL-003055,SET-HISTORICAL-003055
LBL-HISTORICAL-003056,historical,,exact_match,1,none,exact,0,0,INT-HISTORICAL-003056,SET-HISTORICAL-003056
LBL-HISTORICAL-003057,historical,,exact_match,1,none,exact,0,0,INT-HISTORICAL-003057,SET-HISTORICAL-003057
LBL-HISTORICAL-003058,historical,,exact_match,1,none,exact,0,0,INT-HISTORICAL-003058,SET-HISTORICAL-003058
LBL-HISTORICAL-003059,historical,,exact_match,1,none,exact,0,0,INT-HISTORICAL-003059,SET-HISTORICAL-003059
LBL-HISTORICAL-003060,historical,,exact_match,1,none,exact,0,0,INT-HISTORICAL-003060,SET-HISTORICAL-003060
LBL-HISTORICAL-003061,historical,,exact_match,1,none,exact,0,0,INT-HISTORICAL-003061,SET-HISTORICAL-003061
LBL-HISTORICAL-003062,historical,,true_amount_mismatch,0,true_amount_mismatch,do_not_match,0,0,INT-HISTORICAL-003062,SET-HISTORICAL-003062
LBL-HISTORICAL-003063,historical,,exact_match,1,none,exact,0,0,INT-HISTORICAL-003063,SET-HISTORICAL-003063
LBL-HISTORICAL-003064,historical,,exact_match,1,none,exact,0,0,INT-HISTORICAL-003064,SET-HISTORICAL-003064
LBL-HISTORICAL-003065,historical,,exact_match,1,none,exact,0,0,INT-HISTORICAL-003065,SET-HISTORICAL-003065
LBL-HISTORICAL-003066,historical,,processing_fee,1,processor_fee,amount_tolerance,2,0,INT-HISTORICAL-003066,SET-HISTORICAL-003066
LBL-HISTORICAL-003067,historical,,settlement_delay,1,t_plus_delay,date_tolerance,0,1,INT-HISTORICAL-003067,SET-HISTORICAL-003067
LBL-HISTORICAL-003068,historical,,settlement_delay,1,t_plus_delay,date_tolerance,0,1,INT-HISTORICAL-003068,SET-HISTORICAL-003068
LBL-HISTORICAL-003069,historical,,settlement_delay,1,t_plus_delay,date_tolerance,0,1,INT-HISTORICAL-003069,SET-HISTORICAL-003069
LBL-HISTORICAL-003070,historical,,exact_match,1,none,exact,0,0,INT-HISTORICAL-003070,SET-HISTORICAL-003070
LBL-HISTORICAL-003071,historical,,exact_match,1,none,exact,0,0,INT-HISTORICAL-003071,SET-HISTORICAL-003071
LBL-HISTORICAL-003072,historical,,exact_match,1,none,exact,0,0,INT-HISTORICAL-003072,SET-HISTORICAL-003072
LBL-HISTORICAL-003073,historical,,duplicate_processor_record,1,duplicate,dedupe_then_match,0,0,INT-HISTORICAL-003073,SET-HISTORICAL-003073
LBL-HISTORICAL-003074,historical,,exact_match,1,none,exact,0,0,INT-HISTORICAL-003074,SET-HISTORICAL-003074
LBL-HISTORICAL-003075,historical,,processing_fee,1,processor_fee,amount_tolerance,5,0,INT-HISTORICAL-003075,SET-HISTORICAL-003075
LBL-HISTORICAL-003076,historical,,exact_match,1,none,exact,0,0,INT-HISTORICAL-003076,SET-HISTORICAL-003076
LBL-HISTORICAL-003077,historical,,exact_match,1,none,exact,0,0,INT-HISTORICAL-003077,SET-HISTORICAL-003077
LBL-HISTORICAL-003078,historical,,exact_match,1,none,exact,0,0,INT-HISTORICAL-003078,SET-HISTORICAL-003078
LBL-HISTORICAL-003079,historical,,exact_match,1,none,exact,0,0,INT-HISTORICAL-003079,SET-HISTORICAL-003079
LBL-HISTORICAL-003080,historical,,exact_match,1,none,exact,0,0,INT-HISTORICAL-003080,SET-HISTORICAL-003080
LBL-HISTORICAL-003081,historical,,exact_match,1,none,exact,0,0,INT-HISTORICAL-003081,SET-HISTORICAL-003081
LBL-HISTORICAL-003082,historical,,exact_match,1,none,exact,0,0,INT-HISTORICAL-003082,SET-HISTORICAL-003082
LBL-HISTORICAL-003083,historical,,exact_match,1,none,exact,0,0,INT-HISTORICAL-003083,SET-HISTORICAL-003083
LBL-HISTORICAL-003084,historical,,true_amount_mismatch,0,true_amount_mismatch,do_not_match,0,0,INT-HISTORICAL-003084,SET-HISTORICAL-003084
LBL-HISTORICAL-003085,historical,,exact_match,1,none,exact,0,0,INT-HISTORICAL-003085,SET-HISTORICAL-003085
LBL-HISTORICAL-003086,historical,,exact_match,1,none,exact,0,0,INT-HISTORICAL-003086,SET-HISTORICAL-003086
LBL-HISTORICAL-003087,historical,,exact_match,1,none,exact,0,0,INT-HISTORICAL-003087,SET-HISTORICAL-003087
LBL-HISTORICAL-003088,historical,,exact_match,1,none,exact,0,0,INT-HISTORICAL-003088,SET-HISTORICAL-003088
LBL-HISTORICAL-003089,historical,,exact_match,1,none,exact,0,0,INT-HISTORICAL-003089,SET-HISTORICAL-003089
LBL-HISTORICAL-003090,historical,,exact_match,1,none,exact,0,0,INT-HISTORICAL-003090,SET-HISTORICAL-003090
LBL-HISTORICAL-003091,historical,,exact_match,1,none,exact,0,0,INT-HISTORICAL-003091,SET-HISTORICAL-003091
LBL-HISTORICAL-003092,historical,,reference_format,1,reference_normalization,reference_normalization,0,0,INT-HISTORICAL-003092,SET-HISTORICAL-003092
LBL-HISTORICAL-003093,historical,,exact_match,1,none,exact,0,0,INT-HISTORICAL-003093,SET-HISTORICAL-003093
LBL-HISTORICAL-003094,historical,,exact_match,1,none,exact,0,0,INT-HISTORICAL-003094,SET-HISTORICAL-003094
LBL-HISTORICAL-003095,historical,,exact_match,1,none,exact,0,0,INT-HISTORICAL-003095,SET-HISTORICAL-003095
LBL-HISTORICAL-003096,historical,,rounding_difference,1,rounding,amount_tolerance,0,0,INT-HISTORICAL-003096,SET-HISTORICAL-003096
LBL-HISTORICAL-003097,historical,,exact_match,1,none,exact,0,0,INT-HISTORICAL-003097,SET-HISTORICAL-003097
LBL-HISTORICAL-003098,historical,,settlement_delay,1,t_plus_delay,date_tolerance,0,1,INT-HISTORICAL-003098,SET-HISTORICAL-003098
LBL-HISTORICAL-003099,historical,,settlement_delay,1,t_plus_delay,date_tolerance,0,1,INT-HISTORICAL-003099,SET-HISTORICAL-003099
LBL-HISTORICAL-003100,historical,,settlement_delay,1,t_plus_delay,date_tolerance,0,1,INT-HISTORICAL-003100,SET-HISTORICAL-003100
LBL-HISTORICAL-003101,historical,,exact_match,1,none,exact,0,0,INT-HISTORICAL-003101,SET-HISTORICAL-003101
LBL-HISTORICAL-003102,historical,,reference_format,1,reference_normalization,reference_normalization,0,0,INT-HISTORICAL-003102,SET-HISTORICAL-003102
LBL-HISTORICAL-003103,historical,,exact_match,1,none,exact,0,0,INT-HISTORICAL-003103,SET-HISTORICAL-003103
LBL-HISTORICAL-003104,historical,,exact_match,1,none,exact,0,0,INT-HISTORICAL-003104,SET-HISTORICAL-003104
LBL-HISTORICAL-003105,historical,,exact_match,1,none,exact,0,0,INT-HISTORICAL-003105,SET-HISTORICAL-003105
LBL-HISTORICAL-003106,historical,,exact_match,1,none,exact,0,0,INT-HISTORICAL-003106,SET-HISTORICAL-003106
LBL-HISTORICAL-003107,historical,,exact_match,1,none,exact,0,0,INT-HISTORICAL-003107,SET-HISTORICAL-003107
LBL-HISTORICAL-003108,historical,,exact_match,1,none,exact,0,0,INT-HISTORICAL-003108,SET-HISTORICAL-003108
LBL-HISTORICAL-003109,historical,,exact_match,1,none,exact,0,0,INT-HISTORICAL-003109,SET-HISTORICAL-003109
LBL-HISTORICAL-003110,historical,,exact_match,1,none,exact,0,0,INT-HISTORICAL-003110,SET-HISTORICAL-003110
LBL-HISTORICAL-003111,historical,,exact_match,1,none,exact,0,0,INT-HISTORICAL-003111,SET-HISTORICAL-003111
LBL-HISTORICAL-003112,historical,,exact_match,1,none,exact,0,0,INT-HISTORICAL-003112,SET-HISTORICAL-003112
LBL-HISTORICAL-003113,historical,,reference_format,1,reference_normalization,reference_normalization,0,0,INT-HISTORICAL-003113,SET-HISTORICAL-003113
LBL-HISTORICAL-003114,historical,,rounding_difference,1,rounding,amount_tolerance,0,0,INT-HISTORICAL-003114,SET-HISTORICAL-003114
LBL-HISTORICAL-003115,historical,,processing_fee,1,processor_fee,amount_tolerance,3,0,INT-HISTORICAL-003115,SET-HISTORICAL-003115
LBL-HISTORICAL-003116,historical,,reference_format,1,reference_normalization,reference_normalization,0,0,INT-HISTORICAL-003116,SET-HISTORICAL-003116
LBL-HISTORICAL-003117,historical,,exact_match,1,none,exact,0,0,INT-HISTORICAL-003117,SET-HISTORICAL-003117
LBL-HISTORICAL-003118,historical,,exact_match,1,none,exact,0,0,INT-HISTORICAL-003118,SET-HISTORICAL-003118
LBL-HISTORICAL-003119,historical,,exact_match,1,none,exact,0,0,INT-HISTORICAL-003119,SET-HISTORICAL-003119
LBL-HISTORICAL-003120,historical,,processing_fee,1,processor_fee,amount_tolerance,3,0,INT-HISTORICAL-003120,SET-HISTORICAL-003120
LBL-HISTORICAL-003121,historical,,exact_match,1,none,exact,0,0,INT-HISTORICAL-003121,SET-HISTORICAL-003121
LBL-HISTORICAL-003122,historical,,exact_match,1,none,exact,0,0,INT-HISTORICAL-003122,SET-HISTORICAL-003122
LBL-HISTORICAL-003123,historical,,processing_fee,1,processor_fee,amount_tolerance,5,0,INT-HISTORICAL-003123,SET-HISTORICAL-003123
LBL-HISTORICAL-003124,historical,,exact_match,1,none,exact,0,0,INT-HISTORICAL-003124,SET-HISTORICAL-003124
LBL-HISTORICAL-003125,historical,,exact_match,1,none,exact,0,0,INT-HISTORICAL-003125,SET-HISTORICAL-003125
LBL-HISTORICAL-003126,historical,,processing_fee,1,processor_fee,amount_tolerance,3,0,INT-HISTORICAL-003126,SET-HISTORICAL-003126
LBL-HISTORICAL-003127,historical,,exact_match,1,none,exact,0,0,INT-HISTORICAL-003127,SET-HISTORICAL-003127
LBL-HISTORICAL-003128,historical,,exact_match,1,none,exact,0,0,INT-HISTORICAL-003128,SET-HISTORICAL-003128
LBL-HISTORICAL-003129,historical,,settlement_delay,1,t_plus_delay,date_tolerance,0,1,INT-HISTORICAL-003129,SET-HISTORICAL-003129
LBL-HISTORICAL-003130,historical,,rounding_difference,1,rounding,amount_tolerance,0,0,INT-HISTORICAL-003130,SET-HISTORICAL-003130
LBL-HISTORICAL-003131,historical,,exact_match,1,none,exact,0,0,INT-HISTORICAL-003131,SET-HISTORICAL-003131
LBL-HISTORICAL-003132,historical,,exact_match,1,none,exact,0,0,INT-HISTORICAL-003132,SET-HISTORICAL-003132
LBL-HISTORICAL-003133,historical,,exact_match,1,none,exact,0,0,INT-HISTORICAL-003133,SET-HISTORICAL-003133
LBL-HISTORICAL-003134,historical,,exact_match,1,none,exact,0,0,INT-HISTORICAL-003134,SET-HISTORICAL-003134
LBL-HISTORICAL-003135,historical,,exact_match,1,none,exact,0,0,INT-HISTORICAL-003135,SET-HISTORICAL-003135
LBL-HISTORICAL-003136,historical,,exact_match,1,none,exact,0,0,INT-HISTORICAL-003136,SET-HISTORICAL-003136
LBL-HISTORICAL-003137,historical,,exact_match,1,none,exact,0,0,INT-HISTORICAL-003137,SET-HISTORICAL-003137
LBL-HISTORICAL-003138,historical,,exact_match,1,none,exact,0,0,INT-HISTORICAL-003138,SET-HISTORICAL-003138
LBL-HISTORICAL-003139,historical,,exact_match,1,none,exact,0,0,INT-HISTORICAL-003139,SET-HISTORICAL-003139
LBL-HISTORICAL-003140,historical,,exact_match,1,none,exact,0,0,INT-HISTORICAL-003140,SET-HISTORICAL-003140
LBL-HISTORICAL-003141,historical,,exact_match,1,none,exact,0,0,INT-HISTORICAL-003141,SET-HISTORICAL-003141
LBL-HISTORICAL-003142,historical,,exact_match,1,none,exact,0,0,INT-HISTORICAL-003142,SET-HISTORICAL-003142
LBL-HISTORICAL-003143,historical,,reference_format,1,reference_normalization,reference_normalization,0,0,INT-HISTORICAL-003143,SET-HISTORICAL-003143
LBL-HISTORICAL-003144,historical,,exact_match,1,none,exact,0,0,INT-HISTORICAL-003144,SET-HISTORICAL-003144
LBL-HISTORICAL-003145,historical,,exact_match,1,none,exact,0,0,INT-HISTORICAL-003145,SET-HISTORICAL-003145
LBL-HISTORICAL-003146,historical,,true_amount_mismatch,0,true_amount_mismatch,do_not_match,0,0,INT-HISTORICAL-003146,SET-HISTORICAL-003146
LBL-HISTORICAL-003147,historical,,reference_format,1,reference_normalization,reference_normalization,0,0,INT-HISTORICAL-003147,SET-HISTORICAL-003147
LBL-HISTORICAL-003148,historical,,duplicate_processor_record,1,duplicate,dedupe_then_match,0,0,INT-HISTORICAL-003148,SET-HISTORICAL-003148
LBL-HISTORICAL-003149,historical,,exact_match,1,none,exact,0,0,INT-HISTORICAL-003149,SET-HISTORICAL-003149
LBL-HISTORICAL-003150,historical,,exact_match,1,none,exact,0,0,INT-HISTORICAL-003150,SET-HISTORICAL-003150
LBL-HISTORICAL-003151,historical,,exact_match,1,none,exact,0,0,INT-HISTORICAL-003151,SET-HISTORICAL-003151
LBL-HISTORICAL-003152,historical,,settlement_delay,1,t_plus_delay,date_tolerance,0,1,INT-HISTORICAL-003152,SET-HISTORICAL-003152
LBL-HISTORICAL-003153,historical,,processing_fee,1,processor_fee,amount_tolerance,5,0,INT-HISTORICAL-003153,SET-HISTORICAL-003153
LBL-HISTORICAL-003154,historical,,exact_match,1,none,exact,0,0,INT-HISTORICAL-003154,SET-HISTORICAL-003154
LBL-HISTORICAL-003155,historical,,exact_match,1,none,exact,0,0,INT-HISTORICAL-003155,SET-HISTORICAL-003155
LBL-HISTORICAL-003156,historical,,settlement_delay,1,t_plus_delay,date_tolerance,0,1,INT-HISTORICAL-003156,SET-HISTORICAL-003156
LBL-HISTORICAL-003157,historical,,currency_mismatch,0,currency_mismatch,do_not_match,0,0,INT-HISTORICAL-003157,SET-HISTORICAL-003157
LBL-HISTORICAL-003158,historical,,exact_match,1,none,exact,0,0,INT-HISTORICAL-003158,SET-HISTORICAL-003158
LBL-HISTORICAL-003159,historical,,exact_match,1,none,exact,0,0,INT-HISTORICAL-003159,SET-HISTORICAL-003159
LBL-HISTORICAL-003160,historical,,reference_format,1,reference_normalization,reference_normalization,0,0,INT-HISTORICAL-003160,SET-HISTORICAL-003160
LBL-HISTORICAL-003161,historical,,exact_match,1,none,exact,0,0,INT-HISTORICAL-003161,SET-HISTORICAL-003161
LBL-HISTORICAL-003162,historical,,exact_match,1,none,exact,0,0,INT-HISTORICAL-003162,SET-HISTORICAL-003162
LBL-HISTORICAL-003163,historical,,exact_match,1,none,exact,0,0,INT-HISTORICAL-003163,SET-HISTORICAL-003163
LBL-HISTORICAL-003164,historical,,processing_fee,1,processor_fee,amount_tolerance,3,0,INT-HISTORICAL-003164,SET-HISTORICAL-003164
LBL-HISTORICAL-003165,historical,,exact_match,1,none,exact,0,0,INT-HISTORICAL-003165,SET-HISTORICAL-003165
LBL-HISTORICAL-003166,historical,,processing_fee,1,processor_fee,amount_tolerance,3,0,INT-HISTORICAL-003166,SET-HISTORICAL-003166
LBL-HISTORICAL-003167,historical,,exact_match,1,none,exact,0,0,INT-HISTORICAL-003167,SET-HISTORICAL-003167
LBL-HISTORICAL-003168,historical,,exact_match,1,none,exact,0,0,INT-HISTORICAL-003168,SET-HISTORICAL-003168
LBL-HISTORICAL-003169,historical,,exact_match,1,none,exact,0,0,INT-HISTORICAL-003169,SET-HISTORICAL-003169
LBL-HISTORICAL-003170,historical,,exact_match,1,none,exact,0,0,INT-HISTORICAL-003170,SET-HISTORICAL-003170
LBL-HISTORICAL-003171,historical,,exact_match,1,none,exact,0,0,INT-HISTORICAL-003171,SET-HISTORICAL-003171
LBL-HISTORICAL-003172,historical,,exact_match,1,none,exact,0,0,INT-HISTORICAL-003172,SET-HISTORICAL-003172
LBL-HISTORICAL-003173,historical,,exact_match,1,none,exact,0,0,INT-HISTORICAL-003173,SET-HISTORICAL-003173
LBL-HISTORICAL-003174,historical,,exact_match,1,none,exact,0,0,INT-HISTORICAL-003174,SET-HISTORICAL-003174
LBL-HISTORICAL-003175,historical,,exact_match,1,none,exact,0,0,INT-HISTORICAL-003175,SET-HISTORICAL-003175
LBL-HISTORICAL-003176,historical,,exact_match,1,none,exact,0,0,INT-HISTORICAL-003176,SET-HISTORICAL-003176
LBL-HISTORICAL-003177,historical,,exact_match,1,none,exact,0,0,INT-HISTORICAL-003177,SET-HISTORICAL-003177
LBL-HISTORICAL-003178,historical,,exact_match,1,none,exact,0,0,INT-HISTORICAL-003178,SET-HISTORICAL-003178
LBL-HISTORICAL-003179,historical,,exact_match,1,none,exact,0,0,INT-HISTORICAL-003179,SET-HISTORICAL-003179
LBL-HISTORICAL-003180,historical,,rounding_difference,1,rounding,amount_tolerance,0,0,INT-HISTORICAL-003180,SET-HISTORICAL-003180
LBL-HISTORICAL-003181,historical,,exact_match,1,none,exact,0,0,INT-HISTORICAL-003181,SET-HISTORICAL-003181
LBL-HISTORICAL-003182,historical,,settlement_delay,1,t_plus_delay,date_tolerance,0,2,INT-HISTORICAL-003182,SET-HISTORICAL-003182
LBL-HISTORICAL-003183,historical,,rounding_difference,1,rounding,amount_tolerance,0,0,INT-HISTORICAL-003183,SET-HISTORICAL-003183
LBL-HISTORICAL-003184,historical,,processing_fee,1,processor_fee,amount_tolerance,3,0,INT-HISTORICAL-003184,SET-HISTORICAL-003184
LBL-HISTORICAL-003185,historical,,reference_format,1,reference_normalization,reference_normalization,0,0,INT-HISTORICAL-003185,SET-HISTORICAL-003185
LBL-HISTORICAL-003186,historical,,exact_match,1,none,exact,0,0,INT-HISTORICAL-003186,SET-HISTORICAL-003186
LBL-HISTORICAL-003187,historical,,exact_match,1,none,exact,0,0,INT-HISTORICAL-003187,SET-HISTORICAL-003187
LBL-HISTORICAL-003188,historical,,exact_match,1,none,exact,0,0,INT-HISTORICAL-003188,SET-HISTORICAL-003188
LBL-HISTORICAL-003189,historical,,exact_match,1,none,exact,0,0,INT-HISTORICAL-003189,SET-HISTORICAL-003189
LBL-HISTORICAL-003190,historical,,exact_match,1,none,exact,0,0,INT-HISTORICAL-003190,SET-HISTORICAL-003190
LBL-HISTORICAL-003191,historical,,exact_match,1,none,exact,0,0,INT-HISTORICAL-003191,SET-HISTORICAL-003191
LBL-HISTORICAL-003192,historical,,exact_match,1,none,exact,0,0,INT-HISTORICAL-003192,SET-HISTORICAL-003192
LBL-HISTORICAL-003193,historical,,processing_fee,1,processor_fee,amount_tolerance,2,0,INT-HISTORICAL-003193,SET-HISTORICAL-003193
LBL-HISTORICAL-003194,historical,,exact_match,1,none,exact,0,0,INT-HISTORICAL-003194,SET-HISTORICAL-003194
LBL-HISTORICAL-003195,historical,,exact_match,1,none,exact,0,0,INT-HISTORICAL-003195,SET-HISTORICAL-003195
LBL-HISTORICAL-003196,historical,,exact_match,1,none,exact,0,0,INT-HISTORICAL-003196,SET-HISTORICAL-003196
LBL-HISTORICAL-003197,historical,,exact_match,1,none,exact,0,0,INT-HISTORICAL-003197,SET-HISTORICAL-003197
LBL-HISTORICAL-003198,historical,,duplicate_processor_record,1,duplicate,dedupe_then_match,0,0,INT-HISTORICAL-003198,SET-HISTORICAL-003198
LBL-HISTORICAL-003199,historical,,exact_match,1,none,exact,0,0,INT-HISTORICAL-003199,SET-HISTORICAL-003199
LBL-HISTORICAL-003200,historical,,exact_match,1,none,exact,0,0,INT-HISTORICAL-003200,SET-HISTORICAL-003200
LBL-HISTORICAL-003201,historical,,exact_match,1,none,exact,0,0,INT-HISTORICAL-003201,SET-HISTORICAL-003201
LBL-HISTORICAL-003202,historical,,exact_match,1,none,exact,0,0,INT-HISTORICAL-003202,SET-HISTORICAL-003202
LBL-HISTORICAL-003203,historical,,exact_match,1,none,exact,0,0,INT-HISTORICAL-003203,SET-HISTORICAL-003203
LBL-HISTORICAL-003204,historical,,rounding_difference,1,rounding,amount_tolerance,0,0,INT-HISTORICAL-003204,SET-HISTORICAL-003204
LBL-HISTORICAL-003205,historical,,exact_match,1,none,exact,0,0,INT-HISTORICAL-003205,SET-HISTORICAL-003205
LBL-HISTORICAL-003206,historical,,exact_match,1,none,exact,0,0,INT-HISTORICAL-003206,SET-HISTORICAL-003206
LBL-HISTORICAL-003207,historical,,settlement_delay,1,t_plus_delay,date_tolerance,0,2,INT-HISTORICAL-003207,SET-HISTORICAL-003207
LBL-HISTORICAL-003208,historical,,processing_fee,1,processor_fee,amount_tolerance,2,0,INT-HISTORICAL-003208,SET-HISTORICAL-003208
LBL-HISTORICAL-003209,historical,,exact_match,1,none,exact,0,0,INT-HISTORICAL-003209,SET-HISTORICAL-003209
LBL-HISTORICAL-003210,historical,,exact_match,1,none,exact,0,0,INT-HISTORICAL-003210,SET-HISTORICAL-003210
LBL-HISTORICAL-003211,historical,,exact_match,1,none,exact,0,0,INT-HISTORICAL-003211,SET-HISTORICAL-003211
LBL-HISTORICAL-003212,historical,,exact_match,1,none,exact,0,0,INT-HISTORICAL-003212,SET-HISTORICAL-003212
LBL-HISTORICAL-003213,historical,,true_amount_mismatch,0,true_amount_mismatch,do_not_match,0,0,INT-HISTORICAL-003213,SET-HISTORICAL-003213
LBL-HISTORICAL-003214,historical,,exact_match,1,none,exact,0,0,INT-HISTORICAL-003214,SET-HISTORICAL-003214
LBL-HISTORICAL-003215,historical,,exact_match,1,none,exact,0,0,INT-HISTORICAL-003215,SET-HISTORICAL-003215
LBL-HISTORICAL-003216,historical,,exact_match,1,none,exact,0,0,INT-HISTORICAL-003216,SET-HISTORICAL-003216
LBL-HISTORICAL-003217,historical,,settlement_delay,1,t_plus_delay,date_tolerance,0,2,INT-HISTORICAL-003217,SET-HISTORICAL-003217
LBL-HISTORICAL-003218,historical,,exact_match,1,none,exact,0,0,INT-HISTORICAL-003218,SET-HISTORICAL-003218
LBL-HISTORICAL-003219,historical,,exact_match,1,none,exact,0,0,INT-HISTORICAL-003219,SET-HISTORICAL-003219
LBL-HISTORICAL-003220,historical,,reference_format,1,reference_normalization,reference_normalization,0,0,INT-HISTORICAL-003220,SET-HISTORICAL-003220
LBL-HISTORICAL-003221,historical,,rounding_difference,1,rounding,amount_tolerance,0,0,INT-HISTORICAL-003221,SET-HISTORICAL-003221
LBL-HISTORICAL-003222,historical,,reference_format,1,reference_normalization,reference_normalization,0,0,INT-HISTORICAL-003222,SET-HISTORICAL-003222
LBL-HISTORICAL-003223,historical,,exact_match,1,none,exact,0,0,INT-HISTORICAL-003223,SET-HISTORICAL-003223
LBL-HISTORICAL-003224,historical,,exact_match,1,none,exact,0,0,INT-HISTORICAL-003224,SET-HISTORICAL-003224
LBL-HISTORICAL-003225,historical,,exact_match,1,none,exact,0,0,INT-HISTORICAL-003225,SET-HISTORICAL-003225
LBL-HISTORICAL-003226,historical,,exact_match,1,none,exact,0,0,INT-HISTORICAL-003226,SET-HISTORICAL-003226
LBL-HISTORICAL-003227,historical,,exact_match,1,none,exact,0,0,INT-HISTORICAL-003227,SET-HISTORICAL-003227
LBL-HISTORICAL-003228,historical,,processing_fee,1,processor_fee,amount_tolerance,2,0,INT-HISTORICAL-003228,SET-HISTORICAL-003228
LBL-HISTORICAL-003229,historical,,processing_fee,1,processor_fee,amount_tolerance,1,0,INT-HISTORICAL-003229,SET-HISTORICAL-003229
LBL-HISTORICAL-003230,historical,,reference_format,1,reference_normalization,reference_normalization,0,0,INT-HISTORICAL-003230,SET-HISTORICAL-003230
LBL-HISTORICAL-003231,historical,,exact_match,1,none,exact,0,0,INT-HISTORICAL-003231,SET-HISTORICAL-003231
LBL-HISTORICAL-003232,historical,,exact_match,1,none,exact,0,0,INT-HISTORICAL-003232,SET-HISTORICAL-003232
LBL-HISTORICAL-003233,historical,,reference_format,1,reference_normalization,reference_normalization,0,0,INT-HISTORICAL-003233,SET-HISTORICAL-003233
LBL-HISTORICAL-003234,historical,,exact_match,1,none,exact,0,0,INT-HISTORICAL-003234,SET-HISTORICAL-003234
LBL-HISTORICAL-003235,historical,,exact_match,1,none,exact,0,0,INT-HISTORICAL-003235,SET-HISTORICAL-003235
LBL-HISTORICAL-003236,historical,,exact_match,1,none,exact,0,0,INT-HISTORICAL-003236,SET-HISTORICAL-003236
LBL-HISTORICAL-003237,historical,,exact_match,1,none,exact,0,0,INT-HISTORICAL-003237,SET-HISTORICAL-003237
LBL-HISTORICAL-003238,historical,,exact_match,1,none,exact,0,0,INT-HISTORICAL-003238,SET-HISTORICAL-003238
LBL-HISTORICAL-003239,historical,,exact_match,1,none,exact,0,0,INT-HISTORICAL-003239,SET-HISTORICAL-003239
LBL-HISTORICAL-003240,historical,,exact_match,1,none,exact,0,0,INT-HISTORICAL-003240,SET-HISTORICAL-003240
LBL-HISTORICAL-003241,historical,,true_amount_mismatch,0,true_amount_mismatch,do_not_match,0,0,INT-HISTORICAL-003241,SET-HISTORICAL-003241
LBL-HISTORICAL-003242,historical,,exact_match,1,none,exact,0,0,INT-HISTORICAL-003242,SET-HISTORICAL-003242
LBL-HISTORICAL-003243,historical,,rounding_difference,1,rounding,amount_tolerance,0,0,INT-HISTORICAL-003243,SET-HISTORICAL-003243
LBL-HISTORICAL-003244,historical,,settlement_delay,1,t_plus_delay,date_tolerance,0,1,INT-HISTORICAL-003244,SET-HISTORICAL-003244
LBL-HISTORICAL-003245,historical,,settlement_delay,1,t_plus_delay,date_tolerance,0,1,INT-HISTORICAL-003245,SET-HISTORICAL-003245
LBL-HISTORICAL-003246,historical,,exact_match,1,none,exact,0,0,INT-HISTORICAL-003246,SET-HISTORICAL-003246
LBL-HISTORICAL-003247,historical,,exact_match,1,none,exact,0,0,INT-HISTORICAL-003247,SET-HISTORICAL-003247
LBL-HISTORICAL-003248,historical,,exact_match,1,none,exact,0,0,INT-HISTORICAL-003248,SET-HISTORICAL-003248
LBL-HISTORICAL-003249,historical,,exact_match,1,none,exact,0,0,INT-HISTORICAL-003249,SET-HISTORICAL-003249
LBL-HISTORICAL-003250,historical,,exact_match,1,none,exact,0,0,INT-HISTORICAL-003250,SET-HISTORICAL-003250
LBL-HISTORICAL-003251,historical,,exact_match,1,none,exact,0,0,INT-HISTORICAL-003251,SET-HISTORICAL-003251
LBL-HISTORICAL-003252,historical,,exact_match,1,none,exact,0,0,INT-HISTORICAL-003252,SET-HISTORICAL-003252
LBL-HISTORICAL-003253,historical,,exact_match,1,none,exact,0,0,INT-HISTORICAL-003253,SET-HISTORICAL-003253
LBL-HISTORICAL-003254,historical,,settlement_delay,1,t_plus_delay,date_tolerance,0,1,INT-HISTORICAL-003254,SET-HISTORICAL-003254
LBL-HISTORICAL-003255,historical,,exact_match,1,none,exact,0,0,INT-HISTORICAL-003255,SET-HISTORICAL-003255
LBL-HISTORICAL-003256,historical,,exact_match,1,none,exact,0,0,INT-HISTORICAL-003256,SET-HISTORICAL-003256
LBL-HISTORICAL-003257,historical,,exact_match,1,none,exact,0,0,INT-HISTORICAL-003257,SET-HISTORICAL-003257
LBL-HISTORICAL-003258,historical,,exact_match,1,none,exact,0,0,INT-HISTORICAL-003258,SET-HISTORICAL-003258
LBL-HISTORICAL-003259,historical,,settlement_delay,1,t_plus_delay,date_tolerance,0,2,INT-HISTORICAL-003259,SET-HISTORICAL-003259
LBL-HISTORICAL-003260,historical,,rounding_difference,1,rounding,amount_tolerance,0,0,INT-HISTORICAL-003260,SET-HISTORICAL-003260
LBL-HISTORICAL-003261,historical,,exact_match,1,none,exact,0,0,INT-HISTORICAL-003261,SET-HISTORICAL-003261
LBL-HISTORICAL-003262,historical,,processing_fee,1,processor_fee,amount_tolerance,2,0,INT-HISTORICAL-003262,SET-HISTORICAL-003262
LBL-HISTORICAL-003263,historical,,exact_match,1,none,exact,0,0,INT-HISTORICAL-003263,SET-HISTORICAL-003263
LBL-HISTORICAL-003264,historical,,exact_match,1,none,exact,0,0,INT-HISTORICAL-003264,SET-HISTORICAL-003264
LBL-HISTORICAL-003265,historical,,exact_match,1,none,exact,0,0,INT-HISTORICAL-003265,SET-HISTORICAL-003265
LBL-HISTORICAL-003266,historical,,true_amount_mismatch,0,true_amount_mismatch,do_not_match,0,0,INT-HISTORICAL-003266,SET-HISTORICAL-003266
LBL-HISTORICAL-003267,historical,,exact_match,1,none,exact,0,0,INT-HISTORICAL-003267,SET-HISTORICAL-003267
LBL-HISTORICAL-003268,historical,,reference_format,1,reference_normalization,reference_normalization,0,0,INT-HISTORICAL-003268,SET-HISTORICAL-003268
LBL-HISTORICAL-003269,historical,,exact_match,1,none,exact,0,0,INT-HISTORICAL-003269,SET-HISTORICAL-003269
LBL-HISTORICAL-003270,historical,,true_amount_mismatch,0,true_amount_mismatch,do_not_match,0,0,INT-HISTORICAL-003270,SET-HISTORICAL-003270
LBL-HISTORICAL-003271,historical,,reference_format,1,reference_normalization,reference_normalization,0,0,INT-HISTORICAL-003271,SET-HISTORICAL-003271
LBL-HISTORICAL-003272,historical,,processing_fee,1,processor_fee,amount_tolerance,1,0,INT-HISTORICAL-003272,SET-HISTORICAL-003272
LBL-HISTORICAL-003273,historical,,processing_fee,1,processor_fee,amount_tolerance,3,0,INT-HISTORICAL-003273,SET-HISTORICAL-003273
LBL-HISTORICAL-003274,historical,,exact_match,1,none,exact,0,0,INT-HISTORICAL-003274,SET-HISTORICAL-003274
LBL-HISTORICAL-003275,historical,,exact_match,1,none,exact,0,0,INT-HISTORICAL-003275,SET-HISTORICAL-003275
LBL-HISTORICAL-003276,historical,,exact_match,1,none,exact,0,0,INT-HISTORICAL-003276,SET-HISTORICAL-003276
LBL-HISTORICAL-003277,historical,,exact_match,1,none,exact,0,0,INT-HISTORICAL-003277,SET-HISTORICAL-003277
LBL-HISTORICAL-003278,historical,,exact_match,1,none,exact,0,0,INT-HISTORICAL-003278,SET-HISTORICAL-003278
LBL-HISTORICAL-003279,historical,,true_amount_mismatch,0,true_amount_mismatch,do_not_match,0,0,INT-HISTORICAL-003279,SET-HISTORICAL-003279
LBL-HISTORICAL-003280,historical,,exact_match,1,none,exact,0,0,INT-HISTORICAL-003280,SET-HISTORICAL-003280
LBL-HISTORICAL-003281,historical,,exact_match,1,none,exact,0,0,INT-HISTORICAL-003281,SET-HISTORICAL-003281
LBL-HISTORICAL-003282,historical,,reference_format,1,reference_normalization,reference_normalization,0,0,INT-HISTORICAL-003282,SET-HISTORICAL-003282
LBL-HISTORICAL-003283,historical,,exact_match,1,none,exact,0,0,INT-HISTORICAL-003283,SET-HISTORICAL-003283
LBL-HISTORICAL-003284,historical,,processing_fee,1,processor_fee,amount_tolerance,5,0,INT-HISTORICAL-003284,SET-HISTORICAL-003284
LBL-HISTORICAL-003285,historical,,exact_match,1,none,exact,0,0,INT-HISTORICAL-003285,SET-HISTORICAL-003285
LBL-HISTORICAL-003286,historical,,settlement_delay,1,t_plus_delay,date_tolerance,0,1,INT-HISTORICAL-003286,SET-HISTORICAL-003286
LBL-HISTORICAL-003287,historical,,processing_fee,1,processor_fee,amount_tolerance,2,0,INT-HISTORICAL-003287,SET-HISTORICAL-003287
LBL-HISTORICAL-003288,historical,,exact_match,1,none,exact,0,0,INT-HISTORICAL-003288,SET-HISTORICAL-003288
LBL-HISTORICAL-003289,historical,,exact_match,1,none,exact,0,0,INT-HISTORICAL-003289,SET-HISTORICAL-003289
LBL-HISTORICAL-003290,historical,,exact_match,1,none,exact,0,0,INT-HISTORICAL-003290,SET-HISTORICAL-003290
LBL-HISTORICAL-003291,historical,,exact_match,1,none,exact,0,0,INT-HISTORICAL-003291,SET-HISTORICAL-003291
LBL-HISTORICAL-003292,historical,,exact_match,1,none,exact,0,0,INT-HISTORICAL-003292,SET-HISTORICAL-003292
LBL-HISTORICAL-003293,historical,,exact_match,1,none,exact,0,0,INT-HISTORICAL-003293,SET-HISTORICAL-003293
LBL-HISTORICAL-003294,historical,,exact_match,1,none,exact,0,0,INT-HISTORICAL-003294,SET-HISTORICAL-003294
LBL-HISTORICAL-003295,historical,,rounding_difference,1,rounding,amount_tolerance,0,0,INT-HISTORICAL-003295,SET-HISTORICAL-003295
LBL-HISTORICAL-003296,historical,,exact_match,1,none,exact,0,0,INT-HISTORICAL-003296,SET-HISTORICAL-003296
LBL-HISTORICAL-003297,historical,,true_amount_mismatch,0,true_amount_mismatch,do_not_match,0,0,INT-HISTORICAL-003297,SET-HISTORICAL-003297
LBL-HISTORICAL-003298,historical,,true_amount_mismatch,0,true_amount_mismatch,do_not_match,0,0,INT-HISTORICAL-003298,SET-HISTORICAL-003298
LBL-HISTORICAL-003299,historical,,exact_match,1,none,exact,0,0,INT-HISTORICAL-003299,SET-HISTORICAL-003299
LBL-HISTORICAL-003300,historical,,exact_match,1,none,exact,0,0,INT-HISTORICAL-003300,SET-HISTORICAL-003300
LBL-HISTORICAL-003301,historical,,processing_fee,1,processor_fee,amount_tolerance,2,0,INT-HISTORICAL-003301,SET-HISTORICAL-003301
LBL-HISTORICAL-003302,historical,,exact_match,1,none,exact,0,0,INT-HISTORICAL-003302,SET-HISTORICAL-003302
LBL-HISTORICAL-003303,historical,,exact_match,1,none,exact,0,0,INT-HISTORICAL-003303,SET-HISTORICAL-003303
LBL-HISTORICAL-003304,historical,,settlement_delay,1,t_plus_delay,date_tolerance,0,1,INT-HISTORICAL-003304,SET-HISTORICAL-003304
LBL-HISTORICAL-003305,historical,,exact_match,1,none,exact,0,0,INT-HISTORICAL-003305,SET-HISTORICAL-003305
LBL-HISTORICAL-003306,historical,,exact_match,1,none,exact,0,0,INT-HISTORICAL-003306,SET-HISTORICAL-003306
LBL-HISTORICAL-003307,historical,,processing_fee,1,processor_fee,amount_tolerance,5,0,INT-HISTORICAL-003307,SET-HISTORICAL-003307
LBL-HISTORICAL-003308,historical,,exact_match,1,none,exact,0,0,INT-HISTORICAL-003308,SET-HISTORICAL-003308
LBL-HISTORICAL-003309,historical,,exact_match,1,none,exact,0,0,INT-HISTORICAL-003309,SET-HISTORICAL-003309
LBL-HISTORICAL-003310,historical,,exact_match,1,none,exact,0,0,INT-HISTORICAL-003310,SET-HISTORICAL-003310
LBL-HISTORICAL-003311,historical,,reference_format,1,reference_normalization,reference_normalization,0,0,INT-HISTORICAL-003311,SET-HISTORICAL-003311
LBL-HISTORICAL-003312,historical,,exact_match,1,none,exact,0,0,INT-HISTORICAL-003312,SET-HISTORICAL-003312
LBL-HISTORICAL-003313,historical,,exact_match,1,none,exact,0,0,INT-HISTORICAL-003313,SET-HISTORICAL-003313
LBL-HISTORICAL-003314,historical,,exact_match,1,none,exact,0,0,INT-HISTORICAL-003314,SET-HISTORICAL-003314
LBL-HISTORICAL-003315,historical,,exact_match,1,none,exact,0,0,INT-HISTORICAL-003315,SET-HISTORICAL-003315
LBL-HISTORICAL-003316,historical,,reference_format,1,reference_normalization,reference_normalization,0,0,INT-HISTORICAL-003316,SET-HISTORICAL-003316
LBL-HISTORICAL-003317,historical,,exact_match,1,none,exact,0,0,INT-HISTORICAL-003317,SET-HISTORICAL-003317
LBL-HISTORICAL-003318,historical,,exact_match,1,none,exact,0,0,INT-HISTORICAL-003318,SET-HISTORICAL-003318
LBL-HISTORICAL-003319,historical,,exact_match,1,none,exact,0,0,INT-HISTORICAL-003319,SET-HISTORICAL-003319
LBL-HISTORICAL-003320,historical,,exact_match,1,none,exact,0,0,INT-HISTORICAL-003320,SET-HISTORICAL-003320
LBL-HISTORICAL-003321,historical,,true_amount_mismatch,0,true_amount_mismatch,do_not_match,0,0,INT-HISTORICAL-003321,SET-HISTORICAL-003321
LBL-HISTORICAL-003322,historical,,exact_match,1,none,exact,0,0,INT-HISTORICAL-003322,SET-HISTORICAL-003322
LBL-HISTORICAL-003323,historical,,exact_match,1,none,exact,0,0,INT-HISTORICAL-003323,SET-HISTORICAL-003323
LBL-HISTORICAL-003324,historical,,reference_format,1,reference_normalization,reference_normalization,0,0,INT-HISTORICAL-003324,SET-HISTORICAL-003324
LBL-HISTORICAL-003325,historical,,reference_format,1,reference_normalization,reference_normalization,0,0,INT-HISTORICAL-003325,SET-HISTORICAL-003325
LBL-HISTORICAL-003326,historical,,exact_match,1,none,exact,0,0,INT-HISTORICAL-003326,SET-HISTORICAL-003326
LBL-HISTORICAL-003327,historical,,exact_match,1,none,exact,0,0,INT-HISTORICAL-003327,SET-HISTORICAL-003327
LBL-HISTORICAL-003328,historical,,exact_match,1,none,exact,0,0,INT-HISTORICAL-003328,SET-HISTORICAL-003328
LBL-HISTORICAL-003329,historical,,exact_match,1,none,exact,0,0,INT-HISTORICAL-003329,SET-HISTORICAL-003329
LBL-HISTORICAL-003330,historical,,reference_format,1,reference_normalization,reference_normalization,0,0,INT-HISTORICAL-003330,SET-HISTORICAL-003330
LBL-HISTORICAL-003331,historical,,reference_format,1,reference_normalization,reference_normalization,0,0,INT-HISTORICAL-003331,SET-HISTORICAL-003331
LBL-HISTORICAL-003332,historical,,exact_match,1,none,exact,0,0,INT-HISTORICAL-003332,SET-HISTORICAL-003332
LBL-HISTORICAL-003333,historical,,exact_match,1,none,exact,0,0,INT-HISTORICAL-003333,SET-HISTORICAL-003333
LBL-HISTORICAL-003334,historical,,settlement_delay,1,t_plus_delay,date_tolerance,0,1,INT-HISTORICAL-003334,SET-HISTORICAL-003334
LBL-HISTORICAL-003335,historical,,exact_match,1,none,exact,0,0,INT-HISTORICAL-003335,SET-HISTORICAL-003335
LBL-HISTORICAL-003336,historical,,rounding_difference,1,rounding,amount_tolerance,0,0,INT-HISTORICAL-003336,SET-HISTORICAL-003336
LBL-HISTORICAL-003337,historical,,exact_match,1,none,exact,0,0,INT-HISTORICAL-003337,SET-HISTORICAL-003337
LBL-HISTORICAL-003338,historical,,exact_match,1,none,exact,0,0,INT-HISTORICAL-003338,SET-HISTORICAL-003338
LBL-HISTORICAL-003339,historical,,reference_format,1,reference_normalization,reference_normalization,0,0,INT-HISTORICAL-003339,SET-HISTORICAL-003339
LBL-HISTORICAL-003340,historical,,reference_format,1,reference_normalization,reference_normalization,0,0,INT-HISTORICAL-003340,SET-HISTORICAL-003340
LBL-HISTORICAL-003341,historical,,settlement_delay,1,t_plus_delay,date_tolerance,0,1,INT-HISTORICAL-003341,SET-HISTORICAL-003341
LBL-HISTORICAL-003342,historical,,exact_match,1,none,exact,0,0,INT-HISTORICAL-003342,SET-HISTORICAL-003342
LBL-HISTORICAL-003343,historical,,processing_fee,1,processor_fee,amount_tolerance,5,0,INT-HISTORICAL-003343,SET-HISTORICAL-003343
LBL-HISTORICAL-003344,historical,,duplicate_processor_record,1,duplicate,dedupe_then_match,0,0,INT-HISTORICAL-003344,SET-HISTORICAL-003344
LBL-HISTORICAL-003345,historical,,exact_match,1,none,exact,0,0,INT-HISTORICAL-003345,SET-HISTORICAL-003345
LBL-HISTORICAL-003346,historical,,exact_match,1,none,exact,0,0,INT-HISTORICAL-003346,SET-HISTORICAL-003346
LBL-HISTORICAL-003347,historical,,exact_match,1,none,exact,0,0,INT-HISTORICAL-003347,SET-HISTORICAL-003347
LBL-HISTORICAL-003348,historical,,reference_format,1,reference_normalization,reference_normalization,0,0,INT-HISTORICAL-003348,SET-HISTORICAL-003348
LBL-HISTORICAL-003349,historical,,exact_match,1,none,exact,0,0,INT-HISTORICAL-003349,SET-HISTORICAL-003349
LBL-HISTORICAL-003350,historical,,exact_match,1,none,exact,0,0,INT-HISTORICAL-003350,SET-HISTORICAL-003350
LBL-HISTORICAL-003351,historical,,settlement_delay,1,t_plus_delay,date_tolerance,0,1,INT-HISTORICAL-003351,SET-HISTORICAL-003351
LBL-HISTORICAL-003352,historical,,processing_fee,1,processor_fee,amount_tolerance,3,0,INT-HISTORICAL-003352,SET-HISTORICAL-003352
LBL-HISTORICAL-003353,historical,,reference_format,1,reference_normalization,reference_normalization,0,0,INT-HISTORICAL-003353,SET-HISTORICAL-003353
LBL-HISTORICAL-003354,historical,,exact_match,1,none,exact,0,0,INT-HISTORICAL-003354,SET-HISTORICAL-003354
LBL-HISTORICAL-003355,historical,,exact_match,1,none,exact,0,0,INT-HISTORICAL-003355,SET-HISTORICAL-003355
LBL-HISTORICAL-003356,historical,,rounding_difference,1,rounding,amount_tolerance,0,0,INT-HISTORICAL-003356,SET-HISTORICAL-003356
LBL-HISTORICAL-003357,historical,,exact_match,1,none,exact,0,0,INT-HISTORICAL-003357,SET-HISTORICAL-003357
LBL-HISTORICAL-003358,historical,,exact_match,1,none,exact,0,0,INT-HISTORICAL-003358,SET-HISTORICAL-003358
LBL-HISTORICAL-003359,historical,,exact_match,1,none,exact,0,0,INT-HISTORICAL-003359,SET-HISTORICAL-003359
LBL-HISTORICAL-003360,historical,,rounding_difference,1,rounding,amount_tolerance,0,0,INT-HISTORICAL-003360,SET-HISTORICAL-003360
LBL-HISTORICAL-003361,historical,,exact_match,1,none,exact,0,0,INT-HISTORICAL-003361,SET-HISTORICAL-003361
LBL-HISTORICAL-003362,historical,,exact_match,1,none,exact,0,0,INT-HISTORICAL-003362,SET-HISTORICAL-003362
LBL-HISTORICAL-003363,historical,,exact_match,1,none,exact,0,0,INT-HISTORICAL-003363,SET-HISTORICAL-003363
LBL-HISTORICAL-003364,historical,,exact_match,1,none,exact,0,0,INT-HISTORICAL-003364,SET-HISTORICAL-003364
LBL-HISTORICAL-003365,historical,,exact_match,1,none,exact,0,0,INT-HISTORICAL-003365,SET-HISTORICAL-003365
LBL-HISTORICAL-003366,historical,,exact_match,1,none,exact,0,0,INT-HISTORICAL-003366,SET-HISTORICAL-003366
LBL-HISTORICAL-003367,historical,,exact_match,1,none,exact,0,0,INT-HISTORICAL-003367,SET-HISTORICAL-003367
LBL-HISTORICAL-003368,historical,,exact_match,1,none,exact,0,0,INT-HISTORICAL-003368,SET-HISTORICAL-003368
LBL-HISTORICAL-003369,historical,,settlement_delay,1,t_plus_delay,date_tolerance,0,1,INT-HISTORICAL-003369,SET-HISTORICAL-003369
LBL-HISTORICAL-003370,historical,,exact_match,1,none,exact,0,0,INT-HISTORICAL-003370,SET-HISTORICAL-003370
LBL-HISTORICAL-003371,historical,,processing_fee,1,processor_fee,amount_tolerance,2,0,INT-HISTORICAL-003371,SET-HISTORICAL-003371
LBL-HISTORICAL-003372,historical,,settlement_delay,1,t_plus_delay,date_tolerance,0,1,INT-HISTORICAL-003372,SET-HISTORICAL-003372
LBL-HISTORICAL-003373,historical,,processing_fee,1,processor_fee,amount_tolerance,5,0,INT-HISTORICAL-003373,SET-HISTORICAL-003373
LBL-HISTORICAL-003374,historical,,exact_match,1,none,exact,0,0,INT-HISTORICAL-003374,SET-HISTORICAL-003374
LBL-HISTORICAL-003375,historical,,exact_match,1,none,exact,0,0,INT-HISTORICAL-003375,SET-HISTORICAL-003375
LBL-HISTORICAL-003376,historical,,processing_fee,1,processor_fee,amount_tolerance,2,0,INT-HISTORICAL-003376,SET-HISTORICAL-003376
LBL-HISTORICAL-003377,historical,,exact_match,1,none,exact,0,0,INT-HISTORICAL-003377,SET-HISTORICAL-003377
LBL-HISTORICAL-003378,historical,,exact_match,1,none,exact,0,0,INT-HISTORICAL-003378,SET-HISTORICAL-003378
LBL-HISTORICAL-003379,historical,,exact_match,1,none,exact,0,0,INT-HISTORICAL-003379,SET-HISTORICAL-003379
LBL-HISTORICAL-003380,historical,,exact_match,1,none,exact,0,0,INT-HISTORICAL-003380,SET-HISTORICAL-003380
LBL-HISTORICAL-003381,historical,,exact_match,1,none,exact,0,0,INT-HISTORICAL-003381,SET-HISTORICAL-003381
LBL-HISTORICAL-003382,historical,,exact_match,1,none,exact,0,0,INT-HISTORICAL-003382,SET-HISTORICAL-003382
LBL-HISTORICAL-003383,historical,,exact_match,1,none,exact,0,0,INT-HISTORICAL-003383,SET-HISTORICAL-003383
LBL-HISTORICAL-003384,historical,,exact_match,1,none,exact,0,0,INT-HISTORICAL-003384,SET-HISTORICAL-003384
LBL-HISTORICAL-003385,historical,,rounding_difference,1,rounding,amount_tolerance,0,0,INT-HISTORICAL-003385,SET-HISTORICAL-003385
LBL-HISTORICAL-003386,historical,,exact_match,1,none,exact,0,0,INT-HISTORICAL-003386,SET-HISTORICAL-003386
LBL-HISTORICAL-003387,historical,,reference_format,1,reference_normalization,reference_normalization,0,0,INT-HISTORICAL-003387,SET-HISTORICAL-003387
LBL-HISTORICAL-003388,historical,,exact_match,1,none,exact,0,0,INT-HISTORICAL-003388,SET-HISTORICAL-003388
LBL-HISTORICAL-003389,historical,,exact_match,1,none,exact,0,0,INT-HISTORICAL-003389,SET-HISTORICAL-003389
LBL-HISTORICAL-003390,historical,,exact_match,1,none,exact,0,0,INT-HISTORICAL-003390,SET-HISTORICAL-003390
LBL-HISTORICAL-003391,historical,,exact_match,1,none,exact,0,0,INT-HISTORICAL-003391,SET-HISTORICAL-003391
LBL-HISTORICAL-003392,historical,,exact_match,1,none,exact,0,0,INT-HISTORICAL-003392,SET-HISTORICAL-003392
LBL-HISTORICAL-003393,historical,,reference_format,1,reference_normalization,reference_normalization,0,0,INT-HISTORICAL-003393,SET-HISTORICAL-003393
LBL-HISTORICAL-003394,historical,,processing_fee,1,processor_fee,amount_tolerance,3,0,INT-HISTORICAL-003394,SET-HISTORICAL-003394
LBL-HISTORICAL-003395,historical,,exact_match,1,none,exact,0,0,INT-HISTORICAL-003395,SET-HISTORICAL-003395
LBL-HISTORICAL-003396,historical,,exact_match,1,none,exact,0,0,INT-HISTORICAL-003396,SET-HISTORICAL-003396
LBL-HISTORICAL-003397,historical,,exact_match,1,none,exact,0,0,INT-HISTORICAL-003397,SET-HISTORICAL-003397
LBL-HISTORICAL-003398,historical,,exact_match,1,none,exact,0,0,INT-HISTORICAL-003398,SET-HISTORICAL-003398
LBL-HISTORICAL-003399,historical,,processing_fee,1,processor_fee,amount_tolerance,5,0,INT-HISTORICAL-003399,SET-HISTORICAL-003399
LBL-HISTORICAL-003400,historical,,true_amount_mismatch,0,true_amount_mismatch,do_not_match,0,0,INT-HISTORICAL-003400,SET-HISTORICAL-003400
LBL-HISTORICAL-003401,historical,,rounding_difference,1,rounding,amount_tolerance,0,0,INT-HISTORICAL-003401,SET-HISTORICAL-003401
LBL-HISTORICAL-003402,historical,,exact_match,1,none,exact,0,0,INT-HISTORICAL-003402,SET-HISTORICAL-003402
LBL-HISTORICAL-003403,historical,,exact_match,1,none,exact,0,0,INT-HISTORICAL-003403,SET-HISTORICAL-003403
LBL-HISTORICAL-003404,historical,,exact_match,1,none,exact,0,0,INT-HISTORICAL-003404,SET-HISTORICAL-003404
LBL-HISTORICAL-003405,historical,,settlement_delay,1,t_plus_delay,date_tolerance,0,1,INT-HISTORICAL-003405,SET-HISTORICAL-003405
LBL-HISTORICAL-003406,historical,,exact_match,1,none,exact,0,0,INT-HISTORICAL-003406,SET-HISTORICAL-003406
LBL-HISTORICAL-003407,historical,,exact_match,1,none,exact,0,0,INT-HISTORICAL-003407,SET-HISTORICAL-003407
LBL-HISTORICAL-003408,historical,,exact_match,1,none,exact,0,0,INT-HISTORICAL-003408,SET-HISTORICAL-003408
LBL-HISTORICAL-003409,historical,,reference_format,1,reference_normalization,reference_normalization,0,0,INT-HISTORICAL-003409,SET-HISTORICAL-003409
LBL-HISTORICAL-003410,historical,,exact_match,1,none,exact,0,0,INT-HISTORICAL-003410,SET-HISTORICAL-003410
LBL-HISTORICAL-003411,historical,,settlement_delay,1,t_plus_delay,date_tolerance,0,1,INT-HISTORICAL-003411,SET-HISTORICAL-003411
LBL-HISTORICAL-003412,historical,,reference_format,1,reference_normalization,reference_normalization,0,0,INT-HISTORICAL-003412,SET-HISTORICAL-003412
LBL-HISTORICAL-003413,historical,,exact_match,1,none,exact,0,0,INT-HISTORICAL-003413,SET-HISTORICAL-003413
LBL-HISTORICAL-003414,historical,,exact_match,1,none,exact,0,0,INT-HISTORICAL-003414,SET-HISTORICAL-003414
LBL-HISTORICAL-003415,historical,,exact_match,1,none,exact,0,0,INT-HISTORICAL-003415,SET-HISTORICAL-003415
LBL-HISTORICAL-003416,historical,,reference_format,1,reference_normalization,reference_normalization,0,0,INT-HISTORICAL-003416,SET-HISTORICAL-003416
LBL-HISTORICAL-003417,historical,,settlement_delay,1,t_plus_delay,date_tolerance,0,1,INT-HISTORICAL-003417,SET-HISTORICAL-003417
LBL-HISTORICAL-003418,historical,,exact_match,1,none,exact,0,0,INT-HISTORICAL-003418,SET-HISTORICAL-003418
LBL-HISTORICAL-003419,historical,,processing_fee,1,processor_fee,amount_tolerance,3,0,INT-HISTORICAL-003419,SET-HISTORICAL-003419
LBL-HISTORICAL-003420,historical,,reference_format,1,reference_normalization,reference_normalization,0,0,INT-HISTORICAL-003420,SET-HISTORICAL-003420
LBL-HISTORICAL-003421,historical,,exact_match,1,none,exact,0,0,INT-HISTORICAL-003421,SET-HISTORICAL-003421
LBL-HISTORICAL-003422,historical,,exact_match,1,none,exact,0,0,INT-HISTORICAL-003422,SET-HISTORICAL-003422
LBL-HISTORICAL-003423,historical,,settlement_delay,1,t_plus_delay,date_tolerance,0,1,INT-HISTORICAL-003423,SET-HISTORICAL-003423
LBL-HISTORICAL-003424,historical,,exact_match,1,none,exact,0,0,INT-HISTORICAL-003424,SET-HISTORICAL-003424
LBL-HISTORICAL-003425,historical,,processing_fee,1,processor_fee,amount_tolerance,2,0,INT-HISTORICAL-003425,SET-HISTORICAL-003425
LBL-HISTORICAL-003426,historical,,true_amount_mismatch,0,true_amount_mismatch,do_not_match,0,0,INT-HISTORICAL-003426,SET-HISTORICAL-003426
LBL-HISTORICAL-003427,historical,,processing_fee,1,processor_fee,amount_tolerance,5,0,INT-HISTORICAL-003427,SET-HISTORICAL-003427
LBL-HISTORICAL-003428,historical,,exact_match,1,none,exact,0,0,INT-HISTORICAL-003428,SET-HISTORICAL-003428
LBL-HISTORICAL-003429,historical,,exact_match,1,none,exact,0,0,INT-HISTORICAL-003429,SET-HISTORICAL-003429
LBL-HISTORICAL-003430,historical,,duplicate_processor_record,1,duplicate,dedupe_then_match,0,0,INT-HISTORICAL-003430,SET-HISTORICAL-003430
LBL-HISTORICAL-003431,historical,,exact_match,1,none,exact,0,0,INT-HISTORICAL-003431,SET-HISTORICAL-003431
LBL-HISTORICAL-003432,historical,,processing_fee,1,processor_fee,amount_tolerance,2,0,INT-HISTORICAL-003432,SET-HISTORICAL-003432
LBL-HISTORICAL-003433,historical,,reference_format,1,reference_normalization,reference_normalization,0,0,INT-HISTORICAL-003433,SET-HISTORICAL-003433
LBL-HISTORICAL-003434,historical,,exact_match,1,none,exact,0,0,INT-HISTORICAL-003434,SET-HISTORICAL-003434
LBL-HISTORICAL-003435,historical,,exact_match,1,none,exact,0,0,INT-HISTORICAL-003435,SET-HISTORICAL-003435
LBL-HISTORICAL-003436,historical,,exact_match,1,none,exact,0,0,INT-HISTORICAL-003436,SET-HISTORICAL-003436
LBL-HISTORICAL-003437,historical,,exact_match,1,none,exact,0,0,INT-HISTORICAL-003437,SET-HISTORICAL-003437
LBL-HISTORICAL-003438,historical,,exact_match,1,none,exact,0,0,INT-HISTORICAL-003438,SET-HISTORICAL-003438
LBL-HISTORICAL-003439,historical,,exact_match,1,none,exact,0,0,INT-HISTORICAL-003439,SET-HISTORICAL-003439
LBL-HISTORICAL-003440,historical,,exact_match,1,none,exact,0,0,INT-HISTORICAL-003440,SET-HISTORICAL-003440
LBL-HISTORICAL-003441,historical,,exact_match,1,none,exact,0,0,INT-HISTORICAL-003441,SET-HISTORICAL-003441
LBL-HISTORICAL-003442,historical,,exact_match,1,none,exact,0,0,INT-HISTORICAL-003442,SET-HISTORICAL-003442
LBL-HISTORICAL-003443,historical,,settlement_delay,1,t_plus_delay,date_tolerance,0,1,INT-HISTORICAL-003443,SET-HISTORICAL-003443
LBL-HISTORICAL-003444,historical,,exact_match,1,none,exact,0,0,INT-HISTORICAL-003444,SET-HISTORICAL-003444
LBL-HISTORICAL-003445,historical,,exact_match,1,none,exact,0,0,INT-HISTORICAL-003445,SET-HISTORICAL-003445
LBL-HISTORICAL-003446,historical,,exact_match,1,none,exact,0,0,INT-HISTORICAL-003446,SET-HISTORICAL-003446
LBL-HISTORICAL-003447,historical,,exact_match,1,none,exact,0,0,INT-HISTORICAL-003447,SET-HISTORICAL-003447
LBL-HISTORICAL-003448,historical,,exact_match,1,none,exact,0,0,INT-HISTORICAL-003448,SET-HISTORICAL-003448
LBL-HISTORICAL-003449,historical,,exact_match,1,none,exact,0,0,INT-HISTORICAL-003449,SET-HISTORICAL-003449
LBL-HISTORICAL-003450,historical,,exact_match,1,none,exact,0,0,INT-HISTORICAL-003450,SET-HISTORICAL-003450
LBL-HISTORICAL-003451,historical,,rounding_difference,1,rounding,amount_tolerance,0,0,INT-HISTORICAL-003451,SET-HISTORICAL-003451
LBL-HISTORICAL-003452,historical,,exact_match,1,none,exact,0,0,INT-HISTORICAL-003452,SET-HISTORICAL-003452
LBL-HISTORICAL-003453,historical,,true_amount_mismatch,0,true_amount_mismatch,do_not_match,0,0,INT-HISTORICAL-003453,SET-HISTORICAL-003453
LBL-HISTORICAL-003454,historical,,exact_match,1,none,exact,0,0,INT-HISTORICAL-003454,SET-HISTORICAL-003454
LBL-HISTORICAL-003455,historical,,processing_fee,1,processor_fee,amount_tolerance,2,0,INT-HISTORICAL-003455,SET-HISTORICAL-003455
LBL-HISTORICAL-003456,historical,,processing_fee,1,processor_fee,amount_tolerance,2,0,INT-HISTORICAL-003456,SET-HISTORICAL-003456
LBL-HISTORICAL-003457,historical,,exact_match,1,none,exact,0,0,INT-HISTORICAL-003457,SET-HISTORICAL-003457
LBL-HISTORICAL-003458,historical,,exact_match,1,none,exact,0,0,INT-HISTORICAL-003458,SET-HISTORICAL-003458
LBL-HISTORICAL-003459,historical,,exact_match,1,none,exact,0,0,INT-HISTORICAL-003459,SET-HISTORICAL-003459
LBL-HISTORICAL-003460,historical,,reference_format,1,reference_normalization,reference_normalization,0,0,INT-HISTORICAL-003460,SET-HISTORICAL-003460
LBL-HISTORICAL-003461,historical,,exact_match,1,none,exact,0,0,INT-HISTORICAL-003461,SET-HISTORICAL-003461
LBL-HISTORICAL-003462,historical,,true_amount_mismatch,0,true_amount_mismatch,do_not_match,0,0,INT-HISTORICAL-003462,SET-HISTORICAL-003462
LBL-HISTORICAL-003463,historical,,exact_match,1,none,exact,0,0,INT-HISTORICAL-003463,SET-HISTORICAL-003463
LBL-HISTORICAL-003464,historical,,exact_match,1,none,exact,0,0,INT-HISTORICAL-003464,SET-HISTORICAL-003464
LBL-HISTORICAL-003465,historical,,processing_fee,1,processor_fee,amount_tolerance,2,0,INT-HISTORICAL-003465,SET-HISTORICAL-003465
LBL-HISTORICAL-003466,historical,,exact_match,1,none,exact,0,0,INT-HISTORICAL-003466,SET-HISTORICAL-003466
LBL-HISTORICAL-003467,historical,,exact_match,1,none,exact,0,0,INT-HISTORICAL-003467,SET-HISTORICAL-003467
LBL-HISTORICAL-003468,historical,,exact_match,1,none,exact,0,0,INT-HISTORICAL-003468,SET-HISTORICAL-003468
LBL-HISTORICAL-003469,historical,,exact_match,1,none,exact,0,0,INT-HISTORICAL-003469,SET-HISTORICAL-003469
LBL-HISTORICAL-003470,historical,,exact_match,1,none,exact,0,0,INT-HISTORICAL-003470,SET-HISTORICAL-003470
LBL-HISTORICAL-003471,historical,,exact_match,1,none,exact,0,0,INT-HISTORICAL-003471,SET-HISTORICAL-003471
LBL-HISTORICAL-003472,historical,,true_amount_mismatch,0,true_amount_mismatch,do_not_match,0,0,INT-HISTORICAL-003472,SET-HISTORICAL-003472
LBL-HISTORICAL-003473,historical,,exact_match,1,none,exact,0,0,INT-HISTORICAL-003473,SET-HISTORICAL-003473
LBL-HISTORICAL-003474,historical,,exact_match,1,none,exact,0,0,INT-HISTORICAL-003474,SET-HISTORICAL-003474
LBL-HISTORICAL-003475,historical,,exact_match,1,none,exact,0,0,INT-HISTORICAL-003475,SET-HISTORICAL-003475
LBL-HISTORICAL-003476,historical,,settlement_delay,1,t_plus_delay,date_tolerance,0,2,INT-HISTORICAL-003476,SET-HISTORICAL-003476
LBL-HISTORICAL-003477,historical,,exact_match,1,none,exact,0,0,INT-HISTORICAL-003477,SET-HISTORICAL-003477
LBL-HISTORICAL-003478,historical,,exact_match,1,none,exact,0,0,INT-HISTORICAL-003478,SET-HISTORICAL-003478
LBL-HISTORICAL-003479,historical,,exact_match,1,none,exact,0,0,INT-HISTORICAL-003479,SET-HISTORICAL-003479
LBL-HISTORICAL-003480,historical,,exact_match,1,none,exact,0,0,INT-HISTORICAL-003480,SET-HISTORICAL-003480
LBL-HISTORICAL-003481,historical,,rounding_difference,1,rounding,amount_tolerance,0,0,INT-HISTORICAL-003481,SET-HISTORICAL-003481
LBL-HISTORICAL-003482,historical,,exact_match,1,none,exact,0,0,INT-HISTORICAL-003482,SET-HISTORICAL-003482
LBL-HISTORICAL-003483,historical,,exact_match,1,none,exact,0,0,INT-HISTORICAL-003483,SET-HISTORICAL-003483
LBL-HISTORICAL-003484,historical,,exact_match,1,none,exact,0,0,INT-HISTORICAL-003484,SET-HISTORICAL-003484
LBL-HISTORICAL-003485,historical,,exact_match,1,none,exact,0,0,INT-HISTORICAL-003485,SET-HISTORICAL-003485
LBL-HISTORICAL-003486,historical,,exact_match,1,none,exact,0,0,INT-HISTORICAL-003486,SET-HISTORICAL-003486
LBL-HISTORICAL-003487,historical,,rounding_difference,1,rounding,amount_tolerance,0,0,INT-HISTORICAL-003487,SET-HISTORICAL-003487
LBL-HISTORICAL-003488,historical,,exact_match,1,none,exact,0,0,INT-HISTORICAL-003488,SET-HISTORICAL-003488
LBL-HISTORICAL-003489,historical,,exact_match,1,none,exact,0,0,INT-HISTORICAL-003489,SET-HISTORICAL-003489
LBL-HISTORICAL-003490,historical,,exact_match,1,none,exact,0,0,INT-HISTORICAL-003490,SET-HISTORICAL-003490
LBL-HISTORICAL-003491,historical,,reference_format,1,reference_normalization,reference_normalization,0,0,INT-HISTORICAL-003491,SET-HISTORICAL-003491
LBL-HISTORICAL-003492,historical,,processing_fee,1,processor_fee,amount_tolerance,5,0,INT-HISTORICAL-003492,SET-HISTORICAL-003492
LBL-HISTORICAL-003493,historical,,exact_match,1,none,exact,0,0,INT-HISTORICAL-003493,SET-HISTORICAL-003493
LBL-HISTORICAL-003494,historical,,exact_match,1,none,exact,0,0,INT-HISTORICAL-003494,SET-HISTORICAL-003494
LBL-HISTORICAL-003495,historical,,exact_match,1,none,exact,0,0,INT-HISTORICAL-003495,SET-HISTORICAL-003495
LBL-HISTORICAL-003496,historical,,exact_match,1,none,exact,0,0,INT-HISTORICAL-003496,SET-HISTORICAL-003496
LBL-HISTORICAL-003497,historical,,exact_match,1,none,exact,0,0,INT-HISTORICAL-003497,SET-HISTORICAL-003497
LBL-HISTORICAL-003498,historical,,exact_match,1,none,exact,0,0,INT-HISTORICAL-003498,SET-HISTORICAL-003498
LBL-HISTORICAL-003499,historical,,rounding_difference,1,rounding,amount_tolerance,0,0,INT-HISTORICAL-003499,SET-HISTORICAL-003499
LBL-HISTORICAL-003500,historical,,settlement_delay,1,t_plus_delay,date_tolerance,0,1,INT-HISTORICAL-003500,SET-HISTORICAL-003500
LBL-HISTORICAL-003501,historical,,exact_match,1,none,exact,0,0,INT-HISTORICAL-003501,SET-HISTORICAL-003501
LBL-HISTORICAL-003502,historical,,exact_match,1,none,exact,0,0,INT-HISTORICAL-003502,SET-HISTORICAL-003502
LBL-HISTORICAL-003503,historical,,exact_match,1,none,exact,0,0,INT-HISTORICAL-003503,SET-HISTORICAL-003503
LBL-HISTORICAL-003504,historical,,exact_match,1,none,exact,0,0,INT-HISTORICAL-003504,SET-HISTORICAL-003504
LBL-HISTORICAL-003505,historical,,exact_match,1,none,exact,0,0,INT-HISTORICAL-003505,SET-HISTORICAL-003505
LBL-HISTORICAL-003506,historical,,exact_match,1,none,exact,0,0,INT-HISTORICAL-003506,SET-HISTORICAL-003506
LBL-HISTORICAL-003507,historical,,exact_match,1,none,exact,0,0,INT-HISTORICAL-003507,SET-HISTORICAL-003507
LBL-HISTORICAL-003508,historical,,reference_format,1,reference_normalization,reference_normalization,0,0,INT-HISTORICAL-003508,SET-HISTORICAL-003508
LBL-HISTORICAL-003509,historical,,exact_match,1,none,exact,0,0,INT-HISTORICAL-003509,SET-HISTORICAL-003509
LBL-HISTORICAL-003510,historical,,exact_match,1,none,exact,0,0,INT-HISTORICAL-003510,SET-HISTORICAL-003510
LBL-HISTORICAL-003511,historical,,exact_match,1,none,exact,0,0,INT-HISTORICAL-003511,SET-HISTORICAL-003511
LBL-HISTORICAL-003512,historical,,exact_match,1,none,exact,0,0,INT-HISTORICAL-003512,SET-HISTORICAL-003512
LBL-HISTORICAL-003513,historical,,duplicate_processor_record,1,duplicate,dedupe_then_match,0,0,INT-HISTORICAL-003513,SET-HISTORICAL-003513
LBL-HISTORICAL-003514,historical,,exact_match,1,none,exact,0,0,INT-HISTORICAL-003514,SET-HISTORICAL-003514
LBL-HISTORICAL-003515,historical,,settlement_delay,1,t_plus_delay,date_tolerance,0,1,INT-HISTORICAL-003515,SET-HISTORICAL-003515
LBL-HISTORICAL-003516,historical,,true_amount_mismatch,0,true_amount_mismatch,do_not_match,0,0,INT-HISTORICAL-003516,SET-HISTORICAL-003516
LBL-HISTORICAL-003517,historical,,reference_format,1,reference_normalization,reference_normalization,0,0,INT-HISTORICAL-003517,SET-HISTORICAL-003517
LBL-HISTORICAL-003518,historical,,reference_format,1,reference_normalization,reference_normalization,0,0,INT-HISTORICAL-003518,SET-HISTORICAL-003518
LBL-HISTORICAL-003519,historical,,settlement_delay,1,t_plus_delay,date_tolerance,0,1,INT-HISTORICAL-003519,SET-HISTORICAL-003519
LBL-HISTORICAL-003520,historical,,exact_match,1,none,exact,0,0,INT-HISTORICAL-003520,SET-HISTORICAL-003520
LBL-HISTORICAL-003521,historical,,exact_match,1,none,exact,0,0,INT-HISTORICAL-003521,SET-HISTORICAL-003521
LBL-HISTORICAL-003522,historical,,exact_match,1,none,exact,0,0,INT-HISTORICAL-003522,SET-HISTORICAL-003522
LBL-HISTORICAL-003523,historical,,reference_format,1,reference_normalization,reference_normalization,0,0,INT-HISTORICAL-003523,SET-HISTORICAL-003523
LBL-HISTORICAL-003524,historical,,settlement_delay,1,t_plus_delay,date_tolerance,0,1,INT-HISTORICAL-003524,SET-HISTORICAL-003524
LBL-HISTORICAL-003525,historical,,exact_match,1,none,exact,0,0,INT-HISTORICAL-003525,SET-HISTORICAL-003525
LBL-HISTORICAL-003526,historical,,exact_match,1,none,exact,0,0,INT-HISTORICAL-003526,SET-HISTORICAL-003526
LBL-HISTORICAL-003527,historical,,exact_match,1,none,exact,0,0,INT-HISTORICAL-003527,SET-HISTORICAL-003527
LBL-HISTORICAL-003528,historical,,true_amount_mismatch,0,true_amount_mismatch,do_not_match,0,0,INT-HISTORICAL-003528,SET-HISTORICAL-003528
LBL-HISTORICAL-003529,historical,,exact_match,1,none,exact,0,0,INT-HISTORICAL-003529,SET-HISTORICAL-003529
LBL-HISTORICAL-003530,historical,,rounding_difference,1,rounding,amount_tolerance,0,0,INT-HISTORICAL-003530,SET-HISTORICAL-003530
LBL-HISTORICAL-003531,historical,,currency_mismatch,0,currency_mismatch,do_not_match,0,0,INT-HISTORICAL-003531,SET-HISTORICAL-003531
LBL-HISTORICAL-003532,historical,,exact_match,1,none,exact,0,0,INT-HISTORICAL-003532,SET-HISTORICAL-003532
LBL-HISTORICAL-003533,historical,,exact_match,1,none,exact,0,0,INT-HISTORICAL-003533,SET-HISTORICAL-003533
LBL-HISTORICAL-003534,historical,,exact_match,1,none,exact,0,0,INT-HISTORICAL-003534,SET-HISTORICAL-003534
LBL-HISTORICAL-003535,historical,,exact_match,1,none,exact,0,0,INT-HISTORICAL-003535,SET-HISTORICAL-003535
LBL-HISTORICAL-003536,historical,,exact_match,1,none,exact,0,0,INT-HISTORICAL-003536,SET-HISTORICAL-003536
LBL-HISTORICAL-003537,historical,,exact_match,1,none,exact,0,0,INT-HISTORICAL-003537,SET-HISTORICAL-003537
LBL-HISTORICAL-003538,historical,,exact_match,1,none,exact,0,0,INT-HISTORICAL-003538,SET-HISTORICAL-003538
LBL-HISTORICAL-003539,historical,,exact_match,1,none,exact,0,0,INT-HISTORICAL-003539,SET-HISTORICAL-003539
LBL-HISTORICAL-003540,historical,,exact_match,1,none,exact,0,0,INT-HISTORICAL-003540,SET-HISTORICAL-003540
LBL-HISTORICAL-003541,historical,,exact_match,1,none,exact,0,0,INT-HISTORICAL-003541,SET-HISTORICAL-003541
LBL-HISTORICAL-003542,historical,,duplicate_processor_record,1,duplicate,dedupe_then_match,0,0,INT-HISTORICAL-003542,SET-HISTORICAL-003542
LBL-HISTORICAL-003543,historical,,reference_format,1,reference_normalization,reference_normalization,0,0,INT-HISTORICAL-003543,SET-HISTORICAL-003543
LBL-HISTORICAL-003544,historical,,settlement_delay,1,t_plus_delay,date_tolerance,0,1,INT-HISTORICAL-003544,SET-HISTORICAL-003544
LBL-HISTORICAL-003545,historical,,exact_match,1,none,exact,0,0,INT-HISTORICAL-003545,SET-HISTORICAL-003545
LBL-HISTORICAL-003546,historical,,exact_match,1,none,exact,0,0,INT-HISTORICAL-003546,SET-HISTORICAL-003546
LBL-HISTORICAL-003547,historical,,settlement_delay,1,t_plus_delay,date_tolerance,0,1,INT-HISTORICAL-003547,SET-HISTORICAL-003547
LBL-HISTORICAL-003548,historical,,exact_match,1,none,exact,0,0,INT-HISTORICAL-003548,SET-HISTORICAL-003548
LBL-HISTORICAL-003549,historical,,exact_match,1,none,exact,0,0,INT-HISTORICAL-003549,SET-HISTORICAL-003549
LBL-HISTORICAL-003550,historical,,exact_match,1,none,exact,0,0,INT-HISTORICAL-003550,SET-HISTORICAL-003550
LBL-HISTORICAL-003551,historical,,exact_match,1,none,exact,0,0,INT-HISTORICAL-003551,SET-HISTORICAL-003551
LBL-HISTORICAL-003552,historical,,exact_match,1,none,exact,0,0,INT-HISTORICAL-003552,SET-HISTORICAL-003552
LBL-HISTORICAL-003553,historical,,exact_match,1,none,exact,0,0,INT-HISTORICAL-003553,SET-HISTORICAL-003553
LBL-HISTORICAL-003554,historical,,exact_match,1,none,exact,0,0,INT-HISTORICAL-003554,SET-HISTORICAL-003554
LBL-HISTORICAL-003555,historical,,exact_match,1,none,exact,0,0,INT-HISTORICAL-003555,SET-HISTORICAL-003555
LBL-HISTORICAL-003556,historical,,settlement_delay,1,t_plus_delay,date_tolerance,0,1,INT-HISTORICAL-003556,SET-HISTORICAL-003556
LBL-HISTORICAL-003557,historical,,exact_match,1,none,exact,0,0,INT-HISTORICAL-003557,SET-HISTORICAL-003557
LBL-HISTORICAL-003558,historical,,exact_match,1,none,exact,0,0,INT-HISTORICAL-003558,SET-HISTORICAL-003558
LBL-HISTORICAL-003559,historical,,true_amount_mismatch,0,true_amount_mismatch,do_not_match,0,0,INT-HISTORICAL-003559,SET-HISTORICAL-003559
LBL-HISTORICAL-003560,historical,,exact_match,1,none,exact,0,0,INT-HISTORICAL-003560,SET-HISTORICAL-003560
LBL-HISTORICAL-003561,historical,,exact_match,1,none,exact,0,0,INT-HISTORICAL-003561,SET-HISTORICAL-003561
LBL-HISTORICAL-003562,historical,,exact_match,1,none,exact,0,0,INT-HISTORICAL-003562,SET-HISTORICAL-003562
LBL-HISTORICAL-003563,historical,,reference_format,1,reference_normalization,reference_normalization,0,0,INT-HISTORICAL-003563,SET-HISTORICAL-003563
LBL-HISTORICAL-003564,historical,,exact_match,1,none,exact,0,0,INT-HISTORICAL-003564,SET-HISTORICAL-003564
LBL-HISTORICAL-003565,historical,,settlement_delay,1,t_plus_delay,date_tolerance,0,1,INT-HISTORICAL-003565,SET-HISTORICAL-003565
LBL-HISTORICAL-003566,historical,,exact_match,1,none,exact,0,0,INT-HISTORICAL-003566,SET-HISTORICAL-003566
LBL-HISTORICAL-003567,historical,,exact_match,1,none,exact,0,0,INT-HISTORICAL-003567,SET-HISTORICAL-003567
LBL-HISTORICAL-003568,historical,,exact_match,1,none,exact,0,0,INT-HISTORICAL-003568,SET-HISTORICAL-003568
LBL-HISTORICAL-003569,historical,,exact_match,1,none,exact,0,0,INT-HISTORICAL-003569,SET-HISTORICAL-003569
LBL-HISTORICAL-003570,historical,,settlement_delay,1,t_plus_delay,date_tolerance,0,1,INT-HISTORICAL-003570,SET-HISTORICAL-003570
LBL-HISTORICAL-003571,historical,,reference_format,1,reference_normalization,reference_normalization,0,0,INT-HISTORICAL-003571,SET-HISTORICAL-003571
LBL-HISTORICAL-003572,historical,,exact_match,1,none,exact,0,0,INT-HISTORICAL-003572,SET-HISTORICAL-003572
LBL-HISTORICAL-003573,historical,,duplicate_processor_record,1,duplicate,dedupe_then_match,0,0,INT-HISTORICAL-003573,SET-HISTORICAL-003573
LBL-HISTORICAL-003574,historical,,exact_match,1,none,exact,0,0,INT-HISTORICAL-003574,SET-HISTORICAL-003574
LBL-HISTORICAL-003575,historical,,exact_match,1,none,exact,0,0,INT-HISTORICAL-003575,SET-HISTORICAL-003575
LBL-HISTORICAL-003576,historical,,settlement_delay,1,t_plus_delay,date_tolerance,0,2,INT-HISTORICAL-003576,SET-HISTORICAL-003576
LBL-HISTORICAL-003577,historical,,processing_fee,1,processor_fee,amount_tolerance,1,0,INT-HISTORICAL-003577,SET-HISTORICAL-003577
LBL-HISTORICAL-003578,historical,,exact_match,1,none,exact,0,0,INT-HISTORICAL-003578,SET-HISTORICAL-003578
LBL-HISTORICAL-003579,historical,,exact_match,1,none,exact,0,0,INT-HISTORICAL-003579,SET-HISTORICAL-003579
LBL-HISTORICAL-003580,historical,,exact_match,1,none,exact,0,0,INT-HISTORICAL-003580,SET-HISTORICAL-003580
LBL-HISTORICAL-003581,historical,,exact_match,1,none,exact,0,0,INT-HISTORICAL-003581,SET-HISTORICAL-003581
LBL-HISTORICAL-003582,historical,,exact_match,1,none,exact,0,0,INT-HISTORICAL-003582,SET-HISTORICAL-003582
LBL-HISTORICAL-003583,historical,,exact_match,1,none,exact,0,0,INT-HISTORICAL-003583,SET-HISTORICAL-003583
LBL-HISTORICAL-003584,historical,,exact_match,1,none,exact,0,0,INT-HISTORICAL-003584,SET-HISTORICAL-003584
LBL-HISTORICAL-003585,historical,,settlement_delay,1,t_plus_delay,date_tolerance,0,1,INT-HISTORICAL-003585,SET-HISTORICAL-003585
LBL-HISTORICAL-003586,historical,,processing_fee,1,processor_fee,amount_tolerance,3,0,INT-HISTORICAL-003586,SET-HISTORICAL-003586
LBL-HISTORICAL-003587,historical,,exact_match,1,none,exact,0,0,INT-HISTORICAL-003587,SET-HISTORICAL-003587
LBL-HISTORICAL-003588,historical,,exact_match,1,none,exact,0,0,INT-HISTORICAL-003588,SET-HISTORICAL-003588
LBL-HISTORICAL-003589,historical,,processing_fee,1,processor_fee,amount_tolerance,2,0,INT-HISTORICAL-003589,SET-HISTORICAL-003589
LBL-HISTORICAL-003590,historical,,processing_fee,1,processor_fee,amount_tolerance,2,0,INT-HISTORICAL-003590,SET-HISTORICAL-003590
LBL-HISTORICAL-003591,historical,,exact_match,1,none,exact,0,0,INT-HISTORICAL-003591,SET-HISTORICAL-003591
LBL-HISTORICAL-003592,historical,,exact_match,1,none,exact,0,0,INT-HISTORICAL-003592,SET-HISTORICAL-003592
LBL-HISTORICAL-003593,historical,,reference_format,1,reference_normalization,reference_normalization,0,0,INT-HISTORICAL-003593,SET-HISTORICAL-003593
LBL-HISTORICAL-003594,historical,,exact_match,1,none,exact,0,0,INT-HISTORICAL-003594,SET-HISTORICAL-003594
LBL-HISTORICAL-003595,historical,,processing_fee,1,processor_fee,amount_tolerance,3,0,INT-HISTORICAL-003595,SET-HISTORICAL-003595
LBL-HISTORICAL-003596,historical,,exact_match,1,none,exact,0,0,INT-HISTORICAL-003596,SET-HISTORICAL-003596
LBL-HISTORICAL-003597,historical,,exact_match,1,none,exact,0,0,INT-HISTORICAL-003597,SET-HISTORICAL-003597
LBL-HISTORICAL-003598,historical,,exact_match,1,none,exact,0,0,INT-HISTORICAL-003598,SET-HISTORICAL-003598
LBL-HISTORICAL-003599,historical,,true_amount_mismatch,0,true_amount_mismatch,do_not_match,0,0,INT-HISTORICAL-003599,SET-HISTORICAL-003599
LBL-HISTORICAL-003600,historical,,reference_format,1,reference_normalization,reference_normalization,0,0,INT-HISTORICAL-003600,SET-HISTORICAL-003600
LBL-HISTORICAL-003601,historical,,exact_match,1,none,exact,0,0,INT-HISTORICAL-003601,SET-HISTORICAL-003601
LBL-HISTORICAL-003602,historical,,exact_match,1,none,exact,0,0,INT-HISTORICAL-003602,SET-HISTORICAL-003602
LBL-HISTORICAL-003603,historical,,exact_match,1,none,exact,0,0,INT-HISTORICAL-003603,SET-HISTORICAL-003603
LBL-HISTORICAL-003604,historical,,exact_match,1,none,exact,0,0,INT-HISTORICAL-003604,SET-HISTORICAL-003604
LBL-HISTORICAL-003605,historical,,exact_match,1,none,exact,0,0,INT-HISTORICAL-003605,SET-HISTORICAL-003605
LBL-HISTORICAL-003606,historical,,processing_fee,1,processor_fee,amount_tolerance,3,0,INT-HISTORICAL-003606,SET-HISTORICAL-003606
LBL-HISTORICAL-003607,historical,,exact_match,1,none,exact,0,0,INT-HISTORICAL-003607,SET-HISTORICAL-003607
LBL-HISTORICAL-003608,historical,,exact_match,1,none,exact,0,0,INT-HISTORICAL-003608,SET-HISTORICAL-003608
LBL-HISTORICAL-003609,historical,,currency_mismatch,0,currency_mismatch,do_not_match,0,0,INT-HISTORICAL-003609,SET-HISTORICAL-003609
LBL-HISTORICAL-003610,historical,,exact_match,1,none,exact,0,0,INT-HISTORICAL-003610,SET-HISTORICAL-003610
LBL-HISTORICAL-003611,historical,,exact_match,1,none,exact,0,0,INT-HISTORICAL-003611,SET-HISTORICAL-003611
LBL-HISTORICAL-003612,historical,,settlement_delay,1,t_plus_delay,date_tolerance,0,1,INT-HISTORICAL-003612,SET-HISTORICAL-003612
LBL-HISTORICAL-003613,historical,,exact_match,1,none,exact,0,0,INT-HISTORICAL-003613,SET-HISTORICAL-003613
LBL-HISTORICAL-003614,historical,,exact_match,1,none,exact,0,0,INT-HISTORICAL-003614,SET-HISTORICAL-003614
LBL-HISTORICAL-003615,historical,,true_amount_mismatch,0,true_amount_mismatch,do_not_match,0,0,INT-HISTORICAL-003615,SET-HISTORICAL-003615
LBL-HISTORICAL-003616,historical,,exact_match,1,none,exact,0,0,INT-HISTORICAL-003616,SET-HISTORICAL-003616
LBL-HISTORICAL-003617,historical,,exact_match,1,none,exact,0,0,INT-HISTORICAL-003617,SET-HISTORICAL-003617
LBL-HISTORICAL-003618,historical,,settlement_delay,1,t_plus_delay,date_tolerance,0,2,INT-HISTORICAL-003618,SET-HISTORICAL-003618
LBL-HISTORICAL-003619,historical,,exact_match,1,none,exact,0,0,INT-HISTORICAL-003619,SET-HISTORICAL-003619
LBL-HISTORICAL-003620,historical,,processing_fee,1,processor_fee,amount_tolerance,3,0,INT-HISTORICAL-003620,SET-HISTORICAL-003620
LBL-HISTORICAL-003621,historical,,settlement_delay,1,t_plus_delay,date_tolerance,0,1,INT-HISTORICAL-003621,SET-HISTORICAL-003621
LBL-HISTORICAL-003622,historical,,processing_fee,1,processor_fee,amount_tolerance,5,0,INT-HISTORICAL-003622,SET-HISTORICAL-003622
LBL-HISTORICAL-003623,historical,,settlement_delay,1,t_plus_delay,date_tolerance,0,2,INT-HISTORICAL-003623,SET-HISTORICAL-003623
LBL-HISTORICAL-003624,historical,,exact_match,1,none,exact,0,0,INT-HISTORICAL-003624,SET-HISTORICAL-003624
LBL-HISTORICAL-003625,historical,,processing_fee,1,processor_fee,amount_tolerance,3,0,INT-HISTORICAL-003625,SET-HISTORICAL-003625
LBL-HISTORICAL-003626,historical,,duplicate_processor_record,1,duplicate,dedupe_then_match,0,0,INT-HISTORICAL-003626,SET-HISTORICAL-003626
LBL-HISTORICAL-003627,historical,,currency_mismatch,0,currency_mismatch,do_not_match,0,0,INT-HISTORICAL-003627,SET-HISTORICAL-003627
LBL-HISTORICAL-003628,historical,,exact_match,1,none,exact,0,0,INT-HISTORICAL-003628,SET-HISTORICAL-003628
LBL-HISTORICAL-003629,historical,,reference_format,1,reference_normalization,reference_normalization,0,0,INT-HISTORICAL-003629,SET-HISTORICAL-003629
LBL-HISTORICAL-003630,historical,,exact_match,1,none,exact,0,0,INT-HISTORICAL-003630,SET-HISTORICAL-003630
LBL-HISTORICAL-003631,historical,,currency_mismatch,0,currency_mismatch,do_not_match,0,0,INT-HISTORICAL-003631,SET-HISTORICAL-003631
LBL-HISTORICAL-003632,historical,,processing_fee,1,processor_fee,amount_tolerance,3,0,INT-HISTORICAL-003632,SET-HISTORICAL-003632
LBL-HISTORICAL-003633,historical,,exact_match,1,none,exact,0,0,INT-HISTORICAL-003633,SET-HISTORICAL-003633
LBL-HISTORICAL-003634,historical,,exact_match,1,none,exact,0,0,INT-HISTORICAL-003634,SET-HISTORICAL-003634
LBL-HISTORICAL-003635,historical,,exact_match,1,none,exact,0,0,INT-HISTORICAL-003635,SET-HISTORICAL-003635
LBL-HISTORICAL-003636,historical,,exact_match,1,none,exact,0,0,INT-HISTORICAL-003636,SET-HISTORICAL-003636
LBL-HISTORICAL-003637,historical,,exact_match,1,none,exact,0,0,INT-HISTORICAL-003637,SET-HISTORICAL-003637
LBL-HISTORICAL-003638,historical,,currency_mismatch,0,currency_mismatch,do_not_match,0,0,INT-HISTORICAL-003638,SET-HISTORICAL-003638
LBL-HISTORICAL-003639,historical,,exact_match,1,none,exact,0,0,INT-HISTORICAL-003639,SET-HISTORICAL-003639
LBL-HISTORICAL-003640,historical,,exact_match,1,none,exact,0,0,INT-HISTORICAL-003640,SET-HISTORICAL-003640
LBL-HISTORICAL-003641,historical,,exact_match,1,none,exact,0,0,INT-HISTORICAL-003641,SET-HISTORICAL-003641
LBL-HISTORICAL-003642,historical,,exact_match,1,none,exact,0,0,INT-HISTORICAL-003642,SET-HISTORICAL-003642
LBL-HISTORICAL-003643,historical,,true_amount_mismatch,0,true_amount_mismatch,do_not_match,0,0,INT-HISTORICAL-003643,SET-HISTORICAL-003643
LBL-HISTORICAL-003644,historical,,exact_match,1,none,exact,0,0,INT-HISTORICAL-003644,SET-HISTORICAL-003644
LBL-HISTORICAL-003645,historical,,exact_match,1,none,exact,0,0,INT-HISTORICAL-003645,SET-HISTORICAL-003645
LBL-HISTORICAL-003646,historical,,rounding_difference,1,rounding,amount_tolerance,0,0,INT-HISTORICAL-003646,SET-HISTORICAL-003646
LBL-HISTORICAL-003647,historical,,exact_match,1,none,exact,0,0,INT-HISTORICAL-003647,SET-HISTORICAL-003647
LBL-HISTORICAL-003648,historical,,processing_fee,1,processor_fee,amount_tolerance,2,0,INT-HISTORICAL-003648,SET-HISTORICAL-003648
LBL-HISTORICAL-003649,historical,,exact_match,1,none,exact,0,0,INT-HISTORICAL-003649,SET-HISTORICAL-003649
LBL-HISTORICAL-003650,historical,,exact_match,1,none,exact,0,0,INT-HISTORICAL-003650,SET-HISTORICAL-003650
LBL-HISTORICAL-003651,historical,,exact_match,1,none,exact,0,0,INT-HISTORICAL-003651,SET-HISTORICAL-003651
LBL-HISTORICAL-003652,historical,,exact_match,1,none,exact,0,0,INT-HISTORICAL-003652,SET-HISTORICAL-003652
LBL-HISTORICAL-003653,historical,,settlement_delay,1,t_plus_delay,date_tolerance,0,2,INT-HISTORICAL-003653,SET-HISTORICAL-003653
LBL-HISTORICAL-003654,historical,,duplicate_processor_record,1,duplicate,dedupe_then_match,0,0,INT-HISTORICAL-003654,SET-HISTORICAL-003654
LBL-HISTORICAL-003655,historical,,exact_match,1,none,exact,0,0,INT-HISTORICAL-003655,SET-HISTORICAL-003655
LBL-HISTORICAL-003656,historical,,exact_match,1,none,exact,0,0,INT-HISTORICAL-003656,SET-HISTORICAL-003656
LBL-HISTORICAL-003657,historical,,exact_match,1,none,exact,0,0,INT-HISTORICAL-003657,SET-HISTORICAL-003657
LBL-HISTORICAL-003658,historical,,exact_match,1,none,exact,0,0,INT-HISTORICAL-003658,SET-HISTORICAL-003658
LBL-HISTORICAL-003659,historical,,rounding_difference,1,rounding,amount_tolerance,0,0,INT-HISTORICAL-003659,SET-HISTORICAL-003659
LBL-HISTORICAL-003660,historical,,exact_match,1,none,exact,0,0,INT-HISTORICAL-003660,SET-HISTORICAL-003660
LBL-HISTORICAL-003661,historical,,exact_match,1,none,exact,0,0,INT-HISTORICAL-003661,SET-HISTORICAL-003661
LBL-HISTORICAL-003662,historical,,exact_match,1,none,exact,0,0,INT-HISTORICAL-003662,SET-HISTORICAL-003662
LBL-HISTORICAL-003663,historical,,exact_match,1,none,exact,0,0,INT-HISTORICAL-003663,SET-HISTORICAL-003663
LBL-HISTORICAL-003664,historical,,settlement_delay,1,t_plus_delay,date_tolerance,0,1,INT-HISTORICAL-003664,SET-HISTORICAL-003664
LBL-HISTORICAL-003665,historical,,exact_match,1,none,exact,0,0,INT-HISTORICAL-003665,SET-HISTORICAL-003665
LBL-HISTORICAL-003666,historical,,exact_match,1,none,exact,0,0,INT-HISTORICAL-003666,SET-HISTORICAL-003666
LBL-HISTORICAL-003667,historical,,exact_match,1,none,exact,0,0,INT-HISTORICAL-003667,SET-HISTORICAL-003667
LBL-HISTORICAL-003668,historical,,settlement_delay,1,t_plus_delay,date_tolerance,0,1,INT-HISTORICAL-003668,SET-HISTORICAL-003668
LBL-HISTORICAL-003669,historical,,processing_fee,1,processor_fee,amount_tolerance,2,0,INT-HISTORICAL-003669,SET-HISTORICAL-003669
LBL-HISTORICAL-003670,historical,,processing_fee,1,processor_fee,amount_tolerance,2,0,INT-HISTORICAL-003670,SET-HISTORICAL-003670
LBL-HISTORICAL-003671,historical,,exact_match,1,none,exact,0,0,INT-HISTORICAL-003671,SET-HISTORICAL-003671
LBL-HISTORICAL-003672,historical,,exact_match,1,none,exact,0,0,INT-HISTORICAL-003672,SET-HISTORICAL-003672
LBL-HISTORICAL-003673,historical,,reference_format,1,reference_normalization,reference_normalization,0,0,INT-HISTORICAL-003673,SET-HISTORICAL-003673
LBL-HISTORICAL-003674,historical,,reference_format,1,reference_normalization,reference_normalization,0,0,INT-HISTORICAL-003674,SET-HISTORICAL-003674
LBL-HISTORICAL-003675,historical,,exact_match,1,none,exact,0,0,INT-HISTORICAL-003675,SET-HISTORICAL-003675
LBL-HISTORICAL-003676,historical,,exact_match,1,none,exact,0,0,INT-HISTORICAL-003676,SET-HISTORICAL-003676
LBL-HISTORICAL-003677,historical,,reference_format,1,reference_normalization,reference_normalization,0,0,INT-HISTORICAL-003677,SET-HISTORICAL-003677
LBL-HISTORICAL-003678,historical,,exact_match,1,none,exact,0,0,INT-HISTORICAL-003678,SET-HISTORICAL-003678
LBL-HISTORICAL-003679,historical,,exact_match,1,none,exact,0,0,INT-HISTORICAL-003679,SET-HISTORICAL-003679
LBL-HISTORICAL-003680,historical,,duplicate_processor_record,1,duplicate,dedupe_then_match,0,0,INT-HISTORICAL-003680,SET-HISTORICAL-003680
LBL-HISTORICAL-003681,historical,,exact_match,1,none,exact,0,0,INT-HISTORICAL-003681,SET-HISTORICAL-003681
LBL-HISTORICAL-003682,historical,,settlement_delay,1,t_plus_delay,date_tolerance,0,1,INT-HISTORICAL-003682,SET-HISTORICAL-003682
LBL-HISTORICAL-003683,historical,,exact_match,1,none,exact,0,0,INT-HISTORICAL-003683,SET-HISTORICAL-003683
LBL-HISTORICAL-003684,historical,,rounding_difference,1,rounding,amount_tolerance,0,0,INT-HISTORICAL-003684,SET-HISTORICAL-003684
LBL-HISTORICAL-003685,historical,,exact_match,1,none,exact,0,0,INT-HISTORICAL-003685,SET-HISTORICAL-003685
LBL-HISTORICAL-003686,historical,,exact_match,1,none,exact,0,0,INT-HISTORICAL-003686,SET-HISTORICAL-003686
LBL-HISTORICAL-003687,historical,,exact_match,1,none,exact,0,0,INT-HISTORICAL-003687,SET-HISTORICAL-003687
LBL-HISTORICAL-003688,historical,,exact_match,1,none,exact,0,0,INT-HISTORICAL-003688,SET-HISTORICAL-003688
LBL-HISTORICAL-003689,historical,,exact_match,1,none,exact,0,0,INT-HISTORICAL-003689,SET-HISTORICAL-003689
LBL-HISTORICAL-003690,historical,,rounding_difference,1,rounding,amount_tolerance,0,0,INT-HISTORICAL-003690,SET-HISTORICAL-003690
LBL-HISTORICAL-003691,historical,,rounding_difference,1,rounding,amount_tolerance,0,0,INT-HISTORICAL-003691,SET-HISTORICAL-003691
LBL-HISTORICAL-003692,historical,,exact_match,1,none,exact,0,0,INT-HISTORICAL-003692,SET-HISTORICAL-003692
LBL-HISTORICAL-003693,historical,,exact_match,1,none,exact,0,0,INT-HISTORICAL-003693,SET-HISTORICAL-003693
LBL-HISTORICAL-003694,historical,,exact_match,1,none,exact,0,0,INT-HISTORICAL-003694,SET-HISTORICAL-003694
LBL-HISTORICAL-003695,historical,,settlement_delay,1,t_plus_delay,date_tolerance,0,2,INT-HISTORICAL-003695,SET-HISTORICAL-003695
LBL-HISTORICAL-003696,historical,,exact_match,1,none,exact,0,0,INT-HISTORICAL-003696,SET-HISTORICAL-003696
LBL-HISTORICAL-003697,historical,,processing_fee,1,processor_fee,amount_tolerance,2,0,INT-HISTORICAL-003697,SET-HISTORICAL-003697
LBL-HISTORICAL-003698,historical,,exact_match,1,none,exact,0,0,INT-HISTORICAL-003698,SET-HISTORICAL-003698
LBL-HISTORICAL-003699,historical,,exact_match,1,none,exact,0,0,INT-HISTORICAL-003699,SET-HISTORICAL-003699
LBL-HISTORICAL-003700,historical,,exact_match,1,none,exact,0,0,INT-HISTORICAL-003700,SET-HISTORICAL-003700
LBL-HISTORICAL-003701,historical,,exact_match,1,none,exact,0,0,INT-HISTORICAL-003701,SET-HISTORICAL-003701
LBL-HISTORICAL-003702,historical,,exact_match,1,none,exact,0,0,INT-HISTORICAL-003702,SET-HISTORICAL-003702
LBL-HISTORICAL-003703,historical,,exact_match,1,none,exact,0,0,INT-HISTORICAL-003703,SET-HISTORICAL-003703
LBL-HISTORICAL-003704,historical,,processing_fee,1,processor_fee,amount_tolerance,3,0,INT-HISTORICAL-003704,SET-HISTORICAL-003704
LBL-HISTORICAL-003705,historical,,exact_match,1,none,exact,0,0,INT-HISTORICAL-003705,SET-HISTORICAL-003705
LBL-HISTORICAL-003706,historical,,exact_match,1,none,exact,0,0,INT-HISTORICAL-003706,SET-HISTORICAL-003706
LBL-HISTORICAL-003707,historical,,settlement_delay,1,t_plus_delay,date_tolerance,0,2,INT-HISTORICAL-003707,SET-HISTORICAL-003707
LBL-HISTORICAL-003708,historical,,exact_match,1,none,exact,0,0,INT-HISTORICAL-003708,SET-HISTORICAL-003708
LBL-HISTORICAL-003709,historical,,exact_match,1,none,exact,0,0,INT-HISTORICAL-003709,SET-HISTORICAL-003709
LBL-HISTORICAL-003710,historical,,true_amount_mismatch,0,true_amount_mismatch,do_not_match,0,0,INT-HISTORICAL-003710,SET-HISTORICAL-003710
LBL-HISTORICAL-003711,historical,,exact_match,1,none,exact,0,0,INT-HISTORICAL-003711,SET-HISTORICAL-003711
LBL-HISTORICAL-003712,historical,,exact_match,1,none,exact,0,0,INT-HISTORICAL-003712,SET-HISTORICAL-003712
LBL-HISTORICAL-003713,historical,,rounding_difference,1,rounding,amount_tolerance,0,0,INT-HISTORICAL-003713,SET-HISTORICAL-003713
LBL-HISTORICAL-003714,historical,,exact_match,1,none,exact,0,0,INT-HISTORICAL-003714,SET-HISTORICAL-003714
LBL-HISTORICAL-003715,historical,,exact_match,1,none,exact,0,0,INT-HISTORICAL-003715,SET-HISTORICAL-003715
LBL-HISTORICAL-003716,historical,,reference_format,1,reference_normalization,reference_normalization,0,0,INT-HISTORICAL-003716,SET-HISTORICAL-003716
LBL-HISTORICAL-003717,historical,,reference_format,1,reference_normalization,reference_normalization,0,0,INT-HISTORICAL-003717,SET-HISTORICAL-003717
LBL-HISTORICAL-003718,historical,,exact_match,1,none,exact,0,0,INT-HISTORICAL-003718,SET-HISTORICAL-003718
LBL-HISTORICAL-003719,historical,,exact_match,1,none,exact,0,0,INT-HISTORICAL-003719,SET-HISTORICAL-003719
LBL-HISTORICAL-003720,historical,,exact_match,1,none,exact,0,0,INT-HISTORICAL-003720,SET-HISTORICAL-003720
LBL-HISTORICAL-003721,historical,,processing_fee,1,processor_fee,amount_tolerance,3,0,INT-HISTORICAL-003721,SET-HISTORICAL-003721
LBL-HISTORICAL-003722,historical,,true_amount_mismatch,0,true_amount_mismatch,do_not_match,0,0,INT-HISTORICAL-003722,SET-HISTORICAL-003722
LBL-HISTORICAL-003723,historical,,exact_match,1,none,exact,0,0,INT-HISTORICAL-003723,SET-HISTORICAL-003723
LBL-HISTORICAL-003724,historical,,exact_match,1,none,exact,0,0,INT-HISTORICAL-003724,SET-HISTORICAL-003724
LBL-HISTORICAL-003725,historical,,exact_match,1,none,exact,0,0,INT-HISTORICAL-003725,SET-HISTORICAL-003725
LBL-HISTORICAL-003726,historical,,processing_fee,1,processor_fee,amount_tolerance,1,0,INT-HISTORICAL-003726,SET-HISTORICAL-003726
LBL-HISTORICAL-003727,historical,,exact_match,1,none,exact,0,0,INT-HISTORICAL-003727,SET-HISTORICAL-003727
LBL-HISTORICAL-003728,historical,,duplicate_processor_record,1,duplicate,dedupe_then_match,0,0,INT-HISTORICAL-003728,SET-HISTORICAL-003728
LBL-HISTORICAL-003729,historical,,processing_fee,1,processor_fee,amount_tolerance,1,0,INT-HISTORICAL-003729,SET-HISTORICAL-003729
LBL-HISTORICAL-003730,historical,,exact_match,1,none,exact,0,0,INT-HISTORICAL-003730,SET-HISTORICAL-003730
LBL-HISTORICAL-003731,historical,,exact_match,1,none,exact,0,0,INT-HISTORICAL-003731,SET-HISTORICAL-003731
LBL-HISTORICAL-003732,historical,,exact_match,1,none,exact,0,0,INT-HISTORICAL-003732,SET-HISTORICAL-003732
LBL-HISTORICAL-003733,historical,,reference_format,1,reference_normalization,reference_normalization,0,0,INT-HISTORICAL-003733,SET-HISTORICAL-003733
LBL-HISTORICAL-003734,historical,,currency_mismatch,0,currency_mismatch,do_not_match,0,0,INT-HISTORICAL-003734,SET-HISTORICAL-003734
LBL-HISTORICAL-003735,historical,,exact_match,1,none,exact,0,0,INT-HISTORICAL-003735,SET-HISTORICAL-003735
LBL-HISTORICAL-003736,historical,,exact_match,1,none,exact,0,0,INT-HISTORICAL-003736,SET-HISTORICAL-003736
LBL-HISTORICAL-003737,historical,,reference_format,1,reference_normalization,reference_normalization,0,0,INT-HISTORICAL-003737,SET-HISTORICAL-003737
LBL-HISTORICAL-003738,historical,,exact_match,1,none,exact,0,0,INT-HISTORICAL-003738,SET-HISTORICAL-003738
LBL-HISTORICAL-003739,historical,,exact_match,1,none,exact,0,0,INT-HISTORICAL-003739,SET-HISTORICAL-003739
LBL-HISTORICAL-003740,historical,,reference_format,1,reference_normalization,reference_normalization,0,0,INT-HISTORICAL-003740,SET-HISTORICAL-003740
LBL-HISTORICAL-003741,historical,,exact_match,1,none,exact,0,0,INT-HISTORICAL-003741,SET-HISTORICAL-003741
LBL-HISTORICAL-003742,historical,,exact_match,1,none,exact,0,0,INT-HISTORICAL-003742,SET-HISTORICAL-003742
LBL-HISTORICAL-003743,historical,,exact_match,1,none,exact,0,0,INT-HISTORICAL-003743,SET-HISTORICAL-003743
LBL-HISTORICAL-003744,historical,,exact_match,1,none,exact,0,0,INT-HISTORICAL-003744,SET-HISTORICAL-003744
LBL-HISTORICAL-003745,historical,,processing_fee,1,processor_fee,amount_tolerance,5,0,INT-HISTORICAL-003745,SET-HISTORICAL-003745
LBL-HISTORICAL-003746,historical,,settlement_delay,1,t_plus_delay,date_tolerance,0,1,INT-HISTORICAL-003746,SET-HISTORICAL-003746
LBL-HISTORICAL-003747,historical,,exact_match,1,none,exact,0,0,INT-HISTORICAL-003747,SET-HISTORICAL-003747
LBL-HISTORICAL-003748,historical,,exact_match,1,none,exact,0,0,INT-HISTORICAL-003748,SET-HISTORICAL-003748
LBL-HISTORICAL-003749,historical,,exact_match,1,none,exact,0,0,INT-HISTORICAL-003749,SET-HISTORICAL-003749
LBL-HISTORICAL-003750,historical,,exact_match,1,none,exact,0,0,INT-HISTORICAL-003750,SET-HISTORICAL-003750
LBL-HISTORICAL-003751,historical,,rounding_difference,1,rounding,amount_tolerance,0,0,INT-HISTORICAL-003751,SET-HISTORICAL-003751
LBL-HISTORICAL-003752,historical,,exact_match,1,none,exact,0,0,INT-HISTORICAL-003752,SET-HISTORICAL-003752
LBL-HISTORICAL-003753,historical,,exact_match,1,none,exact,0,0,INT-HISTORICAL-003753,SET-HISTORICAL-003753
LBL-HISTORICAL-003754,historical,,exact_match,1,none,exact,0,0,INT-HISTORICAL-003754,SET-HISTORICAL-003754
LBL-HISTORICAL-003755,historical,,reference_format,1,reference_normalization,reference_normalization,0,0,INT-HISTORICAL-003755,SET-HISTORICAL-003755
LBL-HISTORICAL-003756,historical,,rounding_difference,1,rounding,amount_tolerance,0,0,INT-HISTORICAL-003756,SET-HISTORICAL-003756
LBL-HISTORICAL-003757,historical,,exact_match,1,none,exact,0,0,INT-HISTORICAL-003757,SET-HISTORICAL-003757
LBL-HISTORICAL-003758,historical,,reference_format,1,reference_normalization,reference_normalization,0,0,INT-HISTORICAL-003758,SET-HISTORICAL-003758
LBL-HISTORICAL-003759,historical,,exact_match,1,none,exact,0,0,INT-HISTORICAL-003759,SET-HISTORICAL-003759
LBL-HISTORICAL-003760,historical,,settlement_delay,1,t_plus_delay,date_tolerance,0,1,INT-HISTORICAL-003760,SET-HISTORICAL-003760
LBL-HISTORICAL-003761,historical,,exact_match,1,none,exact,0,0,INT-HISTORICAL-003761,SET-HISTORICAL-003761
LBL-HISTORICAL-003762,historical,,exact_match,1,none,exact,0,0,INT-HISTORICAL-003762,SET-HISTORICAL-003762
LBL-HISTORICAL-003763,historical,,processing_fee,1,processor_fee,amount_tolerance,1,0,INT-HISTORICAL-003763,SET-HISTORICAL-003763
LBL-HISTORICAL-003764,historical,,processing_fee,1,processor_fee,amount_tolerance,2,0,INT-HISTORICAL-003764,SET-HISTORICAL-003764
LBL-HISTORICAL-003765,historical,,exact_match,1,none,exact,0,0,INT-HISTORICAL-003765,SET-HISTORICAL-003765
LBL-HISTORICAL-003766,historical,,exact_match,1,none,exact,0,0,INT-HISTORICAL-003766,SET-HISTORICAL-003766
LBL-HISTORICAL-003767,historical,,exact_match,1,none,exact,0,0,INT-HISTORICAL-003767,SET-HISTORICAL-003767
LBL-HISTORICAL-003768,historical,,exact_match,1,none,exact,0,0,INT-HISTORICAL-003768,SET-HISTORICAL-003768
LBL-HISTORICAL-003769,historical,,exact_match,1,none,exact,0,0,INT-HISTORICAL-003769,SET-HISTORICAL-003769
LBL-HISTORICAL-003770,historical,,exact_match,1,none,exact,0,0,INT-HISTORICAL-003770,SET-HISTORICAL-003770
LBL-HISTORICAL-003771,historical,,processing_fee,1,processor_fee,amount_tolerance,1,0,INT-HISTORICAL-003771,SET-HISTORICAL-003771
LBL-HISTORICAL-003772,historical,,exact_match,1,none,exact,0,0,INT-HISTORICAL-003772,SET-HISTORICAL-003772
LBL-HISTORICAL-003773,historical,,processing_fee,1,processor_fee,amount_tolerance,5,0,INT-HISTORICAL-003773,SET-HISTORICAL-003773
LBL-HISTORICAL-003774,historical,,exact_match,1,none,exact,0,0,INT-HISTORICAL-003774,SET-HISTORICAL-003774
LBL-HISTORICAL-003775,historical,,exact_match,1,none,exact,0,0,INT-HISTORICAL-003775,SET-HISTORICAL-003775
LBL-HISTORICAL-003776,historical,,exact_match,1,none,exact,0,0,INT-HISTORICAL-003776,SET-HISTORICAL-003776
LBL-HISTORICAL-003777,historical,,exact_match,1,none,exact,0,0,INT-HISTORICAL-003777,SET-HISTORICAL-003777
LBL-HISTORICAL-003778,historical,,exact_match,1,none,exact,0,0,INT-HISTORICAL-003778,SET-HISTORICAL-003778
LBL-HISTORICAL-003779,historical,,exact_match,1,none,exact,0,0,INT-HISTORICAL-003779,SET-HISTORICAL-003779
LBL-HISTORICAL-003780,historical,,exact_match,1,none,exact,0,0,INT-HISTORICAL-003780,SET-HISTORICAL-003780
LBL-HISTORICAL-003781,historical,,exact_match,1,none,exact,0,0,INT-HISTORICAL-003781,SET-HISTORICAL-003781
LBL-HISTORICAL-003782,historical,,exact_match,1,none,exact,0,0,INT-HISTORICAL-003782,SET-HISTORICAL-003782
LBL-HISTORICAL-003783,historical,,exact_match,1,none,exact,0,0,INT-HISTORICAL-003783,SET-HISTORICAL-003783
LBL-HISTORICAL-003784,historical,,exact_match,1,none,exact,0,0,INT-HISTORICAL-003784,SET-HISTORICAL-003784
LBL-HISTORICAL-003785,historical,,exact_match,1,none,exact,0,0,INT-HISTORICAL-003785,SET-HISTORICAL-003785
LBL-HISTORICAL-003786,historical,,exact_match,1,none,exact,0,0,INT-HISTORICAL-003786,SET-HISTORICAL-003786
LBL-HISTORICAL-003787,historical,,true_amount_mismatch,0,true_amount_mismatch,do_not_match,0,0,INT-HISTORICAL-003787,SET-HISTORICAL-003787
LBL-HISTORICAL-003788,historical,,exact_match,1,none,exact,0,0,INT-HISTORICAL-003788,SET-HISTORICAL-003788
LBL-HISTORICAL-003789,historical,,exact_match,1,none,exact,0,0,INT-HISTORICAL-003789,SET-HISTORICAL-003789
LBL-HISTORICAL-003790,historical,,settlement_delay,1,t_plus_delay,date_tolerance,0,1,INT-HISTORICAL-003790,SET-HISTORICAL-003790
LBL-HISTORICAL-003791,historical,,exact_match,1,none,exact,0,0,INT-HISTORICAL-003791,SET-HISTORICAL-003791
LBL-HISTORICAL-003792,historical,,exact_match,1,none,exact,0,0,INT-HISTORICAL-003792,SET-HISTORICAL-003792
LBL-HISTORICAL-003793,historical,,exact_match,1,none,exact,0,0,INT-HISTORICAL-003793,SET-HISTORICAL-003793
LBL-HISTORICAL-003794,historical,,settlement_delay,1,t_plus_delay,date_tolerance,0,1,INT-HISTORICAL-003794,SET-HISTORICAL-003794
LBL-HISTORICAL-003795,historical,,exact_match,1,none,exact,0,0,INT-HISTORICAL-003795,SET-HISTORICAL-003795
LBL-HISTORICAL-003796,historical,,exact_match,1,none,exact,0,0,INT-HISTORICAL-003796,SET-HISTORICAL-003796
LBL-HISTORICAL-003797,historical,,exact_match,1,none,exact,0,0,INT-HISTORICAL-003797,SET-HISTORICAL-003797
LBL-HISTORICAL-003798,historical,,exact_match,1,none,exact,0,0,INT-HISTORICAL-003798,SET-HISTORICAL-003798
LBL-HISTORICAL-003799,historical,,exact_match,1,none,exact,0,0,INT-HISTORICAL-003799,SET-HISTORICAL-003799
LBL-HISTORICAL-003800,historical,,exact_match,1,none,exact,0,0,INT-HISTORICAL-003800,SET-HISTORICAL-003800
LBL-HISTORICAL-003801,historical,,exact_match,1,none,exact,0,0,INT-HISTORICAL-003801,SET-HISTORICAL-003801
LBL-HISTORICAL-003802,historical,,reference_format,1,reference_normalization,reference_normalization,0,0,INT-HISTORICAL-003802,SET-HISTORICAL-003802
LBL-HISTORICAL-003803,historical,,true_amount_mismatch,0,true_amount_mismatch,do_not_match,0,0,INT-HISTORICAL-003803,SET-HISTORICAL-003803
LBL-HISTORICAL-003804,historical,,processing_fee,1,processor_fee,amount_tolerance,2,0,INT-HISTORICAL-003804,SET-HISTORICAL-003804
LBL-HISTORICAL-003805,historical,,exact_match,1,none,exact,0,0,INT-HISTORICAL-003805,SET-HISTORICAL-003805
LBL-HISTORICAL-003806,historical,,settlement_delay,1,t_plus_delay,date_tolerance,0,2,INT-HISTORICAL-003806,SET-HISTORICAL-003806
LBL-HISTORICAL-003807,historical,,exact_match,1,none,exact,0,0,INT-HISTORICAL-003807,SET-HISTORICAL-003807
LBL-HISTORICAL-003808,historical,,exact_match,1,none,exact,0,0,INT-HISTORICAL-003808,SET-HISTORICAL-003808
LBL-HISTORICAL-003809,historical,,currency_mismatch,0,currency_mismatch,do_not_match,0,0,INT-HISTORICAL-003809,SET-HISTORICAL-003809
LBL-HISTORICAL-003810,historical,,settlement_delay,1,t_plus_delay,date_tolerance,0,1,INT-HISTORICAL-003810,SET-HISTORICAL-003810
LBL-HISTORICAL-003811,historical,,exact_match,1,none,exact,0,0,INT-HISTORICAL-003811,SET-HISTORICAL-003811
LBL-HISTORICAL-003812,historical,,processing_fee,1,processor_fee,amount_tolerance,2,0,INT-HISTORICAL-003812,SET-HISTORICAL-003812
LBL-HISTORICAL-003813,historical,,processing_fee,1,processor_fee,amount_tolerance,5,0,INT-HISTORICAL-003813,SET-HISTORICAL-003813
LBL-HISTORICAL-003814,historical,,exact_match,1,none,exact,0,0,INT-HISTORICAL-003814,SET-HISTORICAL-003814
LBL-HISTORICAL-003815,historical,,exact_match,1,none,exact,0,0,INT-HISTORICAL-003815,SET-HISTORICAL-003815
LBL-HISTORICAL-003816,historical,,settlement_delay,1,t_plus_delay,date_tolerance,0,1,INT-HISTORICAL-003816,SET-HISTORICAL-003816
LBL-HISTORICAL-003817,historical,,exact_match,1,none,exact,0,0,INT-HISTORICAL-003817,SET-HISTORICAL-003817
LBL-HISTORICAL-003818,historical,,rounding_difference,1,rounding,amount_tolerance,0,0,INT-HISTORICAL-003818,SET-HISTORICAL-003818
LBL-HISTORICAL-003819,historical,,settlement_delay,1,t_plus_delay,date_tolerance,0,1,INT-HISTORICAL-003819,SET-HISTORICAL-003819
LBL-HISTORICAL-003820,historical,,exact_match,1,none,exact,0,0,INT-HISTORICAL-003820,SET-HISTORICAL-003820
LBL-HISTORICAL-003821,historical,,settlement_delay,1,t_plus_delay,date_tolerance,0,1,INT-HISTORICAL-003821,SET-HISTORICAL-003821
LBL-HISTORICAL-003822,historical,,rounding_difference,1,rounding,amount_tolerance,0,0,INT-HISTORICAL-003822,SET-HISTORICAL-003822
LBL-HISTORICAL-003823,historical,,exact_match,1,none,exact,0,0,INT-HISTORICAL-003823,SET-HISTORICAL-003823
LBL-HISTORICAL-003824,historical,,exact_match,1,none,exact,0,0,INT-HISTORICAL-003824,SET-HISTORICAL-003824
LBL-HISTORICAL-003825,historical,,exact_match,1,none,exact,0,0,INT-HISTORICAL-003825,SET-HISTORICAL-003825
LBL-HISTORICAL-003826,historical,,exact_match,1,none,exact,0,0,INT-HISTORICAL-003826,SET-HISTORICAL-003826
LBL-HISTORICAL-003827,historical,,processing_fee,1,processor_fee,amount_tolerance,3,0,INT-HISTORICAL-003827,SET-HISTORICAL-003827
LBL-HISTORICAL-003828,historical,,exact_match,1,none,exact,0,0,INT-HISTORICAL-003828,SET-HISTORICAL-003828
LBL-HISTORICAL-003829,historical,,exact_match,1,none,exact,0,0,INT-HISTORICAL-003829,SET-HISTORICAL-003829
LBL-HISTORICAL-003830,historical,,exact_match,1,none,exact,0,0,INT-HISTORICAL-003830,SET-HISTORICAL-003830
LBL-HISTORICAL-003831,historical,,exact_match,1,none,exact,0,0,INT-HISTORICAL-003831,SET-HISTORICAL-003831
LBL-HISTORICAL-003832,historical,,exact_match,1,none,exact,0,0,INT-HISTORICAL-003832,SET-HISTORICAL-003832
LBL-HISTORICAL-003833,historical,,exact_match,1,none,exact,0,0,INT-HISTORICAL-003833,SET-HISTORICAL-003833
LBL-HISTORICAL-003834,historical,,settlement_delay,1,t_plus_delay,date_tolerance,0,2,INT-HISTORICAL-003834,SET-HISTORICAL-003834
LBL-HISTORICAL-003835,historical,,exact_match,1,none,exact,0,0,INT-HISTORICAL-003835,SET-HISTORICAL-003835
LBL-HISTORICAL-003836,historical,,exact_match,1,none,exact,0,0,INT-HISTORICAL-003836,SET-HISTORICAL-003836
LBL-HISTORICAL-003837,historical,,exact_match,1,none,exact,0,0,INT-HISTORICAL-003837,SET-HISTORICAL-003837
LBL-HISTORICAL-003838,historical,,exact_match,1,none,exact,0,0,INT-HISTORICAL-003838,SET-HISTORICAL-003838
LBL-HISTORICAL-003839,historical,,reference_format,1,reference_normalization,reference_normalization,0,0,INT-HISTORICAL-003839,SET-HISTORICAL-003839
LBL-HISTORICAL-003840,historical,,exact_match,1,none,exact,0,0,INT-HISTORICAL-003840,SET-HISTORICAL-003840
LBL-HISTORICAL-003841,historical,,processing_fee,1,processor_fee,amount_tolerance,5,0,INT-HISTORICAL-003841,SET-HISTORICAL-003841
LBL-HISTORICAL-003842,historical,,exact_match,1,none,exact,0,0,INT-HISTORICAL-003842,SET-HISTORICAL-003842
LBL-HISTORICAL-003843,historical,,processing_fee,1,processor_fee,amount_tolerance,5,0,INT-HISTORICAL-003843,SET-HISTORICAL-003843
LBL-HISTORICAL-003844,historical,,exact_match,1,none,exact,0,0,INT-HISTORICAL-003844,SET-HISTORICAL-003844
LBL-HISTORICAL-003845,historical,,exact_match,1,none,exact,0,0,INT-HISTORICAL-003845,SET-HISTORICAL-003845
LBL-HISTORICAL-003846,historical,,exact_match,1,none,exact,0,0,INT-HISTORICAL-003846,SET-HISTORICAL-003846
LBL-HISTORICAL-003847,historical,,exact_match,1,none,exact,0,0,INT-HISTORICAL-003847,SET-HISTORICAL-003847
LBL-HISTORICAL-003848,historical,,exact_match,1,none,exact,0,0,INT-HISTORICAL-003848,SET-HISTORICAL-003848
LBL-HISTORICAL-003849,historical,,exact_match,1,none,exact,0,0,INT-HISTORICAL-003849,SET-HISTORICAL-003849
LBL-HISTORICAL-003850,historical,,exact_match,1,none,exact,0,0,INT-HISTORICAL-003850,SET-HISTORICAL-003850
LBL-HISTORICAL-003851,historical,,exact_match,1,none,exact,0,0,INT-HISTORICAL-003851,SET-HISTORICAL-003851
LBL-HISTORICAL-003852,historical,,exact_match,1,none,exact,0,0,INT-HISTORICAL-003852,SET-HISTORICAL-003852
LBL-HISTORICAL-003853,historical,,reference_format,1,reference_normalization,reference_normalization,0,0,INT-HISTORICAL-003853,SET-HISTORICAL-003853
LBL-HISTORICAL-003854,historical,,exact_match,1,none,exact,0,0,INT-HISTORICAL-003854,SET-HISTORICAL-003854
LBL-HISTORICAL-003855,historical,,exact_match,1,none,exact,0,0,INT-HISTORICAL-003855,SET-HISTORICAL-003855
LBL-HISTORICAL-003856,historical,,processing_fee,1,processor_fee,amount_tolerance,5,0,INT-HISTORICAL-003856,SET-HISTORICAL-003856
LBL-HISTORICAL-003857,historical,,exact_match,1,none,exact,0,0,INT-HISTORICAL-003857,SET-HISTORICAL-003857
LBL-HISTORICAL-003858,historical,,currency_mismatch,0,currency_mismatch,do_not_match,0,0,INT-HISTORICAL-003858,SET-HISTORICAL-003858
LBL-HISTORICAL-003859,historical,,exact_match,1,none,exact,0,0,INT-HISTORICAL-003859,SET-HISTORICAL-003859
LBL-HISTORICAL-003860,historical,,true_amount_mismatch,0,true_amount_mismatch,do_not_match,0,0,INT-HISTORICAL-003860,SET-HISTORICAL-003860
LBL-HISTORICAL-003861,historical,,exact_match,1,none,exact,0,0,INT-HISTORICAL-003861,SET-HISTORICAL-003861
LBL-HISTORICAL-003862,historical,,processing_fee,1,processor_fee,amount_tolerance,5,0,INT-HISTORICAL-003862,SET-HISTORICAL-003862
LBL-HISTORICAL-003863,historical,,exact_match,1,none,exact,0,0,INT-HISTORICAL-003863,SET-HISTORICAL-003863
LBL-HISTORICAL-003864,historical,,exact_match,1,none,exact,0,0,INT-HISTORICAL-003864,SET-HISTORICAL-003864
LBL-HISTORICAL-003865,historical,,true_amount_mismatch,0,true_amount_mismatch,do_not_match,0,0,INT-HISTORICAL-003865,SET-HISTORICAL-003865
LBL-HISTORICAL-003866,historical,,exact_match,1,none,exact,0,0,INT-HISTORICAL-003866,SET-HISTORICAL-003866
LBL-HISTORICAL-003867,historical,,reference_format,1,reference_normalization,reference_normalization,0,0,INT-HISTORICAL-003867,SET-HISTORICAL-003867
LBL-HISTORICAL-003868,historical,,reference_format,1,reference_normalization,reference_normalization,0,0,INT-HISTORICAL-003868,SET-HISTORICAL-003868
LBL-HISTORICAL-003869,historical,,settlement_delay,1,t_plus_delay,date_tolerance,0,1,INT-HISTORICAL-003869,SET-HISTORICAL-003869
LBL-HISTORICAL-003870,historical,,exact_match,1,none,exact,0,0,INT-HISTORICAL-003870,SET-HISTORICAL-003870
LBL-HISTORICAL-003871,historical,,settlement_delay,1,t_plus_delay,date_tolerance,0,1,INT-HISTORICAL-003871,SET-HISTORICAL-003871
LBL-HISTORICAL-003872,historical,,true_amount_mismatch,0,true_amount_mismatch,do_not_match,0,0,INT-HISTORICAL-003872,SET-HISTORICAL-003872
LBL-HISTORICAL-003873,historical,,exact_match,1,none,exact,0,0,INT-HISTORICAL-003873,SET-HISTORICAL-003873
LBL-HISTORICAL-003874,historical,,settlement_delay,1,t_plus_delay,date_tolerance,0,2,INT-HISTORICAL-003874,SET-HISTORICAL-003874
LBL-HISTORICAL-003875,historical,,exact_match,1,none,exact,0,0,INT-HISTORICAL-003875,SET-HISTORICAL-003875
LBL-HISTORICAL-003876,historical,,exact_match,1,none,exact,0,0,INT-HISTORICAL-003876,SET-HISTORICAL-003876
LBL-HISTORICAL-003877,historical,,exact_match,1,none,exact,0,0,INT-HISTORICAL-003877,SET-HISTORICAL-003877
LBL-HISTORICAL-003878,historical,,exact_match,1,none,exact,0,0,INT-HISTORICAL-003878,SET-HISTORICAL-003878
LBL-HISTORICAL-003879,historical,,settlement_delay,1,t_plus_delay,date_tolerance,0,2,INT-HISTORICAL-003879,SET-HISTORICAL-003879
LBL-HISTORICAL-003880,historical,,exact_match,1,none,exact,0,0,INT-HISTORICAL-003880,SET-HISTORICAL-003880
LBL-HISTORICAL-003881,historical,,exact_match,1,none,exact,0,0,INT-HISTORICAL-003881,SET-HISTORICAL-003881
LBL-HISTORICAL-003882,historical,,exact_match,1,none,exact,0,0,INT-HISTORICAL-003882,SET-HISTORICAL-003882
LBL-HISTORICAL-003883,historical,,exact_match,1,none,exact,0,0,INT-HISTORICAL-003883,SET-HISTORICAL-003883
LBL-HISTORICAL-003884,historical,,exact_match,1,none,exact,0,0,INT-HISTORICAL-003884,SET-HISTORICAL-003884
LBL-HISTORICAL-003885,historical,,processing_fee,1,processor_fee,amount_tolerance,1,0,INT-HISTORICAL-003885,SET-HISTORICAL-003885
LBL-HISTORICAL-003886,historical,,currency_mismatch,0,currency_mismatch,do_not_match,0,0,INT-HISTORICAL-003886,SET-HISTORICAL-003886
LBL-HISTORICAL-003887,historical,,exact_match,1,none,exact,0,0,INT-HISTORICAL-003887,SET-HISTORICAL-003887
LBL-HISTORICAL-003888,historical,,true_amount_mismatch,0,true_amount_mismatch,do_not_match,0,0,INT-HISTORICAL-003888,SET-HISTORICAL-003888
LBL-HISTORICAL-003889,historical,,exact_match,1,none,exact,0,0,INT-HISTORICAL-003889,SET-HISTORICAL-003889
LBL-HISTORICAL-003890,historical,,exact_match,1,none,exact,0,0,INT-HISTORICAL-003890,SET-HISTORICAL-003890
LBL-HISTORICAL-003891,historical,,processing_fee,1,processor_fee,amount_tolerance,5,0,INT-HISTORICAL-003891,SET-HISTORICAL-003891
LBL-HISTORICAL-003892,historical,,settlement_delay,1,t_plus_delay,date_tolerance,0,1,INT-HISTORICAL-003892,SET-HISTORICAL-003892
LBL-HISTORICAL-003893,historical,,exact_match,1,none,exact,0,0,INT-HISTORICAL-003893,SET-HISTORICAL-003893
LBL-HISTORICAL-003894,historical,,exact_match,1,none,exact,0,0,INT-HISTORICAL-003894,SET-HISTORICAL-003894
LBL-HISTORICAL-003895,historical,,exact_match,1,none,exact,0,0,INT-HISTORICAL-003895,SET-HISTORICAL-003895
LBL-HISTORICAL-003896,historical,,settlement_delay,1,t_plus_delay,date_tolerance,0,1,INT-HISTORICAL-003896,SET-HISTORICAL-003896
LBL-HISTORICAL-003897,historical,,processing_fee,1,processor_fee,amount_tolerance,3,0,INT-HISTORICAL-003897,SET-HISTORICAL-003897
LBL-HISTORICAL-003898,historical,,exact_match,1,none,exact,0,0,INT-HISTORICAL-003898,SET-HISTORICAL-003898
LBL-HISTORICAL-003899,historical,,processing_fee,1,processor_fee,amount_tolerance,2,0,INT-HISTORICAL-003899,SET-HISTORICAL-003899
LBL-HISTORICAL-003900,historical,,exact_match,1,none,exact,0,0,INT-HISTORICAL-003900,SET-HISTORICAL-003900
LBL-HISTORICAL-003901,historical,,exact_match,1,none,exact,0,0,INT-HISTORICAL-003901,SET-HISTORICAL-003901
LBL-HISTORICAL-003902,historical,,exact_match,1,none,exact,0,0,INT-HISTORICAL-003902,SET-HISTORICAL-003902
LBL-HISTORICAL-003903,historical,,exact_match,1,none,exact,0,0,INT-HISTORICAL-003903,SET-HISTORICAL-003903
LBL-HISTORICAL-003904,historical,,exact_match,1,none,exact,0,0,INT-HISTORICAL-003904,SET-HISTORICAL-003904
LBL-HISTORICAL-003905,historical,,processing_fee,1,processor_fee,amount_tolerance,3,0,INT-HISTORICAL-003905,SET-HISTORICAL-003905
LBL-HISTORICAL-003906,historical,,processing_fee,1,processor_fee,amount_tolerance,2,0,INT-HISTORICAL-003906,SET-HISTORICAL-003906
LBL-HISTORICAL-003907,historical,,reference_format,1,reference_normalization,reference_normalization,0,0,INT-HISTORICAL-003907,SET-HISTORICAL-003907
LBL-HISTORICAL-003908,historical,,processing_fee,1,processor_fee,amount_tolerance,3,0,INT-HISTORICAL-003908,SET-HISTORICAL-003908
LBL-HISTORICAL-003909,historical,,exact_match,1,none,exact,0,0,INT-HISTORICAL-003909,SET-HISTORICAL-003909
LBL-HISTORICAL-003910,historical,,exact_match,1,none,exact,0,0,INT-HISTORICAL-003910,SET-HISTORICAL-003910
LBL-HISTORICAL-003911,historical,,settlement_delay,1,t_plus_delay,date_tolerance,0,1,INT-HISTORICAL-003911,SET-HISTORICAL-003911
LBL-HISTORICAL-003912,historical,,exact_match,1,none,exact,0,0,INT-HISTORICAL-003912,SET-HISTORICAL-003912
LBL-HISTORICAL-003913,historical,,exact_match,1,none,exact,0,0,INT-HISTORICAL-003913,SET-HISTORICAL-003913
LBL-HISTORICAL-003914,historical,,exact_match,1,none,exact,0,0,INT-HISTORICAL-003914,SET-HISTORICAL-003914
LBL-HISTORICAL-003915,historical,,exact_match,1,none,exact,0,0,INT-HISTORICAL-003915,SET-HISTORICAL-003915
LBL-HISTORICAL-003916,historical,,processing_fee,1,processor_fee,amount_tolerance,2,0,INT-HISTORICAL-003916,SET-HISTORICAL-003916
LBL-HISTORICAL-003917,historical,,exact_match,1,none,exact,0,0,INT-HISTORICAL-003917,SET-HISTORICAL-003917
LBL-HISTORICAL-003918,historical,,processing_fee,1,processor_fee,amount_tolerance,3,0,INT-HISTORICAL-003918,SET-HISTORICAL-003918
LBL-HISTORICAL-003919,historical,,exact_match,1,none,exact,0,0,INT-HISTORICAL-003919,SET-HISTORICAL-003919
LBL-HISTORICAL-003920,historical,,reference_format,1,reference_normalization,reference_normalization,0,0,INT-HISTORICAL-003920,SET-HISTORICAL-003920
LBL-HISTORICAL-003921,historical,,true_amount_mismatch,0,true_amount_mismatch,do_not_match,0,0,INT-HISTORICAL-003921,SET-HISTORICAL-003921
LBL-HISTORICAL-003922,historical,,exact_match,1,none,exact,0,0,INT-HISTORICAL-003922,SET-HISTORICAL-003922
LBL-HISTORICAL-003923,historical,,settlement_delay,1,t_plus_delay,date_tolerance,0,2,INT-HISTORICAL-003923,SET-HISTORICAL-003923
LBL-HISTORICAL-003924,historical,,exact_match,1,none,exact,0,0,INT-HISTORICAL-003924,SET-HISTORICAL-003924
LBL-HISTORICAL-003925,historical,,exact_match,1,none,exact,0,0,INT-HISTORICAL-003925,SET-HISTORICAL-003925
LBL-HISTORICAL-003926,historical,,exact_match,1,none,exact,0,0,INT-HISTORICAL-003926,SET-HISTORICAL-003926
LBL-HISTORICAL-003927,historical,,exact_match,1,none,exact,0,0,INT-HISTORICAL-003927,SET-HISTORICAL-003927
LBL-HISTORICAL-003928,historical,,exact_match,1,none,exact,0,0,INT-HISTORICAL-003928,SET-HISTORICAL-003928
LBL-HISTORICAL-003929,historical,,exact_match,1,none,exact,0,0,INT-HISTORICAL-003929,SET-HISTORICAL-003929
LBL-HISTORICAL-003930,historical,,settlement_delay,1,t_plus_delay,date_tolerance,0,1,INT-HISTORICAL-003930,SET-HISTORICAL-003930
LBL-HISTORICAL-003931,historical,,currency_mismatch,0,currency_mismatch,do_not_match,0,0,INT-HISTORICAL-003931,SET-HISTORICAL-003931
LBL-HISTORICAL-003932,historical,,exact_match,1,none,exact,0,0,INT-HISTORICAL-003932,SET-HISTORICAL-003932
LBL-HISTORICAL-003933,historical,,processing_fee,1,processor_fee,amount_tolerance,2,0,INT-HISTORICAL-003933,SET-HISTORICAL-003933
LBL-HISTORICAL-003934,historical,,exact_match,1,none,exact,0,0,INT-HISTORICAL-003934,SET-HISTORICAL-003934
LBL-HISTORICAL-003935,historical,,exact_match,1,none,exact,0,0,INT-HISTORICAL-003935,SET-HISTORICAL-003935
LBL-HISTORICAL-003936,historical,,exact_match,1,none,exact,0,0,INT-HISTORICAL-003936,SET-HISTORICAL-003936
LBL-HISTORICAL-003937,historical,,exact_match,1,none,exact,0,0,INT-HISTORICAL-003937,SET-HISTORICAL-003937
LBL-HISTORICAL-003938,historical,,exact_match,1,none,exact,0,0,INT-HISTORICAL-003938,SET-HISTORICAL-003938
LBL-HISTORICAL-003939,historical,,exact_match,1,none,exact,0,0,INT-HISTORICAL-003939,SET-HISTORICAL-003939
LBL-HISTORICAL-003940,historical,,exact_match,1,none,exact,0,0,INT-HISTORICAL-003940,SET-HISTORICAL-003940
LBL-HISTORICAL-003941,historical,,exact_match,1,none,exact,0,0,INT-HISTORICAL-003941,SET-HISTORICAL-003941
LBL-HISTORICAL-003942,historical,,exact_match,1,none,exact,0,0,INT-HISTORICAL-003942,SET-HISTORICAL-003942
LBL-HISTORICAL-003943,historical,,processing_fee,1,processor_fee,amount_tolerance,5,0,INT-HISTORICAL-003943,SET-HISTORICAL-003943
LBL-HISTORICAL-003944,historical,,settlement_delay,1,t_plus_delay,date_tolerance,0,2,INT-HISTORICAL-003944,SET-HISTORICAL-003944
LBL-HISTORICAL-003945,historical,,exact_match,1,none,exact,0,0,INT-HISTORICAL-003945,SET-HISTORICAL-003945
LBL-HISTORICAL-003946,historical,,exact_match,1,none,exact,0,0,INT-HISTORICAL-003946,SET-HISTORICAL-003946
LBL-HISTORICAL-003947,historical,,reference_format,1,reference_normalization,reference_normalization,0,0,INT-HISTORICAL-003947,SET-HISTORICAL-003947
LBL-HISTORICAL-003948,historical,,exact_match,1,none,exact,0,0,INT-HISTORICAL-003948,SET-HISTORICAL-003948
LBL-HISTORICAL-003949,historical,,exact_match,1,none,exact,0,0,INT-HISTORICAL-003949,SET-HISTORICAL-003949
LBL-HISTORICAL-003950,historical,,settlement_delay,1,t_plus_delay,date_tolerance,0,1,INT-HISTORICAL-003950,SET-HISTORICAL-003950
LBL-HISTORICAL-003951,historical,,exact_match,1,none,exact,0,0,INT-HISTORICAL-003951,SET-HISTORICAL-003951
LBL-HISTORICAL-003952,historical,,processing_fee,1,processor_fee,amount_tolerance,2,0,INT-HISTORICAL-003952,SET-HISTORICAL-003952
LBL-HISTORICAL-003953,historical,,duplicate_processor_record,1,duplicate,dedupe_then_match,0,0,INT-HISTORICAL-003953,SET-HISTORICAL-003953
LBL-HISTORICAL-003954,historical,,exact_match,1,none,exact,0,0,INT-HISTORICAL-003954,SET-HISTORICAL-003954
LBL-HISTORICAL-003955,historical,,exact_match,1,none,exact,0,0,INT-HISTORICAL-003955,SET-HISTORICAL-003955
LBL-HISTORICAL-003956,historical,,exact_match,1,none,exact,0,0,INT-HISTORICAL-003956,SET-HISTORICAL-003956
LBL-HISTORICAL-003957,historical,,exact_match,1,none,exact,0,0,INT-HISTORICAL-003957,SET-HISTORICAL-003957
LBL-HISTORICAL-003958,historical,,exact_match,1,none,exact,0,0,INT-HISTORICAL-003958,SET-HISTORICAL-003958
LBL-HISTORICAL-003959,historical,,processing_fee,1,processor_fee,amount_tolerance,1,0,INT-HISTORICAL-003959,SET-HISTORICAL-003959
LBL-HISTORICAL-003960,historical,,exact_match,1,none,exact,0,0,INT-HISTORICAL-003960,SET-HISTORICAL-003960
LBL-HISTORICAL-003961,historical,,exact_match,1,none,exact,0,0,INT-HISTORICAL-003961,SET-HISTORICAL-003961
LBL-HISTORICAL-003962,historical,,settlement_delay,1,t_plus_delay,date_tolerance,0,1,INT-HISTORICAL-003962,SET-HISTORICAL-003962
LBL-HISTORICAL-003963,historical,,exact_match,1,none,exact,0,0,INT-HISTORICAL-003963,SET-HISTORICAL-003963
LBL-HISTORICAL-003964,historical,,rounding_difference,1,rounding,amount_tolerance,0,0,INT-HISTORICAL-003964,SET-HISTORICAL-003964
LBL-HISTORICAL-003965,historical,,exact_match,1,none,exact,0,0,INT-HISTORICAL-003965,SET-HISTORICAL-003965
LBL-HISTORICAL-003966,historical,,processing_fee,1,processor_fee,amount_tolerance,3,0,INT-HISTORICAL-003966,SET-HISTORICAL-003966
LBL-HISTORICAL-003967,historical,,settlement_delay,1,t_plus_delay,date_tolerance,0,1,INT-HISTORICAL-003967,SET-HISTORICAL-003967
LBL-HISTORICAL-003968,historical,,exact_match,1,none,exact,0,0,INT-HISTORICAL-003968,SET-HISTORICAL-003968
LBL-HISTORICAL-003969,historical,,exact_match,1,none,exact,0,0,INT-HISTORICAL-003969,SET-HISTORICAL-003969
LBL-HISTORICAL-003970,historical,,exact_match,1,none,exact,0,0,INT-HISTORICAL-003970,SET-HISTORICAL-003970
LBL-HISTORICAL-003971,historical,,exact_match,1,none,exact,0,0,INT-HISTORICAL-003971,SET-HISTORICAL-003971
LBL-HISTORICAL-003972,historical,,settlement_delay,1,t_plus_delay,date_tolerance,0,1,INT-HISTORICAL-003972,SET-HISTORICAL-003972
LBL-HISTORICAL-003973,historical,,exact_match,1,none,exact,0,0,INT-HISTORICAL-003973,SET-HISTORICAL-003973
LBL-HISTORICAL-003974,historical,,exact_match,1,none,exact,0,0,INT-HISTORICAL-003974,SET-HISTORICAL-003974
LBL-HISTORICAL-003975,historical,,exact_match,1,none,exact,0,0,INT-HISTORICAL-003975,SET-HISTORICAL-003975
LBL-HISTORICAL-003976,historical,,exact_match,1,none,exact,0,0,INT-HISTORICAL-003976,SET-HISTORICAL-003976
LBL-HISTORICAL-003977,historical,,reference_format,1,reference_normalization,reference_normalization,0,0,INT-HISTORICAL-003977,SET-HISTORICAL-003977
LBL-HISTORICAL-003978,historical,,exact_match,1,none,exact,0,0,INT-HISTORICAL-003978,SET-HISTORICAL-003978
LBL-HISTORICAL-003979,historical,,exact_match,1,none,exact,0,0,INT-HISTORICAL-003979,SET-HISTORICAL-003979
LBL-HISTORICAL-003980,historical,,settlement_delay,1,t_plus_delay,date_tolerance,0,1,INT-HISTORICAL-003980,SET-HISTORICAL-003980
LBL-HISTORICAL-003981,historical,,exact_match,1,none,exact,0,0,INT-HISTORICAL-003981,SET-HISTORICAL-003981
LBL-HISTORICAL-003982,historical,,exact_match,1,none,exact,0,0,INT-HISTORICAL-003982,SET-HISTORICAL-003982
LBL-HISTORICAL-003983,historical,,exact_match,1,none,exact,0,0,INT-HISTORICAL-003983,SET-HISTORICAL-003983
LBL-HISTORICAL-003984,historical,,processing_fee,1,processor_fee,amount_tolerance,2,0,INT-HISTORICAL-003984,SET-HISTORICAL-003984
LBL-HISTORICAL-003985,historical,,rounding_difference,1,rounding,amount_tolerance,0,0,INT-HISTORICAL-003985,SET-HISTORICAL-003985
LBL-HISTORICAL-003986,historical,,exact_match,1,none,exact,0,0,INT-HISTORICAL-003986,SET-HISTORICAL-003986
LBL-HISTORICAL-003987,historical,,processing_fee,1,processor_fee,amount_tolerance,2,0,INT-HISTORICAL-003987,SET-HISTORICAL-003987
LBL-HISTORICAL-003988,historical,,settlement_delay,1,t_plus_delay,date_tolerance,0,1,INT-HISTORICAL-003988,SET-HISTORICAL-003988
LBL-HISTORICAL-003989,historical,,exact_match,1,none,exact,0,0,INT-HISTORICAL-003989,SET-HISTORICAL-003989
LBL-HISTORICAL-003990,historical,,true_amount_mismatch,0,true_amount_mismatch,do_not_match,0,0,INT-HISTORICAL-003990,SET-HISTORICAL-003990
LBL-HISTORICAL-003991,historical,,exact_match,1,none,exact,0,0,INT-HISTORICAL-003991,SET-HISTORICAL-003991
LBL-HISTORICAL-003992,historical,,exact_match,1,none,exact,0,0,INT-HISTORICAL-003992,SET-HISTORICAL-003992
LBL-HISTORICAL-003993,historical,,exact_match,1,none,exact,0,0,INT-HISTORICAL-003993,SET-HISTORICAL-003993
LBL-HISTORICAL-003994,historical,,settlement_delay,1,t_plus_delay,date_tolerance,0,1,INT-HISTORICAL-003994,SET-HISTORICAL-003994
LBL-HISTORICAL-003995,historical,,exact_match,1,none,exact,0,0,INT-HISTORICAL-003995,SET-HISTORICAL-003995
LBL-HISTORICAL-003996,historical,,exact_match,1,none,exact,0,0,INT-HISTORICAL-003996,SET-HISTORICAL-003996
LBL-HISTORICAL-003997,historical,,exact_match,1,none,exact,0,0,INT-HISTORICAL-003997,SET-HISTORICAL-003997
LBL-HISTORICAL-003998,historical,,exact_match,1,none,exact,0,0,INT-HISTORICAL-003998,SET-HISTORICAL-003998
LBL-HISTORICAL-003999,historical,,exact_match,1,none,exact,0,0,INT-HISTORICAL-003999,SET-HISTORICAL-003999
LBL-HISTORICAL-004000,historical,,exact_match,1,none,exact,0,0,INT-HISTORICAL-004000,SET-HISTORICAL-004000
LBL-HISTORICAL-004001,historical,,true_amount_mismatch,0,true_amount_mismatch,do_not_match,0,0,INT-HISTORICAL-004001,SET-HISTORICAL-004001
LBL-HISTORICAL-004002,historical,,exact_match,1,none,exact,0,0,INT-HISTORICAL-004002,SET-HISTORICAL-004002
LBL-HISTORICAL-004003,historical,,exact_match,1,none,exact,0,0,INT-HISTORICAL-004003,SET-HISTORICAL-004003
LBL-HISTORICAL-004004,historical,,processing_fee,1,processor_fee,amount_tolerance,1,0,INT-HISTORICAL-004004,SET-HISTORICAL-004004
LBL-HISTORICAL-004005,historical,,exact_match,1,none,exact,0,0,INT-HISTORICAL-004005,SET-HISTORICAL-004005
LBL-HISTORICAL-004006,historical,,exact_match,1,none,exact,0,0,INT-HISTORICAL-004006,SET-HISTORICAL-004006
LBL-HISTORICAL-004007,historical,,exact_match,1,none,exact,0,0,INT-HISTORICAL-004007,SET-HISTORICAL-004007
LBL-HISTORICAL-004008,historical,,exact_match,1,none,exact,0,0,INT-HISTORICAL-004008,SET-HISTORICAL-004008
LBL-HISTORICAL-004009,historical,,processing_fee,1,processor_fee,amount_tolerance,2,0,INT-HISTORICAL-004009,SET-HISTORICAL-004009
LBL-HISTORICAL-004010,historical,,exact_match,1,none,exact,0,0,INT-HISTORICAL-004010,SET-HISTORICAL-004010
LBL-HISTORICAL-004011,historical,,reference_format,1,reference_normalization,reference_normalization,0,0,INT-HISTORICAL-004011,SET-HISTORICAL-004011
LBL-HISTORICAL-004012,historical,,reference_format,1,reference_normalization,reference_normalization,0,0,INT-HISTORICAL-004012,SET-HISTORICAL-004012
LBL-HISTORICAL-004013,historical,,settlement_delay,1,t_plus_delay,date_tolerance,0,1,INT-HISTORICAL-004013,SET-HISTORICAL-004013
LBL-HISTORICAL-004014,historical,,reference_format,1,reference_normalization,reference_normalization,0,0,INT-HISTORICAL-004014,SET-HISTORICAL-004014
LBL-HISTORICAL-004015,historical,,exact_match,1,none,exact,0,0,INT-HISTORICAL-004015,SET-HISTORICAL-004015
LBL-HISTORICAL-004016,historical,,exact_match,1,none,exact,0,0,INT-HISTORICAL-004016,SET-HISTORICAL-004016
LBL-HISTORICAL-004017,historical,,exact_match,1,none,exact,0,0,INT-HISTORICAL-004017,SET-HISTORICAL-004017
LBL-HISTORICAL-004018,historical,,processing_fee,1,processor_fee,amount_tolerance,2,0,INT-HISTORICAL-004018,SET-HISTORICAL-004018
LBL-HISTORICAL-004019,historical,,exact_match,1,none,exact,0,0,INT-HISTORICAL-004019,SET-HISTORICAL-004019
LBL-HISTORICAL-004020,historical,,exact_match,1,none,exact,0,0,INT-HISTORICAL-004020,SET-HISTORICAL-004020
LBL-HISTORICAL-004021,historical,,exact_match,1,none,exact,0,0,INT-HISTORICAL-004021,SET-HISTORICAL-004021
LBL-HISTORICAL-004022,historical,,processing_fee,1,processor_fee,amount_tolerance,2,0,INT-HISTORICAL-004022,SET-HISTORICAL-004022
LBL-HISTORICAL-004023,historical,,exact_match,1,none,exact,0,0,INT-HISTORICAL-004023,SET-HISTORICAL-004023
LBL-HISTORICAL-004024,historical,,settlement_delay,1,t_plus_delay,date_tolerance,0,2,INT-HISTORICAL-004024,SET-HISTORICAL-004024
LBL-HISTORICAL-004025,historical,,reference_format,1,reference_normalization,reference_normalization,0,0,INT-HISTORICAL-004025,SET-HISTORICAL-004025
LBL-HISTORICAL-004026,historical,,exact_match,1,none,exact,0,0,INT-HISTORICAL-004026,SET-HISTORICAL-004026
LBL-HISTORICAL-004027,historical,,exact_match,1,none,exact,0,0,INT-HISTORICAL-004027,SET-HISTORICAL-004027
LBL-HISTORICAL-004028,historical,,exact_match,1,none,exact,0,0,INT-HISTORICAL-004028,SET-HISTORICAL-004028
LBL-HISTORICAL-004029,historical,,exact_match,1,none,exact,0,0,INT-HISTORICAL-004029,SET-HISTORICAL-004029
LBL-HISTORICAL-004030,historical,,exact_match,1,none,exact,0,0,INT-HISTORICAL-004030,SET-HISTORICAL-004030
LBL-HISTORICAL-004031,historical,,exact_match,1,none,exact,0,0,INT-HISTORICAL-004031,SET-HISTORICAL-004031
LBL-HISTORICAL-004032,historical,,exact_match,1,none,exact,0,0,INT-HISTORICAL-004032,SET-HISTORICAL-004032
LBL-HISTORICAL-004033,historical,,exact_match,1,none,exact,0,0,INT-HISTORICAL-004033,SET-HISTORICAL-004033
LBL-HISTORICAL-004034,historical,,exact_match,1,none,exact,0,0,INT-HISTORICAL-004034,SET-HISTORICAL-004034
LBL-HISTORICAL-004035,historical,,exact_match,1,none,exact,0,0,INT-HISTORICAL-004035,SET-HISTORICAL-004035
LBL-HISTORICAL-004036,historical,,exact_match,1,none,exact,0,0,INT-HISTORICAL-004036,SET-HISTORICAL-004036
LBL-HISTORICAL-004037,historical,,rounding_difference,1,rounding,amount_tolerance,0,0,INT-HISTORICAL-004037,SET-HISTORICAL-004037
LBL-HISTORICAL-004038,historical,,reference_format,1,reference_normalization,reference_normalization,0,0,INT-HISTORICAL-004038,SET-HISTORICAL-004038
LBL-HISTORICAL-004039,historical,,exact_match,1,none,exact,0,0,INT-HISTORICAL-004039,SET-HISTORICAL-004039
LBL-HISTORICAL-004040,historical,,exact_match,1,none,exact,0,0,INT-HISTORICAL-004040,SET-HISTORICAL-004040
LBL-HISTORICAL-004041,historical,,exact_match,1,none,exact,0,0,INT-HISTORICAL-004041,SET-HISTORICAL-004041
LBL-HISTORICAL-004042,historical,,exact_match,1,none,exact,0,0,INT-HISTORICAL-004042,SET-HISTORICAL-004042
LBL-HISTORICAL-004043,historical,,processing_fee,1,processor_fee,amount_tolerance,3,0,INT-HISTORICAL-004043,SET-HISTORICAL-004043
LBL-HISTORICAL-004044,historical,,exact_match,1,none,exact,0,0,INT-HISTORICAL-004044,SET-HISTORICAL-004044
LBL-HISTORICAL-004045,historical,,exact_match,1,none,exact,0,0,INT-HISTORICAL-004045,SET-HISTORICAL-004045
LBL-HISTORICAL-004046,historical,,exact_match,1,none,exact,0,0,INT-HISTORICAL-004046,SET-HISTORICAL-004046
LBL-HISTORICAL-004047,historical,,exact_match,1,none,exact,0,0,INT-HISTORICAL-004047,SET-HISTORICAL-004047
LBL-HISTORICAL-004048,historical,,exact_match,1,none,exact,0,0,INT-HISTORICAL-004048,SET-HISTORICAL-004048
LBL-HISTORICAL-004049,historical,,exact_match,1,none,exact,0,0,INT-HISTORICAL-004049,SET-HISTORICAL-004049
LBL-HISTORICAL-004050,historical,,rounding_difference,1,rounding,amount_tolerance,0,0,INT-HISTORICAL-004050,SET-HISTORICAL-004050
LBL-HISTORICAL-004051,historical,,exact_match,1,none,exact,0,0,INT-HISTORICAL-004051,SET-HISTORICAL-004051
LBL-HISTORICAL-004052,historical,,exact_match,1,none,exact,0,0,INT-HISTORICAL-004052,SET-HISTORICAL-004052
LBL-HISTORICAL-004053,historical,,exact_match,1,none,exact,0,0,INT-HISTORICAL-004053,SET-HISTORICAL-004053
LBL-HISTORICAL-004054,historical,,exact_match,1,none,exact,0,0,INT-HISTORICAL-004054,SET-HISTORICAL-004054
LBL-HISTORICAL-004055,historical,,exact_match,1,none,exact,0,0,INT-HISTORICAL-004055,SET-HISTORICAL-004055
LBL-HISTORICAL-004056,historical,,exact_match,1,none,exact,0,0,INT-HISTORICAL-004056,SET-HISTORICAL-004056
LBL-HISTORICAL-004057,historical,,processing_fee,1,processor_fee,amount_tolerance,5,0,INT-HISTORICAL-004057,SET-HISTORICAL-004057
LBL-HISTORICAL-004058,historical,,processing_fee,1,processor_fee,amount_tolerance,1,0,INT-HISTORICAL-004058,SET-HISTORICAL-004058
LBL-HISTORICAL-004059,historical,,currency_mismatch,0,currency_mismatch,do_not_match,0,0,INT-HISTORICAL-004059,SET-HISTORICAL-004059
LBL-HISTORICAL-004060,historical,,exact_match,1,none,exact,0,0,INT-HISTORICAL-004060,SET-HISTORICAL-004060
LBL-HISTORICAL-004061,historical,,exact_match,1,none,exact,0,0,INT-HISTORICAL-004061,SET-HISTORICAL-004061
LBL-HISTORICAL-004062,historical,,processing_fee,1,processor_fee,amount_tolerance,2,0,INT-HISTORICAL-004062,SET-HISTORICAL-004062
LBL-HISTORICAL-004063,historical,,exact_match,1,none,exact,0,0,INT-HISTORICAL-004063,SET-HISTORICAL-004063
LBL-HISTORICAL-004064,historical,,exact_match,1,none,exact,0,0,INT-HISTORICAL-004064,SET-HISTORICAL-004064
LBL-HISTORICAL-004065,historical,,exact_match,1,none,exact,0,0,INT-HISTORICAL-004065,SET-HISTORICAL-004065
LBL-HISTORICAL-004066,historical,,reference_format,1,reference_normalization,reference_normalization,0,0,INT-HISTORICAL-004066,SET-HISTORICAL-004066
LBL-HISTORICAL-004067,historical,,settlement_delay,1,t_plus_delay,date_tolerance,0,1,INT-HISTORICAL-004067,SET-HISTORICAL-004067
LBL-HISTORICAL-004068,historical,,exact_match,1,none,exact,0,0,INT-HISTORICAL-004068,SET-HISTORICAL-004068
LBL-HISTORICAL-004069,historical,,settlement_delay,1,t_plus_delay,date_tolerance,0,1,INT-HISTORICAL-004069,SET-HISTORICAL-004069
LBL-HISTORICAL-004070,historical,,exact_match,1,none,exact,0,0,INT-HISTORICAL-004070,SET-HISTORICAL-004070
LBL-HISTORICAL-004071,historical,,exact_match,1,none,exact,0,0,INT-HISTORICAL-004071,SET-HISTORICAL-004071
LBL-HISTORICAL-004072,historical,,rounding_difference,1,rounding,amount_tolerance,0,0,INT-HISTORICAL-004072,SET-HISTORICAL-004072
LBL-HISTORICAL-004073,historical,,exact_match,1,none,exact,0,0,INT-HISTORICAL-004073,SET-HISTORICAL-004073
LBL-HISTORICAL-004074,historical,,exact_match,1,none,exact,0,0,INT-HISTORICAL-004074,SET-HISTORICAL-004074
LBL-HISTORICAL-004075,historical,,exact_match,1,none,exact,0,0,INT-HISTORICAL-004075,SET-HISTORICAL-004075
LBL-HISTORICAL-004076,historical,,exact_match,1,none,exact,0,0,INT-HISTORICAL-004076,SET-HISTORICAL-004076
LBL-HISTORICAL-004077,historical,,rounding_difference,1,rounding,amount_tolerance,0,0,INT-HISTORICAL-004077,SET-HISTORICAL-004077
LBL-HISTORICAL-004078,historical,,exact_match,1,none,exact,0,0,INT-HISTORICAL-004078,SET-HISTORICAL-004078
LBL-HISTORICAL-004079,historical,,settlement_delay,1,t_plus_delay,date_tolerance,0,2,INT-HISTORICAL-004079,SET-HISTORICAL-004079
LBL-HISTORICAL-004080,historical,,exact_match,1,none,exact,0,0,INT-HISTORICAL-004080,SET-HISTORICAL-004080
LBL-HISTORICAL-004081,historical,,exact_match,1,none,exact,0,0,INT-HISTORICAL-004081,SET-HISTORICAL-004081
LBL-HISTORICAL-004082,historical,,exact_match,1,none,exact,0,0,INT-HISTORICAL-004082,SET-HISTORICAL-004082
LBL-HISTORICAL-004083,historical,,exact_match,1,none,exact,0,0,INT-HISTORICAL-004083,SET-HISTORICAL-004083
LBL-HISTORICAL-004084,historical,,settlement_delay,1,t_plus_delay,date_tolerance,0,1,INT-HISTORICAL-004084,SET-HISTORICAL-004084
LBL-HISTORICAL-004085,historical,,exact_match,1,none,exact,0,0,INT-HISTORICAL-004085,SET-HISTORICAL-004085
LBL-HISTORICAL-004086,historical,,exact_match,1,none,exact,0,0,INT-HISTORICAL-004086,SET-HISTORICAL-004086
LBL-HISTORICAL-004087,historical,,processing_fee,1,processor_fee,amount_tolerance,3,0,INT-HISTORICAL-004087,SET-HISTORICAL-004087
LBL-HISTORICAL-004088,historical,,exact_match,1,none,exact,0,0,INT-HISTORICAL-004088,SET-HISTORICAL-004088
LBL-HISTORICAL-004089,historical,,exact_match,1,none,exact,0,0,INT-HISTORICAL-004089,SET-HISTORICAL-004089
LBL-HISTORICAL-004090,historical,,exact_match,1,none,exact,0,0,INT-HISTORICAL-004090,SET-HISTORICAL-004090
LBL-HISTORICAL-004091,historical,,duplicate_processor_record,1,duplicate,dedupe_then_match,0,0,INT-HISTORICAL-004091,SET-HISTORICAL-004091
LBL-HISTORICAL-004092,historical,,exact_match,1,none,exact,0,0,INT-HISTORICAL-004092,SET-HISTORICAL-004092
LBL-HISTORICAL-004093,historical,,exact_match,1,none,exact,0,0,INT-HISTORICAL-004093,SET-HISTORICAL-004093
LBL-HISTORICAL-004094,historical,,settlement_delay,1,t_plus_delay,date_tolerance,0,1,INT-HISTORICAL-004094,SET-HISTORICAL-004094
LBL-HISTORICAL-004095,historical,,settlement_delay,1,t_plus_delay,date_tolerance,0,1,INT-HISTORICAL-004095,SET-HISTORICAL-004095
LBL-HISTORICAL-004096,historical,,exact_match,1,none,exact,0,0,INT-HISTORICAL-004096,SET-HISTORICAL-004096
LBL-HISTORICAL-004097,historical,,exact_match,1,none,exact,0,0,INT-HISTORICAL-004097,SET-HISTORICAL-004097
LBL-HISTORICAL-004098,historical,,processing_fee,1,processor_fee,amount_tolerance,2,0,INT-HISTORICAL-004098,SET-HISTORICAL-004098
LBL-HISTORICAL-004099,historical,,exact_match,1,none,exact,0,0,INT-HISTORICAL-004099,SET-HISTORICAL-004099
LBL-HISTORICAL-004100,historical,,exact_match,1,none,exact,0,0,INT-HISTORICAL-004100,SET-HISTORICAL-004100
LBL-HISTORICAL-004101,historical,,duplicate_processor_record,1,duplicate,dedupe_then_match,0,0,INT-HISTORICAL-004101,SET-HISTORICAL-004101
LBL-HISTORICAL-004102,historical,,exact_match,1,none,exact,0,0,INT-HISTORICAL-004102,SET-HISTORICAL-004102
LBL-HISTORICAL-004103,historical,,reference_format,1,reference_normalization,reference_normalization,0,0,INT-HISTORICAL-004103,SET-HISTORICAL-004103
LBL-HISTORICAL-004104,historical,,exact_match,1,none,exact,0,0,INT-HISTORICAL-004104,SET-HISTORICAL-004104
LBL-HISTORICAL-004105,historical,,reference_format,1,reference_normalization,reference_normalization,0,0,INT-HISTORICAL-004105,SET-HISTORICAL-004105
LBL-HISTORICAL-004106,historical,,processing_fee,1,processor_fee,amount_tolerance,5,0,INT-HISTORICAL-004106,SET-HISTORICAL-004106
LBL-HISTORICAL-004107,historical,,exact_match,1,none,exact,0,0,INT-HISTORICAL-004107,SET-HISTORICAL-004107
LBL-HISTORICAL-004108,historical,,exact_match,1,none,exact,0,0,INT-HISTORICAL-004108,SET-HISTORICAL-004108
LBL-HISTORICAL-004109,historical,,exact_match,1,none,exact,0,0,INT-HISTORICAL-004109,SET-HISTORICAL-004109
LBL-HISTORICAL-004110,historical,,exact_match,1,none,exact,0,0,INT-HISTORICAL-004110,SET-HISTORICAL-004110
LBL-HISTORICAL-004111,historical,,processing_fee,1,processor_fee,amount_tolerance,2,0,INT-HISTORICAL-004111,SET-HISTORICAL-004111
LBL-HISTORICAL-004112,historical,,processing_fee,1,processor_fee,amount_tolerance,1,0,INT-HISTORICAL-004112,SET-HISTORICAL-004112
LBL-HISTORICAL-004113,historical,,exact_match,1,none,exact,0,0,INT-HISTORICAL-004113,SET-HISTORICAL-004113
LBL-HISTORICAL-004114,historical,,settlement_delay,1,t_plus_delay,date_tolerance,0,1,INT-HISTORICAL-004114,SET-HISTORICAL-004114
LBL-HISTORICAL-004115,historical,,exact_match,1,none,exact,0,0,INT-HISTORICAL-004115,SET-HISTORICAL-004115
LBL-HISTORICAL-004116,historical,,processing_fee,1,processor_fee,amount_tolerance,1,0,INT-HISTORICAL-004116,SET-HISTORICAL-004116
LBL-HISTORICAL-004117,historical,,exact_match,1,none,exact,0,0,INT-HISTORICAL-004117,SET-HISTORICAL-004117
LBL-HISTORICAL-004118,historical,,settlement_delay,1,t_plus_delay,date_tolerance,0,2,INT-HISTORICAL-004118,SET-HISTORICAL-004118
LBL-HISTORICAL-004119,historical,,exact_match,1,none,exact,0,0,INT-HISTORICAL-004119,SET-HISTORICAL-004119
LBL-HISTORICAL-004120,historical,,exact_match,1,none,exact,0,0,INT-HISTORICAL-004120,SET-HISTORICAL-004120
LBL-HISTORICAL-004121,historical,,duplicate_processor_record,1,duplicate,dedupe_then_match,0,0,INT-HISTORICAL-004121,SET-HISTORICAL-004121
LBL-HISTORICAL-004122,historical,,exact_match,1,none,exact,0,0,INT-HISTORICAL-004122,SET-HISTORICAL-004122
LBL-HISTORICAL-004123,historical,,exact_match,1,none,exact,0,0,INT-HISTORICAL-004123,SET-HISTORICAL-004123
LBL-HISTORICAL-004124,historical,,exact_match,1,none,exact,0,0,INT-HISTORICAL-004124,SET-HISTORICAL-004124
LBL-HISTORICAL-004125,historical,,exact_match,1,none,exact,0,0,INT-HISTORICAL-004125,SET-HISTORICAL-004125
LBL-HISTORICAL-004126,historical,,processing_fee,1,processor_fee,amount_tolerance,1,0,INT-HISTORICAL-004126,SET-HISTORICAL-004126
LBL-HISTORICAL-004127,historical,,exact_match,1,none,exact,0,0,INT-HISTORICAL-004127,SET-HISTORICAL-004127
LBL-HISTORICAL-004128,historical,,exact_match,1,none,exact,0,0,INT-HISTORICAL-004128,SET-HISTORICAL-004128
LBL-HISTORICAL-004129,historical,,exact_match,1,none,exact,0,0,INT-HISTORICAL-004129,SET-HISTORICAL-004129
LBL-HISTORICAL-004130,historical,,exact_match,1,none,exact,0,0,INT-HISTORICAL-004130,SET-HISTORICAL-004130
LBL-HISTORICAL-004131,historical,,duplicate_processor_record,1,duplicate,dedupe_then_match,0,0,INT-HISTORICAL-004131,SET-HISTORICAL-004131
LBL-HISTORICAL-004132,historical,,settlement_delay,1,t_plus_delay,date_tolerance,0,2,INT-HISTORICAL-004132,SET-HISTORICAL-004132
LBL-HISTORICAL-004133,historical,,settlement_delay,1,t_plus_delay,date_tolerance,0,1,INT-HISTORICAL-004133,SET-HISTORICAL-004133
LBL-HISTORICAL-004134,historical,,exact_match,1,none,exact,0,0,INT-HISTORICAL-004134,SET-HISTORICAL-004134
LBL-HISTORICAL-004135,historical,,processing_fee,1,processor_fee,amount_tolerance,2,0,INT-HISTORICAL-004135,SET-HISTORICAL-004135
LBL-HISTORICAL-004136,historical,,exact_match,1,none,exact,0,0,INT-HISTORICAL-004136,SET-HISTORICAL-004136
LBL-HISTORICAL-004137,historical,,currency_mismatch,0,currency_mismatch,do_not_match,0,0,INT-HISTORICAL-004137,SET-HISTORICAL-004137
LBL-HISTORICAL-004138,historical,,exact_match,1,none,exact,0,0,INT-HISTORICAL-004138,SET-HISTORICAL-004138
LBL-HISTORICAL-004139,historical,,exact_match,1,none,exact,0,0,INT-HISTORICAL-004139,SET-HISTORICAL-004139
LBL-HISTORICAL-004140,historical,,exact_match,1,none,exact,0,0,INT-HISTORICAL-004140,SET-HISTORICAL-004140
LBL-HISTORICAL-004141,historical,,processing_fee,1,processor_fee,amount_tolerance,1,0,INT-HISTORICAL-004141,SET-HISTORICAL-004141
LBL-HISTORICAL-004142,historical,,exact_match,1,none,exact,0,0,INT-HISTORICAL-004142,SET-HISTORICAL-004142
LBL-HISTORICAL-004143,historical,,exact_match,1,none,exact,0,0,INT-HISTORICAL-004143,SET-HISTORICAL-004143
LBL-HISTORICAL-004144,historical,,processing_fee,1,processor_fee,amount_tolerance,2,0,INT-HISTORICAL-004144,SET-HISTORICAL-004144
LBL-HISTORICAL-004145,historical,,exact_match,1,none,exact,0,0,INT-HISTORICAL-004145,SET-HISTORICAL-004145
LBL-HISTORICAL-004146,historical,,rounding_difference,1,rounding,amount_tolerance,0,0,INT-HISTORICAL-004146,SET-HISTORICAL-004146
LBL-HISTORICAL-004147,historical,,processing_fee,1,processor_fee,amount_tolerance,3,0,INT-HISTORICAL-004147,SET-HISTORICAL-004147
LBL-HISTORICAL-004148,historical,,exact_match,1,none,exact,0,0,INT-HISTORICAL-004148,SET-HISTORICAL-004148
LBL-HISTORICAL-004149,historical,,exact_match,1,none,exact,0,0,INT-HISTORICAL-004149,SET-HISTORICAL-004149
LBL-HISTORICAL-004150,historical,,exact_match,1,none,exact,0,0,INT-HISTORICAL-004150,SET-HISTORICAL-004150
LBL-HISTORICAL-004151,historical,,exact_match,1,none,exact,0,0,INT-HISTORICAL-004151,SET-HISTORICAL-004151
LBL-HISTORICAL-004152,historical,,exact_match,1,none,exact,0,0,INT-HISTORICAL-004152,SET-HISTORICAL-004152
LBL-HISTORICAL-004153,historical,,processing_fee,1,processor_fee,amount_tolerance,3,0,INT-HISTORICAL-004153,SET-HISTORICAL-004153
LBL-HISTORICAL-004154,historical,,exact_match,1,none,exact,0,0,INT-HISTORICAL-004154,SET-HISTORICAL-004154
LBL-HISTORICAL-004155,historical,,exact_match,1,none,exact,0,0,INT-HISTORICAL-004155,SET-HISTORICAL-004155
LBL-HISTORICAL-004156,historical,,reference_format,1,reference_normalization,reference_normalization,0,0,INT-HISTORICAL-004156,SET-HISTORICAL-004156
LBL-HISTORICAL-004157,historical,,exact_match,1,none,exact,0,0,INT-HISTORICAL-004157,SET-HISTORICAL-004157
LBL-HISTORICAL-004158,historical,,exact_match,1,none,exact,0,0,INT-HISTORICAL-004158,SET-HISTORICAL-004158
LBL-HISTORICAL-004159,historical,,processing_fee,1,processor_fee,amount_tolerance,1,0,INT-HISTORICAL-004159,SET-HISTORICAL-004159
LBL-HISTORICAL-004160,historical,,exact_match,1,none,exact,0,0,INT-HISTORICAL-004160,SET-HISTORICAL-004160
LBL-HISTORICAL-004161,historical,,exact_match,1,none,exact,0,0,INT-HISTORICAL-004161,SET-HISTORICAL-004161
LBL-HISTORICAL-004162,historical,,exact_match,1,none,exact,0,0,INT-HISTORICAL-004162,SET-HISTORICAL-004162
LBL-HISTORICAL-004163,historical,,exact_match,1,none,exact,0,0,INT-HISTORICAL-004163,SET-HISTORICAL-004163
LBL-HISTORICAL-004164,historical,,settlement_delay,1,t_plus_delay,date_tolerance,0,1,INT-HISTORICAL-004164,SET-HISTORICAL-004164
LBL-HISTORICAL-004165,historical,,exact_match,1,none,exact,0,0,INT-HISTORICAL-004165,SET-HISTORICAL-004165
LBL-HISTORICAL-004166,historical,,exact_match,1,none,exact,0,0,INT-HISTORICAL-004166,SET-HISTORICAL-004166
LBL-HISTORICAL-004167,historical,,exact_match,1,none,exact,0,0,INT-HISTORICAL-004167,SET-HISTORICAL-004167
LBL-HISTORICAL-004168,historical,,exact_match,1,none,exact,0,0,INT-HISTORICAL-004168,SET-HISTORICAL-004168
LBL-HISTORICAL-004169,historical,,reference_format,1,reference_normalization,reference_normalization,0,0,INT-HISTORICAL-004169,SET-HISTORICAL-004169
LBL-HISTORICAL-004170,historical,,exact_match,1,none,exact,0,0,INT-HISTORICAL-004170,SET-HISTORICAL-004170
LBL-HISTORICAL-004171,historical,,exact_match,1,none,exact,0,0,INT-HISTORICAL-004171,SET-HISTORICAL-004171
LBL-HISTORICAL-004172,historical,,true_amount_mismatch,0,true_amount_mismatch,do_not_match,0,0,INT-HISTORICAL-004172,SET-HISTORICAL-004172
LBL-HISTORICAL-004173,historical,,exact_match,1,none,exact,0,0,INT-HISTORICAL-004173,SET-HISTORICAL-004173
LBL-HISTORICAL-004174,historical,,exact_match,1,none,exact,0,0,INT-HISTORICAL-004174,SET-HISTORICAL-004174
LBL-HISTORICAL-004175,historical,,exact_match,1,none,exact,0,0,INT-HISTORICAL-004175,SET-HISTORICAL-004175
LBL-HISTORICAL-004176,historical,,exact_match,1,none,exact,0,0,INT-HISTORICAL-004176,SET-HISTORICAL-004176
LBL-HISTORICAL-004177,historical,,currency_mismatch,0,currency_mismatch,do_not_match,0,0,INT-HISTORICAL-004177,SET-HISTORICAL-004177
LBL-HISTORICAL-004178,historical,,exact_match,1,none,exact,0,0,INT-HISTORICAL-004178,SET-HISTORICAL-004178
LBL-HISTORICAL-004179,historical,,exact_match,1,none,exact,0,0,INT-HISTORICAL-004179,SET-HISTORICAL-004179
LBL-HISTORICAL-004180,historical,,exact_match,1,none,exact,0,0,INT-HISTORICAL-004180,SET-HISTORICAL-004180
LBL-HISTORICAL-004181,historical,,exact_match,1,none,exact,0,0,INT-HISTORICAL-004181,SET-HISTORICAL-004181
LBL-HISTORICAL-004182,historical,,settlement_delay,1,t_plus_delay,date_tolerance,0,1,INT-HISTORICAL-004182,SET-HISTORICAL-004182
LBL-HISTORICAL-004183,historical,,exact_match,1,none,exact,0,0,INT-HISTORICAL-004183,SET-HISTORICAL-004183
LBL-HISTORICAL-004184,historical,,processing_fee,1,processor_fee,amount_tolerance,3,0,INT-HISTORICAL-004184,SET-HISTORICAL-004184
LBL-HISTORICAL-004185,historical,,reference_format,1,reference_normalization,reference_normalization,0,0,INT-HISTORICAL-004185,SET-HISTORICAL-004185
LBL-HISTORICAL-004186,historical,,exact_match,1,none,exact,0,0,INT-HISTORICAL-004186,SET-HISTORICAL-004186
LBL-HISTORICAL-004187,historical,,exact_match,1,none,exact,0,0,INT-HISTORICAL-004187,SET-HISTORICAL-004187
LBL-HISTORICAL-004188,historical,,exact_match,1,none,exact,0,0,INT-HISTORICAL-004188,SET-HISTORICAL-004188
LBL-HISTORICAL-004189,historical,,exact_match,1,none,exact,0,0,INT-HISTORICAL-004189,SET-HISTORICAL-004189
LBL-HISTORICAL-004190,historical,,exact_match,1,none,exact,0,0,INT-HISTORICAL-004190,SET-HISTORICAL-004190
LBL-HISTORICAL-004191,historical,,rounding_difference,1,rounding,amount_tolerance,0,0,INT-HISTORICAL-004191,SET-HISTORICAL-004191
LBL-HISTORICAL-004192,historical,,exact_match,1,none,exact,0,0,INT-HISTORICAL-004192,SET-HISTORICAL-004192
LBL-HISTORICAL-004193,historical,,exact_match,1,none,exact,0,0,INT-HISTORICAL-004193,SET-HISTORICAL-004193
LBL-HISTORICAL-004194,historical,,exact_match,1,none,exact,0,0,INT-HISTORICAL-004194,SET-HISTORICAL-004194
LBL-HISTORICAL-004195,historical,,exact_match,1,none,exact,0,0,INT-HISTORICAL-004195,SET-HISTORICAL-004195
LBL-HISTORICAL-004196,historical,,exact_match,1,none,exact,0,0,INT-HISTORICAL-004196,SET-HISTORICAL-004196
LBL-HISTORICAL-004197,historical,,exact_match,1,none,exact,0,0,INT-HISTORICAL-004197,SET-HISTORICAL-004197
LBL-HISTORICAL-004198,historical,,exact_match,1,none,exact,0,0,INT-HISTORICAL-004198,SET-HISTORICAL-004198
LBL-HISTORICAL-004199,historical,,settlement_delay,1,t_plus_delay,date_tolerance,0,1,INT-HISTORICAL-004199,SET-HISTORICAL-004199
LBL-HISTORICAL-004200,historical,,processing_fee,1,processor_fee,amount_tolerance,3,0,INT-HISTORICAL-004200,SET-HISTORICAL-004200
LBL-HISTORICAL-004201,historical,,exact_match,1,none,exact,0,0,INT-HISTORICAL-004201,SET-HISTORICAL-004201
LBL-HISTORICAL-004202,historical,,exact_match,1,none,exact,0,0,INT-HISTORICAL-004202,SET-HISTORICAL-004202
LBL-HISTORICAL-004203,historical,,exact_match,1,none,exact,0,0,INT-HISTORICAL-004203,SET-HISTORICAL-004203
LBL-HISTORICAL-004204,historical,,exact_match,1,none,exact,0,0,INT-HISTORICAL-004204,SET-HISTORICAL-004204
LBL-HISTORICAL-004205,historical,,processing_fee,1,processor_fee,amount_tolerance,1,0,INT-HISTORICAL-004205,SET-HISTORICAL-004205
LBL-HISTORICAL-004206,historical,,exact_match,1,none,exact,0,0,INT-HISTORICAL-004206,SET-HISTORICAL-004206
LBL-HISTORICAL-004207,historical,,processing_fee,1,processor_fee,amount_tolerance,3,0,INT-HISTORICAL-004207,SET-HISTORICAL-004207
LBL-HISTORICAL-004208,historical,,exact_match,1,none,exact,0,0,INT-HISTORICAL-004208,SET-HISTORICAL-004208
LBL-HISTORICAL-004209,historical,,exact_match,1,none,exact,0,0,INT-HISTORICAL-004209,SET-HISTORICAL-004209
LBL-HISTORICAL-004210,historical,,exact_match,1,none,exact,0,0,INT-HISTORICAL-004210,SET-HISTORICAL-004210
LBL-HISTORICAL-004211,historical,,settlement_delay,1,t_plus_delay,date_tolerance,0,2,INT-HISTORICAL-004211,SET-HISTORICAL-004211
LBL-HISTORICAL-004212,historical,,exact_match,1,none,exact,0,0,INT-HISTORICAL-004212,SET-HISTORICAL-004212
LBL-HISTORICAL-004213,historical,,exact_match,1,none,exact,0,0,INT-HISTORICAL-004213,SET-HISTORICAL-004213
LBL-HISTORICAL-004214,historical,,reference_format,1,reference_normalization,reference_normalization,0,0,INT-HISTORICAL-004214,SET-HISTORICAL-004214
LBL-HISTORICAL-004215,historical,,exact_match,1,none,exact,0,0,INT-HISTORICAL-004215,SET-HISTORICAL-004215
LBL-HISTORICAL-004216,historical,,exact_match,1,none,exact,0,0,INT-HISTORICAL-004216,SET-HISTORICAL-004216
LBL-HISTORICAL-004217,historical,,exact_match,1,none,exact,0,0,INT-HISTORICAL-004217,SET-HISTORICAL-004217
LBL-HISTORICAL-004218,historical,,reference_format,1,reference_normalization,reference_normalization,0,0,INT-HISTORICAL-004218,SET-HISTORICAL-004218
LBL-HISTORICAL-004219,historical,,reference_format,1,reference_normalization,reference_normalization,0,0,INT-HISTORICAL-004219,SET-HISTORICAL-004219
LBL-HISTORICAL-004220,historical,,exact_match,1,none,exact,0,0,INT-HISTORICAL-004220,SET-HISTORICAL-004220
LBL-HISTORICAL-004221,historical,,exact_match,1,none,exact,0,0,INT-HISTORICAL-004221,SET-HISTORICAL-004221
LBL-HISTORICAL-004222,historical,,exact_match,1,none,exact,0,0,INT-HISTORICAL-004222,SET-HISTORICAL-004222
LBL-HISTORICAL-004223,historical,,exact_match,1,none,exact,0,0,INT-HISTORICAL-004223,SET-HISTORICAL-004223
LBL-HISTORICAL-004224,historical,,reference_format,1,reference_normalization,reference_normalization,0,0,INT-HISTORICAL-004224,SET-HISTORICAL-004224
LBL-HISTORICAL-004225,historical,,rounding_difference,1,rounding,amount_tolerance,0,0,INT-HISTORICAL-004225,SET-HISTORICAL-004225
LBL-HISTORICAL-004226,historical,,exact_match,1,none,exact,0,0,INT-HISTORICAL-004226,SET-HISTORICAL-004226
LBL-HISTORICAL-004227,historical,,processing_fee,1,processor_fee,amount_tolerance,1,0,INT-HISTORICAL-004227,SET-HISTORICAL-004227
LBL-HISTORICAL-004228,historical,,processing_fee,1,processor_fee,amount_tolerance,5,0,INT-HISTORICAL-004228,SET-HISTORICAL-004228
LBL-HISTORICAL-004229,historical,,exact_match,1,none,exact,0,0,INT-HISTORICAL-004229,SET-HISTORICAL-004229
LBL-HISTORICAL-004230,historical,,exact_match,1,none,exact,0,0,INT-HISTORICAL-004230,SET-HISTORICAL-004230
LBL-HISTORICAL-004231,historical,,processing_fee,1,processor_fee,amount_tolerance,5,0,INT-HISTORICAL-004231,SET-HISTORICAL-004231
LBL-HISTORICAL-004232,historical,,settlement_delay,1,t_plus_delay,date_tolerance,0,1,INT-HISTORICAL-004232,SET-HISTORICAL-004232
LBL-HISTORICAL-004233,historical,,exact_match,1,none,exact,0,0,INT-HISTORICAL-004233,SET-HISTORICAL-004233
LBL-HISTORICAL-004234,historical,,exact_match,1,none,exact,0,0,INT-HISTORICAL-004234,SET-HISTORICAL-004234
LBL-HISTORICAL-004235,historical,,exact_match,1,none,exact,0,0,INT-HISTORICAL-004235,SET-HISTORICAL-004235
LBL-HISTORICAL-004236,historical,,reference_format,1,reference_normalization,reference_normalization,0,0,INT-HISTORICAL-004236,SET-HISTORICAL-004236
LBL-HISTORICAL-004237,historical,,exact_match,1,none,exact,0,0,INT-HISTORICAL-004237,SET-HISTORICAL-004237
LBL-HISTORICAL-004238,historical,,true_amount_mismatch,0,true_amount_mismatch,do_not_match,0,0,INT-HISTORICAL-004238,SET-HISTORICAL-004238
LBL-HISTORICAL-004239,historical,,processing_fee,1,processor_fee,amount_tolerance,1,0,INT-HISTORICAL-004239,SET-HISTORICAL-004239
LBL-HISTORICAL-004240,historical,,processing_fee,1,processor_fee,amount_tolerance,5,0,INT-HISTORICAL-004240,SET-HISTORICAL-004240
LBL-HISTORICAL-004241,historical,,exact_match,1,none,exact,0,0,INT-HISTORICAL-004241,SET-HISTORICAL-004241
LBL-HISTORICAL-004242,historical,,exact_match,1,none,exact,0,0,INT-HISTORICAL-004242,SET-HISTORICAL-004242
LBL-HISTORICAL-004243,historical,,exact_match,1,none,exact,0,0,INT-HISTORICAL-004243,SET-HISTORICAL-004243
LBL-HISTORICAL-004244,historical,,exact_match,1,none,exact,0,0,INT-HISTORICAL-004244,SET-HISTORICAL-004244
LBL-HISTORICAL-004245,historical,,reference_format,1,reference_normalization,reference_normalization,0,0,INT-HISTORICAL-004245,SET-HISTORICAL-004245
LBL-HISTORICAL-004246,historical,,exact_match,1,none,exact,0,0,INT-HISTORICAL-004246,SET-HISTORICAL-004246
LBL-HISTORICAL-004247,historical,,settlement_delay,1,t_plus_delay,date_tolerance,0,1,INT-HISTORICAL-004247,SET-HISTORICAL-004247
LBL-HISTORICAL-004248,historical,,reference_format,1,reference_normalization,reference_normalization,0,0,INT-HISTORICAL-004248,SET-HISTORICAL-004248
LBL-HISTORICAL-004249,historical,,exact_match,1,none,exact,0,0,INT-HISTORICAL-004249,SET-HISTORICAL-004249
LBL-HISTORICAL-004250,historical,,exact_match,1,none,exact,0,0,INT-HISTORICAL-004250,SET-HISTORICAL-004250
LBL-HISTORICAL-004251,historical,,exact_match,1,none,exact,0,0,INT-HISTORICAL-004251,SET-HISTORICAL-004251
LBL-HISTORICAL-004252,historical,,exact_match,1,none,exact,0,0,INT-HISTORICAL-004252,SET-HISTORICAL-004252
LBL-HISTORICAL-004253,historical,,exact_match,1,none,exact,0,0,INT-HISTORICAL-004253,SET-HISTORICAL-004253
LBL-HISTORICAL-004254,historical,,exact_match,1,none,exact,0,0,INT-HISTORICAL-004254,SET-HISTORICAL-004254
LBL-HISTORICAL-004255,historical,,exact_match,1,none,exact,0,0,INT-HISTORICAL-004255,SET-HISTORICAL-004255
LBL-HISTORICAL-004256,historical,,exact_match,1,none,exact,0,0,INT-HISTORICAL-004256,SET-HISTORICAL-004256
LBL-HISTORICAL-004257,historical,,duplicate_processor_record,1,duplicate,dedupe_then_match,0,0,INT-HISTORICAL-004257,SET-HISTORICAL-004257
LBL-HISTORICAL-004258,historical,,exact_match,1,none,exact,0,0,INT-HISTORICAL-004258,SET-HISTORICAL-004258
LBL-HISTORICAL-004259,historical,,rounding_difference,1,rounding,amount_tolerance,0,0,INT-HISTORICAL-004259,SET-HISTORICAL-004259
LBL-HISTORICAL-004260,historical,,reference_format,1,reference_normalization,reference_normalization,0,0,INT-HISTORICAL-004260,SET-HISTORICAL-004260
LBL-HISTORICAL-004261,historical,,processing_fee,1,processor_fee,amount_tolerance,1,0,INT-HISTORICAL-004261,SET-HISTORICAL-004261
LBL-HISTORICAL-004262,historical,,exact_match,1,none,exact,0,0,INT-HISTORICAL-004262,SET-HISTORICAL-004262
LBL-HISTORICAL-004263,historical,,processing_fee,1,processor_fee,amount_tolerance,5,0,INT-HISTORICAL-004263,SET-HISTORICAL-004263
LBL-HISTORICAL-004264,historical,,exact_match,1,none,exact,0,0,INT-HISTORICAL-004264,SET-HISTORICAL-004264
LBL-HISTORICAL-004265,historical,,exact_match,1,none,exact,0,0,INT-HISTORICAL-004265,SET-HISTORICAL-004265
LBL-HISTORICAL-004266,historical,,processing_fee,1,processor_fee,amount_tolerance,2,0,INT-HISTORICAL-004266,SET-HISTORICAL-004266
LBL-HISTORICAL-004267,historical,,exact_match,1,none,exact,0,0,INT-HISTORICAL-004267,SET-HISTORICAL-004267
LBL-HISTORICAL-004268,historical,,exact_match,1,none,exact,0,0,INT-HISTORICAL-004268,SET-HISTORICAL-004268
LBL-HISTORICAL-004269,historical,,exact_match,1,none,exact,0,0,INT-HISTORICAL-004269,SET-HISTORICAL-004269
LBL-HISTORICAL-004270,historical,,settlement_delay,1,t_plus_delay,date_tolerance,0,1,INT-HISTORICAL-004270,SET-HISTORICAL-004270
LBL-HISTORICAL-004271,historical,,currency_mismatch,0,currency_mismatch,do_not_match,0,0,INT-HISTORICAL-004271,SET-HISTORICAL-004271
LBL-HISTORICAL-004272,historical,,exact_match,1,none,exact,0,0,INT-HISTORICAL-004272,SET-HISTORICAL-004272
LBL-HISTORICAL-004273,historical,,rounding_difference,1,rounding,amount_tolerance,0,0,INT-HISTORICAL-004273,SET-HISTORICAL-004273
LBL-HISTORICAL-004274,historical,,exact_match,1,none,exact,0,0,INT-HISTORICAL-004274,SET-HISTORICAL-004274
LBL-HISTORICAL-004275,historical,,exact_match,1,none,exact,0,0,INT-HISTORICAL-004275,SET-HISTORICAL-004275
LBL-HISTORICAL-004276,historical,,exact_match,1,none,exact,0,0,INT-HISTORICAL-004276,SET-HISTORICAL-004276
LBL-HISTORICAL-004277,historical,,exact_match,1,none,exact,0,0,INT-HISTORICAL-004277,SET-HISTORICAL-004277
LBL-HISTORICAL-004278,historical,,settlement_delay,1,t_plus_delay,date_tolerance,0,1,INT-HISTORICAL-004278,SET-HISTORICAL-004278
LBL-HISTORICAL-004279,historical,,processing_fee,1,processor_fee,amount_tolerance,3,0,INT-HISTORICAL-004279,SET-HISTORICAL-004279
LBL-HISTORICAL-004280,historical,,processing_fee,1,processor_fee,amount_tolerance,5,0,INT-HISTORICAL-004280,SET-HISTORICAL-004280
LBL-HISTORICAL-004281,historical,,exact_match,1,none,exact,0,0,INT-HISTORICAL-004281,SET-HISTORICAL-004281
LBL-HISTORICAL-004282,historical,,exact_match,1,none,exact,0,0,INT-HISTORICAL-004282,SET-HISTORICAL-004282
LBL-HISTORICAL-004283,historical,,exact_match,1,none,exact,0,0,INT-HISTORICAL-004283,SET-HISTORICAL-004283
LBL-HISTORICAL-004284,historical,,exact_match,1,none,exact,0,0,INT-HISTORICAL-004284,SET-HISTORICAL-004284
LBL-HISTORICAL-004285,historical,,exact_match,1,none,exact,0,0,INT-HISTORICAL-004285,SET-HISTORICAL-004285
LBL-HISTORICAL-004286,historical,,exact_match,1,none,exact,0,0,INT-HISTORICAL-004286,SET-HISTORICAL-004286
LBL-HISTORICAL-004287,historical,,exact_match,1,none,exact,0,0,INT-HISTORICAL-004287,SET-HISTORICAL-004287
LBL-HISTORICAL-004288,historical,,settlement_delay,1,t_plus_delay,date_tolerance,0,2,INT-HISTORICAL-004288,SET-HISTORICAL-004288
LBL-HISTORICAL-004289,historical,,exact_match,1,none,exact,0,0,INT-HISTORICAL-004289,SET-HISTORICAL-004289
LBL-HISTORICAL-004290,historical,,exact_match,1,none,exact,0,0,INT-HISTORICAL-004290,SET-HISTORICAL-004290
LBL-HISTORICAL-004291,historical,,settlement_delay,1,t_plus_delay,date_tolerance,0,1,INT-HISTORICAL-004291,SET-HISTORICAL-004291
LBL-HISTORICAL-004292,historical,,reference_format,1,reference_normalization,reference_normalization,0,0,INT-HISTORICAL-004292,SET-HISTORICAL-004292
LBL-HISTORICAL-004293,historical,,settlement_delay,1,t_plus_delay,date_tolerance,0,1,INT-HISTORICAL-004293,SET-HISTORICAL-004293
LBL-HISTORICAL-004294,historical,,currency_mismatch,0,currency_mismatch,do_not_match,0,0,INT-HISTORICAL-004294,SET-HISTORICAL-004294
LBL-HISTORICAL-004295,historical,,exact_match,1,none,exact,0,0,INT-HISTORICAL-004295,SET-HISTORICAL-004295
LBL-HISTORICAL-004296,historical,,processing_fee,1,processor_fee,amount_tolerance,5,0,INT-HISTORICAL-004296,SET-HISTORICAL-004296
LBL-HISTORICAL-004297,historical,,reference_format,1,reference_normalization,reference_normalization,0,0,INT-HISTORICAL-004297,SET-HISTORICAL-004297
LBL-HISTORICAL-004298,historical,,exact_match,1,none,exact,0,0,INT-HISTORICAL-004298,SET-HISTORICAL-004298
LBL-HISTORICAL-004299,historical,,exact_match,1,none,exact,0,0,INT-HISTORICAL-004299,SET-HISTORICAL-004299
LBL-HISTORICAL-004300,historical,,exact_match,1,none,exact,0,0,INT-HISTORICAL-004300,SET-HISTORICAL-004300
LBL-HISTORICAL-004301,historical,,duplicate_processor_record,1,duplicate,dedupe_then_match,0,0,INT-HISTORICAL-004301,SET-HISTORICAL-004301
LBL-HISTORICAL-004302,historical,,exact_match,1,none,exact,0,0,INT-HISTORICAL-004302,SET-HISTORICAL-004302
LBL-HISTORICAL-004303,historical,,duplicate_processor_record,1,duplicate,dedupe_then_match,0,0,INT-HISTORICAL-004303,SET-HISTORICAL-004303
LBL-HISTORICAL-004304,historical,,rounding_difference,1,rounding,amount_tolerance,0,0,INT-HISTORICAL-004304,SET-HISTORICAL-004304
LBL-HISTORICAL-004305,historical,,exact_match,1,none,exact,0,0,INT-HISTORICAL-004305,SET-HISTORICAL-004305
LBL-HISTORICAL-004306,historical,,exact_match,1,none,exact,0,0,INT-HISTORICAL-004306,SET-HISTORICAL-004306
LBL-HISTORICAL-004307,historical,,rounding_difference,1,rounding,amount_tolerance,0,0,INT-HISTORICAL-004307,SET-HISTORICAL-004307
LBL-HISTORICAL-004308,historical,,exact_match,1,none,exact,0,0,INT-HISTORICAL-004308,SET-HISTORICAL-004308
LBL-HISTORICAL-004309,historical,,exact_match,1,none,exact,0,0,INT-HISTORICAL-004309,SET-HISTORICAL-004309
LBL-HISTORICAL-004310,historical,,exact_match,1,none,exact,0,0,INT-HISTORICAL-004310,SET-HISTORICAL-004310
LBL-HISTORICAL-004311,historical,,exact_match,1,none,exact,0,0,INT-HISTORICAL-004311,SET-HISTORICAL-004311
LBL-HISTORICAL-004312,historical,,exact_match,1,none,exact,0,0,INT-HISTORICAL-004312,SET-HISTORICAL-004312
LBL-HISTORICAL-004313,historical,,true_amount_mismatch,0,true_amount_mismatch,do_not_match,0,0,INT-HISTORICAL-004313,SET-HISTORICAL-004313
LBL-HISTORICAL-004314,historical,,reference_format,1,reference_normalization,reference_normalization,0,0,INT-HISTORICAL-004314,SET-HISTORICAL-004314
LBL-HISTORICAL-004315,historical,,rounding_difference,1,rounding,amount_tolerance,0,0,INT-HISTORICAL-004315,SET-HISTORICAL-004315
LBL-HISTORICAL-004316,historical,,exact_match,1,none,exact,0,0,INT-HISTORICAL-004316,SET-HISTORICAL-004316
LBL-HISTORICAL-004317,historical,,exact_match,1,none,exact,0,0,INT-HISTORICAL-004317,SET-HISTORICAL-004317
LBL-HISTORICAL-004318,historical,,exact_match,1,none,exact,0,0,INT-HISTORICAL-004318,SET-HISTORICAL-004318
LBL-HISTORICAL-004319,historical,,settlement_delay,1,t_plus_delay,date_tolerance,0,1,INT-HISTORICAL-004319,SET-HISTORICAL-004319
LBL-HISTORICAL-004320,historical,,exact_match,1,none,exact,0,0,INT-HISTORICAL-004320,SET-HISTORICAL-004320
LBL-HISTORICAL-004321,historical,,processing_fee,1,processor_fee,amount_tolerance,1,0,INT-HISTORICAL-004321,SET-HISTORICAL-004321
LBL-HISTORICAL-004322,historical,,exact_match,1,none,exact,0,0,INT-HISTORICAL-004322,SET-HISTORICAL-004322
LBL-HISTORICAL-004323,historical,,exact_match,1,none,exact,0,0,INT-HISTORICAL-004323,SET-HISTORICAL-004323
LBL-HISTORICAL-004324,historical,,true_amount_mismatch,0,true_amount_mismatch,do_not_match,0,0,INT-HISTORICAL-004324,SET-HISTORICAL-004324
LBL-HISTORICAL-004325,historical,,settlement_delay,1,t_plus_delay,date_tolerance,0,1,INT-HISTORICAL-004325,SET-HISTORICAL-004325
LBL-HISTORICAL-004326,historical,,exact_match,1,none,exact,0,0,INT-HISTORICAL-004326,SET-HISTORICAL-004326
LBL-HISTORICAL-004327,historical,,exact_match,1,none,exact,0,0,INT-HISTORICAL-004327,SET-HISTORICAL-004327
LBL-HISTORICAL-004328,historical,,exact_match,1,none,exact,0,0,INT-HISTORICAL-004328,SET-HISTORICAL-004328
LBL-HISTORICAL-004329,historical,,settlement_delay,1,t_plus_delay,date_tolerance,0,1,INT-HISTORICAL-004329,SET-HISTORICAL-004329
LBL-HISTORICAL-004330,historical,,exact_match,1,none,exact,0,0,INT-HISTORICAL-004330,SET-HISTORICAL-004330
LBL-HISTORICAL-004331,historical,,duplicate_processor_record,1,duplicate,dedupe_then_match,0,0,INT-HISTORICAL-004331,SET-HISTORICAL-004331
LBL-HISTORICAL-004332,historical,,settlement_delay,1,t_plus_delay,date_tolerance,0,1,INT-HISTORICAL-004332,SET-HISTORICAL-004332
LBL-HISTORICAL-004333,historical,,exact_match,1,none,exact,0,0,INT-HISTORICAL-004333,SET-HISTORICAL-004333
LBL-HISTORICAL-004334,historical,,exact_match,1,none,exact,0,0,INT-HISTORICAL-004334,SET-HISTORICAL-004334
LBL-HISTORICAL-004335,historical,,exact_match,1,none,exact,0,0,INT-HISTORICAL-004335,SET-HISTORICAL-004335
LBL-HISTORICAL-004336,historical,,rounding_difference,1,rounding,amount_tolerance,0,0,INT-HISTORICAL-004336,SET-HISTORICAL-004336
LBL-HISTORICAL-004337,historical,,settlement_delay,1,t_plus_delay,date_tolerance,0,1,INT-HISTORICAL-004337,SET-HISTORICAL-004337
LBL-HISTORICAL-004338,historical,,exact_match,1,none,exact,0,0,INT-HISTORICAL-004338,SET-HISTORICAL-004338
LBL-HISTORICAL-004339,historical,,exact_match,1,none,exact,0,0,INT-HISTORICAL-004339,SET-HISTORICAL-004339
LBL-HISTORICAL-004340,historical,,reference_format,1,reference_normalization,reference_normalization,0,0,INT-HISTORICAL-004340,SET-HISTORICAL-004340
LBL-HISTORICAL-004341,historical,,exact_match,1,none,exact,0,0,INT-HISTORICAL-004341,SET-HISTORICAL-004341
LBL-HISTORICAL-004342,historical,,exact_match,1,none,exact,0,0,INT-HISTORICAL-004342,SET-HISTORICAL-004342
LBL-HISTORICAL-004343,historical,,settlement_delay,1,t_plus_delay,date_tolerance,0,1,INT-HISTORICAL-004343,SET-HISTORICAL-004343
LBL-HISTORICAL-004344,historical,,processing_fee,1,processor_fee,amount_tolerance,3,0,INT-HISTORICAL-004344,SET-HISTORICAL-004344
LBL-HISTORICAL-004345,historical,,processing_fee,1,processor_fee,amount_tolerance,3,0,INT-HISTORICAL-004345,SET-HISTORICAL-004345
LBL-HISTORICAL-004346,historical,,exact_match,1,none,exact,0,0,INT-HISTORICAL-004346,SET-HISTORICAL-004346
LBL-HISTORICAL-004347,historical,,exact_match,1,none,exact,0,0,INT-HISTORICAL-004347,SET-HISTORICAL-004347
LBL-HISTORICAL-004348,historical,,exact_match,1,none,exact,0,0,INT-HISTORICAL-004348,SET-HISTORICAL-004348
LBL-HISTORICAL-004349,historical,,settlement_delay,1,t_plus_delay,date_tolerance,0,2,INT-HISTORICAL-004349,SET-HISTORICAL-004349
LBL-HISTORICAL-004350,historical,,processing_fee,1,processor_fee,amount_tolerance,5,0,INT-HISTORICAL-004350,SET-HISTORICAL-004350
LBL-HISTORICAL-004351,historical,,exact_match,1,none,exact,0,0,INT-HISTORICAL-004351,SET-HISTORICAL-004351
LBL-HISTORICAL-004352,historical,,processing_fee,1,processor_fee,amount_tolerance,1,0,INT-HISTORICAL-004352,SET-HISTORICAL-004352
LBL-HISTORICAL-004353,historical,,exact_match,1,none,exact,0,0,INT-HISTORICAL-004353,SET-HISTORICAL-004353
LBL-HISTORICAL-004354,historical,,processing_fee,1,processor_fee,amount_tolerance,5,0,INT-HISTORICAL-004354,SET-HISTORICAL-004354
LBL-HISTORICAL-004355,historical,,exact_match,1,none,exact,0,0,INT-HISTORICAL-004355,SET-HISTORICAL-004355
LBL-HISTORICAL-004356,historical,,exact_match,1,none,exact,0,0,INT-HISTORICAL-004356,SET-HISTORICAL-004356
LBL-HISTORICAL-004357,historical,,true_amount_mismatch,0,true_amount_mismatch,do_not_match,0,0,INT-HISTORICAL-004357,SET-HISTORICAL-004357
LBL-HISTORICAL-004358,historical,,exact_match,1,none,exact,0,0,INT-HISTORICAL-004358,SET-HISTORICAL-004358
LBL-HISTORICAL-004359,historical,,exact_match,1,none,exact,0,0,INT-HISTORICAL-004359,SET-HISTORICAL-004359
LBL-HISTORICAL-004360,historical,,exact_match,1,none,exact,0,0,INT-HISTORICAL-004360,SET-HISTORICAL-004360
LBL-HISTORICAL-004361,historical,,exact_match,1,none,exact,0,0,INT-HISTORICAL-004361,SET-HISTORICAL-004361
LBL-HISTORICAL-004362,historical,,exact_match,1,none,exact,0,0,INT-HISTORICAL-004362,SET-HISTORICAL-004362
LBL-HISTORICAL-004363,historical,,exact_match,1,none,exact,0,0,INT-HISTORICAL-004363,SET-HISTORICAL-004363
LBL-HISTORICAL-004364,historical,,exact_match,1,none,exact,0,0,INT-HISTORICAL-004364,SET-HISTORICAL-004364
LBL-HISTORICAL-004365,historical,,exact_match,1,none,exact,0,0,INT-HISTORICAL-004365,SET-HISTORICAL-004365
LBL-HISTORICAL-004366,historical,,exact_match,1,none,exact,0,0,INT-HISTORICAL-004366,SET-HISTORICAL-004366
LBL-HISTORICAL-004367,historical,,exact_match,1,none,exact,0,0,INT-HISTORICAL-004367,SET-HISTORICAL-004367
LBL-HISTORICAL-004368,historical,,processing_fee,1,processor_fee,amount_tolerance,1,0,INT-HISTORICAL-004368,SET-HISTORICAL-004368
LBL-HISTORICAL-004369,historical,,settlement_delay,1,t_plus_delay,date_tolerance,0,1,INT-HISTORICAL-004369,SET-HISTORICAL-004369
LBL-HISTORICAL-004370,historical,,exact_match,1,none,exact,0,0,INT-HISTORICAL-004370,SET-HISTORICAL-004370
LBL-HISTORICAL-004371,historical,,exact_match,1,none,exact,0,0,INT-HISTORICAL-004371,SET-HISTORICAL-004371
LBL-HISTORICAL-004372,historical,,exact_match,1,none,exact,0,0,INT-HISTORICAL-004372,SET-HISTORICAL-004372
LBL-HISTORICAL-004373,historical,,true_amount_mismatch,0,true_amount_mismatch,do_not_match,0,0,INT-HISTORICAL-004373,SET-HISTORICAL-004373
LBL-HISTORICAL-004374,historical,,settlement_delay,1,t_plus_delay,date_tolerance,0,1,INT-HISTORICAL-004374,SET-HISTORICAL-004374
LBL-HISTORICAL-004375,historical,,exact_match,1,none,exact,0,0,INT-HISTORICAL-004375,SET-HISTORICAL-004375
LBL-HISTORICAL-004376,historical,,processing_fee,1,processor_fee,amount_tolerance,1,0,INT-HISTORICAL-004376,SET-HISTORICAL-004376
LBL-HISTORICAL-004377,historical,,exact_match,1,none,exact,0,0,INT-HISTORICAL-004377,SET-HISTORICAL-004377
LBL-HISTORICAL-004378,historical,,exact_match,1,none,exact,0,0,INT-HISTORICAL-004378,SET-HISTORICAL-004378
LBL-HISTORICAL-004379,historical,,processing_fee,1,processor_fee,amount_tolerance,3,0,INT-HISTORICAL-004379,SET-HISTORICAL-004379
LBL-HISTORICAL-004380,historical,,exact_match,1,none,exact,0,0,INT-HISTORICAL-004380,SET-HISTORICAL-004380
LBL-HISTORICAL-004381,historical,,exact_match,1,none,exact,0,0,INT-HISTORICAL-004381,SET-HISTORICAL-004381
LBL-HISTORICAL-004382,historical,,exact_match,1,none,exact,0,0,INT-HISTORICAL-004382,SET-HISTORICAL-004382
LBL-HISTORICAL-004383,historical,,exact_match,1,none,exact,0,0,INT-HISTORICAL-004383,SET-HISTORICAL-004383
LBL-HISTORICAL-004384,historical,,exact_match,1,none,exact,0,0,INT-HISTORICAL-004384,SET-HISTORICAL-004384
LBL-HISTORICAL-004385,historical,,true_amount_mismatch,0,true_amount_mismatch,do_not_match,0,0,INT-HISTORICAL-004385,SET-HISTORICAL-004385
LBL-HISTORICAL-004386,historical,,settlement_delay,1,t_plus_delay,date_tolerance,0,1,INT-HISTORICAL-004386,SET-HISTORICAL-004386
LBL-HISTORICAL-004387,historical,,settlement_delay,1,t_plus_delay,date_tolerance,0,1,INT-HISTORICAL-004387,SET-HISTORICAL-004387
LBL-HISTORICAL-004388,historical,,exact_match,1,none,exact,0,0,INT-HISTORICAL-004388,SET-HISTORICAL-004388
LBL-HISTORICAL-004389,historical,,exact_match,1,none,exact,0,0,INT-HISTORICAL-004389,SET-HISTORICAL-004389
LBL-HISTORICAL-004390,historical,,exact_match,1,none,exact,0,0,INT-HISTORICAL-004390,SET-HISTORICAL-004390
LBL-HISTORICAL-004391,historical,,exact_match,1,none,exact,0,0,INT-HISTORICAL-004391,SET-HISTORICAL-004391
LBL-HISTORICAL-004392,historical,,rounding_difference,1,rounding,amount_tolerance,0,0,INT-HISTORICAL-004392,SET-HISTORICAL-004392
LBL-HISTORICAL-004393,historical,,exact_match,1,none,exact,0,0,INT-HISTORICAL-004393,SET-HISTORICAL-004393
LBL-HISTORICAL-004394,historical,,reference_format,1,reference_normalization,reference_normalization,0,0,INT-HISTORICAL-004394,SET-HISTORICAL-004394
LBL-HISTORICAL-004395,historical,,exact_match,1,none,exact,0,0,INT-HISTORICAL-004395,SET-HISTORICAL-004395
LBL-HISTORICAL-004396,historical,,reference_format,1,reference_normalization,reference_normalization,0,0,INT-HISTORICAL-004396,SET-HISTORICAL-004396
LBL-HISTORICAL-004397,historical,,settlement_delay,1,t_plus_delay,date_tolerance,0,1,INT-HISTORICAL-004397,SET-HISTORICAL-004397
LBL-HISTORICAL-004398,historical,,exact_match,1,none,exact,0,0,INT-HISTORICAL-004398,SET-HISTORICAL-004398
LBL-HISTORICAL-004399,historical,,exact_match,1,none,exact,0,0,INT-HISTORICAL-004399,SET-HISTORICAL-004399
LBL-HISTORICAL-004400,historical,,reference_format,1,reference_normalization,reference_normalization,0,0,INT-HISTORICAL-004400,SET-HISTORICAL-004400
LBL-HISTORICAL-004401,historical,,processing_fee,1,processor_fee,amount_tolerance,2,0,INT-HISTORICAL-004401,SET-HISTORICAL-004401
LBL-HISTORICAL-004402,historical,,reference_format,1,reference_normalization,reference_normalization,0,0,INT-HISTORICAL-004402,SET-HISTORICAL-004402
LBL-HISTORICAL-004403,historical,,duplicate_processor_record,1,duplicate,dedupe_then_match,0,0,INT-HISTORICAL-004403,SET-HISTORICAL-004403
LBL-HISTORICAL-004404,historical,,exact_match,1,none,exact,0,0,INT-HISTORICAL-004404,SET-HISTORICAL-004404
LBL-HISTORICAL-004405,historical,,exact_match,1,none,exact,0,0,INT-HISTORICAL-004405,SET-HISTORICAL-004405
LBL-HISTORICAL-004406,historical,,exact_match,1,none,exact,0,0,INT-HISTORICAL-004406,SET-HISTORICAL-004406
LBL-HISTORICAL-004407,historical,,exact_match,1,none,exact,0,0,INT-HISTORICAL-004407,SET-HISTORICAL-004407
LBL-HISTORICAL-004408,historical,,exact_match,1,none,exact,0,0,INT-HISTORICAL-004408,SET-HISTORICAL-004408
LBL-HISTORICAL-004409,historical,,exact_match,1,none,exact,0,0,INT-HISTORICAL-004409,SET-HISTORICAL-004409
LBL-HISTORICAL-004410,historical,,exact_match,1,none,exact,0,0,INT-HISTORICAL-004410,SET-HISTORICAL-004410
LBL-HISTORICAL-004411,historical,,exact_match,1,none,exact,0,0,INT-HISTORICAL-004411,SET-HISTORICAL-004411
LBL-HISTORICAL-004412,historical,,exact_match,1,none,exact,0,0,INT-HISTORICAL-004412,SET-HISTORICAL-004412
LBL-HISTORICAL-004413,historical,,exact_match,1,none,exact,0,0,INT-HISTORICAL-004413,SET-HISTORICAL-004413
LBL-HISTORICAL-004414,historical,,exact_match,1,none,exact,0,0,INT-HISTORICAL-004414,SET-HISTORICAL-004414
LBL-HISTORICAL-004415,historical,,exact_match,1,none,exact,0,0,INT-HISTORICAL-004415,SET-HISTORICAL-004415
LBL-HISTORICAL-004416,historical,,processing_fee,1,processor_fee,amount_tolerance,1,0,INT-HISTORICAL-004416,SET-HISTORICAL-004416
LBL-HISTORICAL-004417,historical,,exact_match,1,none,exact,0,0,INT-HISTORICAL-004417,SET-HISTORICAL-004417
LBL-HISTORICAL-004418,historical,,exact_match,1,none,exact,0,0,INT-HISTORICAL-004418,SET-HISTORICAL-004418
LBL-HISTORICAL-004419,historical,,exact_match,1,none,exact,0,0,INT-HISTORICAL-004419,SET-HISTORICAL-004419
LBL-HISTORICAL-004420,historical,,exact_match,1,none,exact,0,0,INT-HISTORICAL-004420,SET-HISTORICAL-004420
LBL-HISTORICAL-004421,historical,,exact_match,1,none,exact,0,0,INT-HISTORICAL-004421,SET-HISTORICAL-004421
LBL-HISTORICAL-004422,historical,,duplicate_processor_record,1,duplicate,dedupe_then_match,0,0,INT-HISTORICAL-004422,SET-HISTORICAL-004422
LBL-HISTORICAL-004423,historical,,exact_match,1,none,exact,0,0,INT-HISTORICAL-004423,SET-HISTORICAL-004423
LBL-HISTORICAL-004424,historical,,exact_match,1,none,exact,0,0,INT-HISTORICAL-004424,SET-HISTORICAL-004424
LBL-HISTORICAL-004425,historical,,exact_match,1,none,exact,0,0,INT-HISTORICAL-004425,SET-HISTORICAL-004425
LBL-HISTORICAL-004426,historical,,exact_match,1,none,exact,0,0,INT-HISTORICAL-004426,SET-HISTORICAL-004426
LBL-HISTORICAL-004427,historical,,exact_match,1,none,exact,0,0,INT-HISTORICAL-004427,SET-HISTORICAL-004427
LBL-HISTORICAL-004428,historical,,exact_match,1,none,exact,0,0,INT-HISTORICAL-004428,SET-HISTORICAL-004428
LBL-HISTORICAL-004429,historical,,exact_match,1,none,exact,0,0,INT-HISTORICAL-004429,SET-HISTORICAL-004429
LBL-HISTORICAL-004430,historical,,exact_match,1,none,exact,0,0,INT-HISTORICAL-004430,SET-HISTORICAL-004430
LBL-HISTORICAL-004431,historical,,exact_match,1,none,exact,0,0,INT-HISTORICAL-004431,SET-HISTORICAL-004431
LBL-HISTORICAL-004432,historical,,processing_fee,1,processor_fee,amount_tolerance,2,0,INT-HISTORICAL-004432,SET-HISTORICAL-004432
LBL-HISTORICAL-004433,historical,,exact_match,1,none,exact,0,0,INT-HISTORICAL-004433,SET-HISTORICAL-004433
LBL-HISTORICAL-004434,historical,,processing_fee,1,processor_fee,amount_tolerance,1,0,INT-HISTORICAL-004434,SET-HISTORICAL-004434
LBL-HISTORICAL-004435,historical,,exact_match,1,none,exact,0,0,INT-HISTORICAL-004435,SET-HISTORICAL-004435
LBL-HISTORICAL-004436,historical,,exact_match,1,none,exact,0,0,INT-HISTORICAL-004436,SET-HISTORICAL-004436
LBL-HISTORICAL-004437,historical,,exact_match,1,none,exact,0,0,INT-HISTORICAL-004437,SET-HISTORICAL-004437
LBL-HISTORICAL-004438,historical,,exact_match,1,none,exact,0,0,INT-HISTORICAL-004438,SET-HISTORICAL-004438
LBL-HISTORICAL-004439,historical,,exact_match,1,none,exact,0,0,INT-HISTORICAL-004439,SET-HISTORICAL-004439
LBL-HISTORICAL-004440,historical,,exact_match,1,none,exact,0,0,INT-HISTORICAL-004440,SET-HISTORICAL-004440
LBL-HISTORICAL-004441,historical,,exact_match,1,none,exact,0,0,INT-HISTORICAL-004441,SET-HISTORICAL-004441
LBL-HISTORICAL-004442,historical,,exact_match,1,none,exact,0,0,INT-HISTORICAL-004442,SET-HISTORICAL-004442
LBL-HISTORICAL-004443,historical,,exact_match,1,none,exact,0,0,INT-HISTORICAL-004443,SET-HISTORICAL-004443
LBL-HISTORICAL-004444,historical,,exact_match,1,none,exact,0,0,INT-HISTORICAL-004444,SET-HISTORICAL-004444
LBL-HISTORICAL-004445,historical,,exact_match,1,none,exact,0,0,INT-HISTORICAL-004445,SET-HISTORICAL-004445
LBL-HISTORICAL-004446,historical,,exact_match,1,none,exact,0,0,INT-HISTORICAL-004446,SET-HISTORICAL-004446
LBL-HISTORICAL-004447,historical,,exact_match,1,none,exact,0,0,INT-HISTORICAL-004447,SET-HISTORICAL-004447
LBL-HISTORICAL-004448,historical,,settlement_delay,1,t_plus_delay,date_tolerance,0,1,INT-HISTORICAL-004448,SET-HISTORICAL-004448
LBL-HISTORICAL-004449,historical,,exact_match,1,none,exact,0,0,INT-HISTORICAL-004449,SET-HISTORICAL-004449
LBL-HISTORICAL-004450,historical,,processing_fee,1,processor_fee,amount_tolerance,2,0,INT-HISTORICAL-004450,SET-HISTORICAL-004450
LBL-HISTORICAL-004451,historical,,exact_match,1,none,exact,0,0,INT-HISTORICAL-004451,SET-HISTORICAL-004451
LBL-HISTORICAL-004452,historical,,true_amount_mismatch,0,true_amount_mismatch,do_not_match,0,0,INT-HISTORICAL-004452,SET-HISTORICAL-004452
LBL-HISTORICAL-004453,historical,,exact_match,1,none,exact,0,0,INT-HISTORICAL-004453,SET-HISTORICAL-004453
LBL-HISTORICAL-004454,historical,,exact_match,1,none,exact,0,0,INT-HISTORICAL-004454,SET-HISTORICAL-004454
LBL-HISTORICAL-004455,historical,,exact_match,1,none,exact,0,0,INT-HISTORICAL-004455,SET-HISTORICAL-004455
LBL-HISTORICAL-004456,historical,,exact_match,1,none,exact,0,0,INT-HISTORICAL-004456,SET-HISTORICAL-004456
LBL-HISTORICAL-004457,historical,,settlement_delay,1,t_plus_delay,date_tolerance,0,1,INT-HISTORICAL-004457,SET-HISTORICAL-004457
LBL-HISTORICAL-004458,historical,,processing_fee,1,processor_fee,amount_tolerance,1,0,INT-HISTORICAL-004458,SET-HISTORICAL-004458
LBL-HISTORICAL-004459,historical,,exact_match,1,none,exact,0,0,INT-HISTORICAL-004459,SET-HISTORICAL-004459
LBL-HISTORICAL-004460,historical,,exact_match,1,none,exact,0,0,INT-HISTORICAL-004460,SET-HISTORICAL-004460
LBL-HISTORICAL-004461,historical,,exact_match,1,none,exact,0,0,INT-HISTORICAL-004461,SET-HISTORICAL-004461
LBL-HISTORICAL-004462,historical,,exact_match,1,none,exact,0,0,INT-HISTORICAL-004462,SET-HISTORICAL-004462
LBL-HISTORICAL-004463,historical,,exact_match,1,none,exact,0,0,INT-HISTORICAL-004463,SET-HISTORICAL-004463
LBL-HISTORICAL-004464,historical,,settlement_delay,1,t_plus_delay,date_tolerance,0,1,INT-HISTORICAL-004464,SET-HISTORICAL-004464
LBL-HISTORICAL-004465,historical,,exact_match,1,none,exact,0,0,INT-HISTORICAL-004465,SET-HISTORICAL-004465
LBL-HISTORICAL-004466,historical,,exact_match,1,none,exact,0,0,INT-HISTORICAL-004466,SET-HISTORICAL-004466
LBL-HISTORICAL-004467,historical,,exact_match,1,none,exact,0,0,INT-HISTORICAL-004467,SET-HISTORICAL-004467
LBL-HISTORICAL-004468,historical,,true_amount_mismatch,0,true_amount_mismatch,do_not_match,0,0,INT-HISTORICAL-004468,SET-HISTORICAL-004468
LBL-HISTORICAL-004469,historical,,exact_match,1,none,exact,0,0,INT-HISTORICAL-004469,SET-HISTORICAL-004469
LBL-HISTORICAL-004470,historical,,exact_match,1,none,exact,0,0,INT-HISTORICAL-004470,SET-HISTORICAL-004470
LBL-HISTORICAL-004471,historical,,reference_format,1,reference_normalization,reference_normalization,0,0,INT-HISTORICAL-004471,SET-HISTORICAL-004471
LBL-HISTORICAL-004472,historical,,exact_match,1,none,exact,0,0,INT-HISTORICAL-004472,SET-HISTORICAL-004472
LBL-HISTORICAL-004473,historical,,exact_match,1,none,exact,0,0,INT-HISTORICAL-004473,SET-HISTORICAL-004473
LBL-HISTORICAL-004474,historical,,exact_match,1,none,exact,0,0,INT-HISTORICAL-004474,SET-HISTORICAL-004474
LBL-HISTORICAL-004475,historical,,exact_match,1,none,exact,0,0,INT-HISTORICAL-004475,SET-HISTORICAL-004475
LBL-HISTORICAL-004476,historical,,exact_match,1,none,exact,0,0,INT-HISTORICAL-004476,SET-HISTORICAL-004476
LBL-HISTORICAL-004477,historical,,exact_match,1,none,exact,0,0,INT-HISTORICAL-004477,SET-HISTORICAL-004477
LBL-HISTORICAL-004478,historical,,true_amount_mismatch,0,true_amount_mismatch,do_not_match,0,0,INT-HISTORICAL-004478,SET-HISTORICAL-004478
LBL-HISTORICAL-004479,historical,,exact_match,1,none,exact,0,0,INT-HISTORICAL-004479,SET-HISTORICAL-004479
LBL-HISTORICAL-004480,historical,,exact_match,1,none,exact,0,0,INT-HISTORICAL-004480,SET-HISTORICAL-004480
LBL-HISTORICAL-004481,historical,,exact_match,1,none,exact,0,0,INT-HISTORICAL-004481,SET-HISTORICAL-004481
LBL-HISTORICAL-004482,historical,,exact_match,1,none,exact,0,0,INT-HISTORICAL-004482,SET-HISTORICAL-004482
LBL-HISTORICAL-004483,historical,,exact_match,1,none,exact,0,0,INT-HISTORICAL-004483,SET-HISTORICAL-004483
LBL-HISTORICAL-004484,historical,,exact_match,1,none,exact,0,0,INT-HISTORICAL-004484,SET-HISTORICAL-004484
LBL-HISTORICAL-004485,historical,,exact_match,1,none,exact,0,0,INT-HISTORICAL-004485,SET-HISTORICAL-004485
LBL-HISTORICAL-004486,historical,,exact_match,1,none,exact,0,0,INT-HISTORICAL-004486,SET-HISTORICAL-004486
LBL-HISTORICAL-004487,historical,,exact_match,1,none,exact,0,0,INT-HISTORICAL-004487,SET-HISTORICAL-004487
LBL-HISTORICAL-004488,historical,,exact_match,1,none,exact,0,0,INT-HISTORICAL-004488,SET-HISTORICAL-004488
LBL-HISTORICAL-004489,historical,,exact_match,1,none,exact,0,0,INT-HISTORICAL-004489,SET-HISTORICAL-004489
LBL-HISTORICAL-004490,historical,,exact_match,1,none,exact,0,0,INT-HISTORICAL-004490,SET-HISTORICAL-004490
LBL-HISTORICAL-004491,historical,,exact_match,1,none,exact,0,0,INT-HISTORICAL-004491,SET-HISTORICAL-004491
LBL-HISTORICAL-004492,historical,,settlement_delay,1,t_plus_delay,date_tolerance,0,1,INT-HISTORICAL-004492,SET-HISTORICAL-004492
LBL-HISTORICAL-004493,historical,,exact_match,1,none,exact,0,0,INT-HISTORICAL-004493,SET-HISTORICAL-004493
LBL-HISTORICAL-004494,historical,,processing_fee,1,processor_fee,amount_tolerance,1,0,INT-HISTORICAL-004494,SET-HISTORICAL-004494
LBL-HISTORICAL-004495,historical,,exact_match,1,none,exact,0,0,INT-HISTORICAL-004495,SET-HISTORICAL-004495
LBL-HISTORICAL-004496,historical,,settlement_delay,1,t_plus_delay,date_tolerance,0,1,INT-HISTORICAL-004496,SET-HISTORICAL-004496
LBL-HISTORICAL-004497,historical,,exact_match,1,none,exact,0,0,INT-HISTORICAL-004497,SET-HISTORICAL-004497
LBL-HISTORICAL-004498,historical,,exact_match,1,none,exact,0,0,INT-HISTORICAL-004498,SET-HISTORICAL-004498
LBL-HISTORICAL-004499,historical,,exact_match,1,none,exact,0,0,INT-HISTORICAL-004499,SET-HISTORICAL-004499
LBL-HISTORICAL-004500,historical,,exact_match,1,none,exact,0,0,INT-HISTORICAL-004500,SET-HISTORICAL-004500
LBL-HISTORICAL-004501,historical,,exact_match,1,none,exact,0,0,INT-HISTORICAL-004501,SET-HISTORICAL-004501
LBL-HISTORICAL-004502,historical,,exact_match,1,none,exact,0,0,INT-HISTORICAL-004502,SET-HISTORICAL-004502
LBL-HISTORICAL-004503,historical,,exact_match,1,none,exact,0,0,INT-HISTORICAL-004503,SET-HISTORICAL-004503
LBL-HISTORICAL-004504,historical,,exact_match,1,none,exact,0,0,INT-HISTORICAL-004504,SET-HISTORICAL-004504
LBL-HISTORICAL-004505,historical,,settlement_delay,1,t_plus_delay,date_tolerance,0,1,INT-HISTORICAL-004505,SET-HISTORICAL-004505
LBL-HISTORICAL-004506,historical,,exact_match,1,none,exact,0,0,INT-HISTORICAL-004506,SET-HISTORICAL-004506
LBL-HISTORICAL-004507,historical,,exact_match,1,none,exact,0,0,INT-HISTORICAL-004507,SET-HISTORICAL-004507
LBL-HISTORICAL-004508,historical,,exact_match,1,none,exact,0,0,INT-HISTORICAL-004508,SET-HISTORICAL-004508
LBL-HISTORICAL-004509,historical,,exact_match,1,none,exact,0,0,INT-HISTORICAL-004509,SET-HISTORICAL-004509
LBL-HISTORICAL-004510,historical,,exact_match,1,none,exact,0,0,INT-HISTORICAL-004510,SET-HISTORICAL-004510
LBL-HISTORICAL-004511,historical,,settlement_delay,1,t_plus_delay,date_tolerance,0,1,INT-HISTORICAL-004511,SET-HISTORICAL-004511
LBL-HISTORICAL-004512,historical,,exact_match,1,none,exact,0,0,INT-HISTORICAL-004512,SET-HISTORICAL-004512
LBL-HISTORICAL-004513,historical,,exact_match,1,none,exact,0,0,INT-HISTORICAL-004513,SET-HISTORICAL-004513
LBL-HISTORICAL-004514,historical,,exact_match,1,none,exact,0,0,INT-HISTORICAL-004514,SET-HISTORICAL-004514
LBL-HISTORICAL-004515,historical,,exact_match,1,none,exact,0,0,INT-HISTORICAL-004515,SET-HISTORICAL-004515
LBL-HISTORICAL-004516,historical,,processing_fee,1,processor_fee,amount_tolerance,3,0,INT-HISTORICAL-004516,SET-HISTORICAL-004516
LBL-HISTORICAL-004517,historical,,exact_match,1,none,exact,0,0,INT-HISTORICAL-004517,SET-HISTORICAL-004517
LBL-HISTORICAL-004518,historical,,processing_fee,1,processor_fee,amount_tolerance,1,0,INT-HISTORICAL-004518,SET-HISTORICAL-004518
LBL-HISTORICAL-004519,historical,,exact_match,1,none,exact,0,0,INT-HISTORICAL-004519,SET-HISTORICAL-004519
LBL-HISTORICAL-004520,historical,,exact_match,1,none,exact,0,0,INT-HISTORICAL-004520,SET-HISTORICAL-004520
LBL-HISTORICAL-004521,historical,,duplicate_processor_record,1,duplicate,dedupe_then_match,0,0,INT-HISTORICAL-004521,SET-HISTORICAL-004521
LBL-HISTORICAL-004522,historical,,processing_fee,1,processor_fee,amount_tolerance,2,0,INT-HISTORICAL-004522,SET-HISTORICAL-004522
LBL-HISTORICAL-004523,historical,,exact_match,1,none,exact,0,0,INT-HISTORICAL-004523,SET-HISTORICAL-004523
LBL-HISTORICAL-004524,historical,,exact_match,1,none,exact,0,0,INT-HISTORICAL-004524,SET-HISTORICAL-004524
LBL-HISTORICAL-004525,historical,,exact_match,1,none,exact,0,0,INT-HISTORICAL-004525,SET-HISTORICAL-004525
LBL-HISTORICAL-004526,historical,,processing_fee,1,processor_fee,amount_tolerance,2,0,INT-HISTORICAL-004526,SET-HISTORICAL-004526
LBL-HISTORICAL-004527,historical,,exact_match,1,none,exact,0,0,INT-HISTORICAL-004527,SET-HISTORICAL-004527
LBL-HISTORICAL-004528,historical,,exact_match,1,none,exact,0,0,INT-HISTORICAL-004528,SET-HISTORICAL-004528
LBL-HISTORICAL-004529,historical,,reference_format,1,reference_normalization,reference_normalization,0,0,INT-HISTORICAL-004529,SET-HISTORICAL-004529
LBL-HISTORICAL-004530,historical,,reference_format,1,reference_normalization,reference_normalization,0,0,INT-HISTORICAL-004530,SET-HISTORICAL-004530
LBL-HISTORICAL-004531,historical,,exact_match,1,none,exact,0,0,INT-HISTORICAL-004531,SET-HISTORICAL-004531
LBL-HISTORICAL-004532,historical,,exact_match,1,none,exact,0,0,INT-HISTORICAL-004532,SET-HISTORICAL-004532
LBL-HISTORICAL-004533,historical,,exact_match,1,none,exact,0,0,INT-HISTORICAL-004533,SET-HISTORICAL-004533
LBL-HISTORICAL-004534,historical,,exact_match,1,none,exact,0,0,INT-HISTORICAL-004534,SET-HISTORICAL-004534
LBL-HISTORICAL-004535,historical,,exact_match,1,none,exact,0,0,INT-HISTORICAL-004535,SET-HISTORICAL-004535
LBL-HISTORICAL-004536,historical,,exact_match,1,none,exact,0,0,INT-HISTORICAL-004536,SET-HISTORICAL-004536
LBL-HISTORICAL-004537,historical,,exact_match,1,none,exact,0,0,INT-HISTORICAL-004537,SET-HISTORICAL-004537
LBL-HISTORICAL-004538,historical,,true_amount_mismatch,0,true_amount_mismatch,do_not_match,0,0,INT-HISTORICAL-004538,SET-HISTORICAL-004538
LBL-HISTORICAL-004539,historical,,exact_match,1,none,exact,0,0,INT-HISTORICAL-004539,SET-HISTORICAL-004539
LBL-HISTORICAL-004540,historical,,exact_match,1,none,exact,0,0,INT-HISTORICAL-004540,SET-HISTORICAL-004540
LBL-HISTORICAL-004541,historical,,exact_match,1,none,exact,0,0,INT-HISTORICAL-004541,SET-HISTORICAL-004541
LBL-HISTORICAL-004542,historical,,settlement_delay,1,t_plus_delay,date_tolerance,0,1,INT-HISTORICAL-004542,SET-HISTORICAL-004542
LBL-HISTORICAL-004543,historical,,settlement_delay,1,t_plus_delay,date_tolerance,0,2,INT-HISTORICAL-004543,SET-HISTORICAL-004543
LBL-HISTORICAL-004544,historical,,exact_match,1,none,exact,0,0,INT-HISTORICAL-004544,SET-HISTORICAL-004544
LBL-HISTORICAL-004545,historical,,rounding_difference,1,rounding,amount_tolerance,0,0,INT-HISTORICAL-004545,SET-HISTORICAL-004545
LBL-HISTORICAL-004546,historical,,duplicate_processor_record,1,duplicate,dedupe_then_match,0,0,INT-HISTORICAL-004546,SET-HISTORICAL-004546
LBL-HISTORICAL-004547,historical,,exact_match,1,none,exact,0,0,INT-HISTORICAL-004547,SET-HISTORICAL-004547
LBL-HISTORICAL-004548,historical,,exact_match,1,none,exact,0,0,INT-HISTORICAL-004548,SET-HISTORICAL-004548
LBL-HISTORICAL-004549,historical,,exact_match,1,none,exact,0,0,INT-HISTORICAL-004549,SET-HISTORICAL-004549
LBL-HISTORICAL-004550,historical,,settlement_delay,1,t_plus_delay,date_tolerance,0,1,INT-HISTORICAL-004550,SET-HISTORICAL-004550
LBL-HISTORICAL-004551,historical,,exact_match,1,none,exact,0,0,INT-HISTORICAL-004551,SET-HISTORICAL-004551
LBL-HISTORICAL-004552,historical,,exact_match,1,none,exact,0,0,INT-HISTORICAL-004552,SET-HISTORICAL-004552
LBL-HISTORICAL-004553,historical,,exact_match,1,none,exact,0,0,INT-HISTORICAL-004553,SET-HISTORICAL-004553
LBL-HISTORICAL-004554,historical,,exact_match,1,none,exact,0,0,INT-HISTORICAL-004554,SET-HISTORICAL-004554
LBL-HISTORICAL-004555,historical,,exact_match,1,none,exact,0,0,INT-HISTORICAL-004555,SET-HISTORICAL-004555
LBL-HISTORICAL-004556,historical,,processing_fee,1,processor_fee,amount_tolerance,2,0,INT-HISTORICAL-004556,SET-HISTORICAL-004556
LBL-HISTORICAL-004557,historical,,reference_format,1,reference_normalization,reference_normalization,0,0,INT-HISTORICAL-004557,SET-HISTORICAL-004557
LBL-HISTORICAL-004558,historical,,settlement_delay,1,t_plus_delay,date_tolerance,0,1,INT-HISTORICAL-004558,SET-HISTORICAL-004558
LBL-HISTORICAL-004559,historical,,exact_match,1,none,exact,0,0,INT-HISTORICAL-004559,SET-HISTORICAL-004559
LBL-HISTORICAL-004560,historical,,settlement_delay,1,t_plus_delay,date_tolerance,0,1,INT-HISTORICAL-004560,SET-HISTORICAL-004560
LBL-HISTORICAL-004561,historical,,settlement_delay,1,t_plus_delay,date_tolerance,0,2,INT-HISTORICAL-004561,SET-HISTORICAL-004561
LBL-HISTORICAL-004562,historical,,exact_match,1,none,exact,0,0,INT-HISTORICAL-004562,SET-HISTORICAL-004562
LBL-HISTORICAL-004563,historical,,exact_match,1,none,exact,0,0,INT-HISTORICAL-004563,SET-HISTORICAL-004563
LBL-HISTORICAL-004564,historical,,duplicate_processor_record,1,duplicate,dedupe_then_match,0,0,INT-HISTORICAL-004564,SET-HISTORICAL-004564
LBL-HISTORICAL-004565,historical,,exact_match,1,none,exact,0,0,INT-HISTORICAL-004565,SET-HISTORICAL-004565
LBL-HISTORICAL-004566,historical,,exact_match,1,none,exact,0,0,INT-HISTORICAL-004566,SET-HISTORICAL-004566
LBL-HISTORICAL-004567,historical,,exact_match,1,none,exact,0,0,INT-HISTORICAL-004567,SET-HISTORICAL-004567
LBL-HISTORICAL-004568,historical,,exact_match,1,none,exact,0,0,INT-HISTORICAL-004568,SET-HISTORICAL-004568
LBL-HISTORICAL-004569,historical,,exact_match,1,none,exact,0,0,INT-HISTORICAL-004569,SET-HISTORICAL-004569
LBL-HISTORICAL-004570,historical,,exact_match,1,none,exact,0,0,INT-HISTORICAL-004570,SET-HISTORICAL-004570
LBL-HISTORICAL-004571,historical,,duplicate_processor_record,1,duplicate,dedupe_then_match,0,0,INT-HISTORICAL-004571,SET-HISTORICAL-004571
LBL-HISTORICAL-004572,historical,,exact_match,1,none,exact,0,0,INT-HISTORICAL-004572,SET-HISTORICAL-004572
LBL-HISTORICAL-004573,historical,,exact_match,1,none,exact,0,0,INT-HISTORICAL-004573,SET-HISTORICAL-004573
LBL-HISTORICAL-004574,historical,,rounding_difference,1,rounding,amount_tolerance,0,0,INT-HISTORICAL-004574,SET-HISTORICAL-004574
LBL-HISTORICAL-004575,historical,,exact_match,1,none,exact,0,0,INT-HISTORICAL-004575,SET-HISTORICAL-004575
LBL-HISTORICAL-004576,historical,,exact_match,1,none,exact,0,0,INT-HISTORICAL-004576,SET-HISTORICAL-004576
LBL-HISTORICAL-004577,historical,,exact_match,1,none,exact,0,0,INT-HISTORICAL-004577,SET-HISTORICAL-004577
LBL-HISTORICAL-004578,historical,,exact_match,1,none,exact,0,0,INT-HISTORICAL-004578,SET-HISTORICAL-004578
LBL-HISTORICAL-004579,historical,,true_amount_mismatch,0,true_amount_mismatch,do_not_match,0,0,INT-HISTORICAL-004579,SET-HISTORICAL-004579
LBL-HISTORICAL-004580,historical,,exact_match,1,none,exact,0,0,INT-HISTORICAL-004580,SET-HISTORICAL-004580
LBL-HISTORICAL-004581,historical,,exact_match,1,none,exact,0,0,INT-HISTORICAL-004581,SET-HISTORICAL-004581
LBL-HISTORICAL-004582,historical,,exact_match,1,none,exact,0,0,INT-HISTORICAL-004582,SET-HISTORICAL-004582
LBL-HISTORICAL-004583,historical,,exact_match,1,none,exact,0,0,INT-HISTORICAL-004583,SET-HISTORICAL-004583
LBL-HISTORICAL-004584,historical,,exact_match,1,none,exact,0,0,INT-HISTORICAL-004584,SET-HISTORICAL-004584
LBL-HISTORICAL-004585,historical,,reference_format,1,reference_normalization,reference_normalization,0,0,INT-HISTORICAL-004585,SET-HISTORICAL-004585
LBL-HISTORICAL-004586,historical,,exact_match,1,none,exact,0,0,INT-HISTORICAL-004586,SET-HISTORICAL-004586
LBL-HISTORICAL-004587,historical,,settlement_delay,1,t_plus_delay,date_tolerance,0,1,INT-HISTORICAL-004587,SET-HISTORICAL-004587
LBL-HISTORICAL-004588,historical,,rounding_difference,1,rounding,amount_tolerance,0,0,INT-HISTORICAL-004588,SET-HISTORICAL-004588
LBL-HISTORICAL-004589,historical,,exact_match,1,none,exact,0,0,INT-HISTORICAL-004589,SET-HISTORICAL-004589
LBL-HISTORICAL-004590,historical,,exact_match,1,none,exact,0,0,INT-HISTORICAL-004590,SET-HISTORICAL-004590
LBL-HISTORICAL-004591,historical,,settlement_delay,1,t_plus_delay,date_tolerance,0,1,INT-HISTORICAL-004591,SET-HISTORICAL-004591
LBL-HISTORICAL-004592,historical,,currency_mismatch,0,currency_mismatch,do_not_match,0,0,INT-HISTORICAL-004592,SET-HISTORICAL-004592
LBL-HISTORICAL-004593,historical,,exact_match,1,none,exact,0,0,INT-HISTORICAL-004593,SET-HISTORICAL-004593
LBL-HISTORICAL-004594,historical,,settlement_delay,1,t_plus_delay,date_tolerance,0,1,INT-HISTORICAL-004594,SET-HISTORICAL-004594
LBL-HISTORICAL-004595,historical,,rounding_difference,1,rounding,amount_tolerance,0,0,INT-HISTORICAL-004595,SET-HISTORICAL-004595
LBL-HISTORICAL-004596,historical,,exact_match,1,none,exact,0,0,INT-HISTORICAL-004596,SET-HISTORICAL-004596
LBL-HISTORICAL-004597,historical,,exact_match,1,none,exact,0,0,INT-HISTORICAL-004597,SET-HISTORICAL-004597
LBL-HISTORICAL-004598,historical,,exact_match,1,none,exact,0,0,INT-HISTORICAL-004598,SET-HISTORICAL-004598
LBL-HISTORICAL-004599,historical,,exact_match,1,none,exact,0,0,INT-HISTORICAL-004599,SET-HISTORICAL-004599
LBL-HISTORICAL-004600,historical,,settlement_delay,1,t_plus_delay,date_tolerance,0,2,INT-HISTORICAL-004600,SET-HISTORICAL-004600
LBL-HISTORICAL-004601,historical,,exact_match,1,none,exact,0,0,INT-HISTORICAL-004601,SET-HISTORICAL-004601
LBL-HISTORICAL-004602,historical,,exact_match,1,none,exact,0,0,INT-HISTORICAL-004602,SET-HISTORICAL-004602
LBL-HISTORICAL-004603,historical,,exact_match,1,none,exact,0,0,INT-HISTORICAL-004603,SET-HISTORICAL-004603
LBL-HISTORICAL-004604,historical,,reference_format,1,reference_normalization,reference_normalization,0,0,INT-HISTORICAL-004604,SET-HISTORICAL-004604
LBL-HISTORICAL-004605,historical,,exact_match,1,none,exact,0,0,INT-HISTORICAL-004605,SET-HISTORICAL-004605
LBL-HISTORICAL-004606,historical,,processing_fee,1,processor_fee,amount_tolerance,2,0,INT-HISTORICAL-004606,SET-HISTORICAL-004606
LBL-HISTORICAL-004607,historical,,settlement_delay,1,t_plus_delay,date_tolerance,0,1,INT-HISTORICAL-004607,SET-HISTORICAL-004607
LBL-HISTORICAL-004608,historical,,exact_match,1,none,exact,0,0,INT-HISTORICAL-004608,SET-HISTORICAL-004608
LBL-HISTORICAL-004609,historical,,exact_match,1,none,exact,0,0,INT-HISTORICAL-004609,SET-HISTORICAL-004609
LBL-HISTORICAL-004610,historical,,exact_match,1,none,exact,0,0,INT-HISTORICAL-004610,SET-HISTORICAL-004610
LBL-HISTORICAL-004611,historical,,exact_match,1,none,exact,0,0,INT-HISTORICAL-004611,SET-HISTORICAL-004611
LBL-HISTORICAL-004612,historical,,exact_match,1,none,exact,0,0,INT-HISTORICAL-004612,SET-HISTORICAL-004612
LBL-HISTORICAL-004613,historical,,exact_match,1,none,exact,0,0,INT-HISTORICAL-004613,SET-HISTORICAL-004613
LBL-HISTORICAL-004614,historical,,reference_format,1,reference_normalization,reference_normalization,0,0,INT-HISTORICAL-004614,SET-HISTORICAL-004614
LBL-HISTORICAL-004615,historical,,true_amount_mismatch,0,true_amount_mismatch,do_not_match,0,0,INT-HISTORICAL-004615,SET-HISTORICAL-004615
LBL-HISTORICAL-004616,historical,,exact_match,1,none,exact,0,0,INT-HISTORICAL-004616,SET-HISTORICAL-004616
LBL-HISTORICAL-004617,historical,,duplicate_processor_record,1,duplicate,dedupe_then_match,0,0,INT-HISTORICAL-004617,SET-HISTORICAL-004617
LBL-HISTORICAL-004618,historical,,exact_match,1,none,exact,0,0,INT-HISTORICAL-004618,SET-HISTORICAL-004618
LBL-HISTORICAL-004619,historical,,exact_match,1,none,exact,0,0,INT-HISTORICAL-004619,SET-HISTORICAL-004619
LBL-HISTORICAL-004620,historical,,exact_match,1,none,exact,0,0,INT-HISTORICAL-004620,SET-HISTORICAL-004620
LBL-HISTORICAL-004621,historical,,exact_match,1,none,exact,0,0,INT-HISTORICAL-004621,SET-HISTORICAL-004621
LBL-HISTORICAL-004622,historical,,rounding_difference,1,rounding,amount_tolerance,0,0,INT-HISTORICAL-004622,SET-HISTORICAL-004622
LBL-HISTORICAL-004623,historical,,processing_fee,1,processor_fee,amount_tolerance,5,0,INT-HISTORICAL-004623,SET-HISTORICAL-004623
LBL-HISTORICAL-004624,historical,,settlement_delay,1,t_plus_delay,date_tolerance,0,1,INT-HISTORICAL-004624,SET-HISTORICAL-004624
LBL-HISTORICAL-004625,historical,,exact_match,1,none,exact,0,0,INT-HISTORICAL-004625,SET-HISTORICAL-004625
LBL-HISTORICAL-004626,historical,,exact_match,1,none,exact,0,0,INT-HISTORICAL-004626,SET-HISTORICAL-004626
LBL-HISTORICAL-004627,historical,,settlement_delay,1,t_plus_delay,date_tolerance,0,1,INT-HISTORICAL-004627,SET-HISTORICAL-004627
LBL-HISTORICAL-004628,historical,,settlement_delay,1,t_plus_delay,date_tolerance,0,2,INT-HISTORICAL-004628,SET-HISTORICAL-004628
LBL-HISTORICAL-004629,historical,,exact_match,1,none,exact,0,0,INT-HISTORICAL-004629,SET-HISTORICAL-004629
LBL-HISTORICAL-004630,historical,,exact_match,1,none,exact,0,0,INT-HISTORICAL-004630,SET-HISTORICAL-004630
LBL-HISTORICAL-004631,historical,,exact_match,1,none,exact,0,0,INT-HISTORICAL-004631,SET-HISTORICAL-004631
LBL-HISTORICAL-004632,historical,,exact_match,1,none,exact,0,0,INT-HISTORICAL-004632,SET-HISTORICAL-004632
LBL-HISTORICAL-004633,historical,,exact_match,1,none,exact,0,0,INT-HISTORICAL-004633,SET-HISTORICAL-004633
LBL-HISTORICAL-004634,historical,,exact_match,1,none,exact,0,0,INT-HISTORICAL-004634,SET-HISTORICAL-004634
LBL-HISTORICAL-004635,historical,,exact_match,1,none,exact,0,0,INT-HISTORICAL-004635,SET-HISTORICAL-004635
LBL-HISTORICAL-004636,historical,,exact_match,1,none,exact,0,0,INT-HISTORICAL-004636,SET-HISTORICAL-004636
LBL-HISTORICAL-004637,historical,,exact_match,1,none,exact,0,0,INT-HISTORICAL-004637,SET-HISTORICAL-004637
LBL-HISTORICAL-004638,historical,,exact_match,1,none,exact,0,0,INT-HISTORICAL-004638,SET-HISTORICAL-004638
LBL-HISTORICAL-004639,historical,,exact_match,1,none,exact,0,0,INT-HISTORICAL-004639,SET-HISTORICAL-004639
LBL-HISTORICAL-004640,historical,,exact_match,1,none,exact,0,0,INT-HISTORICAL-004640,SET-HISTORICAL-004640
LBL-HISTORICAL-004641,historical,,exact_match,1,none,exact,0,0,INT-HISTORICAL-004641,SET-HISTORICAL-004641
LBL-HISTORICAL-004642,historical,,exact_match,1,none,exact,0,0,INT-HISTORICAL-004642,SET-HISTORICAL-004642
LBL-HISTORICAL-004643,historical,,exact_match,1,none,exact,0,0,INT-HISTORICAL-004643,SET-HISTORICAL-004643
LBL-HISTORICAL-004644,historical,,exact_match,1,none,exact,0,0,INT-HISTORICAL-004644,SET-HISTORICAL-004644
LBL-HISTORICAL-004645,historical,,processing_fee,1,processor_fee,amount_tolerance,5,0,INT-HISTORICAL-004645,SET-HISTORICAL-004645
LBL-HISTORICAL-004646,historical,,settlement_delay,1,t_plus_delay,date_tolerance,0,1,INT-HISTORICAL-004646,SET-HISTORICAL-004646
LBL-HISTORICAL-004647,historical,,exact_match,1,none,exact,0,0,INT-HISTORICAL-004647,SET-HISTORICAL-004647
LBL-HISTORICAL-004648,historical,,settlement_delay,1,t_plus_delay,date_tolerance,0,1,INT-HISTORICAL-004648,SET-HISTORICAL-004648
LBL-HISTORICAL-004649,historical,,exact_match,1,none,exact,0,0,INT-HISTORICAL-004649,SET-HISTORICAL-004649
LBL-HISTORICAL-004650,historical,,exact_match,1,none,exact,0,0,INT-HISTORICAL-004650,SET-HISTORICAL-004650
LBL-HISTORICAL-004651,historical,,exact_match,1,none,exact,0,0,INT-HISTORICAL-004651,SET-HISTORICAL-004651
LBL-HISTORICAL-004652,historical,,exact_match,1,none,exact,0,0,INT-HISTORICAL-004652,SET-HISTORICAL-004652
LBL-HISTORICAL-004653,historical,,exact_match,1,none,exact,0,0,INT-HISTORICAL-004653,SET-HISTORICAL-004653
LBL-HISTORICAL-004654,historical,,processing_fee,1,processor_fee,amount_tolerance,5,0,INT-HISTORICAL-004654,SET-HISTORICAL-004654
LBL-HISTORICAL-004655,historical,,exact_match,1,none,exact,0,0,INT-HISTORICAL-004655,SET-HISTORICAL-004655
LBL-HISTORICAL-004656,historical,,exact_match,1,none,exact,0,0,INT-HISTORICAL-004656,SET-HISTORICAL-004656
LBL-HISTORICAL-004657,historical,,exact_match,1,none,exact,0,0,INT-HISTORICAL-004657,SET-HISTORICAL-004657
LBL-HISTORICAL-004658,historical,,exact_match,1,none,exact,0,0,INT-HISTORICAL-004658,SET-HISTORICAL-004658
LBL-HISTORICAL-004659,historical,,exact_match,1,none,exact,0,0,INT-HISTORICAL-004659,SET-HISTORICAL-004659
LBL-HISTORICAL-004660,historical,,exact_match,1,none,exact,0,0,INT-HISTORICAL-004660,SET-HISTORICAL-004660
LBL-HISTORICAL-004661,historical,,exact_match,1,none,exact,0,0,INT-HISTORICAL-004661,SET-HISTORICAL-004661
LBL-HISTORICAL-004662,historical,,exact_match,1,none,exact,0,0,INT-HISTORICAL-004662,SET-HISTORICAL-004662
LBL-HISTORICAL-004663,historical,,exact_match,1,none,exact,0,0,INT-HISTORICAL-004663,SET-HISTORICAL-004663
LBL-HISTORICAL-004664,historical,,settlement_delay,1,t_plus_delay,date_tolerance,0,2,INT-HISTORICAL-004664,SET-HISTORICAL-004664
LBL-HISTORICAL-004665,historical,,processing_fee,1,processor_fee,amount_tolerance,5,0,INT-HISTORICAL-004665,SET-HISTORICAL-004665
LBL-HISTORICAL-004666,historical,,reference_format,1,reference_normalization,reference_normalization,0,0,INT-HISTORICAL-004666,SET-HISTORICAL-004666
LBL-HISTORICAL-004667,historical,,duplicate_processor_record,1,duplicate,dedupe_then_match,0,0,INT-HISTORICAL-004667,SET-HISTORICAL-004667
LBL-HISTORICAL-004668,historical,,reference_format,1,reference_normalization,reference_normalization,0,0,INT-HISTORICAL-004668,SET-HISTORICAL-004668
LBL-HISTORICAL-004669,historical,,exact_match,1,none,exact,0,0,INT-HISTORICAL-004669,SET-HISTORICAL-004669
LBL-HISTORICAL-004670,historical,,exact_match,1,none,exact,0,0,INT-HISTORICAL-004670,SET-HISTORICAL-004670
LBL-HISTORICAL-004671,historical,,settlement_delay,1,t_plus_delay,date_tolerance,0,1,INT-HISTORICAL-004671,SET-HISTORICAL-004671
LBL-HISTORICAL-004672,historical,,rounding_difference,1,rounding,amount_tolerance,0,0,INT-HISTORICAL-004672,SET-HISTORICAL-004672
LBL-HISTORICAL-004673,historical,,exact_match,1,none,exact,0,0,INT-HISTORICAL-004673,SET-HISTORICAL-004673
LBL-HISTORICAL-004674,historical,,exact_match,1,none,exact,0,0,INT-HISTORICAL-004674,SET-HISTORICAL-004674
LBL-HISTORICAL-004675,historical,,rounding_difference,1,rounding,amount_tolerance,0,0,INT-HISTORICAL-004675,SET-HISTORICAL-004675
LBL-HISTORICAL-004676,historical,,exact_match,1,none,exact,0,0,INT-HISTORICAL-004676,SET-HISTORICAL-004676
LBL-HISTORICAL-004677,historical,,exact_match,1,none,exact,0,0,INT-HISTORICAL-004677,SET-HISTORICAL-004677
LBL-HISTORICAL-004678,historical,,exact_match,1,none,exact,0,0,INT-HISTORICAL-004678,SET-HISTORICAL-004678
LBL-HISTORICAL-004679,historical,,exact_match,1,none,exact,0,0,INT-HISTORICAL-004679,SET-HISTORICAL-004679
LBL-HISTORICAL-004680,historical,,exact_match,1,none,exact,0,0,INT-HISTORICAL-004680,SET-HISTORICAL-004680
LBL-HISTORICAL-004681,historical,,true_amount_mismatch,0,true_amount_mismatch,do_not_match,0,0,INT-HISTORICAL-004681,SET-HISTORICAL-004681
LBL-HISTORICAL-004682,historical,,exact_match,1,none,exact,0,0,INT-HISTORICAL-004682,SET-HISTORICAL-004682
LBL-HISTORICAL-004683,historical,,exact_match,1,none,exact,0,0,INT-HISTORICAL-004683,SET-HISTORICAL-004683
LBL-HISTORICAL-004684,historical,,exact_match,1,none,exact,0,0,INT-HISTORICAL-004684,SET-HISTORICAL-004684
LBL-HISTORICAL-004685,historical,,exact_match,1,none,exact,0,0,INT-HISTORICAL-004685,SET-HISTORICAL-004685
LBL-HISTORICAL-004686,historical,,exact_match,1,none,exact,0,0,INT-HISTORICAL-004686,SET-HISTORICAL-004686
LBL-HISTORICAL-004687,historical,,exact_match,1,none,exact,0,0,INT-HISTORICAL-004687,SET-HISTORICAL-004687
LBL-HISTORICAL-004688,historical,,exact_match,1,none,exact,0,0,INT-HISTORICAL-004688,SET-HISTORICAL-004688
LBL-HISTORICAL-004689,historical,,exact_match,1,none,exact,0,0,INT-HISTORICAL-004689,SET-HISTORICAL-004689
LBL-HISTORICAL-004690,historical,,exact_match,1,none,exact,0,0,INT-HISTORICAL-004690,SET-HISTORICAL-004690
LBL-HISTORICAL-004691,historical,,exact_match,1,none,exact,0,0,INT-HISTORICAL-004691,SET-HISTORICAL-004691
LBL-HISTORICAL-004692,historical,,currency_mismatch,0,currency_mismatch,do_not_match,0,0,INT-HISTORICAL-004692,SET-HISTORICAL-004692
LBL-HISTORICAL-004693,historical,,exact_match,1,none,exact,0,0,INT-HISTORICAL-004693,SET-HISTORICAL-004693
LBL-HISTORICAL-004694,historical,,duplicate_processor_record,1,duplicate,dedupe_then_match,0,0,INT-HISTORICAL-004694,SET-HISTORICAL-004694
LBL-HISTORICAL-004695,historical,,exact_match,1,none,exact,0,0,INT-HISTORICAL-004695,SET-HISTORICAL-004695
LBL-HISTORICAL-004696,historical,,exact_match,1,none,exact,0,0,INT-HISTORICAL-004696,SET-HISTORICAL-004696
LBL-HISTORICAL-004697,historical,,true_amount_mismatch,0,true_amount_mismatch,do_not_match,0,0,INT-HISTORICAL-004697,SET-HISTORICAL-004697
LBL-HISTORICAL-004698,historical,,exact_match,1,none,exact,0,0,INT-HISTORICAL-004698,SET-HISTORICAL-004698
LBL-HISTORICAL-004699,historical,,exact_match,1,none,exact,0,0,INT-HISTORICAL-004699,SET-HISTORICAL-004699
LBL-HISTORICAL-004700,historical,,exact_match,1,none,exact,0,0,INT-HISTORICAL-004700,SET-HISTORICAL-004700
LBL-HISTORICAL-004701,historical,,processing_fee,1,processor_fee,amount_tolerance,2,0,INT-HISTORICAL-004701,SET-HISTORICAL-004701
LBL-HISTORICAL-004702,historical,,exact_match,1,none,exact,0,0,INT-HISTORICAL-004702,SET-HISTORICAL-004702
LBL-HISTORICAL-004703,historical,,exact_match,1,none,exact,0,0,INT-HISTORICAL-004703,SET-HISTORICAL-004703
LBL-HISTORICAL-004704,historical,,exact_match,1,none,exact,0,0,INT-HISTORICAL-004704,SET-HISTORICAL-004704
LBL-HISTORICAL-004705,historical,,true_amount_mismatch,0,true_amount_mismatch,do_not_match,0,0,INT-HISTORICAL-004705,SET-HISTORICAL-004705
LBL-HISTORICAL-004706,historical,,settlement_delay,1,t_plus_delay,date_tolerance,0,1,INT-HISTORICAL-004706,SET-HISTORICAL-004706
LBL-HISTORICAL-004707,historical,,exact_match,1,none,exact,0,0,INT-HISTORICAL-004707,SET-HISTORICAL-004707
LBL-HISTORICAL-004708,historical,,exact_match,1,none,exact,0,0,INT-HISTORICAL-004708,SET-HISTORICAL-004708
LBL-HISTORICAL-004709,historical,,exact_match,1,none,exact,0,0,INT-HISTORICAL-004709,SET-HISTORICAL-004709
LBL-HISTORICAL-004710,historical,,processing_fee,1,processor_fee,amount_tolerance,3,0,INT-HISTORICAL-004710,SET-HISTORICAL-004710
LBL-HISTORICAL-004711,historical,,settlement_delay,1,t_plus_delay,date_tolerance,0,2,INT-HISTORICAL-004711,SET-HISTORICAL-004711
LBL-HISTORICAL-004712,historical,,settlement_delay,1,t_plus_delay,date_tolerance,0,1,INT-HISTORICAL-004712,SET-HISTORICAL-004712
LBL-HISTORICAL-004713,historical,,exact_match,1,none,exact,0,0,INT-HISTORICAL-004713,SET-HISTORICAL-004713
LBL-HISTORICAL-004714,historical,,exact_match,1,none,exact,0,0,INT-HISTORICAL-004714,SET-HISTORICAL-004714
LBL-HISTORICAL-004715,historical,,exact_match,1,none,exact,0,0,INT-HISTORICAL-004715,SET-HISTORICAL-004715
LBL-HISTORICAL-004716,historical,,exact_match,1,none,exact,0,0,INT-HISTORICAL-004716,SET-HISTORICAL-004716
LBL-HISTORICAL-004717,historical,,exact_match,1,none,exact,0,0,INT-HISTORICAL-004717,SET-HISTORICAL-004717
LBL-HISTORICAL-004718,historical,,processing_fee,1,processor_fee,amount_tolerance,2,0,INT-HISTORICAL-004718,SET-HISTORICAL-004718
LBL-HISTORICAL-004719,historical,,true_amount_mismatch,0,true_amount_mismatch,do_not_match,0,0,INT-HISTORICAL-004719,SET-HISTORICAL-004719
LBL-HISTORICAL-004720,historical,,exact_match,1,none,exact,0,0,INT-HISTORICAL-004720,SET-HISTORICAL-004720
LBL-HISTORICAL-004721,historical,,exact_match,1,none,exact,0,0,INT-HISTORICAL-004721,SET-HISTORICAL-004721
LBL-HISTORICAL-004722,historical,,exact_match,1,none,exact,0,0,INT-HISTORICAL-004722,SET-HISTORICAL-004722
LBL-HISTORICAL-004723,historical,,exact_match,1,none,exact,0,0,INT-HISTORICAL-004723,SET-HISTORICAL-004723
LBL-HISTORICAL-004724,historical,,exact_match,1,none,exact,0,0,INT-HISTORICAL-004724,SET-HISTORICAL-004724
LBL-HISTORICAL-004725,historical,,settlement_delay,1,t_plus_delay,date_tolerance,0,2,INT-HISTORICAL-004725,SET-HISTORICAL-004725
LBL-HISTORICAL-004726,historical,,exact_match,1,none,exact,0,0,INT-HISTORICAL-004726,SET-HISTORICAL-004726
LBL-HISTORICAL-004727,historical,,exact_match,1,none,exact,0,0,INT-HISTORICAL-004727,SET-HISTORICAL-004727
LBL-HISTORICAL-004728,historical,,exact_match,1,none,exact,0,0,INT-HISTORICAL-004728,SET-HISTORICAL-004728
LBL-HISTORICAL-004729,historical,,exact_match,1,none,exact,0,0,INT-HISTORICAL-004729,SET-HISTORICAL-004729
LBL-HISTORICAL-004730,historical,,rounding_difference,1,rounding,amount_tolerance,0,0,INT-HISTORICAL-004730,SET-HISTORICAL-004730
LBL-HISTORICAL-004731,historical,,exact_match,1,none,exact,0,0,INT-HISTORICAL-004731,SET-HISTORICAL-004731
LBL-HISTORICAL-004732,historical,,exact_match,1,none,exact,0,0,INT-HISTORICAL-004732,SET-HISTORICAL-004732
LBL-HISTORICAL-004733,historical,,reference_format,1,reference_normalization,reference_normalization,0,0,INT-HISTORICAL-004733,SET-HISTORICAL-004733
LBL-HISTORICAL-004734,historical,,exact_match,1,none,exact,0,0,INT-HISTORICAL-004734,SET-HISTORICAL-004734
LBL-HISTORICAL-004735,historical,,exact_match,1,none,exact,0,0,INT-HISTORICAL-004735,SET-HISTORICAL-004735
LBL-HISTORICAL-004736,historical,,reference_format,1,reference_normalization,reference_normalization,0,0,INT-HISTORICAL-004736,SET-HISTORICAL-004736
LBL-HISTORICAL-004737,historical,,exact_match,1,none,exact,0,0,INT-HISTORICAL-004737,SET-HISTORICAL-004737
LBL-HISTORICAL-004738,historical,,exact_match,1,none,exact,0,0,INT-HISTORICAL-004738,SET-HISTORICAL-004738
LBL-HISTORICAL-004739,historical,,settlement_delay,1,t_plus_delay,date_tolerance,0,1,INT-HISTORICAL-004739,SET-HISTORICAL-004739
LBL-HISTORICAL-004740,historical,,exact_match,1,none,exact,0,0,INT-HISTORICAL-004740,SET-HISTORICAL-004740
LBL-HISTORICAL-004741,historical,,processing_fee,1,processor_fee,amount_tolerance,2,0,INT-HISTORICAL-004741,SET-HISTORICAL-004741
LBL-HISTORICAL-004742,historical,,exact_match,1,none,exact,0,0,INT-HISTORICAL-004742,SET-HISTORICAL-004742
LBL-HISTORICAL-004743,historical,,exact_match,1,none,exact,0,0,INT-HISTORICAL-004743,SET-HISTORICAL-004743
LBL-HISTORICAL-004744,historical,,exact_match,1,none,exact,0,0,INT-HISTORICAL-004744,SET-HISTORICAL-004744
LBL-HISTORICAL-004745,historical,,processing_fee,1,processor_fee,amount_tolerance,5,0,INT-HISTORICAL-004745,SET-HISTORICAL-004745
LBL-HISTORICAL-004746,historical,,exact_match,1,none,exact,0,0,INT-HISTORICAL-004746,SET-HISTORICAL-004746
LBL-HISTORICAL-004747,historical,,rounding_difference,1,rounding,amount_tolerance,0,0,INT-HISTORICAL-004747,SET-HISTORICAL-004747
LBL-HISTORICAL-004748,historical,,processing_fee,1,processor_fee,amount_tolerance,5,0,INT-HISTORICAL-004748,SET-HISTORICAL-004748
LBL-HISTORICAL-004749,historical,,exact_match,1,none,exact,0,0,INT-HISTORICAL-004749,SET-HISTORICAL-004749
LBL-HISTORICAL-004750,historical,,exact_match,1,none,exact,0,0,INT-HISTORICAL-004750,SET-HISTORICAL-004750
LBL-HISTORICAL-004751,historical,,exact_match,1,none,exact,0,0,INT-HISTORICAL-004751,SET-HISTORICAL-004751
LBL-HISTORICAL-004752,historical,,exact_match,1,none,exact,0,0,INT-HISTORICAL-004752,SET-HISTORICAL-004752
LBL-HISTORICAL-004753,historical,,exact_match,1,none,exact,0,0,INT-HISTORICAL-004753,SET-HISTORICAL-004753
LBL-HISTORICAL-004754,historical,,processing_fee,1,processor_fee,amount_tolerance,5,0,INT-HISTORICAL-004754,SET-HISTORICAL-004754
LBL-HISTORICAL-004755,historical,,exact_match,1,none,exact,0,0,INT-HISTORICAL-004755,SET-HISTORICAL-004755
LBL-HISTORICAL-004756,historical,,reference_format,1,reference_normalization,reference_normalization,0,0,INT-HISTORICAL-004756,SET-HISTORICAL-004756
LBL-HISTORICAL-004757,historical,,true_amount_mismatch,0,true_amount_mismatch,do_not_match,0,0,INT-HISTORICAL-004757,SET-HISTORICAL-004757
LBL-HISTORICAL-004758,historical,,true_amount_mismatch,0,true_amount_mismatch,do_not_match,0,0,INT-HISTORICAL-004758,SET-HISTORICAL-004758
LBL-HISTORICAL-004759,historical,,exact_match,1,none,exact,0,0,INT-HISTORICAL-004759,SET-HISTORICAL-004759
LBL-HISTORICAL-004760,historical,,exact_match,1,none,exact,0,0,INT-HISTORICAL-004760,SET-HISTORICAL-004760
LBL-HISTORICAL-004761,historical,,exact_match,1,none,exact,0,0,INT-HISTORICAL-004761,SET-HISTORICAL-004761
LBL-HISTORICAL-004762,historical,,exact_match,1,none,exact,0,0,INT-HISTORICAL-004762,SET-HISTORICAL-004762
LBL-HISTORICAL-004763,historical,,true_amount_mismatch,0,true_amount_mismatch,do_not_match,0,0,INT-HISTORICAL-004763,SET-HISTORICAL-004763
LBL-HISTORICAL-004764,historical,,exact_match,1,none,exact,0,0,INT-HISTORICAL-004764,SET-HISTORICAL-004764
LBL-HISTORICAL-004765,historical,,exact_match,1,none,exact,0,0,INT-HISTORICAL-004765,SET-HISTORICAL-004765
LBL-HISTORICAL-004766,historical,,reference_format,1,reference_normalization,reference_normalization,0,0,INT-HISTORICAL-004766,SET-HISTORICAL-004766
LBL-HISTORICAL-004767,historical,,exact_match,1,none,exact,0,0,INT-HISTORICAL-004767,SET-HISTORICAL-004767
LBL-HISTORICAL-004768,historical,,exact_match,1,none,exact,0,0,INT-HISTORICAL-004768,SET-HISTORICAL-004768
LBL-HISTORICAL-004769,historical,,exact_match,1,none,exact,0,0,INT-HISTORICAL-004769,SET-HISTORICAL-004769
LBL-HISTORICAL-004770,historical,,exact_match,1,none,exact,0,0,INT-HISTORICAL-004770,SET-HISTORICAL-004770
LBL-HISTORICAL-004771,historical,,processing_fee,1,processor_fee,amount_tolerance,1,0,INT-HISTORICAL-004771,SET-HISTORICAL-004771
LBL-HISTORICAL-004772,historical,,reference_format,1,reference_normalization,reference_normalization,0,0,INT-HISTORICAL-004772,SET-HISTORICAL-004772
LBL-HISTORICAL-004773,historical,,settlement_delay,1,t_plus_delay,date_tolerance,0,1,INT-HISTORICAL-004773,SET-HISTORICAL-004773
LBL-HISTORICAL-004774,historical,,exact_match,1,none,exact,0,0,INT-HISTORICAL-004774,SET-HISTORICAL-004774
LBL-HISTORICAL-004775,historical,,exact_match,1,none,exact,0,0,INT-HISTORICAL-004775,SET-HISTORICAL-004775
LBL-HISTORICAL-004776,historical,,exact_match,1,none,exact,0,0,INT-HISTORICAL-004776,SET-HISTORICAL-004776
LBL-HISTORICAL-004777,historical,,exact_match,1,none,exact,0,0,INT-HISTORICAL-004777,SET-HISTORICAL-004777
LBL-HISTORICAL-004778,historical,,exact_match,1,none,exact,0,0,INT-HISTORICAL-004778,SET-HISTORICAL-004778
LBL-HISTORICAL-004779,historical,,settlement_delay,1,t_plus_delay,date_tolerance,0,2,INT-HISTORICAL-004779,SET-HISTORICAL-004779
LBL-HISTORICAL-004780,historical,,exact_match,1,none,exact,0,0,INT-HISTORICAL-004780,SET-HISTORICAL-004780
LBL-HISTORICAL-004781,historical,,exact_match,1,none,exact,0,0,INT-HISTORICAL-004781,SET-HISTORICAL-004781
LBL-HISTORICAL-004782,historical,,exact_match,1,none,exact,0,0,INT-HISTORICAL-004782,SET-HISTORICAL-004782
LBL-HISTORICAL-004783,historical,,true_amount_mismatch,0,true_amount_mismatch,do_not_match,0,0,INT-HISTORICAL-004783,SET-HISTORICAL-004783
LBL-HISTORICAL-004784,historical,,exact_match,1,none,exact,0,0,INT-HISTORICAL-004784,SET-HISTORICAL-004784
LBL-HISTORICAL-004785,historical,,exact_match,1,none,exact,0,0,INT-HISTORICAL-004785,SET-HISTORICAL-004785
LBL-HISTORICAL-004786,historical,,exact_match,1,none,exact,0,0,INT-HISTORICAL-004786,SET-HISTORICAL-004786
LBL-HISTORICAL-004787,historical,,exact_match,1,none,exact,0,0,INT-HISTORICAL-004787,SET-HISTORICAL-004787
LBL-HISTORICAL-004788,historical,,exact_match,1,none,exact,0,0,INT-HISTORICAL-004788,SET-HISTORICAL-004788
LBL-HISTORICAL-004789,historical,,processing_fee,1,processor_fee,amount_tolerance,3,0,INT-HISTORICAL-004789,SET-HISTORICAL-004789
LBL-HISTORICAL-004790,historical,,rounding_difference,1,rounding,amount_tolerance,0,0,INT-HISTORICAL-004790,SET-HISTORICAL-004790
LBL-HISTORICAL-004791,historical,,exact_match,1,none,exact,0,0,INT-HISTORICAL-004791,SET-HISTORICAL-004791
LBL-HISTORICAL-004792,historical,,settlement_delay,1,t_plus_delay,date_tolerance,0,2,INT-HISTORICAL-004792,SET-HISTORICAL-004792
LBL-HISTORICAL-004793,historical,,exact_match,1,none,exact,0,0,INT-HISTORICAL-004793,SET-HISTORICAL-004793
LBL-HISTORICAL-004794,historical,,exact_match,1,none,exact,0,0,INT-HISTORICAL-004794,SET-HISTORICAL-004794
LBL-HISTORICAL-004795,historical,,exact_match,1,none,exact,0,0,INT-HISTORICAL-004795,SET-HISTORICAL-004795
LBL-HISTORICAL-004796,historical,,reference_format,1,reference_normalization,reference_normalization,0,0,INT-HISTORICAL-004796,SET-HISTORICAL-004796
LBL-HISTORICAL-004797,historical,,exact_match,1,none,exact,0,0,INT-HISTORICAL-004797,SET-HISTORICAL-004797
LBL-HISTORICAL-004798,historical,,exact_match,1,none,exact,0,0,INT-HISTORICAL-004798,SET-HISTORICAL-004798
LBL-HISTORICAL-004799,historical,,settlement_delay,1,t_plus_delay,date_tolerance,0,1,INT-HISTORICAL-004799,SET-HISTORICAL-004799
LBL-HISTORICAL-004800,historical,,exact_match,1,none,exact,0,0,INT-HISTORICAL-004800,SET-HISTORICAL-004800
LBL-HISTORICAL-004801,historical,,exact_match,1,none,exact,0,0,INT-HISTORICAL-004801,SET-HISTORICAL-004801
LBL-HISTORICAL-004802,historical,,exact_match,1,none,exact,0,0,INT-HISTORICAL-004802,SET-HISTORICAL-004802
LBL-HISTORICAL-004803,historical,,exact_match,1,none,exact,0,0,INT-HISTORICAL-004803,SET-HISTORICAL-004803
LBL-HISTORICAL-004804,historical,,exact_match,1,none,exact,0,0,INT-HISTORICAL-004804,SET-HISTORICAL-004804
LBL-HISTORICAL-004805,historical,,exact_match,1,none,exact,0,0,INT-HISTORICAL-004805,SET-HISTORICAL-004805
LBL-HISTORICAL-004806,historical,,settlement_delay,1,t_plus_delay,date_tolerance,0,2,INT-HISTORICAL-004806,SET-HISTORICAL-004806
LBL-HISTORICAL-004807,historical,,exact_match,1,none,exact,0,0,INT-HISTORICAL-004807,SET-HISTORICAL-004807
LBL-HISTORICAL-004808,historical,,rounding_difference,1,rounding,amount_tolerance,0,0,INT-HISTORICAL-004808,SET-HISTORICAL-004808
LBL-HISTORICAL-004809,historical,,true_amount_mismatch,0,true_amount_mismatch,do_not_match,0,0,INT-HISTORICAL-004809,SET-HISTORICAL-004809
LBL-HISTORICAL-004810,historical,,exact_match,1,none,exact,0,0,INT-HISTORICAL-004810,SET-HISTORICAL-004810
LBL-HISTORICAL-004811,historical,,exact_match,1,none,exact,0,0,INT-HISTORICAL-004811,SET-HISTORICAL-004811
LBL-HISTORICAL-004812,historical,,reference_format,1,reference_normalization,reference_normalization,0,0,INT-HISTORICAL-004812,SET-HISTORICAL-004812
LBL-HISTORICAL-004813,historical,,reference_format,1,reference_normalization,reference_normalization,0,0,INT-HISTORICAL-004813,SET-HISTORICAL-004813
LBL-HISTORICAL-004814,historical,,currency_mismatch,0,currency_mismatch,do_not_match,0,0,INT-HISTORICAL-004814,SET-HISTORICAL-004814
LBL-HISTORICAL-004815,historical,,currency_mismatch,0,currency_mismatch,do_not_match,0,0,INT-HISTORICAL-004815,SET-HISTORICAL-004815
LBL-HISTORICAL-004816,historical,,settlement_delay,1,t_plus_delay,date_tolerance,0,1,INT-HISTORICAL-004816,SET-HISTORICAL-004816
LBL-HISTORICAL-004817,historical,,exact_match,1,none,exact,0,0,INT-HISTORICAL-004817,SET-HISTORICAL-004817
LBL-HISTORICAL-004818,historical,,processing_fee,1,processor_fee,amount_tolerance,5,0,INT-HISTORICAL-004818,SET-HISTORICAL-004818
LBL-HISTORICAL-004819,historical,,processing_fee,1,processor_fee,amount_tolerance,1,0,INT-HISTORICAL-004819,SET-HISTORICAL-004819
LBL-HISTORICAL-004820,historical,,settlement_delay,1,t_plus_delay,date_tolerance,0,1,INT-HISTORICAL-004820,SET-HISTORICAL-004820
LBL-HISTORICAL-004821,historical,,exact_match,1,none,exact,0,0,INT-HISTORICAL-004821,SET-HISTORICAL-004821
LBL-HISTORICAL-004822,historical,,exact_match,1,none,exact,0,0,INT-HISTORICAL-004822,SET-HISTORICAL-004822
LBL-HISTORICAL-004823,historical,,exact_match,1,none,exact,0,0,INT-HISTORICAL-004823,SET-HISTORICAL-004823
LBL-HISTORICAL-004824,historical,,exact_match,1,none,exact,0,0,INT-HISTORICAL-004824,SET-HISTORICAL-004824
LBL-HISTORICAL-004825,historical,,exact_match,1,none,exact,0,0,INT-HISTORICAL-004825,SET-HISTORICAL-004825
LBL-HISTORICAL-004826,historical,,settlement_delay,1,t_plus_delay,date_tolerance,0,1,INT-HISTORICAL-004826,SET-HISTORICAL-004826
LBL-HISTORICAL-004827,historical,,reference_format,1,reference_normalization,reference_normalization,0,0,INT-HISTORICAL-004827,SET-HISTORICAL-004827
LBL-HISTORICAL-004828,historical,,processing_fee,1,processor_fee,amount_tolerance,1,0,INT-HISTORICAL-004828,SET-HISTORICAL-004828
LBL-HISTORICAL-004829,historical,,exact_match,1,none,exact,0,0,INT-HISTORICAL-004829,SET-HISTORICAL-004829
LBL-HISTORICAL-004830,historical,,exact_match,1,none,exact,0,0,INT-HISTORICAL-004830,SET-HISTORICAL-004830
LBL-HISTORICAL-004831,historical,,exact_match,1,none,exact,0,0,INT-HISTORICAL-004831,SET-HISTORICAL-004831
LBL-HISTORICAL-004832,historical,,exact_match,1,none,exact,0,0,INT-HISTORICAL-004832,SET-HISTORICAL-004832
LBL-HISTORICAL-004833,historical,,processing_fee,1,processor_fee,amount_tolerance,5,0,INT-HISTORICAL-004833,SET-HISTORICAL-004833
LBL-HISTORICAL-004834,historical,,exact_match,1,none,exact,0,0,INT-HISTORICAL-004834,SET-HISTORICAL-004834
LBL-HISTORICAL-004835,historical,,processing_fee,1,processor_fee,amount_tolerance,5,0,INT-HISTORICAL-004835,SET-HISTORICAL-004835
LBL-HISTORICAL-004836,historical,,settlement_delay,1,t_plus_delay,date_tolerance,0,1,INT-HISTORICAL-004836,SET-HISTORICAL-004836
LBL-HISTORICAL-004837,historical,,exact_match,1,none,exact,0,0,INT-HISTORICAL-004837,SET-HISTORICAL-004837
LBL-HISTORICAL-004838,historical,,exact_match,1,none,exact,0,0,INT-HISTORICAL-004838,SET-HISTORICAL-004838
LBL-HISTORICAL-004839,historical,,rounding_difference,1,rounding,amount_tolerance,0,0,INT-HISTORICAL-004839,SET-HISTORICAL-004839
LBL-HISTORICAL-004840,historical,,exact_match,1,none,exact,0,0,INT-HISTORICAL-004840,SET-HISTORICAL-004840
LBL-HISTORICAL-004841,historical,,exact_match,1,none,exact,0,0,INT-HISTORICAL-004841,SET-HISTORICAL-004841
LBL-HISTORICAL-004842,historical,,processing_fee,1,processor_fee,amount_tolerance,2,0,INT-HISTORICAL-004842,SET-HISTORICAL-004842
LBL-HISTORICAL-004843,historical,,rounding_difference,1,rounding,amount_tolerance,0,0,INT-HISTORICAL-004843,SET-HISTORICAL-004843
LBL-HISTORICAL-004844,historical,,exact_match,1,none,exact,0,0,INT-HISTORICAL-004844,SET-HISTORICAL-004844
LBL-HISTORICAL-004845,historical,,settlement_delay,1,t_plus_delay,date_tolerance,0,2,INT-HISTORICAL-004845,SET-HISTORICAL-004845
LBL-HISTORICAL-004846,historical,,settlement_delay,1,t_plus_delay,date_tolerance,0,1,INT-HISTORICAL-004846,SET-HISTORICAL-004846
LBL-HISTORICAL-004847,historical,,settlement_delay,1,t_plus_delay,date_tolerance,0,1,INT-HISTORICAL-004847,SET-HISTORICAL-004847
LBL-HISTORICAL-004848,historical,,exact_match,1,none,exact,0,0,INT-HISTORICAL-004848,SET-HISTORICAL-004848
LBL-HISTORICAL-004849,historical,,exact_match,1,none,exact,0,0,INT-HISTORICAL-004849,SET-HISTORICAL-004849
LBL-HISTORICAL-004850,historical,,processing_fee,1,processor_fee,amount_tolerance,3,0,INT-HISTORICAL-004850,SET-HISTORICAL-004850
LBL-HISTORICAL-004851,historical,,exact_match,1,none,exact,0,0,INT-HISTORICAL-004851,SET-HISTORICAL-004851
LBL-HISTORICAL-004852,historical,,exact_match,1,none,exact,0,0,INT-HISTORICAL-004852,SET-HISTORICAL-004852
LBL-HISTORICAL-004853,historical,,exact_match,1,none,exact,0,0,INT-HISTORICAL-004853,SET-HISTORICAL-004853
LBL-HISTORICAL-004854,historical,,rounding_difference,1,rounding,amount_tolerance,0,0,INT-HISTORICAL-004854,SET-HISTORICAL-004854
LBL-HISTORICAL-004855,historical,,exact_match,1,none,exact,0,0,INT-HISTORICAL-004855,SET-HISTORICAL-004855
LBL-HISTORICAL-004856,historical,,processing_fee,1,processor_fee,amount_tolerance,5,0,INT-HISTORICAL-004856,SET-HISTORICAL-004856
LBL-HISTORICAL-004857,historical,,exact_match,1,none,exact,0,0,INT-HISTORICAL-004857,SET-HISTORICAL-004857
LBL-HISTORICAL-004858,historical,,currency_mismatch,0,currency_mismatch,do_not_match,0,0,INT-HISTORICAL-004858,SET-HISTORICAL-004858
LBL-HISTORICAL-004859,historical,,settlement_delay,1,t_plus_delay,date_tolerance,0,1,INT-HISTORICAL-004859,SET-HISTORICAL-004859
LBL-HISTORICAL-004860,historical,,settlement_delay,1,t_plus_delay,date_tolerance,0,2,INT-HISTORICAL-004860,SET-HISTORICAL-004860
LBL-HISTORICAL-004861,historical,,exact_match,1,none,exact,0,0,INT-HISTORICAL-004861,SET-HISTORICAL-004861
LBL-HISTORICAL-004862,historical,,exact_match,1,none,exact,0,0,INT-HISTORICAL-004862,SET-HISTORICAL-004862
LBL-HISTORICAL-004863,historical,,reference_format,1,reference_normalization,reference_normalization,0,0,INT-HISTORICAL-004863,SET-HISTORICAL-004863
LBL-HISTORICAL-004864,historical,,exact_match,1,none,exact,0,0,INT-HISTORICAL-004864,SET-HISTORICAL-004864
LBL-HISTORICAL-004865,historical,,settlement_delay,1,t_plus_delay,date_tolerance,0,1,INT-HISTORICAL-004865,SET-HISTORICAL-004865
LBL-HISTORICAL-004866,historical,,settlement_delay,1,t_plus_delay,date_tolerance,0,1,INT-HISTORICAL-004866,SET-HISTORICAL-004866
LBL-HISTORICAL-004867,historical,,exact_match,1,none,exact,0,0,INT-HISTORICAL-004867,SET-HISTORICAL-004867
LBL-HISTORICAL-004868,historical,,true_amount_mismatch,0,true_amount_mismatch,do_not_match,0,0,INT-HISTORICAL-004868,SET-HISTORICAL-004868
LBL-HISTORICAL-004869,historical,,exact_match,1,none,exact,0,0,INT-HISTORICAL-004869,SET-HISTORICAL-004869
LBL-HISTORICAL-004870,historical,,exact_match,1,none,exact,0,0,INT-HISTORICAL-004870,SET-HISTORICAL-004870
LBL-HISTORICAL-004871,historical,,exact_match,1,none,exact,0,0,INT-HISTORICAL-004871,SET-HISTORICAL-004871
LBL-HISTORICAL-004872,historical,,exact_match,1,none,exact,0,0,INT-HISTORICAL-004872,SET-HISTORICAL-004872
LBL-HISTORICAL-004873,historical,,processing_fee,1,processor_fee,amount_tolerance,1,0,INT-HISTORICAL-004873,SET-HISTORICAL-004873
LBL-HISTORICAL-004874,historical,,exact_match,1,none,exact,0,0,INT-HISTORICAL-004874,SET-HISTORICAL-004874
LBL-HISTORICAL-004875,historical,,exact_match,1,none,exact,0,0,INT-HISTORICAL-004875,SET-HISTORICAL-004875
LBL-HISTORICAL-004876,historical,,exact_match,1,none,exact,0,0,INT-HISTORICAL-004876,SET-HISTORICAL-004876
LBL-HISTORICAL-004877,historical,,settlement_delay,1,t_plus_delay,date_tolerance,0,1,INT-HISTORICAL-004877,SET-HISTORICAL-004877
LBL-HISTORICAL-004878,historical,,exact_match,1,none,exact,0,0,INT-HISTORICAL-004878,SET-HISTORICAL-004878
LBL-HISTORICAL-004879,historical,,exact_match,1,none,exact,0,0,INT-HISTORICAL-004879,SET-HISTORICAL-004879
LBL-HISTORICAL-004880,historical,,exact_match,1,none,exact,0,0,INT-HISTORICAL-004880,SET-HISTORICAL-004880
LBL-HISTORICAL-004881,historical,,exact_match,1,none,exact,0,0,INT-HISTORICAL-004881,SET-HISTORICAL-004881
LBL-HISTORICAL-004882,historical,,exact_match,1,none,exact,0,0,INT-HISTORICAL-004882,SET-HISTORICAL-004882
LBL-HISTORICAL-004883,historical,,exact_match,1,none,exact,0,0,INT-HISTORICAL-004883,SET-HISTORICAL-004883
LBL-HISTORICAL-004884,historical,,rounding_difference,1,rounding,amount_tolerance,0,0,INT-HISTORICAL-004884,SET-HISTORICAL-004884
LBL-HISTORICAL-004885,historical,,exact_match,1,none,exact,0,0,INT-HISTORICAL-004885,SET-HISTORICAL-004885
LBL-HISTORICAL-004886,historical,,exact_match,1,none,exact,0,0,INT-HISTORICAL-004886,SET-HISTORICAL-004886
LBL-HISTORICAL-004887,historical,,exact_match,1,none,exact,0,0,INT-HISTORICAL-004887,SET-HISTORICAL-004887
LBL-HISTORICAL-004888,historical,,exact_match,1,none,exact,0,0,INT-HISTORICAL-004888,SET-HISTORICAL-004888
LBL-HISTORICAL-004889,historical,,exact_match,1,none,exact,0,0,INT-HISTORICAL-004889,SET-HISTORICAL-004889
LBL-HISTORICAL-004890,historical,,exact_match,1,none,exact,0,0,INT-HISTORICAL-004890,SET-HISTORICAL-004890
LBL-HISTORICAL-004891,historical,,settlement_delay,1,t_plus_delay,date_tolerance,0,1,INT-HISTORICAL-004891,SET-HISTORICAL-004891
LBL-HISTORICAL-004892,historical,,exact_match,1,none,exact,0,0,INT-HISTORICAL-004892,SET-HISTORICAL-004892
LBL-HISTORICAL-004893,historical,,exact_match,1,none,exact,0,0,INT-HISTORICAL-004893,SET-HISTORICAL-004893
LBL-HISTORICAL-004894,historical,,reference_format,1,reference_normalization,reference_normalization,0,0,INT-HISTORICAL-004894,SET-HISTORICAL-004894
LBL-HISTORICAL-004895,historical,,exact_match,1,none,exact,0,0,INT-HISTORICAL-004895,SET-HISTORICAL-004895
LBL-HISTORICAL-004896,historical,,exact_match,1,none,exact,0,0,INT-HISTORICAL-004896,SET-HISTORICAL-004896
LBL-HISTORICAL-004897,historical,,exact_match,1,none,exact,0,0,INT-HISTORICAL-004897,SET-HISTORICAL-004897
LBL-HISTORICAL-004898,historical,,exact_match,1,none,exact,0,0,INT-HISTORICAL-004898,SET-HISTORICAL-004898
LBL-HISTORICAL-004899,historical,,exact_match,1,none,exact,0,0,INT-HISTORICAL-004899,SET-HISTORICAL-004899
LBL-HISTORICAL-004900,historical,,rounding_difference,1,rounding,amount_tolerance,0,0,INT-HISTORICAL-004900,SET-HISTORICAL-004900
LBL-HISTORICAL-004901,historical,,exact_match,1,none,exact,0,0,INT-HISTORICAL-004901,SET-HISTORICAL-004901
LBL-HISTORICAL-004902,historical,,exact_match,1,none,exact,0,0,INT-HISTORICAL-004902,SET-HISTORICAL-004902
LBL-HISTORICAL-004903,historical,,processing_fee,1,processor_fee,amount_tolerance,1,0,INT-HISTORICAL-004903,SET-HISTORICAL-004903
LBL-HISTORICAL-004904,historical,,exact_match,1,none,exact,0,0,INT-HISTORICAL-004904,SET-HISTORICAL-004904
LBL-HISTORICAL-004905,historical,,exact_match,1,none,exact,0,0,INT-HISTORICAL-004905,SET-HISTORICAL-004905
LBL-HISTORICAL-004906,historical,,exact_match,1,none,exact,0,0,INT-HISTORICAL-004906,SET-HISTORICAL-004906
LBL-HISTORICAL-004907,historical,,processing_fee,1,processor_fee,amount_tolerance,5,0,INT-HISTORICAL-004907,SET-HISTORICAL-004907
LBL-HISTORICAL-004908,historical,,processing_fee,1,processor_fee,amount_tolerance,1,0,INT-HISTORICAL-004908,SET-HISTORICAL-004908
LBL-HISTORICAL-004909,historical,,exact_match,1,none,exact,0,0,INT-HISTORICAL-004909,SET-HISTORICAL-004909
LBL-HISTORICAL-004910,historical,,processing_fee,1,processor_fee,amount_tolerance,3,0,INT-HISTORICAL-004910,SET-HISTORICAL-004910
LBL-HISTORICAL-004911,historical,,exact_match,1,none,exact,0,0,INT-HISTORICAL-004911,SET-HISTORICAL-004911
LBL-HISTORICAL-004912,historical,,settlement_delay,1,t_plus_delay,date_tolerance,0,2,INT-HISTORICAL-004912,SET-HISTORICAL-004912
LBL-HISTORICAL-004913,historical,,settlement_delay,1,t_plus_delay,date_tolerance,0,1,INT-HISTORICAL-004913,SET-HISTORICAL-004913
LBL-HISTORICAL-004914,historical,,rounding_difference,1,rounding,amount_tolerance,0,0,INT-HISTORICAL-004914,SET-HISTORICAL-004914
LBL-HISTORICAL-004915,historical,,exact_match,1,none,exact,0,0,INT-HISTORICAL-004915,SET-HISTORICAL-004915
LBL-HISTORICAL-004916,historical,,processing_fee,1,processor_fee,amount_tolerance,1,0,INT-HISTORICAL-004916,SET-HISTORICAL-004916
LBL-HISTORICAL-004917,historical,,exact_match,1,none,exact,0,0,INT-HISTORICAL-004917,SET-HISTORICAL-004917
LBL-HISTORICAL-004918,historical,,exact_match,1,none,exact,0,0,INT-HISTORICAL-004918,SET-HISTORICAL-004918
LBL-HISTORICAL-004919,historical,,settlement_delay,1,t_plus_delay,date_tolerance,0,1,INT-HISTORICAL-004919,SET-HISTORICAL-004919
LBL-HISTORICAL-004920,historical,,processing_fee,1,processor_fee,amount_tolerance,2,0,INT-HISTORICAL-004920,SET-HISTORICAL-004920
LBL-HISTORICAL-004921,historical,,exact_match,1,none,exact,0,0,INT-HISTORICAL-004921,SET-HISTORICAL-004921
LBL-HISTORICAL-004922,historical,,exact_match,1,none,exact,0,0,INT-HISTORICAL-004922,SET-HISTORICAL-004922
LBL-HISTORICAL-004923,historical,,settlement_delay,1,t_plus_delay,date_tolerance,0,1,INT-HISTORICAL-004923,SET-HISTORICAL-004923
LBL-HISTORICAL-004924,historical,,exact_match,1,none,exact,0,0,INT-HISTORICAL-004924,SET-HISTORICAL-004924
LBL-HISTORICAL-004925,historical,,exact_match,1,none,exact,0,0,INT-HISTORICAL-004925,SET-HISTORICAL-004925
LBL-HISTORICAL-004926,historical,,exact_match,1,none,exact,0,0,INT-HISTORICAL-004926,SET-HISTORICAL-004926
LBL-HISTORICAL-004927,historical,,exact_match,1,none,exact,0,0,INT-HISTORICAL-004927,SET-HISTORICAL-004927
LBL-HISTORICAL-004928,historical,,exact_match,1,none,exact,0,0,INT-HISTORICAL-004928,SET-HISTORICAL-004928
LBL-HISTORICAL-004929,historical,,exact_match,1,none,exact,0,0,INT-HISTORICAL-004929,SET-HISTORICAL-004929
LBL-HISTORICAL-004930,historical,,exact_match,1,none,exact,0,0,INT-HISTORICAL-004930,SET-HISTORICAL-004930
LBL-HISTORICAL-004931,historical,,rounding_difference,1,rounding,amount_tolerance,0,0,INT-HISTORICAL-004931,SET-HISTORICAL-004931
LBL-HISTORICAL-004932,historical,,exact_match,1,none,exact,0,0,INT-HISTORICAL-004932,SET-HISTORICAL-004932
LBL-HISTORICAL-004933,historical,,exact_match,1,none,exact,0,0,INT-HISTORICAL-004933,SET-HISTORICAL-004933
LBL-HISTORICAL-004934,historical,,exact_match,1,none,exact,0,0,INT-HISTORICAL-004934,SET-HISTORICAL-004934
LBL-HISTORICAL-004935,historical,,exact_match,1,none,exact,0,0,INT-HISTORICAL-004935,SET-HISTORICAL-004935
LBL-HISTORICAL-004936,historical,,exact_match,1,none,exact,0,0,INT-HISTORICAL-004936,SET-HISTORICAL-004936
LBL-HISTORICAL-004937,historical,,exact_match,1,none,exact,0,0,INT-HISTORICAL-004937,SET-HISTORICAL-004937
LBL-HISTORICAL-004938,historical,,settlement_delay,1,t_plus_delay,date_tolerance,0,1,INT-HISTORICAL-004938,SET-HISTORICAL-004938
LBL-HISTORICAL-004939,historical,,processing_fee,1,processor_fee,amount_tolerance,3,0,INT-HISTORICAL-004939,SET-HISTORICAL-004939
LBL-HISTORICAL-004940,historical,,processing_fee,1,processor_fee,amount_tolerance,2,0,INT-HISTORICAL-004940,SET-HISTORICAL-004940
LBL-HISTORICAL-004941,historical,,reference_format,1,reference_normalization,reference_normalization,0,0,INT-HISTORICAL-004941,SET-HISTORICAL-004941
LBL-HISTORICAL-004942,historical,,processing_fee,1,processor_fee,amount_tolerance,2,0,INT-HISTORICAL-004942,SET-HISTORICAL-004942
LBL-HISTORICAL-004943,historical,,exact_match,1,none,exact,0,0,INT-HISTORICAL-004943,SET-HISTORICAL-004943
LBL-HISTORICAL-004944,historical,,exact_match,1,none,exact,0,0,INT-HISTORICAL-004944,SET-HISTORICAL-004944
LBL-HISTORICAL-004945,historical,,exact_match,1,none,exact,0,0,INT-HISTORICAL-004945,SET-HISTORICAL-004945
LBL-HISTORICAL-004946,historical,,exact_match,1,none,exact,0,0,INT-HISTORICAL-004946,SET-HISTORICAL-004946
LBL-HISTORICAL-004947,historical,,reference_format,1,reference_normalization,reference_normalization,0,0,INT-HISTORICAL-004947,SET-HISTORICAL-004947
LBL-HISTORICAL-004948,historical,,settlement_delay,1,t_plus_delay,date_tolerance,0,1,INT-HISTORICAL-004948,SET-HISTORICAL-004948
LBL-HISTORICAL-004949,historical,,exact_match,1,none,exact,0,0,INT-HISTORICAL-004949,SET-HISTORICAL-004949
LBL-HISTORICAL-004950,historical,,settlement_delay,1,t_plus_delay,date_tolerance,0,1,INT-HISTORICAL-004950,SET-HISTORICAL-004950
LBL-HISTORICAL-004951,historical,,exact_match,1,none,exact,0,0,INT-HISTORICAL-004951,SET-HISTORICAL-004951
LBL-HISTORICAL-004952,historical,,true_amount_mismatch,0,true_amount_mismatch,do_not_match,0,0,INT-HISTORICAL-004952,SET-HISTORICAL-004952
LBL-HISTORICAL-004953,historical,,reference_format,1,reference_normalization,reference_normalization,0,0,INT-HISTORICAL-004953,SET-HISTORICAL-004953
LBL-HISTORICAL-004954,historical,,exact_match,1,none,exact,0,0,INT-HISTORICAL-004954,SET-HISTORICAL-004954
LBL-HISTORICAL-004955,historical,,exact_match,1,none,exact,0,0,INT-HISTORICAL-004955,SET-HISTORICAL-004955
LBL-HISTORICAL-004956,historical,,exact_match,1,none,exact,0,0,INT-HISTORICAL-004956,SET-HISTORICAL-004956
LBL-HISTORICAL-004957,historical,,duplicate_processor_record,1,duplicate,dedupe_then_match,0,0,INT-HISTORICAL-004957,SET-HISTORICAL-004957
LBL-HISTORICAL-004958,historical,,exact_match,1,none,exact,0,0,INT-HISTORICAL-004958,SET-HISTORICAL-004958
LBL-HISTORICAL-004959,historical,,exact_match,1,none,exact,0,0,INT-HISTORICAL-004959,SET-HISTORICAL-004959
LBL-HISTORICAL-004960,historical,,exact_match,1,none,exact,0,0,INT-HISTORICAL-004960,SET-HISTORICAL-004960
LBL-HISTORICAL-004961,historical,,exact_match,1,none,exact,0,0,INT-HISTORICAL-004961,SET-HISTORICAL-004961
LBL-HISTORICAL-004962,historical,,exact_match,1,none,exact,0,0,INT-HISTORICAL-004962,SET-HISTORICAL-004962
LBL-HISTORICAL-004963,historical,,exact_match,1,none,exact,0,0,INT-HISTORICAL-004963,SET-HISTORICAL-004963
LBL-HISTORICAL-004964,historical,,exact_match,1,none,exact,0,0,INT-HISTORICAL-004964,SET-HISTORICAL-004964
LBL-HISTORICAL-004965,historical,,exact_match,1,none,exact,0,0,INT-HISTORICAL-004965,SET-HISTORICAL-004965
LBL-HISTORICAL-004966,historical,,processing_fee,1,processor_fee,amount_tolerance,3,0,INT-HISTORICAL-004966,SET-HISTORICAL-004966
LBL-HISTORICAL-004967,historical,,exact_match,1,none,exact,0,0,INT-HISTORICAL-004967,SET-HISTORICAL-004967
LBL-HISTORICAL-004968,historical,,processing_fee,1,processor_fee,amount_tolerance,5,0,INT-HISTORICAL-004968,SET-HISTORICAL-004968
LBL-HISTORICAL-004969,historical,,settlement_delay,1,t_plus_delay,date_tolerance,0,1,INT-HISTORICAL-004969,SET-HISTORICAL-004969
LBL-HISTORICAL-004970,historical,,exact_match,1,none,exact,0,0,INT-HISTORICAL-004970,SET-HISTORICAL-004970
LBL-HISTORICAL-004971,historical,,reference_format,1,reference_normalization,reference_normalization,0,0,INT-HISTORICAL-004971,SET-HISTORICAL-004971
LBL-HISTORICAL-004972,historical,,exact_match,1,none,exact,0,0,INT-HISTORICAL-004972,SET-HISTORICAL-004972
LBL-HISTORICAL-004973,historical,,exact_match,1,none,exact,0,0,INT-HISTORICAL-004973,SET-HISTORICAL-004973
LBL-HISTORICAL-004974,historical,,true_amount_mismatch,0,true_amount_mismatch,do_not_match,0,0,INT-HISTORICAL-004974,SET-HISTORICAL-004974
LBL-HISTORICAL-004975,historical,,exact_match,1,none,exact,0,0,INT-HISTORICAL-004975,SET-HISTORICAL-004975
LBL-HISTORICAL-004976,historical,,exact_match,1,none,exact,0,0,INT-HISTORICAL-004976,SET-HISTORICAL-004976
LBL-HISTORICAL-004977,historical,,exact_match,1,none,exact,0,0,INT-HISTORICAL-004977,SET-HISTORICAL-004977
LBL-HISTORICAL-004978,historical,,exact_match,1,none,exact,0,0,INT-HISTORICAL-004978,SET-HISTORICAL-004978
LBL-HISTORICAL-004979,historical,,exact_match,1,none,exact,0,0,INT-HISTORICAL-004979,SET-HISTORICAL-004979
LBL-HISTORICAL-004980,historical,,rounding_difference,1,rounding,amount_tolerance,0,0,INT-HISTORICAL-004980,SET-HISTORICAL-004980
LBL-HISTORICAL-004981,historical,,exact_match,1,none,exact,0,0,INT-HISTORICAL-004981,SET-HISTORICAL-004981
LBL-HISTORICAL-004982,historical,,exact_match,1,none,exact,0,0,INT-HISTORICAL-004982,SET-HISTORICAL-004982
LBL-HISTORICAL-004983,historical,,rounding_difference,1,rounding,amount_tolerance,0,0,INT-HISTORICAL-004983,SET-HISTORICAL-004983
LBL-HISTORICAL-004984,historical,,processing_fee,1,processor_fee,amount_tolerance,1,0,INT-HISTORICAL-004984,SET-HISTORICAL-004984
LBL-HISTORICAL-004985,historical,,exact_match,1,none,exact,0,0,INT-HISTORICAL-004985,SET-HISTORICAL-004985
LBL-HISTORICAL-004986,historical,,exact_match,1,none,exact,0,0,INT-HISTORICAL-004986,SET-HISTORICAL-004986
LBL-HISTORICAL-004987,historical,,exact_match,1,none,exact,0,0,INT-HISTORICAL-004987,SET-HISTORICAL-004987
LBL-HISTORICAL-004988,historical,,exact_match,1,none,exact,0,0,INT-HISTORICAL-004988,SET-HISTORICAL-004988
LBL-HISTORICAL-004989,historical,,exact_match,1,none,exact,0,0,INT-HISTORICAL-004989,SET-HISTORICAL-004989
LBL-HISTORICAL-004990,historical,,exact_match,1,none,exact,0,0,INT-HISTORICAL-004990,SET-HISTORICAL-004990
LBL-HISTORICAL-004991,historical,,exact_match,1,none,exact,0,0,INT-HISTORICAL-004991,SET-HISTORICAL-004991
LBL-HISTORICAL-004992,historical,,exact_match,1,none,exact,0,0,INT-HISTORICAL-004992,SET-HISTORICAL-004992
LBL-HISTORICAL-004993,historical,,exact_match,1,none,exact,0,0,INT-HISTORICAL-004993,SET-HISTORICAL-004993
LBL-HISTORICAL-004994,historical,,settlement_delay,1,t_plus_delay,date_tolerance,0,1,INT-HISTORICAL-004994,SET-HISTORICAL-004994
LBL-HISTORICAL-004995,historical,,exact_match,1,none,exact,0,0,INT-HISTORICAL-004995,SET-HISTORICAL-004995
LBL-HISTORICAL-004996,historical,,exact_match,1,none,exact,0,0,INT-HISTORICAL-004996,SET-HISTORICAL-004996
LBL-HISTORICAL-004997,historical,,exact_match,1,none,exact,0,0,INT-HISTORICAL-004997,SET-HISTORICAL-004997
LBL-HISTORICAL-004998,historical,,reference_format,1,reference_normalization,reference_normalization,0,0,INT-HISTORICAL-004998,SET-HISTORICAL-004998
LBL-HISTORICAL-004999,historical,,processing_fee,1,processor_fee,amount_tolerance,5,0,INT-HISTORICAL-004999,SET-HISTORICAL-004999
LBL-HISTORICAL-005000,historical,,exact_match,1,none,exact,0,0,INT-HISTORICAL-005000,SET-HISTORICAL-005000
LBL-HISTORICAL-005001,historical,,exact_match,1,none,exact,0,0,INT-HISTORICAL-005001,SET-HISTORICAL-005001
LBL-HISTORICAL-005002,historical,,exact_match,1,none,exact,0,0,INT-HISTORICAL-005002,SET-HISTORICAL-005002
LBL-HISTORICAL-005003,historical,,exact_match,1,none,exact,0,0,INT-HISTORICAL-005003,SET-HISTORICAL-005003
LBL-HISTORICAL-005004,historical,,processing_fee,1,processor_fee,amount_tolerance,1,0,INT-HISTORICAL-005004,SET-HISTORICAL-005004
LBL-HISTORICAL-005005,historical,,exact_match,1,none,exact,0,0,INT-HISTORICAL-005005,SET-HISTORICAL-005005
LBL-HISTORICAL-005006,historical,,true_amount_mismatch,0,true_amount_mismatch,do_not_match,0,0,INT-HISTORICAL-005006,SET-HISTORICAL-005006
LBL-HISTORICAL-005007,historical,,exact_match,1,none,exact,0,0,INT-HISTORICAL-005007,SET-HISTORICAL-005007
LBL-HISTORICAL-005008,historical,,exact_match,1,none,exact,0,0,INT-HISTORICAL-005008,SET-HISTORICAL-005008
LBL-HISTORICAL-005009,historical,,exact_match,1,none,exact,0,0,INT-HISTORICAL-005009,SET-HISTORICAL-005009
LBL-HISTORICAL-005010,historical,,exact_match,1,none,exact,0,0,INT-HISTORICAL-005010,SET-HISTORICAL-005010
LBL-HISTORICAL-005011,historical,,processing_fee,1,processor_fee,amount_tolerance,1,0,INT-HISTORICAL-005011,SET-HISTORICAL-005011
LBL-HISTORICAL-005012,historical,,exact_match,1,none,exact,0,0,INT-HISTORICAL-005012,SET-HISTORICAL-005012
LBL-HISTORICAL-005013,historical,,exact_match,1,none,exact,0,0,INT-HISTORICAL-005013,SET-HISTORICAL-005013
LBL-HISTORICAL-005014,historical,,exact_match,1,none,exact,0,0,INT-HISTORICAL-005014,SET-HISTORICAL-005014
LBL-HISTORICAL-005015,historical,,exact_match,1,none,exact,0,0,INT-HISTORICAL-005015,SET-HISTORICAL-005015
LBL-HISTORICAL-005016,historical,,exact_match,1,none,exact,0,0,INT-HISTORICAL-005016,SET-HISTORICAL-005016
LBL-HISTORICAL-005017,historical,,exact_match,1,none,exact,0,0,INT-HISTORICAL-005017,SET-HISTORICAL-005017
LBL-HISTORICAL-005018,historical,,exact_match,1,none,exact,0,0,INT-HISTORICAL-005018,SET-HISTORICAL-005018
LBL-HISTORICAL-005019,historical,,settlement_delay,1,t_plus_delay,date_tolerance,0,1,INT-HISTORICAL-005019,SET-HISTORICAL-005019
LBL-HISTORICAL-005020,historical,,exact_match,1,none,exact,0,0,INT-HISTORICAL-005020,SET-HISTORICAL-005020
LBL-HISTORICAL-005021,historical,,reference_format,1,reference_normalization,reference_normalization,0,0,INT-HISTORICAL-005021,SET-HISTORICAL-005021
LBL-HISTORICAL-005022,historical,,reference_format,1,reference_normalization,reference_normalization,0,0,INT-HISTORICAL-005022,SET-HISTORICAL-005022
LBL-HISTORICAL-005023,historical,,true_amount_mismatch,0,true_amount_mismatch,do_not_match,0,0,INT-HISTORICAL-005023,SET-HISTORICAL-005023
LBL-HISTORICAL-005024,historical,,reference_format,1,reference_normalization,reference_normalization,0,0,INT-HISTORICAL-005024,SET-HISTORICAL-005024
LBL-HISTORICAL-005025,historical,,reference_format,1,reference_normalization,reference_normalization,0,0,INT-HISTORICAL-005025,SET-HISTORICAL-005025
LBL-HISTORICAL-005026,historical,,exact_match,1,none,exact,0,0,INT-HISTORICAL-005026,SET-HISTORICAL-005026
LBL-HISTORICAL-005027,historical,,exact_match,1,none,exact,0,0,INT-HISTORICAL-005027,SET-HISTORICAL-005027
LBL-HISTORICAL-005028,historical,,exact_match,1,none,exact,0,0,INT-HISTORICAL-005028,SET-HISTORICAL-005028
LBL-HISTORICAL-005029,historical,,exact_match,1,none,exact,0,0,INT-HISTORICAL-005029,SET-HISTORICAL-005029
LBL-HISTORICAL-005030,historical,,exact_match,1,none,exact,0,0,INT-HISTORICAL-005030,SET-HISTORICAL-005030
LBL-HISTORICAL-005031,historical,,exact_match,1,none,exact,0,0,INT-HISTORICAL-005031,SET-HISTORICAL-005031
LBL-HISTORICAL-005032,historical,,exact_match,1,none,exact,0,0,INT-HISTORICAL-005032,SET-HISTORICAL-005032
LBL-HISTORICAL-005033,historical,,exact_match,1,none,exact,0,0,INT-HISTORICAL-005033,SET-HISTORICAL-005033
LBL-HISTORICAL-005034,historical,,rounding_difference,1,rounding,amount_tolerance,0,0,INT-HISTORICAL-005034,SET-HISTORICAL-005034
LBL-HISTORICAL-005035,historical,,exact_match,1,none,exact,0,0,INT-HISTORICAL-005035,SET-HISTORICAL-005035
LBL-HISTORICAL-005036,historical,,exact_match,1,none,exact,0,0,INT-HISTORICAL-005036,SET-HISTORICAL-005036
LBL-HISTORICAL-005037,historical,,processing_fee,1,processor_fee,amount_tolerance,1,0,INT-HISTORICAL-005037,SET-HISTORICAL-005037
LBL-HISTORICAL-005038,historical,,exact_match,1,none,exact,0,0,INT-HISTORICAL-005038,SET-HISTORICAL-005038
LBL-HISTORICAL-005039,historical,,rounding_difference,1,rounding,amount_tolerance,0,0,INT-HISTORICAL-005039,SET-HISTORICAL-005039
LBL-HISTORICAL-005040,historical,,exact_match,1,none,exact,0,0,INT-HISTORICAL-005040,SET-HISTORICAL-005040
LBL-HISTORICAL-005041,historical,,duplicate_processor_record,1,duplicate,dedupe_then_match,0,0,INT-HISTORICAL-005041,SET-HISTORICAL-005041
LBL-HISTORICAL-005042,historical,,exact_match,1,none,exact,0,0,INT-HISTORICAL-005042,SET-HISTORICAL-005042
LBL-HISTORICAL-005043,historical,,reference_format,1,reference_normalization,reference_normalization,0,0,INT-HISTORICAL-005043,SET-HISTORICAL-005043
LBL-HISTORICAL-005044,historical,,processing_fee,1,processor_fee,amount_tolerance,2,0,INT-HISTORICAL-005044,SET-HISTORICAL-005044
LBL-HISTORICAL-005045,historical,,rounding_difference,1,rounding,amount_tolerance,0,0,INT-HISTORICAL-005045,SET-HISTORICAL-005045
LBL-HISTORICAL-005046,historical,,settlement_delay,1,t_plus_delay,date_tolerance,0,1,INT-HISTORICAL-005046,SET-HISTORICAL-005046
LBL-HISTORICAL-005047,historical,,exact_match,1,none,exact,0,0,INT-HISTORICAL-005047,SET-HISTORICAL-005047
LBL-HISTORICAL-005048,historical,,rounding_difference,1,rounding,amount_tolerance,0,0,INT-HISTORICAL-005048,SET-HISTORICAL-005048
LBL-HISTORICAL-005049,historical,,exact_match,1,none,exact,0,0,INT-HISTORICAL-005049,SET-HISTORICAL-005049
LBL-HISTORICAL-005050,historical,,reference_format,1,reference_normalization,reference_normalization,0,0,INT-HISTORICAL-005050,SET-HISTORICAL-005050
LBL-HISTORICAL-005051,historical,,rounding_difference,1,rounding,amount_tolerance,0,0,INT-HISTORICAL-005051,SET-HISTORICAL-005051
LBL-HISTORICAL-005052,historical,,exact_match,1,none,exact,0,0,INT-HISTORICAL-005052,SET-HISTORICAL-005052
LBL-HISTORICAL-005053,historical,,exact_match,1,none,exact,0,0,INT-HISTORICAL-005053,SET-HISTORICAL-005053
LBL-HISTORICAL-005054,historical,,exact_match,1,none,exact,0,0,INT-HISTORICAL-005054,SET-HISTORICAL-005054
LBL-HISTORICAL-005055,historical,,exact_match,1,none,exact,0,0,INT-HISTORICAL-005055,SET-HISTORICAL-005055
LBL-HISTORICAL-005056,historical,,rounding_difference,1,rounding,amount_tolerance,0,0,INT-HISTORICAL-005056,SET-HISTORICAL-005056
LBL-HISTORICAL-005057,historical,,settlement_delay,1,t_plus_delay,date_tolerance,0,2,INT-HISTORICAL-005057,SET-HISTORICAL-005057
LBL-HISTORICAL-005058,historical,,exact_match,1,none,exact,0,0,INT-HISTORICAL-005058,SET-HISTORICAL-005058
LBL-HISTORICAL-005059,historical,,exact_match,1,none,exact,0,0,INT-HISTORICAL-005059,SET-HISTORICAL-005059
LBL-HISTORICAL-005060,historical,,exact_match,1,none,exact,0,0,INT-HISTORICAL-005060,SET-HISTORICAL-005060
LBL-HISTORICAL-005061,historical,,exact_match,1,none,exact,0,0,INT-HISTORICAL-005061,SET-HISTORICAL-005061
LBL-HISTORICAL-005062,historical,,reference_format,1,reference_normalization,reference_normalization,0,0,INT-HISTORICAL-005062,SET-HISTORICAL-005062
LBL-HISTORICAL-005063,historical,,exact_match,1,none,exact,0,0,INT-HISTORICAL-005063,SET-HISTORICAL-005063
LBL-HISTORICAL-005064,historical,,exact_match,1,none,exact,0,0,INT-HISTORICAL-005064,SET-HISTORICAL-005064
LBL-HISTORICAL-005065,historical,,exact_match,1,none,exact,0,0,INT-HISTORICAL-005065,SET-HISTORICAL-005065
LBL-HISTORICAL-005066,historical,,reference_format,1,reference_normalization,reference_normalization,0,0,INT-HISTORICAL-005066,SET-HISTORICAL-005066
LBL-HISTORICAL-005067,historical,,settlement_delay,1,t_plus_delay,date_tolerance,0,1,INT-HISTORICAL-005067,SET-HISTORICAL-005067
LBL-HISTORICAL-005068,historical,,rounding_difference,1,rounding,amount_tolerance,0,0,INT-HISTORICAL-005068,SET-HISTORICAL-005068
LBL-HISTORICAL-005069,historical,,reference_format,1,reference_normalization,reference_normalization,0,0,INT-HISTORICAL-005069,SET-HISTORICAL-005069
LBL-HISTORICAL-005070,historical,,exact_match,1,none,exact,0,0,INT-HISTORICAL-005070,SET-HISTORICAL-005070
LBL-HISTORICAL-005071,historical,,exact_match,1,none,exact,0,0,INT-HISTORICAL-005071,SET-HISTORICAL-005071
LBL-HISTORICAL-005072,historical,,exact_match,1,none,exact,0,0,INT-HISTORICAL-005072,SET-HISTORICAL-005072
LBL-HISTORICAL-005073,historical,,settlement_delay,1,t_plus_delay,date_tolerance,0,2,INT-HISTORICAL-005073,SET-HISTORICAL-005073
LBL-HISTORICAL-005074,historical,,exact_match,1,none,exact,0,0,INT-HISTORICAL-005074,SET-HISTORICAL-005074
LBL-HISTORICAL-005075,historical,,exact_match,1,none,exact,0,0,INT-HISTORICAL-005075,SET-HISTORICAL-005075
LBL-HISTORICAL-005076,historical,,exact_match,1,none,exact,0,0,INT-HISTORICAL-005076,SET-HISTORICAL-005076
LBL-HISTORICAL-005077,historical,,exact_match,1,none,exact,0,0,INT-HISTORICAL-005077,SET-HISTORICAL-005077
LBL-HISTORICAL-005078,historical,,settlement_delay,1,t_plus_delay,date_tolerance,0,1,INT-HISTORICAL-005078,SET-HISTORICAL-005078
LBL-HISTORICAL-005079,historical,,exact_match,1,none,exact,0,0,INT-HISTORICAL-005079,SET-HISTORICAL-005079
LBL-HISTORICAL-005080,historical,,exact_match,1,none,exact,0,0,INT-HISTORICAL-005080,SET-HISTORICAL-005080
LBL-HISTORICAL-005081,historical,,processing_fee,1,processor_fee,amount_tolerance,5,0,INT-HISTORICAL-005081,SET-HISTORICAL-005081
LBL-HISTORICAL-005082,historical,,reference_format,1,reference_normalization,reference_normalization,0,0,INT-HISTORICAL-005082,SET-HISTORICAL-005082
LBL-HISTORICAL-005083,historical,,settlement_delay,1,t_plus_delay,date_tolerance,0,1,INT-HISTORICAL-005083,SET-HISTORICAL-005083
LBL-HISTORICAL-005084,historical,,currency_mismatch,0,currency_mismatch,do_not_match,0,0,INT-HISTORICAL-005084,SET-HISTORICAL-005084
LBL-HISTORICAL-005085,historical,,settlement_delay,1,t_plus_delay,date_tolerance,0,2,INT-HISTORICAL-005085,SET-HISTORICAL-005085
LBL-HISTORICAL-005086,historical,,processing_fee,1,processor_fee,amount_tolerance,1,0,INT-HISTORICAL-005086,SET-HISTORICAL-005086
LBL-HISTORICAL-005087,historical,,processing_fee,1,processor_fee,amount_tolerance,5,0,INT-HISTORICAL-005087,SET-HISTORICAL-005087
LBL-HISTORICAL-005088,historical,,processing_fee,1,processor_fee,amount_tolerance,3,0,INT-HISTORICAL-005088,SET-HISTORICAL-005088
LBL-HISTORICAL-005089,historical,,processing_fee,1,processor_fee,amount_tolerance,2,0,INT-HISTORICAL-005089,SET-HISTORICAL-005089
LBL-HISTORICAL-005090,historical,,exact_match,1,none,exact,0,0,INT-HISTORICAL-005090,SET-HISTORICAL-005090
LBL-HISTORICAL-005091,historical,,exact_match,1,none,exact,0,0,INT-HISTORICAL-005091,SET-HISTORICAL-005091
LBL-HISTORICAL-005092,historical,,exact_match,1,none,exact,0,0,INT-HISTORICAL-005092,SET-HISTORICAL-005092
LBL-HISTORICAL-005093,historical,,exact_match,1,none,exact,0,0,INT-HISTORICAL-005093,SET-HISTORICAL-005093
LBL-HISTORICAL-005094,historical,,settlement_delay,1,t_plus_delay,date_tolerance,0,2,INT-HISTORICAL-005094,SET-HISTORICAL-005094
LBL-HISTORICAL-005095,historical,,exact_match,1,none,exact,0,0,INT-HISTORICAL-005095,SET-HISTORICAL-005095
LBL-HISTORICAL-005096,historical,,exact_match,1,none,exact,0,0,INT-HISTORICAL-005096,SET-HISTORICAL-005096
LBL-HISTORICAL-005097,historical,,exact_match,1,none,exact,0,0,INT-HISTORICAL-005097,SET-HISTORICAL-005097
LBL-HISTORICAL-005098,historical,,exact_match,1,none,exact,0,0,INT-HISTORICAL-005098,SET-HISTORICAL-005098
LBL-HISTORICAL-005099,historical,,exact_match,1,none,exact,0,0,INT-HISTORICAL-005099,SET-HISTORICAL-005099
LBL-HISTORICAL-005100,historical,,exact_match,1,none,exact,0,0,INT-HISTORICAL-005100,SET-HISTORICAL-005100
LBL-HISTORICAL-005101,historical,,exact_match,1,none,exact,0,0,INT-HISTORICAL-005101,SET-HISTORICAL-005101
LBL-HISTORICAL-005102,historical,,exact_match,1,none,exact,0,0,INT-HISTORICAL-005102,SET-HISTORICAL-005102
LBL-HISTORICAL-005103,historical,,settlement_delay,1,t_plus_delay,date_tolerance,0,1,INT-HISTORICAL-005103,SET-HISTORICAL-005103
LBL-HISTORICAL-005104,historical,,exact_match,1,none,exact,0,0,INT-HISTORICAL-005104,SET-HISTORICAL-005104
LBL-HISTORICAL-005105,historical,,processing_fee,1,processor_fee,amount_tolerance,3,0,INT-HISTORICAL-005105,SET-HISTORICAL-005105
LBL-HISTORICAL-005106,historical,,exact_match,1,none,exact,0,0,INT-HISTORICAL-005106,SET-HISTORICAL-005106
LBL-HISTORICAL-005107,historical,,exact_match,1,none,exact,0,0,INT-HISTORICAL-005107,SET-HISTORICAL-005107
LBL-HISTORICAL-005108,historical,,exact_match,1,none,exact,0,0,INT-HISTORICAL-005108,SET-HISTORICAL-005108
LBL-HISTORICAL-005109,historical,,exact_match,1,none,exact,0,0,INT-HISTORICAL-005109,SET-HISTORICAL-005109
LBL-HISTORICAL-005110,historical,,settlement_delay,1,t_plus_delay,date_tolerance,0,1,INT-HISTORICAL-005110,SET-HISTORICAL-005110
LBL-HISTORICAL-005111,historical,,exact_match,1,none,exact,0,0,INT-HISTORICAL-005111,SET-HISTORICAL-005111
LBL-HISTORICAL-005112,historical,,settlement_delay,1,t_plus_delay,date_tolerance,0,1,INT-HISTORICAL-005112,SET-HISTORICAL-005112
LBL-HISTORICAL-005113,historical,,exact_match,1,none,exact,0,0,INT-HISTORICAL-005113,SET-HISTORICAL-005113
LBL-HISTORICAL-005114,historical,,rounding_difference,1,rounding,amount_tolerance,0,0,INT-HISTORICAL-005114,SET-HISTORICAL-005114
LBL-HISTORICAL-005115,historical,,exact_match,1,none,exact,0,0,INT-HISTORICAL-005115,SET-HISTORICAL-005115
LBL-HISTORICAL-005116,historical,,rounding_difference,1,rounding,amount_tolerance,0,0,INT-HISTORICAL-005116,SET-HISTORICAL-005116
LBL-HISTORICAL-005117,historical,,exact_match,1,none,exact,0,0,INT-HISTORICAL-005117,SET-HISTORICAL-005117
LBL-HISTORICAL-005118,historical,,exact_match,1,none,exact,0,0,INT-HISTORICAL-005118,SET-HISTORICAL-005118
LBL-HISTORICAL-005119,historical,,exact_match,1,none,exact,0,0,INT-HISTORICAL-005119,SET-HISTORICAL-005119
LBL-HISTORICAL-005120,historical,,exact_match,1,none,exact,0,0,INT-HISTORICAL-005120,SET-HISTORICAL-005120
LBL-HISTORICAL-005121,historical,,exact_match,1,none,exact,0,0,INT-HISTORICAL-005121,SET-HISTORICAL-005121
LBL-HISTORICAL-005122,historical,,exact_match,1,none,exact,0,0,INT-HISTORICAL-005122,SET-HISTORICAL-005122
LBL-HISTORICAL-005123,historical,,processing_fee,1,processor_fee,amount_tolerance,5,0,INT-HISTORICAL-005123,SET-HISTORICAL-005123
LBL-HISTORICAL-005124,historical,,exact_match,1,none,exact,0,0,INT-HISTORICAL-005124,SET-HISTORICAL-005124
LBL-HISTORICAL-005125,historical,,reference_format,1,reference_normalization,reference_normalization,0,0,INT-HISTORICAL-005125,SET-HISTORICAL-005125
LBL-HISTORICAL-005126,historical,,reference_format,1,reference_normalization,reference_normalization,0,0,INT-HISTORICAL-005126,SET-HISTORICAL-005126
LBL-HISTORICAL-005127,historical,,exact_match,1,none,exact,0,0,INT-HISTORICAL-005127,SET-HISTORICAL-005127
LBL-HISTORICAL-005128,historical,,settlement_delay,1,t_plus_delay,date_tolerance,0,2,INT-HISTORICAL-005128,SET-HISTORICAL-005128
LBL-HISTORICAL-005129,historical,,exact_match,1,none,exact,0,0,INT-HISTORICAL-005129,SET-HISTORICAL-005129
LBL-HISTORICAL-005130,historical,,processing_fee,1,processor_fee,amount_tolerance,3,0,INT-HISTORICAL-005130,SET-HISTORICAL-005130
LBL-HISTORICAL-005131,historical,,exact_match,1,none,exact,0,0,INT-HISTORICAL-005131,SET-HISTORICAL-005131
LBL-HISTORICAL-005132,historical,,processing_fee,1,processor_fee,amount_tolerance,2,0,INT-HISTORICAL-005132,SET-HISTORICAL-005132
LBL-HISTORICAL-005133,historical,,exact_match,1,none,exact,0,0,INT-HISTORICAL-005133,SET-HISTORICAL-005133
LBL-HISTORICAL-005134,historical,,exact_match,1,none,exact,0,0,INT-HISTORICAL-005134,SET-HISTORICAL-005134
LBL-HISTORICAL-005135,historical,,exact_match,1,none,exact,0,0,INT-HISTORICAL-005135,SET-HISTORICAL-005135
LBL-HISTORICAL-005136,historical,,exact_match,1,none,exact,0,0,INT-HISTORICAL-005136,SET-HISTORICAL-005136
LBL-HISTORICAL-005137,historical,,settlement_delay,1,t_plus_delay,date_tolerance,0,2,INT-HISTORICAL-005137,SET-HISTORICAL-005137
LBL-HISTORICAL-005138,historical,,exact_match,1,none,exact,0,0,INT-HISTORICAL-005138,SET-HISTORICAL-005138
LBL-HISTORICAL-005139,historical,,processing_fee,1,processor_fee,amount_tolerance,3,0,INT-HISTORICAL-005139,SET-HISTORICAL-005139
LBL-HISTORICAL-005140,historical,,exact_match,1,none,exact,0,0,INT-HISTORICAL-005140,SET-HISTORICAL-005140
LBL-HISTORICAL-005141,historical,,exact_match,1,none,exact,0,0,INT-HISTORICAL-005141,SET-HISTORICAL-005141
LBL-HISTORICAL-005142,historical,,exact_match,1,none,exact,0,0,INT-HISTORICAL-005142,SET-HISTORICAL-005142
LBL-HISTORICAL-005143,historical,,exact_match,1,none,exact,0,0,INT-HISTORICAL-005143,SET-HISTORICAL-005143
LBL-HISTORICAL-005144,historical,,exact_match,1,none,exact,0,0,INT-HISTORICAL-005144,SET-HISTORICAL-005144
LBL-HISTORICAL-005145,historical,,rounding_difference,1,rounding,amount_tolerance,0,0,INT-HISTORICAL-005145,SET-HISTORICAL-005145
LBL-HISTORICAL-005146,historical,,reference_format,1,reference_normalization,reference_normalization,0,0,INT-HISTORICAL-005146,SET-HISTORICAL-005146
LBL-HISTORICAL-005147,historical,,settlement_delay,1,t_plus_delay,date_tolerance,0,2,INT-HISTORICAL-005147,SET-HISTORICAL-005147
LBL-HISTORICAL-005148,historical,,processing_fee,1,processor_fee,amount_tolerance,2,0,INT-HISTORICAL-005148,SET-HISTORICAL-005148
LBL-HISTORICAL-005149,historical,,exact_match,1,none,exact,0,0,INT-HISTORICAL-005149,SET-HISTORICAL-005149
LBL-HISTORICAL-005150,historical,,processing_fee,1,processor_fee,amount_tolerance,5,0,INT-HISTORICAL-005150,SET-HISTORICAL-005150
LBL-HISTORICAL-005151,historical,,exact_match,1,none,exact,0,0,INT-HISTORICAL-005151,SET-HISTORICAL-005151
LBL-HISTORICAL-005152,historical,,exact_match,1,none,exact,0,0,INT-HISTORICAL-005152,SET-HISTORICAL-005152
LBL-HISTORICAL-005153,historical,,exact_match,1,none,exact,0,0,INT-HISTORICAL-005153,SET-HISTORICAL-005153
LBL-HISTORICAL-005154,historical,,processing_fee,1,processor_fee,amount_tolerance,3,0,INT-HISTORICAL-005154,SET-HISTORICAL-005154
LBL-HISTORICAL-005155,historical,,exact_match,1,none,exact,0,0,INT-HISTORICAL-005155,SET-HISTORICAL-005155
LBL-HISTORICAL-005156,historical,,reference_format,1,reference_normalization,reference_normalization,0,0,INT-HISTORICAL-005156,SET-HISTORICAL-005156
LBL-HISTORICAL-005157,historical,,exact_match,1,none,exact,0,0,INT-HISTORICAL-005157,SET-HISTORICAL-005157
LBL-HISTORICAL-005158,historical,,processing_fee,1,processor_fee,amount_tolerance,3,0,INT-HISTORICAL-005158,SET-HISTORICAL-005158
LBL-HISTORICAL-005159,historical,,exact_match,1,none,exact,0,0,INT-HISTORICAL-005159,SET-HISTORICAL-005159
LBL-HISTORICAL-005160,historical,,settlement_delay,1,t_plus_delay,date_tolerance,0,1,INT-HISTORICAL-005160,SET-HISTORICAL-005160
LBL-HISTORICAL-005161,historical,,rounding_difference,1,rounding,amount_tolerance,0,0,INT-HISTORICAL-005161,SET-HISTORICAL-005161
LBL-HISTORICAL-005162,historical,,exact_match,1,none,exact,0,0,INT-HISTORICAL-005162,SET-HISTORICAL-005162
LBL-HISTORICAL-005163,historical,,exact_match,1,none,exact,0,0,INT-HISTORICAL-005163,SET-HISTORICAL-005163
LBL-HISTORICAL-005164,historical,,exact_match,1,none,exact,0,0,INT-HISTORICAL-005164,SET-HISTORICAL-005164
LBL-HISTORICAL-005165,historical,,reference_format,1,reference_normalization,reference_normalization,0,0,INT-HISTORICAL-005165,SET-HISTORICAL-005165
LBL-HISTORICAL-005166,historical,,settlement_delay,1,t_plus_delay,date_tolerance,0,2,INT-HISTORICAL-005166,SET-HISTORICAL-005166
LBL-HISTORICAL-005167,historical,,exact_match,1,none,exact,0,0,INT-HISTORICAL-005167,SET-HISTORICAL-005167
LBL-HISTORICAL-005168,historical,,exact_match,1,none,exact,0,0,INT-HISTORICAL-005168,SET-HISTORICAL-005168
LBL-HISTORICAL-005169,historical,,exact_match,1,none,exact,0,0,INT-HISTORICAL-005169,SET-HISTORICAL-005169
LBL-HISTORICAL-005170,historical,,exact_match,1,none,exact,0,0,INT-HISTORICAL-005170,SET-HISTORICAL-005170
LBL-HISTORICAL-005171,historical,,exact_match,1,none,exact,0,0,INT-HISTORICAL-005171,SET-HISTORICAL-005171
LBL-HISTORICAL-005172,historical,,exact_match,1,none,exact,0,0,INT-HISTORICAL-005172,SET-HISTORICAL-005172
LBL-HISTORICAL-005173,historical,,exact_match,1,none,exact,0,0,INT-HISTORICAL-005173,SET-HISTORICAL-005173
LBL-HISTORICAL-005174,historical,,exact_match,1,none,exact,0,0,INT-HISTORICAL-005174,SET-HISTORICAL-005174
LBL-HISTORICAL-005175,historical,,exact_match,1,none,exact,0,0,INT-HISTORICAL-005175,SET-HISTORICAL-005175
LBL-HISTORICAL-005176,historical,,exact_match,1,none,exact,0,0,INT-HISTORICAL-005176,SET-HISTORICAL-005176
LBL-HISTORICAL-005177,historical,,exact_match,1,none,exact,0,0,INT-HISTORICAL-005177,SET-HISTORICAL-005177
LBL-HISTORICAL-005178,historical,,exact_match,1,none,exact,0,0,INT-HISTORICAL-005178,SET-HISTORICAL-005178
LBL-HISTORICAL-005179,historical,,exact_match,1,none,exact,0,0,INT-HISTORICAL-005179,SET-HISTORICAL-005179
LBL-HISTORICAL-005180,historical,,exact_match,1,none,exact,0,0,INT-HISTORICAL-005180,SET-HISTORICAL-005180
LBL-HISTORICAL-005181,historical,,processing_fee,1,processor_fee,amount_tolerance,2,0,INT-HISTORICAL-005181,SET-HISTORICAL-005181
LBL-HISTORICAL-005182,historical,,duplicate_processor_record,1,duplicate,dedupe_then_match,0,0,INT-HISTORICAL-005182,SET-HISTORICAL-005182
LBL-HISTORICAL-005183,historical,,exact_match,1,none,exact,0,0,INT-HISTORICAL-005183,SET-HISTORICAL-005183
LBL-HISTORICAL-005184,historical,,settlement_delay,1,t_plus_delay,date_tolerance,0,1,INT-HISTORICAL-005184,SET-HISTORICAL-005184
LBL-HISTORICAL-005185,historical,,exact_match,1,none,exact,0,0,INT-HISTORICAL-005185,SET-HISTORICAL-005185
LBL-HISTORICAL-005186,historical,,exact_match,1,none,exact,0,0,INT-HISTORICAL-005186,SET-HISTORICAL-005186
LBL-HISTORICAL-005187,historical,,exact_match,1,none,exact,0,0,INT-HISTORICAL-005187,SET-HISTORICAL-005187
LBL-HISTORICAL-005188,historical,,exact_match,1,none,exact,0,0,INT-HISTORICAL-005188,SET-HISTORICAL-005188
LBL-HISTORICAL-005189,historical,,settlement_delay,1,t_plus_delay,date_tolerance,0,2,INT-HISTORICAL-005189,SET-HISTORICAL-005189
LBL-HISTORICAL-005190,historical,,processing_fee,1,processor_fee,amount_tolerance,3,0,INT-HISTORICAL-005190,SET-HISTORICAL-005190
LBL-HISTORICAL-005191,historical,,exact_match,1,none,exact,0,0,INT-HISTORICAL-005191,SET-HISTORICAL-005191
LBL-HISTORICAL-005192,historical,,reference_format,1,reference_normalization,reference_normalization,0,0,INT-HISTORICAL-005192,SET-HISTORICAL-005192
LBL-HISTORICAL-005193,historical,,settlement_delay,1,t_plus_delay,date_tolerance,0,1,INT-HISTORICAL-005193,SET-HISTORICAL-005193
LBL-HISTORICAL-005194,historical,,exact_match,1,none,exact,0,0,INT-HISTORICAL-005194,SET-HISTORICAL-005194
LBL-HISTORICAL-005195,historical,,rounding_difference,1,rounding,amount_tolerance,0,0,INT-HISTORICAL-005195,SET-HISTORICAL-005195
LBL-HISTORICAL-005196,historical,,rounding_difference,1,rounding,amount_tolerance,0,0,INT-HISTORICAL-005196,SET-HISTORICAL-005196
LBL-HISTORICAL-005197,historical,,rounding_difference,1,rounding,amount_tolerance,0,0,INT-HISTORICAL-005197,SET-HISTORICAL-005197
LBL-HISTORICAL-005198,historical,,processing_fee,1,processor_fee,amount_tolerance,5,0,INT-HISTORICAL-005198,SET-HISTORICAL-005198
LBL-HISTORICAL-005199,historical,,exact_match,1,none,exact,0,0,INT-HISTORICAL-005199,SET-HISTORICAL-005199
LBL-HISTORICAL-005200,historical,,settlement_delay,1,t_plus_delay,date_tolerance,0,1,INT-HISTORICAL-005200,SET-HISTORICAL-005200
LBL-HISTORICAL-005201,historical,,processing_fee,1,processor_fee,amount_tolerance,5,0,INT-HISTORICAL-005201,SET-HISTORICAL-005201
LBL-HISTORICAL-005202,historical,,exact_match,1,none,exact,0,0,INT-HISTORICAL-005202,SET-HISTORICAL-005202
LBL-HISTORICAL-005203,historical,,true_amount_mismatch,0,true_amount_mismatch,do_not_match,0,0,INT-HISTORICAL-005203,SET-HISTORICAL-005203
LBL-HISTORICAL-005204,historical,,settlement_delay,1,t_plus_delay,date_tolerance,0,1,INT-HISTORICAL-005204,SET-HISTORICAL-005204
LBL-HISTORICAL-005205,historical,,settlement_delay,1,t_plus_delay,date_tolerance,0,1,INT-HISTORICAL-005205,SET-HISTORICAL-005205
LBL-HISTORICAL-005206,historical,,exact_match,1,none,exact,0,0,INT-HISTORICAL-005206,SET-HISTORICAL-005206
LBL-HISTORICAL-005207,historical,,exact_match,1,none,exact,0,0,INT-HISTORICAL-005207,SET-HISTORICAL-005207
LBL-HISTORICAL-005208,historical,,exact_match,1,none,exact,0,0,INT-HISTORICAL-005208,SET-HISTORICAL-005208
LBL-HISTORICAL-005209,historical,,currency_mismatch,0,currency_mismatch,do_not_match,0,0,INT-HISTORICAL-005209,SET-HISTORICAL-005209
LBL-HISTORICAL-005210,historical,,exact_match,1,none,exact,0,0,INT-HISTORICAL-005210,SET-HISTORICAL-005210
LBL-HISTORICAL-005211,historical,,exact_match,1,none,exact,0,0,INT-HISTORICAL-005211,SET-HISTORICAL-005211
LBL-HISTORICAL-005212,historical,,true_amount_mismatch,0,true_amount_mismatch,do_not_match,0,0,INT-HISTORICAL-005212,SET-HISTORICAL-005212
LBL-HISTORICAL-005213,historical,,exact_match,1,none,exact,0,0,INT-HISTORICAL-005213,SET-HISTORICAL-005213
LBL-HISTORICAL-005214,historical,,exact_match,1,none,exact,0,0,INT-HISTORICAL-005214,SET-HISTORICAL-005214
LBL-HISTORICAL-005215,historical,,exact_match,1,none,exact,0,0,INT-HISTORICAL-005215,SET-HISTORICAL-005215
LBL-HISTORICAL-005216,historical,,exact_match,1,none,exact,0,0,INT-HISTORICAL-005216,SET-HISTORICAL-005216
LBL-HISTORICAL-005217,historical,,reference_format,1,reference_normalization,reference_normalization,0,0,INT-HISTORICAL-005217,SET-HISTORICAL-005217
LBL-HISTORICAL-005218,historical,,settlement_delay,1,t_plus_delay,date_tolerance,0,2,INT-HISTORICAL-005218,SET-HISTORICAL-005218
LBL-HISTORICAL-005219,historical,,exact_match,1,none,exact,0,0,INT-HISTORICAL-005219,SET-HISTORICAL-005219
LBL-HISTORICAL-005220,historical,,exact_match,1,none,exact,0,0,INT-HISTORICAL-005220,SET-HISTORICAL-005220
LBL-HISTORICAL-005221,historical,,exact_match,1,none,exact,0,0,INT-HISTORICAL-005221,SET-HISTORICAL-005221
LBL-HISTORICAL-005222,historical,,exact_match,1,none,exact,0,0,INT-HISTORICAL-005222,SET-HISTORICAL-005222
LBL-HISTORICAL-005223,historical,,exact_match,1,none,exact,0,0,INT-HISTORICAL-005223,SET-HISTORICAL-005223
LBL-HISTORICAL-005224,historical,,processing_fee,1,processor_fee,amount_tolerance,2,0,INT-HISTORICAL-005224,SET-HISTORICAL-005224
LBL-HISTORICAL-005225,historical,,exact_match,1,none,exact,0,0,INT-HISTORICAL-005225,SET-HISTORICAL-005225
LBL-HISTORICAL-005226,historical,,exact_match,1,none,exact,0,0,INT-HISTORICAL-005226,SET-HISTORICAL-005226
LBL-HISTORICAL-005227,historical,,exact_match,1,none,exact,0,0,INT-HISTORICAL-005227,SET-HISTORICAL-005227
LBL-HISTORICAL-005228,historical,,exact_match,1,none,exact,0,0,INT-HISTORICAL-005228,SET-HISTORICAL-005228
LBL-HISTORICAL-005229,historical,,exact_match,1,none,exact,0,0,INT-HISTORICAL-005229,SET-HISTORICAL-005229
LBL-HISTORICAL-005230,historical,,settlement_delay,1,t_plus_delay,date_tolerance,0,2,INT-HISTORICAL-005230,SET-HISTORICAL-005230
LBL-HISTORICAL-005231,historical,,exact_match,1,none,exact,0,0,INT-HISTORICAL-005231,SET-HISTORICAL-005231
LBL-HISTORICAL-005232,historical,,exact_match,1,none,exact,0,0,INT-HISTORICAL-005232,SET-HISTORICAL-005232
LBL-HISTORICAL-005233,historical,,exact_match,1,none,exact,0,0,INT-HISTORICAL-005233,SET-HISTORICAL-005233
LBL-HISTORICAL-005234,historical,,exact_match,1,none,exact,0,0,INT-HISTORICAL-005234,SET-HISTORICAL-005234
LBL-HISTORICAL-005235,historical,,exact_match,1,none,exact,0,0,INT-HISTORICAL-005235,SET-HISTORICAL-005235
LBL-HISTORICAL-005236,historical,,exact_match,1,none,exact,0,0,INT-HISTORICAL-005236,SET-HISTORICAL-005236
LBL-HISTORICAL-005237,historical,,processing_fee,1,processor_fee,amount_tolerance,5,0,INT-HISTORICAL-005237,SET-HISTORICAL-005237
LBL-HISTORICAL-005238,historical,,true_amount_mismatch,0,true_amount_mismatch,do_not_match,0,0,INT-HISTORICAL-005238,SET-HISTORICAL-005238
LBL-HISTORICAL-005239,historical,,exact_match,1,none,exact,0,0,INT-HISTORICAL-005239,SET-HISTORICAL-005239
LBL-HISTORICAL-005240,historical,,exact_match,1,none,exact,0,0,INT-HISTORICAL-005240,SET-HISTORICAL-005240
LBL-HISTORICAL-005241,historical,,exact_match,1,none,exact,0,0,INT-HISTORICAL-005241,SET-HISTORICAL-005241
LBL-HISTORICAL-005242,historical,,exact_match,1,none,exact,0,0,INT-HISTORICAL-005242,SET-HISTORICAL-005242
LBL-HISTORICAL-005243,historical,,exact_match,1,none,exact,0,0,INT-HISTORICAL-005243,SET-HISTORICAL-005243
LBL-HISTORICAL-005244,historical,,exact_match,1,none,exact,0,0,INT-HISTORICAL-005244,SET-HISTORICAL-005244
LBL-HISTORICAL-005245,historical,,exact_match,1,none,exact,0,0,INT-HISTORICAL-005245,SET-HISTORICAL-005245
LBL-HISTORICAL-005246,historical,,rounding_difference,1,rounding,amount_tolerance,0,0,INT-HISTORICAL-005246,SET-HISTORICAL-005246
LBL-HISTORICAL-005247,historical,,exact_match,1,none,exact,0,0,INT-HISTORICAL-005247,SET-HISTORICAL-005247
LBL-HISTORICAL-005248,historical,,exact_match,1,none,exact,0,0,INT-HISTORICAL-005248,SET-HISTORICAL-005248
LBL-HISTORICAL-005249,historical,,exact_match,1,none,exact,0,0,INT-HISTORICAL-005249,SET-HISTORICAL-005249
LBL-HISTORICAL-005250,historical,,exact_match,1,none,exact,0,0,INT-HISTORICAL-005250,SET-HISTORICAL-005250
LBL-HISTORICAL-005251,historical,,exact_match,1,none,exact,0,0,INT-HISTORICAL-005251,SET-HISTORICAL-005251
LBL-HISTORICAL-005252,historical,,exact_match,1,none,exact,0,0,INT-HISTORICAL-005252,SET-HISTORICAL-005252
LBL-HISTORICAL-005253,historical,,exact_match,1,none,exact,0,0,INT-HISTORICAL-005253,SET-HISTORICAL-005253
LBL-HISTORICAL-005254,historical,,exact_match,1,none,exact,0,0,INT-HISTORICAL-005254,SET-HISTORICAL-005254
LBL-HISTORICAL-005255,historical,,exact_match,1,none,exact,0,0,INT-HISTORICAL-005255,SET-HISTORICAL-005255
LBL-HISTORICAL-005256,historical,,duplicate_processor_record,1,duplicate,dedupe_then_match,0,0,INT-HISTORICAL-005256,SET-HISTORICAL-005256
LBL-HISTORICAL-005257,historical,,exact_match,1,none,exact,0,0,INT-HISTORICAL-005257,SET-HISTORICAL-005257
LBL-HISTORICAL-005258,historical,,exact_match,1,none,exact,0,0,INT-HISTORICAL-005258,SET-HISTORICAL-005258
LBL-HISTORICAL-005259,historical,,exact_match,1,none,exact,0,0,INT-HISTORICAL-005259,SET-HISTORICAL-005259
LBL-HISTORICAL-005260,historical,,exact_match,1,none,exact,0,0,INT-HISTORICAL-005260,SET-HISTORICAL-005260
LBL-HISTORICAL-005261,historical,,rounding_difference,1,rounding,amount_tolerance,0,0,INT-HISTORICAL-005261,SET-HISTORICAL-005261
LBL-HISTORICAL-005262,historical,,exact_match,1,none,exact,0,0,INT-HISTORICAL-005262,SET-HISTORICAL-005262
LBL-HISTORICAL-005263,historical,,settlement_delay,1,t_plus_delay,date_tolerance,0,1,INT-HISTORICAL-005263,SET-HISTORICAL-005263
LBL-HISTORICAL-005264,historical,,exact_match,1,none,exact,0,0,INT-HISTORICAL-005264,SET-HISTORICAL-005264
LBL-HISTORICAL-005265,historical,,exact_match,1,none,exact,0,0,INT-HISTORICAL-005265,SET-HISTORICAL-005265
LBL-HISTORICAL-005266,historical,,exact_match,1,none,exact,0,0,INT-HISTORICAL-005266,SET-HISTORICAL-005266
LBL-HISTORICAL-005267,historical,,processing_fee,1,processor_fee,amount_tolerance,5,0,INT-HISTORICAL-005267,SET-HISTORICAL-005267
LBL-HISTORICAL-005268,historical,,exact_match,1,none,exact,0,0,INT-HISTORICAL-005268,SET-HISTORICAL-005268
LBL-HISTORICAL-005269,historical,,exact_match,1,none,exact,0,0,INT-HISTORICAL-005269,SET-HISTORICAL-005269
LBL-HISTORICAL-005270,historical,,exact_match,1,none,exact,0,0,INT-HISTORICAL-005270,SET-HISTORICAL-005270
LBL-HISTORICAL-005271,historical,,settlement_delay,1,t_plus_delay,date_tolerance,0,1,INT-HISTORICAL-005271,SET-HISTORICAL-005271
LBL-HISTORICAL-005272,historical,,exact_match,1,none,exact,0,0,INT-HISTORICAL-005272,SET-HISTORICAL-005272
LBL-HISTORICAL-005273,historical,,reference_format,1,reference_normalization,reference_normalization,0,0,INT-HISTORICAL-005273,SET-HISTORICAL-005273
LBL-HISTORICAL-005274,historical,,reference_format,1,reference_normalization,reference_normalization,0,0,INT-HISTORICAL-005274,SET-HISTORICAL-005274
LBL-HISTORICAL-005275,historical,,reference_format,1,reference_normalization,reference_normalization,0,0,INT-HISTORICAL-005275,SET-HISTORICAL-005275
LBL-HISTORICAL-005276,historical,,processing_fee,1,processor_fee,amount_tolerance,1,0,INT-HISTORICAL-005276,SET-HISTORICAL-005276
LBL-HISTORICAL-005277,historical,,exact_match,1,none,exact,0,0,INT-HISTORICAL-005277,SET-HISTORICAL-005277
LBL-HISTORICAL-005278,historical,,true_amount_mismatch,0,true_amount_mismatch,do_not_match,0,0,INT-HISTORICAL-005278,SET-HISTORICAL-005278
LBL-HISTORICAL-005279,historical,,reference_format,1,reference_normalization,reference_normalization,0,0,INT-HISTORICAL-005279,SET-HISTORICAL-005279
LBL-HISTORICAL-005280,historical,,exact_match,1,none,exact,0,0,INT-HISTORICAL-005280,SET-HISTORICAL-005280
LBL-HISTORICAL-005281,historical,,exact_match,1,none,exact,0,0,INT-HISTORICAL-005281,SET-HISTORICAL-005281
LBL-HISTORICAL-005282,historical,,exact_match,1,none,exact,0,0,INT-HISTORICAL-005282,SET-HISTORICAL-005282
LBL-HISTORICAL-005283,historical,,reference_format,1,reference_normalization,reference_normalization,0,0,INT-HISTORICAL-005283,SET-HISTORICAL-005283
LBL-HISTORICAL-005284,historical,,exact_match,1,none,exact,0,0,INT-HISTORICAL-005284,SET-HISTORICAL-005284
LBL-HISTORICAL-005285,historical,,processing_fee,1,processor_fee,amount_tolerance,2,0,INT-HISTORICAL-005285,SET-HISTORICAL-005285
LBL-HISTORICAL-005286,historical,,reference_format,1,reference_normalization,reference_normalization,0,0,INT-HISTORICAL-005286,SET-HISTORICAL-005286
LBL-HISTORICAL-005287,historical,,exact_match,1,none,exact,0,0,INT-HISTORICAL-005287,SET-HISTORICAL-005287
LBL-HISTORICAL-005288,historical,,reference_format,1,reference_normalization,reference_normalization,0,0,INT-HISTORICAL-005288,SET-HISTORICAL-005288
LBL-HISTORICAL-005289,historical,,processing_fee,1,processor_fee,amount_tolerance,1,0,INT-HISTORICAL-005289,SET-HISTORICAL-005289
LBL-HISTORICAL-005290,historical,,reference_format,1,reference_normalization,reference_normalization,0,0,INT-HISTORICAL-005290,SET-HISTORICAL-005290
LBL-HISTORICAL-005291,historical,,exact_match,1,none,exact,0,0,INT-HISTORICAL-005291,SET-HISTORICAL-005291
LBL-HISTORICAL-005292,historical,,exact_match,1,none,exact,0,0,INT-HISTORICAL-005292,SET-HISTORICAL-005292
LBL-HISTORICAL-005293,historical,,true_amount_mismatch,0,true_amount_mismatch,do_not_match,0,0,INT-HISTORICAL-005293,SET-HISTORICAL-005293
LBL-HISTORICAL-005294,historical,,exact_match,1,none,exact,0,0,INT-HISTORICAL-005294,SET-HISTORICAL-005294
LBL-HISTORICAL-005295,historical,,exact_match,1,none,exact,0,0,INT-HISTORICAL-005295,SET-HISTORICAL-005295
LBL-HISTORICAL-005296,historical,,exact_match,1,none,exact,0,0,INT-HISTORICAL-005296,SET-HISTORICAL-005296
LBL-HISTORICAL-005297,historical,,exact_match,1,none,exact,0,0,INT-HISTORICAL-005297,SET-HISTORICAL-005297
LBL-HISTORICAL-005298,historical,,exact_match,1,none,exact,0,0,INT-HISTORICAL-005298,SET-HISTORICAL-005298
LBL-HISTORICAL-005299,historical,,processing_fee,1,processor_fee,amount_tolerance,3,0,INT-HISTORICAL-005299,SET-HISTORICAL-005299
LBL-HISTORICAL-005300,historical,,exact_match,1,none,exact,0,0,INT-HISTORICAL-005300,SET-HISTORICAL-005300
LBL-HISTORICAL-005301,historical,,exact_match,1,none,exact,0,0,INT-HISTORICAL-005301,SET-HISTORICAL-005301
LBL-HISTORICAL-005302,historical,,exact_match,1,none,exact,0,0,INT-HISTORICAL-005302,SET-HISTORICAL-005302
LBL-HISTORICAL-005303,historical,,exact_match,1,none,exact,0,0,INT-HISTORICAL-005303,SET-HISTORICAL-005303
LBL-HISTORICAL-005304,historical,,exact_match,1,none,exact,0,0,INT-HISTORICAL-005304,SET-HISTORICAL-005304
LBL-HISTORICAL-005305,historical,,exact_match,1,none,exact,0,0,INT-HISTORICAL-005305,SET-HISTORICAL-005305
LBL-HISTORICAL-005306,historical,,processing_fee,1,processor_fee,amount_tolerance,2,0,INT-HISTORICAL-005306,SET-HISTORICAL-005306
LBL-HISTORICAL-005307,historical,,exact_match,1,none,exact,0,0,INT-HISTORICAL-005307,SET-HISTORICAL-005307
LBL-HISTORICAL-005308,historical,,exact_match,1,none,exact,0,0,INT-HISTORICAL-005308,SET-HISTORICAL-005308
LBL-HISTORICAL-005309,historical,,exact_match,1,none,exact,0,0,INT-HISTORICAL-005309,SET-HISTORICAL-005309
LBL-HISTORICAL-005310,historical,,exact_match,1,none,exact,0,0,INT-HISTORICAL-005310,SET-HISTORICAL-005310
LBL-HISTORICAL-005311,historical,,exact_match,1,none,exact,0,0,INT-HISTORICAL-005311,SET-HISTORICAL-005311
LBL-HISTORICAL-005312,historical,,exact_match,1,none,exact,0,0,INT-HISTORICAL-005312,SET-HISTORICAL-005312
LBL-HISTORICAL-005313,historical,,processing_fee,1,processor_fee,amount_tolerance,1,0,INT-HISTORICAL-005313,SET-HISTORICAL-005313
LBL-HISTORICAL-005314,historical,,exact_match,1,none,exact,0,0,INT-HISTORICAL-005314,SET-HISTORICAL-005314
LBL-HISTORICAL-005315,historical,,exact_match,1,none,exact,0,0,INT-HISTORICAL-005315,SET-HISTORICAL-005315
LBL-HISTORICAL-005316,historical,,exact_match,1,none,exact,0,0,INT-HISTORICAL-005316,SET-HISTORICAL-005316
LBL-HISTORICAL-005317,historical,,exact_match,1,none,exact,0,0,INT-HISTORICAL-005317,SET-HISTORICAL-005317
LBL-HISTORICAL-005318,historical,,exact_match,1,none,exact,0,0,INT-HISTORICAL-005318,SET-HISTORICAL-005318
LBL-HISTORICAL-005319,historical,,exact_match,1,none,exact,0,0,INT-HISTORICAL-005319,SET-HISTORICAL-005319
LBL-HISTORICAL-005320,historical,,exact_match,1,none,exact,0,0,INT-HISTORICAL-005320,SET-HISTORICAL-005320
LBL-HISTORICAL-005321,historical,,exact_match,1,none,exact,0,0,INT-HISTORICAL-005321,SET-HISTORICAL-005321
LBL-HISTORICAL-005322,historical,,exact_match,1,none,exact,0,0,INT-HISTORICAL-005322,SET-HISTORICAL-005322
LBL-HISTORICAL-005323,historical,,exact_match,1,none,exact,0,0,INT-HISTORICAL-005323,SET-HISTORICAL-005323
LBL-HISTORICAL-005324,historical,,exact_match,1,none,exact,0,0,INT-HISTORICAL-005324,SET-HISTORICAL-005324
LBL-HISTORICAL-005325,historical,,duplicate_processor_record,1,duplicate,dedupe_then_match,0,0,INT-HISTORICAL-005325,SET-HISTORICAL-005325
LBL-HISTORICAL-005326,historical,,rounding_difference,1,rounding,amount_tolerance,0,0,INT-HISTORICAL-005326,SET-HISTORICAL-005326
LBL-HISTORICAL-005327,historical,,exact_match,1,none,exact,0,0,INT-HISTORICAL-005327,SET-HISTORICAL-005327
LBL-HISTORICAL-005328,historical,,settlement_delay,1,t_plus_delay,date_tolerance,0,2,INT-HISTORICAL-005328,SET-HISTORICAL-005328
LBL-HISTORICAL-005329,historical,,exact_match,1,none,exact,0,0,INT-HISTORICAL-005329,SET-HISTORICAL-005329
LBL-HISTORICAL-005330,historical,,settlement_delay,1,t_plus_delay,date_tolerance,0,1,INT-HISTORICAL-005330,SET-HISTORICAL-005330
LBL-HISTORICAL-005331,historical,,exact_match,1,none,exact,0,0,INT-HISTORICAL-005331,SET-HISTORICAL-005331
LBL-HISTORICAL-005332,historical,,exact_match,1,none,exact,0,0,INT-HISTORICAL-005332,SET-HISTORICAL-005332
LBL-HISTORICAL-005333,historical,,exact_match,1,none,exact,0,0,INT-HISTORICAL-005333,SET-HISTORICAL-005333
LBL-HISTORICAL-005334,historical,,exact_match,1,none,exact,0,0,INT-HISTORICAL-005334,SET-HISTORICAL-005334
LBL-HISTORICAL-005335,historical,,exact_match,1,none,exact,0,0,INT-HISTORICAL-005335,SET-HISTORICAL-005335
LBL-HISTORICAL-005336,historical,,exact_match,1,none,exact,0,0,INT-HISTORICAL-005336,SET-HISTORICAL-005336
LBL-HISTORICAL-005337,historical,,settlement_delay,1,t_plus_delay,date_tolerance,0,1,INT-HISTORICAL-005337,SET-HISTORICAL-005337
LBL-HISTORICAL-005338,historical,,exact_match,1,none,exact,0,0,INT-HISTORICAL-005338,SET-HISTORICAL-005338
LBL-HISTORICAL-005339,historical,,exact_match,1,none,exact,0,0,INT-HISTORICAL-005339,SET-HISTORICAL-005339
LBL-HISTORICAL-005340,historical,,exact_match,1,none,exact,0,0,INT-HISTORICAL-005340,SET-HISTORICAL-005340
LBL-HISTORICAL-005341,historical,,reference_format,1,reference_normalization,reference_normalization,0,0,INT-HISTORICAL-005341,SET-HISTORICAL-005341
LBL-HISTORICAL-005342,historical,,exact_match,1,none,exact,0,0,INT-HISTORICAL-005342,SET-HISTORICAL-005342
LBL-HISTORICAL-005343,historical,,processing_fee,1,processor_fee,amount_tolerance,3,0,INT-HISTORICAL-005343,SET-HISTORICAL-005343
LBL-HISTORICAL-005344,historical,,reference_format,1,reference_normalization,reference_normalization,0,0,INT-HISTORICAL-005344,SET-HISTORICAL-005344
LBL-HISTORICAL-005345,historical,,exact_match,1,none,exact,0,0,INT-HISTORICAL-005345,SET-HISTORICAL-005345
LBL-HISTORICAL-005346,historical,,exact_match,1,none,exact,0,0,INT-HISTORICAL-005346,SET-HISTORICAL-005346
LBL-HISTORICAL-005347,historical,,exact_match,1,none,exact,0,0,INT-HISTORICAL-005347,SET-HISTORICAL-005347
LBL-HISTORICAL-005348,historical,,rounding_difference,1,rounding,amount_tolerance,0,0,INT-HISTORICAL-005348,SET-HISTORICAL-005348
LBL-HISTORICAL-005349,historical,,exact_match,1,none,exact,0,0,INT-HISTORICAL-005349,SET-HISTORICAL-005349
LBL-HISTORICAL-005350,historical,,exact_match,1,none,exact,0,0,INT-HISTORICAL-005350,SET-HISTORICAL-005350
LBL-HISTORICAL-005351,historical,,exact_match,1,none,exact,0,0,INT-HISTORICAL-005351,SET-HISTORICAL-005351
LBL-HISTORICAL-005352,historical,,exact_match,1,none,exact,0,0,INT-HISTORICAL-005352,SET-HISTORICAL-005352
LBL-HISTORICAL-005353,historical,,exact_match,1,none,exact,0,0,INT-HISTORICAL-005353,SET-HISTORICAL-005353
LBL-HISTORICAL-005354,historical,,processing_fee,1,processor_fee,amount_tolerance,3,0,INT-HISTORICAL-005354,SET-HISTORICAL-005354
LBL-HISTORICAL-005355,historical,,exact_match,1,none,exact,0,0,INT-HISTORICAL-005355,SET-HISTORICAL-005355
LBL-HISTORICAL-005356,historical,,processing_fee,1,processor_fee,amount_tolerance,5,0,INT-HISTORICAL-005356,SET-HISTORICAL-005356
LBL-HISTORICAL-005357,historical,,exact_match,1,none,exact,0,0,INT-HISTORICAL-005357,SET-HISTORICAL-005357
LBL-HISTORICAL-005358,historical,,exact_match,1,none,exact,0,0,INT-HISTORICAL-005358,SET-HISTORICAL-005358
LBL-HISTORICAL-005359,historical,,exact_match,1,none,exact,0,0,INT-HISTORICAL-005359,SET-HISTORICAL-005359
LBL-HISTORICAL-005360,historical,,exact_match,1,none,exact,0,0,INT-HISTORICAL-005360,SET-HISTORICAL-005360
LBL-HISTORICAL-005361,historical,,exact_match,1,none,exact,0,0,INT-HISTORICAL-005361,SET-HISTORICAL-005361
LBL-HISTORICAL-005362,historical,,exact_match,1,none,exact,0,0,INT-HISTORICAL-005362,SET-HISTORICAL-005362
LBL-HISTORICAL-005363,historical,,settlement_delay,1,t_plus_delay,date_tolerance,0,1,INT-HISTORICAL-005363,SET-HISTORICAL-005363
LBL-HISTORICAL-005364,historical,,settlement_delay,1,t_plus_delay,date_tolerance,0,1,INT-HISTORICAL-005364,SET-HISTORICAL-005364
LBL-HISTORICAL-005365,historical,,exact_match,1,none,exact,0,0,INT-HISTORICAL-005365,SET-HISTORICAL-005365
LBL-HISTORICAL-005366,historical,,exact_match,1,none,exact,0,0,INT-HISTORICAL-005366,SET-HISTORICAL-005366
LBL-HISTORICAL-005367,historical,,settlement_delay,1,t_plus_delay,date_tolerance,0,2,INT-HISTORICAL-005367,SET-HISTORICAL-005367
LBL-HISTORICAL-005368,historical,,exact_match,1,none,exact,0,0,INT-HISTORICAL-005368,SET-HISTORICAL-005368
LBL-HISTORICAL-005369,historical,,true_amount_mismatch,0,true_amount_mismatch,do_not_match,0,0,INT-HISTORICAL-005369,SET-HISTORICAL-005369
LBL-HISTORICAL-005370,historical,,exact_match,1,none,exact,0,0,INT-HISTORICAL-005370,SET-HISTORICAL-005370
LBL-HISTORICAL-005371,historical,,exact_match,1,none,exact,0,0,INT-HISTORICAL-005371,SET-HISTORICAL-005371
LBL-HISTORICAL-005372,historical,,exact_match,1,none,exact,0,0,INT-HISTORICAL-005372,SET-HISTORICAL-005372
LBL-HISTORICAL-005373,historical,,exact_match,1,none,exact,0,0,INT-HISTORICAL-005373,SET-HISTORICAL-005373
LBL-HISTORICAL-005374,historical,,exact_match,1,none,exact,0,0,INT-HISTORICAL-005374,SET-HISTORICAL-005374
LBL-HISTORICAL-005375,historical,,exact_match,1,none,exact,0,0,INT-HISTORICAL-005375,SET-HISTORICAL-005375
LBL-HISTORICAL-005376,historical,,processing_fee,1,processor_fee,amount_tolerance,5,0,INT-HISTORICAL-005376,SET-HISTORICAL-005376
LBL-HISTORICAL-005377,historical,,processing_fee,1,processor_fee,amount_tolerance,2,0,INT-HISTORICAL-005377,SET-HISTORICAL-005377
LBL-HISTORICAL-005378,historical,,settlement_delay,1,t_plus_delay,date_tolerance,0,2,INT-HISTORICAL-005378,SET-HISTORICAL-005378
LBL-HISTORICAL-005379,historical,,exact_match,1,none,exact,0,0,INT-HISTORICAL-005379,SET-HISTORICAL-005379
LBL-HISTORICAL-005380,historical,,exact_match,1,none,exact,0,0,INT-HISTORICAL-005380,SET-HISTORICAL-005380
LBL-HISTORICAL-005381,historical,,exact_match,1,none,exact,0,0,INT-HISTORICAL-005381,SET-HISTORICAL-005381
LBL-HISTORICAL-005382,historical,,exact_match,1,none,exact,0,0,INT-HISTORICAL-005382,SET-HISTORICAL-005382
LBL-HISTORICAL-005383,historical,,exact_match,1,none,exact,0,0,INT-HISTORICAL-005383,SET-HISTORICAL-005383
LBL-HISTORICAL-005384,historical,,exact_match,1,none,exact,0,0,INT-HISTORICAL-005384,SET-HISTORICAL-005384
LBL-HISTORICAL-005385,historical,,settlement_delay,1,t_plus_delay,date_tolerance,0,1,INT-HISTORICAL-005385,SET-HISTORICAL-005385
LBL-HISTORICAL-005386,historical,,exact_match,1,none,exact,0,0,INT-HISTORICAL-005386,SET-HISTORICAL-005386
LBL-HISTORICAL-005387,historical,,exact_match,1,none,exact,0,0,INT-HISTORICAL-005387,SET-HISTORICAL-005387
LBL-HISTORICAL-005388,historical,,exact_match,1,none,exact,0,0,INT-HISTORICAL-005388,SET-HISTORICAL-005388
LBL-HISTORICAL-005389,historical,,processing_fee,1,processor_fee,amount_tolerance,3,0,INT-HISTORICAL-005389,SET-HISTORICAL-005389
LBL-HISTORICAL-005390,historical,,exact_match,1,none,exact,0,0,INT-HISTORICAL-005390,SET-HISTORICAL-005390
LBL-HISTORICAL-005391,historical,,exact_match,1,none,exact,0,0,INT-HISTORICAL-005391,SET-HISTORICAL-005391
LBL-HISTORICAL-005392,historical,,exact_match,1,none,exact,0,0,INT-HISTORICAL-005392,SET-HISTORICAL-005392
LBL-HISTORICAL-005393,historical,,exact_match,1,none,exact,0,0,INT-HISTORICAL-005393,SET-HISTORICAL-005393
LBL-HISTORICAL-005394,historical,,exact_match,1,none,exact,0,0,INT-HISTORICAL-005394,SET-HISTORICAL-005394
LBL-HISTORICAL-005395,historical,,exact_match,1,none,exact,0,0,INT-HISTORICAL-005395,SET-HISTORICAL-005395
LBL-HISTORICAL-005396,historical,,settlement_delay,1,t_plus_delay,date_tolerance,0,2,INT-HISTORICAL-005396,SET-HISTORICAL-005396
LBL-HISTORICAL-005397,historical,,processing_fee,1,processor_fee,amount_tolerance,5,0,INT-HISTORICAL-005397,SET-HISTORICAL-005397
LBL-HISTORICAL-005398,historical,,exact_match,1,none,exact,0,0,INT-HISTORICAL-005398,SET-HISTORICAL-005398
LBL-HISTORICAL-005399,historical,,exact_match,1,none,exact,0,0,INT-HISTORICAL-005399,SET-HISTORICAL-005399
LBL-HISTORICAL-005400,historical,,currency_mismatch,0,currency_mismatch,do_not_match,0,0,INT-HISTORICAL-005400,SET-HISTORICAL-005400
LBL-HISTORICAL-005401,historical,,exact_match,1,none,exact,0,0,INT-HISTORICAL-005401,SET-HISTORICAL-005401
LBL-HISTORICAL-005402,historical,,exact_match,1,none,exact,0,0,INT-HISTORICAL-005402,SET-HISTORICAL-005402
LBL-HISTORICAL-005403,historical,,processing_fee,1,processor_fee,amount_tolerance,5,0,INT-HISTORICAL-005403,SET-HISTORICAL-005403
LBL-HISTORICAL-005404,historical,,exact_match,1,none,exact,0,0,INT-HISTORICAL-005404,SET-HISTORICAL-005404
LBL-HISTORICAL-005405,historical,,exact_match,1,none,exact,0,0,INT-HISTORICAL-005405,SET-HISTORICAL-005405
LBL-HISTORICAL-005406,historical,,exact_match,1,none,exact,0,0,INT-HISTORICAL-005406,SET-HISTORICAL-005406
LBL-HISTORICAL-005407,historical,,exact_match,1,none,exact,0,0,INT-HISTORICAL-005407,SET-HISTORICAL-005407
LBL-HISTORICAL-005408,historical,,exact_match,1,none,exact,0,0,INT-HISTORICAL-005408,SET-HISTORICAL-005408
LBL-HISTORICAL-005409,historical,,exact_match,1,none,exact,0,0,INT-HISTORICAL-005409,SET-HISTORICAL-005409
LBL-HISTORICAL-005410,historical,,exact_match,1,none,exact,0,0,INT-HISTORICAL-005410,SET-HISTORICAL-005410
LBL-HISTORICAL-005411,historical,,exact_match,1,none,exact,0,0,INT-HISTORICAL-005411,SET-HISTORICAL-005411
LBL-HISTORICAL-005412,historical,,rounding_difference,1,rounding,amount_tolerance,0,0,INT-HISTORICAL-005412,SET-HISTORICAL-005412
LBL-HISTORICAL-005413,historical,,currency_mismatch,0,currency_mismatch,do_not_match,0,0,INT-HISTORICAL-005413,SET-HISTORICAL-005413
LBL-HISTORICAL-005414,historical,,reference_format,1,reference_normalization,reference_normalization,0,0,INT-HISTORICAL-005414,SET-HISTORICAL-005414
LBL-HISTORICAL-005415,historical,,true_amount_mismatch,0,true_amount_mismatch,do_not_match,0,0,INT-HISTORICAL-005415,SET-HISTORICAL-005415
LBL-HISTORICAL-005416,historical,,exact_match,1,none,exact,0,0,INT-HISTORICAL-005416,SET-HISTORICAL-005416
LBL-HISTORICAL-005417,historical,,reference_format,1,reference_normalization,reference_normalization,0,0,INT-HISTORICAL-005417,SET-HISTORICAL-005417
LBL-HISTORICAL-005418,historical,,exact_match,1,none,exact,0,0,INT-HISTORICAL-005418,SET-HISTORICAL-005418
LBL-HISTORICAL-005419,historical,,exact_match,1,none,exact,0,0,INT-HISTORICAL-005419,SET-HISTORICAL-005419
LBL-HISTORICAL-005420,historical,,settlement_delay,1,t_plus_delay,date_tolerance,0,1,INT-HISTORICAL-005420,SET-HISTORICAL-005420
LBL-HISTORICAL-005421,historical,,exact_match,1,none,exact,0,0,INT-HISTORICAL-005421,SET-HISTORICAL-005421
LBL-HISTORICAL-005422,historical,,exact_match,1,none,exact,0,0,INT-HISTORICAL-005422,SET-HISTORICAL-005422
LBL-HISTORICAL-005423,historical,,exact_match,1,none,exact,0,0,INT-HISTORICAL-005423,SET-HISTORICAL-005423
LBL-HISTORICAL-005424,historical,,exact_match,1,none,exact,0,0,INT-HISTORICAL-005424,SET-HISTORICAL-005424
LBL-HISTORICAL-005425,historical,,exact_match,1,none,exact,0,0,INT-HISTORICAL-005425,SET-HISTORICAL-005425
LBL-HISTORICAL-005426,historical,,processing_fee,1,processor_fee,amount_tolerance,2,0,INT-HISTORICAL-005426,SET-HISTORICAL-005426
LBL-HISTORICAL-005427,historical,,reference_format,1,reference_normalization,reference_normalization,0,0,INT-HISTORICAL-005427,SET-HISTORICAL-005427
LBL-HISTORICAL-005428,historical,,exact_match,1,none,exact,0,0,INT-HISTORICAL-005428,SET-HISTORICAL-005428
LBL-HISTORICAL-005429,historical,,settlement_delay,1,t_plus_delay,date_tolerance,0,2,INT-HISTORICAL-005429,SET-HISTORICAL-005429
LBL-HISTORICAL-005430,historical,,exact_match,1,none,exact,0,0,INT-HISTORICAL-005430,SET-HISTORICAL-005430
LBL-HISTORICAL-005431,historical,,exact_match,1,none,exact,0,0,INT-HISTORICAL-005431,SET-HISTORICAL-005431
LBL-HISTORICAL-005432,historical,,exact_match,1,none,exact,0,0,INT-HISTORICAL-005432,SET-HISTORICAL-005432
LBL-HISTORICAL-005433,historical,,exact_match,1,none,exact,0,0,INT-HISTORICAL-005433,SET-HISTORICAL-005433
LBL-HISTORICAL-005434,historical,,exact_match,1,none,exact,0,0,INT-HISTORICAL-005434,SET-HISTORICAL-005434
LBL-HISTORICAL-005435,historical,,exact_match,1,none,exact,0,0,INT-HISTORICAL-005435,SET-HISTORICAL-005435
LBL-HISTORICAL-005436,historical,,exact_match,1,none,exact,0,0,INT-HISTORICAL-005436,SET-HISTORICAL-005436
LBL-HISTORICAL-005437,historical,,exact_match,1,none,exact,0,0,INT-HISTORICAL-005437,SET-HISTORICAL-005437
LBL-HISTORICAL-005438,historical,,true_amount_mismatch,0,true_amount_mismatch,do_not_match,0,0,INT-HISTORICAL-005438,SET-HISTORICAL-005438
LBL-HISTORICAL-005439,historical,,exact_match,1,none,exact,0,0,INT-HISTORICAL-005439,SET-HISTORICAL-005439
LBL-HISTORICAL-005440,historical,,processing_fee,1,processor_fee,amount_tolerance,2,0,INT-HISTORICAL-005440,SET-HISTORICAL-005440
LBL-HISTORICAL-005441,historical,,exact_match,1,none,exact,0,0,INT-HISTORICAL-005441,SET-HISTORICAL-005441
LBL-HISTORICAL-005442,historical,,exact_match,1,none,exact,0,0,INT-HISTORICAL-005442,SET-HISTORICAL-005442
LBL-HISTORICAL-005443,historical,,exact_match,1,none,exact,0,0,INT-HISTORICAL-005443,SET-HISTORICAL-005443
LBL-HISTORICAL-005444,historical,,exact_match,1,none,exact,0,0,INT-HISTORICAL-005444,SET-HISTORICAL-005444
LBL-HISTORICAL-005445,historical,,settlement_delay,1,t_plus_delay,date_tolerance,0,1,INT-HISTORICAL-005445,SET-HISTORICAL-005445
LBL-HISTORICAL-005446,historical,,exact_match,1,none,exact,0,0,INT-HISTORICAL-005446,SET-HISTORICAL-005446
LBL-HISTORICAL-005447,historical,,processing_fee,1,processor_fee,amount_tolerance,3,0,INT-HISTORICAL-005447,SET-HISTORICAL-005447
LBL-HISTORICAL-005448,historical,,exact_match,1,none,exact,0,0,INT-HISTORICAL-005448,SET-HISTORICAL-005448
LBL-HISTORICAL-005449,historical,,exact_match,1,none,exact,0,0,INT-HISTORICAL-005449,SET-HISTORICAL-005449
LBL-HISTORICAL-005450,historical,,exact_match,1,none,exact,0,0,INT-HISTORICAL-005450,SET-HISTORICAL-005450
LBL-HISTORICAL-005451,historical,,exact_match,1,none,exact,0,0,INT-HISTORICAL-005451,SET-HISTORICAL-005451
LBL-HISTORICAL-005452,historical,,exact_match,1,none,exact,0,0,INT-HISTORICAL-005452,SET-HISTORICAL-005452
LBL-HISTORICAL-005453,historical,,exact_match,1,none,exact,0,0,INT-HISTORICAL-005453,SET-HISTORICAL-005453
LBL-HISTORICAL-005454,historical,,settlement_delay,1,t_plus_delay,date_tolerance,0,1,INT-HISTORICAL-005454,SET-HISTORICAL-005454
LBL-HISTORICAL-005455,historical,,exact_match,1,none,exact,0,0,INT-HISTORICAL-005455,SET-HISTORICAL-005455
LBL-HISTORICAL-005456,historical,,processing_fee,1,processor_fee,amount_tolerance,2,0,INT-HISTORICAL-005456,SET-HISTORICAL-005456
LBL-HISTORICAL-005457,historical,,exact_match,1,none,exact,0,0,INT-HISTORICAL-005457,SET-HISTORICAL-005457
LBL-HISTORICAL-005458,historical,,settlement_delay,1,t_plus_delay,date_tolerance,0,1,INT-HISTORICAL-005458,SET-HISTORICAL-005458
LBL-HISTORICAL-005459,historical,,exact_match,1,none,exact,0,0,INT-HISTORICAL-005459,SET-HISTORICAL-005459
LBL-HISTORICAL-005460,historical,,processing_fee,1,processor_fee,amount_tolerance,3,0,INT-HISTORICAL-005460,SET-HISTORICAL-005460
LBL-HISTORICAL-005461,historical,,exact_match,1,none,exact,0,0,INT-HISTORICAL-005461,SET-HISTORICAL-005461
LBL-HISTORICAL-005462,historical,,exact_match,1,none,exact,0,0,INT-HISTORICAL-005462,SET-HISTORICAL-005462
LBL-HISTORICAL-005463,historical,,exact_match,1,none,exact,0,0,INT-HISTORICAL-005463,SET-HISTORICAL-005463
LBL-HISTORICAL-005464,historical,,settlement_delay,1,t_plus_delay,date_tolerance,0,2,INT-HISTORICAL-005464,SET-HISTORICAL-005464
LBL-HISTORICAL-005465,historical,,exact_match,1,none,exact,0,0,INT-HISTORICAL-005465,SET-HISTORICAL-005465
LBL-HISTORICAL-005466,historical,,exact_match,1,none,exact,0,0,INT-HISTORICAL-005466,SET-HISTORICAL-005466
LBL-HISTORICAL-005467,historical,,processing_fee,1,processor_fee,amount_tolerance,3,0,INT-HISTORICAL-005467,SET-HISTORICAL-005467
LBL-HISTORICAL-005468,historical,,exact_match,1,none,exact,0,0,INT-HISTORICAL-005468,SET-HISTORICAL-005468
LBL-HISTORICAL-005469,historical,,exact_match,1,none,exact,0,0,INT-HISTORICAL-005469,SET-HISTORICAL-005469
LBL-HISTORICAL-005470,historical,,exact_match,1,none,exact,0,0,INT-HISTORICAL-005470,SET-HISTORICAL-005470
LBL-HISTORICAL-005471,historical,,processing_fee,1,processor_fee,amount_tolerance,1,0,INT-HISTORICAL-005471,SET-HISTORICAL-005471
LBL-HISTORICAL-005472,historical,,exact_match,1,none,exact,0,0,INT-HISTORICAL-005472,SET-HISTORICAL-005472
LBL-HISTORICAL-005473,historical,,exact_match,1,none,exact,0,0,INT-HISTORICAL-005473,SET-HISTORICAL-005473
LBL-HISTORICAL-005474,historical,,exact_match,1,none,exact,0,0,INT-HISTORICAL-005474,SET-HISTORICAL-005474
LBL-HISTORICAL-005475,historical,,exact_match,1,none,exact,0,0,INT-HISTORICAL-005475,SET-HISTORICAL-005475
LBL-HISTORICAL-005476,historical,,exact_match,1,none,exact,0,0,INT-HISTORICAL-005476,SET-HISTORICAL-005476
LBL-HISTORICAL-005477,historical,,exact_match,1,none,exact,0,0,INT-HISTORICAL-005477,SET-HISTORICAL-005477
LBL-HISTORICAL-005478,historical,,exact_match,1,none,exact,0,0,INT-HISTORICAL-005478,SET-HISTORICAL-005478
LBL-HISTORICAL-005479,historical,,settlement_delay,1,t_plus_delay,date_tolerance,0,1,INT-HISTORICAL-005479,SET-HISTORICAL-005479
LBL-HISTORICAL-005480,historical,,exact_match,1,none,exact,0,0,INT-HISTORICAL-005480,SET-HISTORICAL-005480
LBL-HISTORICAL-005481,historical,,reference_format,1,reference_normalization,reference_normalization,0,0,INT-HISTORICAL-005481,SET-HISTORICAL-005481
LBL-HISTORICAL-005482,historical,,exact_match,1,none,exact,0,0,INT-HISTORICAL-005482,SET-HISTORICAL-005482
LBL-HISTORICAL-005483,historical,,exact_match,1,none,exact,0,0,INT-HISTORICAL-005483,SET-HISTORICAL-005483
LBL-HISTORICAL-005484,historical,,exact_match,1,none,exact,0,0,INT-HISTORICAL-005484,SET-HISTORICAL-005484
LBL-HISTORICAL-005485,historical,,processing_fee,1,processor_fee,amount_tolerance,2,0,INT-HISTORICAL-005485,SET-HISTORICAL-005485
LBL-HISTORICAL-005486,historical,,exact_match,1,none,exact,0,0,INT-HISTORICAL-005486,SET-HISTORICAL-005486
LBL-HISTORICAL-005487,historical,,reference_format,1,reference_normalization,reference_normalization,0,0,INT-HISTORICAL-005487,SET-HISTORICAL-005487
LBL-HISTORICAL-005488,historical,,exact_match,1,none,exact,0,0,INT-HISTORICAL-005488,SET-HISTORICAL-005488
LBL-HISTORICAL-005489,historical,,exact_match,1,none,exact,0,0,INT-HISTORICAL-005489,SET-HISTORICAL-005489
LBL-HISTORICAL-005490,historical,,exact_match,1,none,exact,0,0,INT-HISTORICAL-005490,SET-HISTORICAL-005490
LBL-HISTORICAL-005491,historical,,exact_match,1,none,exact,0,0,INT-HISTORICAL-005491,SET-HISTORICAL-005491
LBL-HISTORICAL-005492,historical,,rounding_difference,1,rounding,amount_tolerance,0,0,INT-HISTORICAL-005492,SET-HISTORICAL-005492
LBL-HISTORICAL-005493,historical,,reference_format,1,reference_normalization,reference_normalization,0,0,INT-HISTORICAL-005493,SET-HISTORICAL-005493
LBL-HISTORICAL-005494,historical,,exact_match,1,none,exact,0,0,INT-HISTORICAL-005494,SET-HISTORICAL-005494
LBL-HISTORICAL-005495,historical,,exact_match,1,none,exact,0,0,INT-HISTORICAL-005495,SET-HISTORICAL-005495
LBL-HISTORICAL-005496,historical,,exact_match,1,none,exact,0,0,INT-HISTORICAL-005496,SET-HISTORICAL-005496
LBL-HISTORICAL-005497,historical,,settlement_delay,1,t_plus_delay,date_tolerance,0,1,INT-HISTORICAL-005497,SET-HISTORICAL-005497
LBL-HISTORICAL-005498,historical,,exact_match,1,none,exact,0,0,INT-HISTORICAL-005498,SET-HISTORICAL-005498
LBL-HISTORICAL-005499,historical,,exact_match,1,none,exact,0,0,INT-HISTORICAL-005499,SET-HISTORICAL-005499
LBL-HISTORICAL-005500,historical,,exact_match,1,none,exact,0,0,INT-HISTORICAL-005500,SET-HISTORICAL-005500
LBL-HISTORICAL-005501,historical,,rounding_difference,1,rounding,amount_tolerance,0,0,INT-HISTORICAL-005501,SET-HISTORICAL-005501
LBL-HISTORICAL-005502,historical,,duplicate_processor_record,1,duplicate,dedupe_then_match,0,0,INT-HISTORICAL-005502,SET-HISTORICAL-005502
LBL-HISTORICAL-005503,historical,,processing_fee,1,processor_fee,amount_tolerance,1,0,INT-HISTORICAL-005503,SET-HISTORICAL-005503
LBL-HISTORICAL-005504,historical,,exact_match,1,none,exact,0,0,INT-HISTORICAL-005504,SET-HISTORICAL-005504
LBL-HISTORICAL-005505,historical,,exact_match,1,none,exact,0,0,INT-HISTORICAL-005505,SET-HISTORICAL-005505
LBL-HISTORICAL-005506,historical,,exact_match,1,none,exact,0,0,INT-HISTORICAL-005506,SET-HISTORICAL-005506
LBL-HISTORICAL-005507,historical,,exact_match,1,none,exact,0,0,INT-HISTORICAL-005507,SET-HISTORICAL-005507
LBL-HISTORICAL-005508,historical,,reference_format,1,reference_normalization,reference_normalization,0,0,INT-HISTORICAL-005508,SET-HISTORICAL-005508
LBL-HISTORICAL-005509,historical,,exact_match,1,none,exact,0,0,INT-HISTORICAL-005509,SET-HISTORICAL-005509
LBL-HISTORICAL-005510,historical,,exact_match,1,none,exact,0,0,INT-HISTORICAL-005510,SET-HISTORICAL-005510
LBL-HISTORICAL-005511,historical,,exact_match,1,none,exact,0,0,INT-HISTORICAL-005511,SET-HISTORICAL-005511
LBL-HISTORICAL-005512,historical,,exact_match,1,none,exact,0,0,INT-HISTORICAL-005512,SET-HISTORICAL-005512
LBL-HISTORICAL-005513,historical,,exact_match,1,none,exact,0,0,INT-HISTORICAL-005513,SET-HISTORICAL-005513
LBL-HISTORICAL-005514,historical,,exact_match,1,none,exact,0,0,INT-HISTORICAL-005514,SET-HISTORICAL-005514
LBL-HISTORICAL-005515,historical,,exact_match,1,none,exact,0,0,INT-HISTORICAL-005515,SET-HISTORICAL-005515
LBL-HISTORICAL-005516,historical,,exact_match,1,none,exact,0,0,INT-HISTORICAL-005516,SET-HISTORICAL-005516
LBL-HISTORICAL-005517,historical,,exact_match,1,none,exact,0,0,INT-HISTORICAL-005517,SET-HISTORICAL-005517
LBL-HISTORICAL-005518,historical,,exact_match,1,none,exact,0,0,INT-HISTORICAL-005518,SET-HISTORICAL-005518
LBL-HISTORICAL-005519,historical,,processing_fee,1,processor_fee,amount_tolerance,2,0,INT-HISTORICAL-005519,SET-HISTORICAL-005519
LBL-HISTORICAL-005520,historical,,exact_match,1,none,exact,0,0,INT-HISTORICAL-005520,SET-HISTORICAL-005520
LBL-HISTORICAL-005521,historical,,exact_match,1,none,exact,0,0,INT-HISTORICAL-005521,SET-HISTORICAL-005521
LBL-HISTORICAL-005522,historical,,reference_format,1,reference_normalization,reference_normalization,0,0,INT-HISTORICAL-005522,SET-HISTORICAL-005522
LBL-HISTORICAL-005523,historical,,exact_match,1,none,exact,0,0,INT-HISTORICAL-005523,SET-HISTORICAL-005523
LBL-HISTORICAL-005524,historical,,rounding_difference,1,rounding,amount_tolerance,0,0,INT-HISTORICAL-005524,SET-HISTORICAL-005524
LBL-HISTORICAL-005525,historical,,exact_match,1,none,exact,0,0,INT-HISTORICAL-005525,SET-HISTORICAL-005525
LBL-HISTORICAL-005526,historical,,settlement_delay,1,t_plus_delay,date_tolerance,0,1,INT-HISTORICAL-005526,SET-HISTORICAL-005526
LBL-HISTORICAL-005527,historical,,processing_fee,1,processor_fee,amount_tolerance,2,0,INT-HISTORICAL-005527,SET-HISTORICAL-005527
LBL-HISTORICAL-005528,historical,,exact_match,1,none,exact,0,0,INT-HISTORICAL-005528,SET-HISTORICAL-005528
LBL-HISTORICAL-005529,historical,,settlement_delay,1,t_plus_delay,date_tolerance,0,1,INT-HISTORICAL-005529,SET-HISTORICAL-005529
LBL-HISTORICAL-005530,historical,,exact_match,1,none,exact,0,0,INT-HISTORICAL-005530,SET-HISTORICAL-005530
LBL-HISTORICAL-005531,historical,,exact_match,1,none,exact,0,0,INT-HISTORICAL-005531,SET-HISTORICAL-005531
LBL-HISTORICAL-005532,historical,,rounding_difference,1,rounding,amount_tolerance,0,0,INT-HISTORICAL-005532,SET-HISTORICAL-005532
LBL-HISTORICAL-005533,historical,,processing_fee,1,processor_fee,amount_tolerance,1,0,INT-HISTORICAL-005533,SET-HISTORICAL-005533
LBL-HISTORICAL-005534,historical,,exact_match,1,none,exact,0,0,INT-HISTORICAL-005534,SET-HISTORICAL-005534
LBL-HISTORICAL-005535,historical,,reference_format,1,reference_normalization,reference_normalization,0,0,INT-HISTORICAL-005535,SET-HISTORICAL-005535
LBL-HISTORICAL-005536,historical,,exact_match,1,none,exact,0,0,INT-HISTORICAL-005536,SET-HISTORICAL-005536
LBL-HISTORICAL-005537,historical,,exact_match,1,none,exact,0,0,INT-HISTORICAL-005537,SET-HISTORICAL-005537
LBL-HISTORICAL-005538,historical,,exact_match,1,none,exact,0,0,INT-HISTORICAL-005538,SET-HISTORICAL-005538
LBL-HISTORICAL-005539,historical,,settlement_delay,1,t_plus_delay,date_tolerance,0,2,INT-HISTORICAL-005539,SET-HISTORICAL-005539
LBL-HISTORICAL-005540,historical,,exact_match,1,none,exact,0,0,INT-HISTORICAL-005540,SET-HISTORICAL-005540
LBL-HISTORICAL-005541,historical,,exact_match,1,none,exact,0,0,INT-HISTORICAL-005541,SET-HISTORICAL-005541
LBL-HISTORICAL-005542,historical,,exact_match,1,none,exact,0,0,INT-HISTORICAL-005542,SET-HISTORICAL-005542
LBL-HISTORICAL-005543,historical,,exact_match,1,none,exact,0,0,INT-HISTORICAL-005543,SET-HISTORICAL-005543
LBL-HISTORICAL-005544,historical,,exact_match,1,none,exact,0,0,INT-HISTORICAL-005544,SET-HISTORICAL-005544
LBL-HISTORICAL-005545,historical,,exact_match,1,none,exact,0,0,INT-HISTORICAL-005545,SET-HISTORICAL-005545
LBL-HISTORICAL-005546,historical,,exact_match,1,none,exact,0,0,INT-HISTORICAL-005546,SET-HISTORICAL-005546
LBL-HISTORICAL-005547,historical,,exact_match,1,none,exact,0,0,INT-HISTORICAL-005547,SET-HISTORICAL-005547
LBL-HISTORICAL-005548,historical,,exact_match,1,none,exact,0,0,INT-HISTORICAL-005548,SET-HISTORICAL-005548
LBL-HISTORICAL-005549,historical,,exact_match,1,none,exact,0,0,INT-HISTORICAL-005549,SET-HISTORICAL-005549
LBL-HISTORICAL-005550,historical,,processing_fee,1,processor_fee,amount_tolerance,1,0,INT-HISTORICAL-005550,SET-HISTORICAL-005550
LBL-HISTORICAL-005551,historical,,exact_match,1,none,exact,0,0,INT-HISTORICAL-005551,SET-HISTORICAL-005551
LBL-HISTORICAL-005552,historical,,reference_format,1,reference_normalization,reference_normalization,0,0,INT-HISTORICAL-005552,SET-HISTORICAL-005552
LBL-HISTORICAL-005553,historical,,processing_fee,1,processor_fee,amount_tolerance,2,0,INT-HISTORICAL-005553,SET-HISTORICAL-005553
LBL-HISTORICAL-005554,historical,,exact_match,1,none,exact,0,0,INT-HISTORICAL-005554,SET-HISTORICAL-005554
LBL-HISTORICAL-005555,historical,,exact_match,1,none,exact,0,0,INT-HISTORICAL-005555,SET-HISTORICAL-005555
LBL-HISTORICAL-005556,historical,,exact_match,1,none,exact,0,0,INT-HISTORICAL-005556,SET-HISTORICAL-005556
LBL-HISTORICAL-005557,historical,,exact_match,1,none,exact,0,0,INT-HISTORICAL-005557,SET-HISTORICAL-005557
LBL-HISTORICAL-005558,historical,,processing_fee,1,processor_fee,amount_tolerance,2,0,INT-HISTORICAL-005558,SET-HISTORICAL-005558
LBL-HISTORICAL-005559,historical,,settlement_delay,1,t_plus_delay,date_tolerance,0,1,INT-HISTORICAL-005559,SET-HISTORICAL-005559
LBL-HISTORICAL-005560,historical,,settlement_delay,1,t_plus_delay,date_tolerance,0,1,INT-HISTORICAL-005560,SET-HISTORICAL-005560
LBL-HISTORICAL-005561,historical,,exact_match,1,none,exact,0,0,INT-HISTORICAL-005561,SET-HISTORICAL-005561
LBL-HISTORICAL-005562,historical,,exact_match,1,none,exact,0,0,INT-HISTORICAL-005562,SET-HISTORICAL-005562
LBL-HISTORICAL-005563,historical,,exact_match,1,none,exact,0,0,INT-HISTORICAL-005563,SET-HISTORICAL-005563
LBL-HISTORICAL-005564,historical,,settlement_delay,1,t_plus_delay,date_tolerance,0,2,INT-HISTORICAL-005564,SET-HISTORICAL-005564
LBL-HISTORICAL-005565,historical,,exact_match,1,none,exact,0,0,INT-HISTORICAL-005565,SET-HISTORICAL-005565
LBL-HISTORICAL-005566,historical,,exact_match,1,none,exact,0,0,INT-HISTORICAL-005566,SET-HISTORICAL-005566
LBL-HISTORICAL-005567,historical,,exact_match,1,none,exact,0,0,INT-HISTORICAL-005567,SET-HISTORICAL-005567
LBL-HISTORICAL-005568,historical,,exact_match,1,none,exact,0,0,INT-HISTORICAL-005568,SET-HISTORICAL-005568
LBL-HISTORICAL-005569,historical,,settlement_delay,1,t_plus_delay,date_tolerance,0,1,INT-HISTORICAL-005569,SET-HISTORICAL-005569
LBL-HISTORICAL-005570,historical,,processing_fee,1,processor_fee,amount_tolerance,1,0,INT-HISTORICAL-005570,SET-HISTORICAL-005570
LBL-HISTORICAL-005571,historical,,exact_match,1,none,exact,0,0,INT-HISTORICAL-005571,SET-HISTORICAL-005571
LBL-HISTORICAL-005572,historical,,exact_match,1,none,exact,0,0,INT-HISTORICAL-005572,SET-HISTORICAL-005572
LBL-HISTORICAL-005573,historical,,exact_match,1,none,exact,0,0,INT-HISTORICAL-005573,SET-HISTORICAL-005573
LBL-HISTORICAL-005574,historical,,reference_format,1,reference_normalization,reference_normalization,0,0,INT-HISTORICAL-005574,SET-HISTORICAL-005574
LBL-HISTORICAL-005575,historical,,exact_match,1,none,exact,0,0,INT-HISTORICAL-005575,SET-HISTORICAL-005575
LBL-HISTORICAL-005576,historical,,exact_match,1,none,exact,0,0,INT-HISTORICAL-005576,SET-HISTORICAL-005576
LBL-HISTORICAL-005577,historical,,exact_match,1,none,exact,0,0,INT-HISTORICAL-005577,SET-HISTORICAL-005577
LBL-HISTORICAL-005578,historical,,settlement_delay,1,t_plus_delay,date_tolerance,0,1,INT-HISTORICAL-005578,SET-HISTORICAL-005578
LBL-HISTORICAL-005579,historical,,exact_match,1,none,exact,0,0,INT-HISTORICAL-005579,SET-HISTORICAL-005579
LBL-HISTORICAL-005580,historical,,exact_match,1,none,exact,0,0,INT-HISTORICAL-005580,SET-HISTORICAL-005580
LBL-HISTORICAL-005581,historical,,exact_match,1,none,exact,0,0,INT-HISTORICAL-005581,SET-HISTORICAL-005581
LBL-HISTORICAL-005582,historical,,settlement_delay,1,t_plus_delay,date_tolerance,0,1,INT-HISTORICAL-005582,SET-HISTORICAL-005582
LBL-HISTORICAL-005583,historical,,settlement_delay,1,t_plus_delay,date_tolerance,0,1,INT-HISTORICAL-005583,SET-HISTORICAL-005583
LBL-HISTORICAL-005584,historical,,exact_match,1,none,exact,0,0,INT-HISTORICAL-005584,SET-HISTORICAL-005584
LBL-HISTORICAL-005585,historical,,rounding_difference,1,rounding,amount_tolerance,0,0,INT-HISTORICAL-005585,SET-HISTORICAL-005585
LBL-HISTORICAL-005586,historical,,processing_fee,1,processor_fee,amount_tolerance,1,0,INT-HISTORICAL-005586,SET-HISTORICAL-005586
LBL-HISTORICAL-005587,historical,,exact_match,1,none,exact,0,0,INT-HISTORICAL-005587,SET-HISTORICAL-005587
LBL-HISTORICAL-005588,historical,,exact_match,1,none,exact,0,0,INT-HISTORICAL-005588,SET-HISTORICAL-005588
LBL-HISTORICAL-005589,historical,,exact_match,1,none,exact,0,0,INT-HISTORICAL-005589,SET-HISTORICAL-005589
LBL-HISTORICAL-005590,historical,,settlement_delay,1,t_plus_delay,date_tolerance,0,1,INT-HISTORICAL-005590,SET-HISTORICAL-005590
LBL-HISTORICAL-005591,historical,,processing_fee,1,processor_fee,amount_tolerance,2,0,INT-HISTORICAL-005591,SET-HISTORICAL-005591
LBL-HISTORICAL-005592,historical,,settlement_delay,1,t_plus_delay,date_tolerance,0,1,INT-HISTORICAL-005592,SET-HISTORICAL-005592
LBL-HISTORICAL-005593,historical,,reference_format,1,reference_normalization,reference_normalization,0,0,INT-HISTORICAL-005593,SET-HISTORICAL-005593
LBL-HISTORICAL-005594,historical,,currency_mismatch,0,currency_mismatch,do_not_match,0,0,INT-HISTORICAL-005594,SET-HISTORICAL-005594
LBL-HISTORICAL-005595,historical,,reference_format,1,reference_normalization,reference_normalization,0,0,INT-HISTORICAL-005595,SET-HISTORICAL-005595
LBL-HISTORICAL-005596,historical,,exact_match,1,none,exact,0,0,INT-HISTORICAL-005596,SET-HISTORICAL-005596
LBL-HISTORICAL-005597,historical,,settlement_delay,1,t_plus_delay,date_tolerance,0,1,INT-HISTORICAL-005597,SET-HISTORICAL-005597
LBL-HISTORICAL-005598,historical,,exact_match,1,none,exact,0,0,INT-HISTORICAL-005598,SET-HISTORICAL-005598
LBL-HISTORICAL-005599,historical,,exact_match,1,none,exact,0,0,INT-HISTORICAL-005599,SET-HISTORICAL-005599
LBL-HISTORICAL-005600,historical,,exact_match,1,none,exact,0,0,INT-HISTORICAL-005600,SET-HISTORICAL-005600
LBL-HISTORICAL-005601,historical,,exact_match,1,none,exact,0,0,INT-HISTORICAL-005601,SET-HISTORICAL-005601
LBL-HISTORICAL-005602,historical,,exact_match,1,none,exact,0,0,INT-HISTORICAL-005602,SET-HISTORICAL-005602
LBL-HISTORICAL-005603,historical,,exact_match,1,none,exact,0,0,INT-HISTORICAL-005603,SET-HISTORICAL-005603
LBL-HISTORICAL-005604,historical,,exact_match,1,none,exact,0,0,INT-HISTORICAL-005604,SET-HISTORICAL-005604
LBL-HISTORICAL-005605,historical,,processing_fee,1,processor_fee,amount_tolerance,2,0,INT-HISTORICAL-005605,SET-HISTORICAL-005605
LBL-HISTORICAL-005606,historical,,exact_match,1,none,exact,0,0,INT-HISTORICAL-005606,SET-HISTORICAL-005606
LBL-HISTORICAL-005607,historical,,exact_match,1,none,exact,0,0,INT-HISTORICAL-005607,SET-HISTORICAL-005607
LBL-HISTORICAL-005608,historical,,rounding_difference,1,rounding,amount_tolerance,0,0,INT-HISTORICAL-005608,SET-HISTORICAL-005608
LBL-HISTORICAL-005609,historical,,exact_match,1,none,exact,0,0,INT-HISTORICAL-005609,SET-HISTORICAL-005609
LBL-HISTORICAL-005610,historical,,settlement_delay,1,t_plus_delay,date_tolerance,0,2,INT-HISTORICAL-005610,SET-HISTORICAL-005610
LBL-HISTORICAL-005611,historical,,exact_match,1,none,exact,0,0,INT-HISTORICAL-005611,SET-HISTORICAL-005611
LBL-HISTORICAL-005612,historical,,exact_match,1,none,exact,0,0,INT-HISTORICAL-005612,SET-HISTORICAL-005612
LBL-HISTORICAL-005613,historical,,processing_fee,1,processor_fee,amount_tolerance,5,0,INT-HISTORICAL-005613,SET-HISTORICAL-005613
LBL-HISTORICAL-005614,historical,,exact_match,1,none,exact,0,0,INT-HISTORICAL-005614,SET-HISTORICAL-005614
LBL-HISTORICAL-005615,historical,,exact_match,1,none,exact,0,0,INT-HISTORICAL-005615,SET-HISTORICAL-005615
LBL-HISTORICAL-005616,historical,,processing_fee,1,processor_fee,amount_tolerance,1,0,INT-HISTORICAL-005616,SET-HISTORICAL-005616
LBL-HISTORICAL-005617,historical,,settlement_delay,1,t_plus_delay,date_tolerance,0,1,INT-HISTORICAL-005617,SET-HISTORICAL-005617
LBL-HISTORICAL-005618,historical,,rounding_difference,1,rounding,amount_tolerance,0,0,INT-HISTORICAL-005618,SET-HISTORICAL-005618
LBL-HISTORICAL-005619,historical,,exact_match,1,none,exact,0,0,INT-HISTORICAL-005619,SET-HISTORICAL-005619
LBL-HISTORICAL-005620,historical,,exact_match,1,none,exact,0,0,INT-HISTORICAL-005620,SET-HISTORICAL-005620
LBL-HISTORICAL-005621,historical,,exact_match,1,none,exact,0,0,INT-HISTORICAL-005621,SET-HISTORICAL-005621
LBL-HISTORICAL-005622,historical,,exact_match,1,none,exact,0,0,INT-HISTORICAL-005622,SET-HISTORICAL-005622
LBL-HISTORICAL-005623,historical,,exact_match,1,none,exact,0,0,INT-HISTORICAL-005623,SET-HISTORICAL-005623
LBL-HISTORICAL-005624,historical,,true_amount_mismatch,0,true_amount_mismatch,do_not_match,0,0,INT-HISTORICAL-005624,SET-HISTORICAL-005624
LBL-HISTORICAL-005625,historical,,reference_format,1,reference_normalization,reference_normalization,0,0,INT-HISTORICAL-005625,SET-HISTORICAL-005625
LBL-HISTORICAL-005626,historical,,processing_fee,1,processor_fee,amount_tolerance,2,0,INT-HISTORICAL-005626,SET-HISTORICAL-005626
LBL-HISTORICAL-005627,historical,,reference_format,1,reference_normalization,reference_normalization,0,0,INT-HISTORICAL-005627,SET-HISTORICAL-005627
LBL-HISTORICAL-005628,historical,,exact_match,1,none,exact,0,0,INT-HISTORICAL-005628,SET-HISTORICAL-005628
LBL-HISTORICAL-005629,historical,,exact_match,1,none,exact,0,0,INT-HISTORICAL-005629,SET-HISTORICAL-005629
LBL-HISTORICAL-005630,historical,,exact_match,1,none,exact,0,0,INT-HISTORICAL-005630,SET-HISTORICAL-005630
LBL-HISTORICAL-005631,historical,,exact_match,1,none,exact,0,0,INT-HISTORICAL-005631,SET-HISTORICAL-005631
LBL-HISTORICAL-005632,historical,,exact_match,1,none,exact,0,0,INT-HISTORICAL-005632,SET-HISTORICAL-005632
LBL-HISTORICAL-005633,historical,,exact_match,1,none,exact,0,0,INT-HISTORICAL-005633,SET-HISTORICAL-005633
LBL-HISTORICAL-005634,historical,,exact_match,1,none,exact,0,0,INT-HISTORICAL-005634,SET-HISTORICAL-005634
LBL-HISTORICAL-005635,historical,,exact_match,1,none,exact,0,0,INT-HISTORICAL-005635,SET-HISTORICAL-005635
LBL-HISTORICAL-005636,historical,,settlement_delay,1,t_plus_delay,date_tolerance,0,1,INT-HISTORICAL-005636,SET-HISTORICAL-005636
LBL-HISTORICAL-005637,historical,,rounding_difference,1,rounding,amount_tolerance,0,0,INT-HISTORICAL-005637,SET-HISTORICAL-005637
LBL-HISTORICAL-005638,historical,,settlement_delay,1,t_plus_delay,date_tolerance,0,1,INT-HISTORICAL-005638,SET-HISTORICAL-005638
LBL-HISTORICAL-005639,historical,,exact_match,1,none,exact,0,0,INT-HISTORICAL-005639,SET-HISTORICAL-005639
LBL-HISTORICAL-005640,historical,,exact_match,1,none,exact,0,0,INT-HISTORICAL-005640,SET-HISTORICAL-005640
LBL-HISTORICAL-005641,historical,,settlement_delay,1,t_plus_delay,date_tolerance,0,2,INT-HISTORICAL-005641,SET-HISTORICAL-005641
LBL-HISTORICAL-005642,historical,,reference_format,1,reference_normalization,reference_normalization,0,0,INT-HISTORICAL-005642,SET-HISTORICAL-005642
LBL-HISTORICAL-005643,historical,,exact_match,1,none,exact,0,0,INT-HISTORICAL-005643,SET-HISTORICAL-005643
LBL-HISTORICAL-005644,historical,,exact_match,1,none,exact,0,0,INT-HISTORICAL-005644,SET-HISTORICAL-005644
LBL-HISTORICAL-005645,historical,,exact_match,1,none,exact,0,0,INT-HISTORICAL-005645,SET-HISTORICAL-005645
LBL-HISTORICAL-005646,historical,,processing_fee,1,processor_fee,amount_tolerance,1,0,INT-HISTORICAL-005646,SET-HISTORICAL-005646
LBL-HISTORICAL-005647,historical,,exact_match,1,none,exact,0,0,INT-HISTORICAL-005647,SET-HISTORICAL-005647
LBL-HISTORICAL-005648,historical,,exact_match,1,none,exact,0,0,INT-HISTORICAL-005648,SET-HISTORICAL-005648
LBL-HISTORICAL-005649,historical,,exact_match,1,none,exact,0,0,INT-HISTORICAL-005649,SET-HISTORICAL-005649
LBL-HISTORICAL-005650,historical,,exact_match,1,none,exact,0,0,INT-HISTORICAL-005650,SET-HISTORICAL-005650
LBL-HISTORICAL-005651,historical,,exact_match,1,none,exact,0,0,INT-HISTORICAL-005651,SET-HISTORICAL-005651
LBL-HISTORICAL-005652,historical,,exact_match,1,none,exact,0,0,INT-HISTORICAL-005652,SET-HISTORICAL-005652
LBL-HISTORICAL-005653,historical,,processing_fee,1,processor_fee,amount_tolerance,1,0,INT-HISTORICAL-005653,SET-HISTORICAL-005653
LBL-HISTORICAL-005654,historical,,reference_format,1,reference_normalization,reference_normalization,0,0,INT-HISTORICAL-005654,SET-HISTORICAL-005654
LBL-HISTORICAL-005655,historical,,exact_match,1,none,exact,0,0,INT-HISTORICAL-005655,SET-HISTORICAL-005655
LBL-HISTORICAL-005656,historical,,reference_format,1,reference_normalization,reference_normalization,0,0,INT-HISTORICAL-005656,SET-HISTORICAL-005656
LBL-HISTORICAL-005657,historical,,exact_match,1,none,exact,0,0,INT-HISTORICAL-005657,SET-HISTORICAL-005657
LBL-HISTORICAL-005658,historical,,processing_fee,1,processor_fee,amount_tolerance,3,0,INT-HISTORICAL-005658,SET-HISTORICAL-005658
LBL-HISTORICAL-005659,historical,,processing_fee,1,processor_fee,amount_tolerance,3,0,INT-HISTORICAL-005659,SET-HISTORICAL-005659
LBL-HISTORICAL-005660,historical,,reference_format,1,reference_normalization,reference_normalization,0,0,INT-HISTORICAL-005660,SET-HISTORICAL-005660
LBL-HISTORICAL-005661,historical,,exact_match,1,none,exact,0,0,INT-HISTORICAL-005661,SET-HISTORICAL-005661
LBL-HISTORICAL-005662,historical,,settlement_delay,1,t_plus_delay,date_tolerance,0,2,INT-HISTORICAL-005662,SET-HISTORICAL-005662
LBL-HISTORICAL-005663,historical,,exact_match,1,none,exact,0,0,INT-HISTORICAL-005663,SET-HISTORICAL-005663
LBL-HISTORICAL-005664,historical,,exact_match,1,none,exact,0,0,INT-HISTORICAL-005664,SET-HISTORICAL-005664
LBL-HISTORICAL-005665,historical,,exact_match,1,none,exact,0,0,INT-HISTORICAL-005665,SET-HISTORICAL-005665
LBL-HISTORICAL-005666,historical,,exact_match,1,none,exact,0,0,INT-HISTORICAL-005666,SET-HISTORICAL-005666
LBL-HISTORICAL-005667,historical,,settlement_delay,1,t_plus_delay,date_tolerance,0,1,INT-HISTORICAL-005667,SET-HISTORICAL-005667
LBL-HISTORICAL-005668,historical,,exact_match,1,none,exact,0,0,INT-HISTORICAL-005668,SET-HISTORICAL-005668
LBL-HISTORICAL-005669,historical,,rounding_difference,1,rounding,amount_tolerance,0,0,INT-HISTORICAL-005669,SET-HISTORICAL-005669
LBL-HISTORICAL-005670,historical,,exact_match,1,none,exact,0,0,INT-HISTORICAL-005670,SET-HISTORICAL-005670
LBL-HISTORICAL-005671,historical,,exact_match,1,none,exact,0,0,INT-HISTORICAL-005671,SET-HISTORICAL-005671
LBL-HISTORICAL-005672,historical,,exact_match,1,none,exact,0,0,INT-HISTORICAL-005672,SET-HISTORICAL-005672
LBL-HISTORICAL-005673,historical,,reference_format,1,reference_normalization,reference_normalization,0,0,INT-HISTORICAL-005673,SET-HISTORICAL-005673
LBL-HISTORICAL-005674,historical,,exact_match,1,none,exact,0,0,INT-HISTORICAL-005674,SET-HISTORICAL-005674
LBL-HISTORICAL-005675,historical,,exact_match,1,none,exact,0,0,INT-HISTORICAL-005675,SET-HISTORICAL-005675
LBL-HISTORICAL-005676,historical,,processing_fee,1,processor_fee,amount_tolerance,1,0,INT-HISTORICAL-005676,SET-HISTORICAL-005676
LBL-HISTORICAL-005677,historical,,exact_match,1,none,exact,0,0,INT-HISTORICAL-005677,SET-HISTORICAL-005677
LBL-HISTORICAL-005678,historical,,exact_match,1,none,exact,0,0,INT-HISTORICAL-005678,SET-HISTORICAL-005678
LBL-HISTORICAL-005679,historical,,exact_match,1,none,exact,0,0,INT-HISTORICAL-005679,SET-HISTORICAL-005679
LBL-HISTORICAL-005680,historical,,exact_match,1,none,exact,0,0,INT-HISTORICAL-005680,SET-HISTORICAL-005680
LBL-HISTORICAL-005681,historical,,exact_match,1,none,exact,0,0,INT-HISTORICAL-005681,SET-HISTORICAL-005681
LBL-HISTORICAL-005682,historical,,duplicate_processor_record,1,duplicate,dedupe_then_match,0,0,INT-HISTORICAL-005682,SET-HISTORICAL-005682
LBL-HISTORICAL-005683,historical,,exact_match,1,none,exact,0,0,INT-HISTORICAL-005683,SET-HISTORICAL-005683
LBL-HISTORICAL-005684,historical,,exact_match,1,none,exact,0,0,INT-HISTORICAL-005684,SET-HISTORICAL-005684
LBL-HISTORICAL-005685,historical,,exact_match,1,none,exact,0,0,INT-HISTORICAL-005685,SET-HISTORICAL-005685
LBL-HISTORICAL-005686,historical,,exact_match,1,none,exact,0,0,INT-HISTORICAL-005686,SET-HISTORICAL-005686
LBL-HISTORICAL-005687,historical,,exact_match,1,none,exact,0,0,INT-HISTORICAL-005687,SET-HISTORICAL-005687
LBL-HISTORICAL-005688,historical,,exact_match,1,none,exact,0,0,INT-HISTORICAL-005688,SET-HISTORICAL-005688
LBL-HISTORICAL-005689,historical,,exact_match,1,none,exact,0,0,INT-HISTORICAL-005689,SET-HISTORICAL-005689
LBL-HISTORICAL-005690,historical,,exact_match,1,none,exact,0,0,INT-HISTORICAL-005690,SET-HISTORICAL-005690
LBL-HISTORICAL-005691,historical,,exact_match,1,none,exact,0,0,INT-HISTORICAL-005691,SET-HISTORICAL-005691
LBL-HISTORICAL-005692,historical,,exact_match,1,none,exact,0,0,INT-HISTORICAL-005692,SET-HISTORICAL-005692
LBL-HISTORICAL-005693,historical,,exact_match,1,none,exact,0,0,INT-HISTORICAL-005693,SET-HISTORICAL-005693
LBL-HISTORICAL-005694,historical,,exact_match,1,none,exact,0,0,INT-HISTORICAL-005694,SET-HISTORICAL-005694
LBL-HISTORICAL-005695,historical,,processing_fee,1,processor_fee,amount_tolerance,1,0,INT-HISTORICAL-005695,SET-HISTORICAL-005695
LBL-HISTORICAL-005696,historical,,exact_match,1,none,exact,0,0,INT-HISTORICAL-005696,SET-HISTORICAL-005696
LBL-HISTORICAL-005697,historical,,processing_fee,1,processor_fee,amount_tolerance,1,0,INT-HISTORICAL-005697,SET-HISTORICAL-005697
LBL-HISTORICAL-005698,historical,,exact_match,1,none,exact,0,0,INT-HISTORICAL-005698,SET-HISTORICAL-005698
LBL-HISTORICAL-005699,historical,,exact_match,1,none,exact,0,0,INT-HISTORICAL-005699,SET-HISTORICAL-005699
LBL-HISTORICAL-005700,historical,,exact_match,1,none,exact,0,0,INT-HISTORICAL-005700,SET-HISTORICAL-005700
LBL-HISTORICAL-005701,historical,,exact_match,1,none,exact,0,0,INT-HISTORICAL-005701,SET-HISTORICAL-005701
LBL-HISTORICAL-005702,historical,,exact_match,1,none,exact,0,0,INT-HISTORICAL-005702,SET-HISTORICAL-005702
LBL-HISTORICAL-005703,historical,,exact_match,1,none,exact,0,0,INT-HISTORICAL-005703,SET-HISTORICAL-005703
LBL-HISTORICAL-005704,historical,,exact_match,1,none,exact,0,0,INT-HISTORICAL-005704,SET-HISTORICAL-005704
LBL-HISTORICAL-005705,historical,,reference_format,1,reference_normalization,reference_normalization,0,0,INT-HISTORICAL-005705,SET-HISTORICAL-005705
LBL-HISTORICAL-005706,historical,,exact_match,1,none,exact,0,0,INT-HISTORICAL-005706,SET-HISTORICAL-005706
LBL-HISTORICAL-005707,historical,,exact_match,1,none,exact,0,0,INT-HISTORICAL-005707,SET-HISTORICAL-005707
LBL-HISTORICAL-005708,historical,,exact_match,1,none,exact,0,0,INT-HISTORICAL-005708,SET-HISTORICAL-005708
LBL-HISTORICAL-005709,historical,,exact_match,1,none,exact,0,0,INT-HISTORICAL-005709,SET-HISTORICAL-005709
LBL-HISTORICAL-005710,historical,,exact_match,1,none,exact,0,0,INT-HISTORICAL-005710,SET-HISTORICAL-005710
LBL-HISTORICAL-005711,historical,,exact_match,1,none,exact,0,0,INT-HISTORICAL-005711,SET-HISTORICAL-005711
LBL-HISTORICAL-005712,historical,,exact_match,1,none,exact,0,0,INT-HISTORICAL-005712,SET-HISTORICAL-005712
LBL-HISTORICAL-005713,historical,,rounding_difference,1,rounding,amount_tolerance,0,0,INT-HISTORICAL-005713,SET-HISTORICAL-005713
LBL-HISTORICAL-005714,historical,,exact_match,1,none,exact,0,0,INT-HISTORICAL-005714,SET-HISTORICAL-005714
LBL-HISTORICAL-005715,historical,,exact_match,1,none,exact,0,0,INT-HISTORICAL-005715,SET-HISTORICAL-005715
LBL-HISTORICAL-005716,historical,,exact_match,1,none,exact,0,0,INT-HISTORICAL-005716,SET-HISTORICAL-005716
LBL-HISTORICAL-005717,historical,,exact_match,1,none,exact,0,0,INT-HISTORICAL-005717,SET-HISTORICAL-005717
LBL-HISTORICAL-005718,historical,,rounding_difference,1,rounding,amount_tolerance,0,0,INT-HISTORICAL-005718,SET-HISTORICAL-005718
LBL-HISTORICAL-005719,historical,,exact_match,1,none,exact,0,0,INT-HISTORICAL-005719,SET-HISTORICAL-005719
LBL-HISTORICAL-005720,historical,,exact_match,1,none,exact,0,0,INT-HISTORICAL-005720,SET-HISTORICAL-005720
LBL-HISTORICAL-005721,historical,,exact_match,1,none,exact,0,0,INT-HISTORICAL-005721,SET-HISTORICAL-005721
LBL-HISTORICAL-005722,historical,,true_amount_mismatch,0,true_amount_mismatch,do_not_match,0,0,INT-HISTORICAL-005722,SET-HISTORICAL-005722
LBL-HISTORICAL-005723,historical,,exact_match,1,none,exact,0,0,INT-HISTORICAL-005723,SET-HISTORICAL-005723
LBL-HISTORICAL-005724,historical,,exact_match,1,none,exact,0,0,INT-HISTORICAL-005724,SET-HISTORICAL-005724
LBL-HISTORICAL-005725,historical,,exact_match,1,none,exact,0,0,INT-HISTORICAL-005725,SET-HISTORICAL-005725
LBL-HISTORICAL-005726,historical,,exact_match,1,none,exact,0,0,INT-HISTORICAL-005726,SET-HISTORICAL-005726
LBL-HISTORICAL-005727,historical,,processing_fee,1,processor_fee,amount_tolerance,1,0,INT-HISTORICAL-005727,SET-HISTORICAL-005727
LBL-HISTORICAL-005728,historical,,true_amount_mismatch,0,true_amount_mismatch,do_not_match,0,0,INT-HISTORICAL-005728,SET-HISTORICAL-005728
LBL-HISTORICAL-005729,historical,,exact_match,1,none,exact,0,0,INT-HISTORICAL-005729,SET-HISTORICAL-005729
LBL-HISTORICAL-005730,historical,,exact_match,1,none,exact,0,0,INT-HISTORICAL-005730,SET-HISTORICAL-005730
LBL-HISTORICAL-005731,historical,,exact_match,1,none,exact,0,0,INT-HISTORICAL-005731,SET-HISTORICAL-005731
LBL-HISTORICAL-005732,historical,,exact_match,1,none,exact,0,0,INT-HISTORICAL-005732,SET-HISTORICAL-005732
LBL-HISTORICAL-005733,historical,,reference_format,1,reference_normalization,reference_normalization,0,0,INT-HISTORICAL-005733,SET-HISTORICAL-005733
LBL-HISTORICAL-005734,historical,,settlement_delay,1,t_plus_delay,date_tolerance,0,2,INT-HISTORICAL-005734,SET-HISTORICAL-005734
LBL-HISTORICAL-005735,historical,,rounding_difference,1,rounding,amount_tolerance,0,0,INT-HISTORICAL-005735,SET-HISTORICAL-005735
LBL-HISTORICAL-005736,historical,,exact_match,1,none,exact,0,0,INT-HISTORICAL-005736,SET-HISTORICAL-005736
LBL-HISTORICAL-005737,historical,,exact_match,1,none,exact,0,0,INT-HISTORICAL-005737,SET-HISTORICAL-005737
LBL-HISTORICAL-005738,historical,,exact_match,1,none,exact,0,0,INT-HISTORICAL-005738,SET-HISTORICAL-005738
LBL-HISTORICAL-005739,historical,,settlement_delay,1,t_plus_delay,date_tolerance,0,1,INT-HISTORICAL-005739,SET-HISTORICAL-005739
LBL-HISTORICAL-005740,historical,,reference_format,1,reference_normalization,reference_normalization,0,0,INT-HISTORICAL-005740,SET-HISTORICAL-005740
LBL-HISTORICAL-005741,historical,,processing_fee,1,processor_fee,amount_tolerance,2,0,INT-HISTORICAL-005741,SET-HISTORICAL-005741
LBL-HISTORICAL-005742,historical,,exact_match,1,none,exact,0,0,INT-HISTORICAL-005742,SET-HISTORICAL-005742
LBL-HISTORICAL-005743,historical,,exact_match,1,none,exact,0,0,INT-HISTORICAL-005743,SET-HISTORICAL-005743
LBL-HISTORICAL-005744,historical,,reference_format,1,reference_normalization,reference_normalization,0,0,INT-HISTORICAL-005744,SET-HISTORICAL-005744
LBL-HISTORICAL-005745,historical,,exact_match,1,none,exact,0,0,INT-HISTORICAL-005745,SET-HISTORICAL-005745
LBL-HISTORICAL-005746,historical,,exact_match,1,none,exact,0,0,INT-HISTORICAL-005746,SET-HISTORICAL-005746
LBL-HISTORICAL-005747,historical,,exact_match,1,none,exact,0,0,INT-HISTORICAL-005747,SET-HISTORICAL-005747
LBL-HISTORICAL-005748,historical,,exact_match,1,none,exact,0,0,INT-HISTORICAL-005748,SET-HISTORICAL-005748
LBL-HISTORICAL-005749,historical,,exact_match,1,none,exact,0,0,INT-HISTORICAL-005749,SET-HISTORICAL-005749
LBL-HISTORICAL-005750,historical,,exact_match,1,none,exact,0,0,INT-HISTORICAL-005750,SET-HISTORICAL-005750
LBL-HISTORICAL-005751,historical,,exact_match,1,none,exact,0,0,INT-HISTORICAL-005751,SET-HISTORICAL-005751
LBL-HISTORICAL-005752,historical,,currency_mismatch,0,currency_mismatch,do_not_match,0,0,INT-HISTORICAL-005752,SET-HISTORICAL-005752
LBL-HISTORICAL-005753,historical,,exact_match,1,none,exact,0,0,INT-HISTORICAL-005753,SET-HISTORICAL-005753
LBL-HISTORICAL-005754,historical,,settlement_delay,1,t_plus_delay,date_tolerance,0,1,INT-HISTORICAL-005754,SET-HISTORICAL-005754
LBL-HISTORICAL-005755,historical,,processing_fee,1,processor_fee,amount_tolerance,2,0,INT-HISTORICAL-005755,SET-HISTORICAL-005755
LBL-HISTORICAL-005756,historical,,processing_fee,1,processor_fee,amount_tolerance,3,0,INT-HISTORICAL-005756,SET-HISTORICAL-005756
LBL-HISTORICAL-005757,historical,,reference_format,1,reference_normalization,reference_normalization,0,0,INT-HISTORICAL-005757,SET-HISTORICAL-005757
LBL-HISTORICAL-005758,historical,,exact_match,1,none,exact,0,0,INT-HISTORICAL-005758,SET-HISTORICAL-005758
LBL-HISTORICAL-005759,historical,,processing_fee,1,processor_fee,amount_tolerance,5,0,INT-HISTORICAL-005759,SET-HISTORICAL-005759
LBL-HISTORICAL-005760,historical,,exact_match,1,none,exact,0,0,INT-HISTORICAL-005760,SET-HISTORICAL-005760
LBL-HISTORICAL-005761,historical,,exact_match,1,none,exact,0,0,INT-HISTORICAL-005761,SET-HISTORICAL-005761
LBL-HISTORICAL-005762,historical,,reference_format,1,reference_normalization,reference_normalization,0,0,INT-HISTORICAL-005762,SET-HISTORICAL-005762
LBL-HISTORICAL-005763,historical,,processing_fee,1,processor_fee,amount_tolerance,3,0,INT-HISTORICAL-005763,SET-HISTORICAL-005763
LBL-HISTORICAL-005764,historical,,exact_match,1,none,exact,0,0,INT-HISTORICAL-005764,SET-HISTORICAL-005764
LBL-HISTORICAL-005765,historical,,settlement_delay,1,t_plus_delay,date_tolerance,0,1,INT-HISTORICAL-005765,SET-HISTORICAL-005765
LBL-HISTORICAL-005766,historical,,exact_match,1,none,exact,0,0,INT-HISTORICAL-005766,SET-HISTORICAL-005766
LBL-HISTORICAL-005767,historical,,settlement_delay,1,t_plus_delay,date_tolerance,0,1,INT-HISTORICAL-005767,SET-HISTORICAL-005767
LBL-HISTORICAL-005768,historical,,exact_match,1,none,exact,0,0,INT-HISTORICAL-005768,SET-HISTORICAL-005768
LBL-HISTORICAL-005769,historical,,settlement_delay,1,t_plus_delay,date_tolerance,0,1,INT-HISTORICAL-005769,SET-HISTORICAL-005769
LBL-HISTORICAL-005770,historical,,exact_match,1,none,exact,0,0,INT-HISTORICAL-005770,SET-HISTORICAL-005770
LBL-HISTORICAL-005771,historical,,exact_match,1,none,exact,0,0,INT-HISTORICAL-005771,SET-HISTORICAL-005771
LBL-HISTORICAL-005772,historical,,exact_match,1,none,exact,0,0,INT-HISTORICAL-005772,SET-HISTORICAL-005772
LBL-HISTORICAL-005773,historical,,processing_fee,1,processor_fee,amount_tolerance,3,0,INT-HISTORICAL-005773,SET-HISTORICAL-005773
LBL-HISTORICAL-005774,historical,,exact_match,1,none,exact,0,0,INT-HISTORICAL-005774,SET-HISTORICAL-005774
LBL-HISTORICAL-005775,historical,,reference_format,1,reference_normalization,reference_normalization,0,0,INT-HISTORICAL-005775,SET-HISTORICAL-005775
LBL-HISTORICAL-005776,historical,,exact_match,1,none,exact,0,0,INT-HISTORICAL-005776,SET-HISTORICAL-005776
LBL-HISTORICAL-005777,historical,,exact_match,1,none,exact,0,0,INT-HISTORICAL-005777,SET-HISTORICAL-005777
LBL-HISTORICAL-005778,historical,,exact_match,1,none,exact,0,0,INT-HISTORICAL-005778,SET-HISTORICAL-005778
LBL-HISTORICAL-005779,historical,,settlement_delay,1,t_plus_delay,date_tolerance,0,1,INT-HISTORICAL-005779,SET-HISTORICAL-005779
LBL-HISTORICAL-005780,historical,,processing_fee,1,processor_fee,amount_tolerance,5,0,INT-HISTORICAL-005780,SET-HISTORICAL-005780
LBL-HISTORICAL-005781,historical,,exact_match,1,none,exact,0,0,INT-HISTORICAL-005781,SET-HISTORICAL-005781
LBL-HISTORICAL-005782,historical,,exact_match,1,none,exact,0,0,INT-HISTORICAL-005782,SET-HISTORICAL-005782
LBL-HISTORICAL-005783,historical,,exact_match,1,none,exact,0,0,INT-HISTORICAL-005783,SET-HISTORICAL-005783
LBL-HISTORICAL-005784,historical,,rounding_difference,1,rounding,amount_tolerance,0,0,INT-HISTORICAL-005784,SET-HISTORICAL-005784
LBL-HISTORICAL-005785,historical,,exact_match,1,none,exact,0,0,INT-HISTORICAL-005785,SET-HISTORICAL-005785
LBL-HISTORICAL-005786,historical,,reference_format,1,reference_normalization,reference_normalization,0,0,INT-HISTORICAL-005786,SET-HISTORICAL-005786
LBL-HISTORICAL-005787,historical,,exact_match,1,none,exact,0,0,INT-HISTORICAL-005787,SET-HISTORICAL-005787
LBL-HISTORICAL-005788,historical,,exact_match,1,none,exact,0,0,INT-HISTORICAL-005788,SET-HISTORICAL-005788
LBL-HISTORICAL-005789,historical,,settlement_delay,1,t_plus_delay,date_tolerance,0,1,INT-HISTORICAL-005789,SET-HISTORICAL-005789
LBL-HISTORICAL-005790,historical,,exact_match,1,none,exact,0,0,INT-HISTORICAL-005790,SET-HISTORICAL-005790
LBL-HISTORICAL-005791,historical,,exact_match,1,none,exact,0,0,INT-HISTORICAL-005791,SET-HISTORICAL-005791
LBL-HISTORICAL-005792,historical,,exact_match,1,none,exact,0,0,INT-HISTORICAL-005792,SET-HISTORICAL-005792
LBL-HISTORICAL-005793,historical,,exact_match,1,none,exact,0,0,INT-HISTORICAL-005793,SET-HISTORICAL-005793
LBL-HISTORICAL-005794,historical,,settlement_delay,1,t_plus_delay,date_tolerance,0,1,INT-HISTORICAL-005794,SET-HISTORICAL-005794
LBL-HISTORICAL-005795,historical,,exact_match,1,none,exact,0,0,INT-HISTORICAL-005795,SET-HISTORICAL-005795
LBL-HISTORICAL-005796,historical,,processing_fee,1,processor_fee,amount_tolerance,2,0,INT-HISTORICAL-005796,SET-HISTORICAL-005796
LBL-HISTORICAL-005797,historical,,rounding_difference,1,rounding,amount_tolerance,0,0,INT-HISTORICAL-005797,SET-HISTORICAL-005797
LBL-HISTORICAL-005798,historical,,exact_match,1,none,exact,0,0,INT-HISTORICAL-005798,SET-HISTORICAL-005798
LBL-HISTORICAL-005799,historical,,exact_match,1,none,exact,0,0,INT-HISTORICAL-005799,SET-HISTORICAL-005799
LBL-HISTORICAL-005800,historical,,exact_match,1,none,exact,0,0,INT-HISTORICAL-005800,SET-HISTORICAL-005800
LBL-HISTORICAL-005801,historical,,true_amount_mismatch,0,true_amount_mismatch,do_not_match,0,0,INT-HISTORICAL-005801,SET-HISTORICAL-005801
LBL-HISTORICAL-005802,historical,,exact_match,1,none,exact,0,0,INT-HISTORICAL-005802,SET-HISTORICAL-005802
LBL-HISTORICAL-005803,historical,,settlement_delay,1,t_plus_delay,date_tolerance,0,1,INT-HISTORICAL-005803,SET-HISTORICAL-005803
LBL-HISTORICAL-005804,historical,,reference_format,1,reference_normalization,reference_normalization,0,0,INT-HISTORICAL-005804,SET-HISTORICAL-005804
LBL-HISTORICAL-005805,historical,,exact_match,1,none,exact,0,0,INT-HISTORICAL-005805,SET-HISTORICAL-005805
LBL-HISTORICAL-005806,historical,,exact_match,1,none,exact,0,0,INT-HISTORICAL-005806,SET-HISTORICAL-005806
LBL-HISTORICAL-005807,historical,,exact_match,1,none,exact,0,0,INT-HISTORICAL-005807,SET-HISTORICAL-005807
LBL-HISTORICAL-005808,historical,,exact_match,1,none,exact,0,0,INT-HISTORICAL-005808,SET-HISTORICAL-005808
LBL-HISTORICAL-005809,historical,,true_amount_mismatch,0,true_amount_mismatch,do_not_match,0,0,INT-HISTORICAL-005809,SET-HISTORICAL-005809
LBL-HISTORICAL-005810,historical,,rounding_difference,1,rounding,amount_tolerance,0,0,INT-HISTORICAL-005810,SET-HISTORICAL-005810
LBL-HISTORICAL-005811,historical,,duplicate_processor_record,1,duplicate,dedupe_then_match,0,0,INT-HISTORICAL-005811,SET-HISTORICAL-005811
LBL-HISTORICAL-005812,historical,,exact_match,1,none,exact,0,0,INT-HISTORICAL-005812,SET-HISTORICAL-005812
LBL-HISTORICAL-005813,historical,,processing_fee,1,processor_fee,amount_tolerance,3,0,INT-HISTORICAL-005813,SET-HISTORICAL-005813
LBL-HISTORICAL-005814,historical,,settlement_delay,1,t_plus_delay,date_tolerance,0,2,INT-HISTORICAL-005814,SET-HISTORICAL-005814
LBL-HISTORICAL-005815,historical,,exact_match,1,none,exact,0,0,INT-HISTORICAL-005815,SET-HISTORICAL-005815
LBL-HISTORICAL-005816,historical,,processing_fee,1,processor_fee,amount_tolerance,1,0,INT-HISTORICAL-005816,SET-HISTORICAL-005816
LBL-HISTORICAL-005817,historical,,exact_match,1,none,exact,0,0,INT-HISTORICAL-005817,SET-HISTORICAL-005817
LBL-HISTORICAL-005818,historical,,exact_match,1,none,exact,0,0,INT-HISTORICAL-005818,SET-HISTORICAL-005818
LBL-HISTORICAL-005819,historical,,exact_match,1,none,exact,0,0,INT-HISTORICAL-005819,SET-HISTORICAL-005819
LBL-HISTORICAL-005820,historical,,exact_match,1,none,exact,0,0,INT-HISTORICAL-005820,SET-HISTORICAL-005820
LBL-HISTORICAL-005821,historical,,exact_match,1,none,exact,0,0,INT-HISTORICAL-005821,SET-HISTORICAL-005821
LBL-HISTORICAL-005822,historical,,duplicate_processor_record,1,duplicate,dedupe_then_match,0,0,INT-HISTORICAL-005822,SET-HISTORICAL-005822
LBL-HISTORICAL-005823,historical,,exact_match,1,none,exact,0,0,INT-HISTORICAL-005823,SET-HISTORICAL-005823
LBL-HISTORICAL-005824,historical,,exact_match,1,none,exact,0,0,INT-HISTORICAL-005824,SET-HISTORICAL-005824
LBL-HISTORICAL-005825,historical,,processing_fee,1,processor_fee,amount_tolerance,1,0,INT-HISTORICAL-005825,SET-HISTORICAL-005825
LBL-HISTORICAL-005826,historical,,true_amount_mismatch,0,true_amount_mismatch,do_not_match,0,0,INT-HISTORICAL-005826,SET-HISTORICAL-005826
LBL-HISTORICAL-005827,historical,,exact_match,1,none,exact,0,0,INT-HISTORICAL-005827,SET-HISTORICAL-005827
LBL-HISTORICAL-005828,historical,,exact_match,1,none,exact,0,0,INT-HISTORICAL-005828,SET-HISTORICAL-005828
LBL-HISTORICAL-005829,historical,,exact_match,1,none,exact,0,0,INT-HISTORICAL-005829,SET-HISTORICAL-005829
LBL-HISTORICAL-005830,historical,,reference_format,1,reference_normalization,reference_normalization,0,0,INT-HISTORICAL-005830,SET-HISTORICAL-005830
LBL-HISTORICAL-005831,historical,,exact_match,1,none,exact,0,0,INT-HISTORICAL-005831,SET-HISTORICAL-005831
LBL-HISTORICAL-005832,historical,,true_amount_mismatch,0,true_amount_mismatch,do_not_match,0,0,INT-HISTORICAL-005832,SET-HISTORICAL-005832
LBL-HISTORICAL-005833,historical,,exact_match,1,none,exact,0,0,INT-HISTORICAL-005833,SET-HISTORICAL-005833
LBL-HISTORICAL-005834,historical,,exact_match,1,none,exact,0,0,INT-HISTORICAL-005834,SET-HISTORICAL-005834
LBL-HISTORICAL-005835,historical,,exact_match,1,none,exact,0,0,INT-HISTORICAL-005835,SET-HISTORICAL-005835
LBL-HISTORICAL-005836,historical,,rounding_difference,1,rounding,amount_tolerance,0,0,INT-HISTORICAL-005836,SET-HISTORICAL-005836
LBL-HISTORICAL-005837,historical,,reference_format,1,reference_normalization,reference_normalization,0,0,INT-HISTORICAL-005837,SET-HISTORICAL-005837
LBL-HISTORICAL-005838,historical,,exact_match,1,none,exact,0,0,INT-HISTORICAL-005838,SET-HISTORICAL-005838
LBL-HISTORICAL-005839,historical,,exact_match,1,none,exact,0,0,INT-HISTORICAL-005839,SET-HISTORICAL-005839
LBL-HISTORICAL-005840,historical,,exact_match,1,none,exact,0,0,INT-HISTORICAL-005840,SET-HISTORICAL-005840
LBL-HISTORICAL-005841,historical,,exact_match,1,none,exact,0,0,INT-HISTORICAL-005841,SET-HISTORICAL-005841
LBL-HISTORICAL-005842,historical,,exact_match,1,none,exact,0,0,INT-HISTORICAL-005842,SET-HISTORICAL-005842
LBL-HISTORICAL-005843,historical,,exact_match,1,none,exact,0,0,INT-HISTORICAL-005843,SET-HISTORICAL-005843
LBL-HISTORICAL-005844,historical,,exact_match,1,none,exact,0,0,INT-HISTORICAL-005844,SET-HISTORICAL-005844
LBL-HISTORICAL-005845,historical,,exact_match,1,none,exact,0,0,INT-HISTORICAL-005845,SET-HISTORICAL-005845
LBL-HISTORICAL-005846,historical,,exact_match,1,none,exact,0,0,INT-HISTORICAL-005846,SET-HISTORICAL-005846
LBL-HISTORICAL-005847,historical,,exact_match,1,none,exact,0,0,INT-HISTORICAL-005847,SET-HISTORICAL-005847
LBL-HISTORICAL-005848,historical,,reference_format,1,reference_normalization,reference_normalization,0,0,INT-HISTORICAL-005848,SET-HISTORICAL-005848
LBL-HISTORICAL-005849,historical,,exact_match,1,none,exact,0,0,INT-HISTORICAL-005849,SET-HISTORICAL-005849
LBL-HISTORICAL-005850,historical,,exact_match,1,none,exact,0,0,INT-HISTORICAL-005850,SET-HISTORICAL-005850
LBL-HISTORICAL-005851,historical,,exact_match,1,none,exact,0,0,INT-HISTORICAL-005851,SET-HISTORICAL-005851
LBL-HISTORICAL-005852,historical,,exact_match,1,none,exact,0,0,INT-HISTORICAL-005852,SET-HISTORICAL-005852
LBL-HISTORICAL-005853,historical,,exact_match,1,none,exact,0,0,INT-HISTORICAL-005853,SET-HISTORICAL-005853
LBL-HISTORICAL-005854,historical,,exact_match,1,none,exact,0,0,INT-HISTORICAL-005854,SET-HISTORICAL-005854
LBL-HISTORICAL-005855,historical,,exact_match,1,none,exact,0,0,INT-HISTORICAL-005855,SET-HISTORICAL-005855
LBL-HISTORICAL-005856,historical,,exact_match,1,none,exact,0,0,INT-HISTORICAL-005856,SET-HISTORICAL-005856
LBL-HISTORICAL-005857,historical,,exact_match,1,none,exact,0,0,INT-HISTORICAL-005857,SET-HISTORICAL-005857
LBL-HISTORICAL-005858,historical,,exact_match,1,none,exact,0,0,INT-HISTORICAL-005858,SET-HISTORICAL-005858
LBL-HISTORICAL-005859,historical,,exact_match,1,none,exact,0,0,INT-HISTORICAL-005859,SET-HISTORICAL-005859
LBL-HISTORICAL-005860,historical,,processing_fee,1,processor_fee,amount_tolerance,2,0,INT-HISTORICAL-005860,SET-HISTORICAL-005860
LBL-HISTORICAL-005861,historical,,exact_match,1,none,exact,0,0,INT-HISTORICAL-005861,SET-HISTORICAL-005861
LBL-HISTORICAL-005862,historical,,exact_match,1,none,exact,0,0,INT-HISTORICAL-005862,SET-HISTORICAL-005862
LBL-HISTORICAL-005863,historical,,exact_match,1,none,exact,0,0,INT-HISTORICAL-005863,SET-HISTORICAL-005863
LBL-HISTORICAL-005864,historical,,exact_match,1,none,exact,0,0,INT-HISTORICAL-005864,SET-HISTORICAL-005864
LBL-HISTORICAL-005865,historical,,rounding_difference,1,rounding,amount_tolerance,0,0,INT-HISTORICAL-005865,SET-HISTORICAL-005865
LBL-HISTORICAL-005866,historical,,rounding_difference,1,rounding,amount_tolerance,0,0,INT-HISTORICAL-005866,SET-HISTORICAL-005866
LBL-HISTORICAL-005867,historical,,processing_fee,1,processor_fee,amount_tolerance,1,0,INT-HISTORICAL-005867,SET-HISTORICAL-005867
LBL-HISTORICAL-005868,historical,,exact_match,1,none,exact,0,0,INT-HISTORICAL-005868,SET-HISTORICAL-005868
LBL-HISTORICAL-005869,historical,,processing_fee,1,processor_fee,amount_tolerance,2,0,INT-HISTORICAL-005869,SET-HISTORICAL-005869
LBL-HISTORICAL-005870,historical,,exact_match,1,none,exact,0,0,INT-HISTORICAL-005870,SET-HISTORICAL-005870
LBL-HISTORICAL-005871,historical,,exact_match,1,none,exact,0,0,INT-HISTORICAL-005871,SET-HISTORICAL-005871
LBL-HISTORICAL-005872,historical,,exact_match,1,none,exact,0,0,INT-HISTORICAL-005872,SET-HISTORICAL-005872
LBL-HISTORICAL-005873,historical,,settlement_delay,1,t_plus_delay,date_tolerance,0,2,INT-HISTORICAL-005873,SET-HISTORICAL-005873
LBL-HISTORICAL-005874,historical,,settlement_delay,1,t_plus_delay,date_tolerance,0,1,INT-HISTORICAL-005874,SET-HISTORICAL-005874
LBL-HISTORICAL-005875,historical,,exact_match,1,none,exact,0,0,INT-HISTORICAL-005875,SET-HISTORICAL-005875
LBL-HISTORICAL-005876,historical,,exact_match,1,none,exact,0,0,INT-HISTORICAL-005876,SET-HISTORICAL-005876
LBL-HISTORICAL-005877,historical,,processing_fee,1,processor_fee,amount_tolerance,5,0,INT-HISTORICAL-005877,SET-HISTORICAL-005877
LBL-HISTORICAL-005878,historical,,reference_format,1,reference_normalization,reference_normalization,0,0,INT-HISTORICAL-005878,SET-HISTORICAL-005878
LBL-HISTORICAL-005879,historical,,exact_match,1,none,exact,0,0,INT-HISTORICAL-005879,SET-HISTORICAL-005879
LBL-HISTORICAL-005880,historical,,exact_match,1,none,exact,0,0,INT-HISTORICAL-005880,SET-HISTORICAL-005880
LBL-HISTORICAL-005881,historical,,exact_match,1,none,exact,0,0,INT-HISTORICAL-005881,SET-HISTORICAL-005881
LBL-HISTORICAL-005882,historical,,exact_match,1,none,exact,0,0,INT-HISTORICAL-005882,SET-HISTORICAL-005882
LBL-HISTORICAL-005883,historical,,exact_match,1,none,exact,0,0,INT-HISTORICAL-005883,SET-HISTORICAL-005883
LBL-HISTORICAL-005884,historical,,exact_match,1,none,exact,0,0,INT-HISTORICAL-005884,SET-HISTORICAL-005884
LBL-HISTORICAL-005885,historical,,processing_fee,1,processor_fee,amount_tolerance,3,0,INT-HISTORICAL-005885,SET-HISTORICAL-005885
LBL-HISTORICAL-005886,historical,,settlement_delay,1,t_plus_delay,date_tolerance,0,2,INT-HISTORICAL-005886,SET-HISTORICAL-005886
LBL-HISTORICAL-005887,historical,,exact_match,1,none,exact,0,0,INT-HISTORICAL-005887,SET-HISTORICAL-005887
LBL-HISTORICAL-005888,historical,,exact_match,1,none,exact,0,0,INT-HISTORICAL-005888,SET-HISTORICAL-005888
LBL-HISTORICAL-005889,historical,,exact_match,1,none,exact,0,0,INT-HISTORICAL-005889,SET-HISTORICAL-005889
LBL-HISTORICAL-005890,historical,,rounding_difference,1,rounding,amount_tolerance,0,0,INT-HISTORICAL-005890,SET-HISTORICAL-005890
LBL-HISTORICAL-005891,historical,,exact_match,1,none,exact,0,0,INT-HISTORICAL-005891,SET-HISTORICAL-005891
LBL-HISTORICAL-005892,historical,,exact_match,1,none,exact,0,0,INT-HISTORICAL-005892,SET-HISTORICAL-005892
LBL-HISTORICAL-005893,historical,,reference_format,1,reference_normalization,reference_normalization,0,0,INT-HISTORICAL-005893,SET-HISTORICAL-005893
LBL-HISTORICAL-005894,historical,,exact_match,1,none,exact,0,0,INT-HISTORICAL-005894,SET-HISTORICAL-005894
LBL-HISTORICAL-005895,historical,,exact_match,1,none,exact,0,0,INT-HISTORICAL-005895,SET-HISTORICAL-005895
LBL-HISTORICAL-005896,historical,,rounding_difference,1,rounding,amount_tolerance,0,0,INT-HISTORICAL-005896,SET-HISTORICAL-005896
LBL-HISTORICAL-005897,historical,,exact_match,1,none,exact,0,0,INT-HISTORICAL-005897,SET-HISTORICAL-005897
LBL-HISTORICAL-005898,historical,,exact_match,1,none,exact,0,0,INT-HISTORICAL-005898,SET-HISTORICAL-005898
LBL-HISTORICAL-005899,historical,,exact_match,1,none,exact,0,0,INT-HISTORICAL-005899,SET-HISTORICAL-005899
LBL-HISTORICAL-005900,historical,,exact_match,1,none,exact,0,0,INT-HISTORICAL-005900,SET-HISTORICAL-005900
LBL-HISTORICAL-005901,historical,,rounding_difference,1,rounding,amount_tolerance,0,0,INT-HISTORICAL-005901,SET-HISTORICAL-005901
LBL-HISTORICAL-005902,historical,,processing_fee,1,processor_fee,amount_tolerance,2,0,INT-HISTORICAL-005902,SET-HISTORICAL-005902
LBL-HISTORICAL-005903,historical,,settlement_delay,1,t_plus_delay,date_tolerance,0,1,INT-HISTORICAL-005903,SET-HISTORICAL-005903
LBL-HISTORICAL-005904,historical,,settlement_delay,1,t_plus_delay,date_tolerance,0,2,INT-HISTORICAL-005904,SET-HISTORICAL-005904
LBL-HISTORICAL-005905,historical,,reference_format,1,reference_normalization,reference_normalization,0,0,INT-HISTORICAL-005905,SET-HISTORICAL-005905
LBL-HISTORICAL-005906,historical,,exact_match,1,none,exact,0,0,INT-HISTORICAL-005906,SET-HISTORICAL-005906
LBL-HISTORICAL-005907,historical,,true_amount_mismatch,0,true_amount_mismatch,do_not_match,0,0,INT-HISTORICAL-005907,SET-HISTORICAL-005907
LBL-HISTORICAL-005908,historical,,exact_match,1,none,exact,0,0,INT-HISTORICAL-005908,SET-HISTORICAL-005908
LBL-HISTORICAL-005909,historical,,processing_fee,1,processor_fee,amount_tolerance,3,0,INT-HISTORICAL-005909,SET-HISTORICAL-005909
LBL-HISTORICAL-005910,historical,,reference_format,1,reference_normalization,reference_normalization,0,0,INT-HISTORICAL-005910,SET-HISTORICAL-005910
LBL-HISTORICAL-005911,historical,,exact_match,1,none,exact,0,0,INT-HISTORICAL-005911,SET-HISTORICAL-005911
LBL-HISTORICAL-005912,historical,,exact_match,1,none,exact,0,0,INT-HISTORICAL-005912,SET-HISTORICAL-005912
LBL-HISTORICAL-005913,historical,,duplicate_processor_record,1,duplicate,dedupe_then_match,0,0,INT-HISTORICAL-005913,SET-HISTORICAL-005913
LBL-HISTORICAL-005914,historical,,processing_fee,1,processor_fee,amount_tolerance,2,0,INT-HISTORICAL-005914,SET-HISTORICAL-005914
LBL-HISTORICAL-005915,historical,,reference_format,1,reference_normalization,reference_normalization,0,0,INT-HISTORICAL-005915,SET-HISTORICAL-005915
LBL-HISTORICAL-005916,historical,,exact_match,1,none,exact,0,0,INT-HISTORICAL-005916,SET-HISTORICAL-005916
LBL-HISTORICAL-005917,historical,,exact_match,1,none,exact,0,0,INT-HISTORICAL-005917,SET-HISTORICAL-005917
LBL-HISTORICAL-005918,historical,,exact_match,1,none,exact,0,0,INT-HISTORICAL-005918,SET-HISTORICAL-005918
LBL-HISTORICAL-005919,historical,,reference_format,1,reference_normalization,reference_normalization,0,0,INT-HISTORICAL-005919,SET-HISTORICAL-005919
LBL-HISTORICAL-005920,historical,,exact_match,1,none,exact,0,0,INT-HISTORICAL-005920,SET-HISTORICAL-005920
LBL-HISTORICAL-005921,historical,,exact_match,1,none,exact,0,0,INT-HISTORICAL-005921,SET-HISTORICAL-005921
LBL-HISTORICAL-005922,historical,,processing_fee,1,processor_fee,amount_tolerance,2,0,INT-HISTORICAL-005922,SET-HISTORICAL-005922
LBL-HISTORICAL-005923,historical,,exact_match,1,none,exact,0,0,INT-HISTORICAL-005923,SET-HISTORICAL-005923
LBL-HISTORICAL-005924,historical,,rounding_difference,1,rounding,amount_tolerance,0,0,INT-HISTORICAL-005924,SET-HISTORICAL-005924
LBL-HISTORICAL-005925,historical,,exact_match,1,none,exact,0,0,INT-HISTORICAL-005925,SET-HISTORICAL-005925
LBL-HISTORICAL-005926,historical,,exact_match,1,none,exact,0,0,INT-HISTORICAL-005926,SET-HISTORICAL-005926
LBL-HISTORICAL-005927,historical,,exact_match,1,none,exact,0,0,INT-HISTORICAL-005927,SET-HISTORICAL-005927
LBL-HISTORICAL-005928,historical,,settlement_delay,1,t_plus_delay,date_tolerance,0,2,INT-HISTORICAL-005928,SET-HISTORICAL-005928
LBL-HISTORICAL-005929,historical,,settlement_delay,1,t_plus_delay,date_tolerance,0,2,INT-HISTORICAL-005929,SET-HISTORICAL-005929
LBL-HISTORICAL-005930,historical,,duplicate_processor_record,1,duplicate,dedupe_then_match,0,0,INT-HISTORICAL-005930,SET-HISTORICAL-005930
LBL-HISTORICAL-005931,historical,,processing_fee,1,processor_fee,amount_tolerance,1,0,INT-HISTORICAL-005931,SET-HISTORICAL-005931
LBL-HISTORICAL-005932,historical,,exact_match,1,none,exact,0,0,INT-HISTORICAL-005932,SET-HISTORICAL-005932
LBL-HISTORICAL-005933,historical,,exact_match,1,none,exact,0,0,INT-HISTORICAL-005933,SET-HISTORICAL-005933
LBL-HISTORICAL-005934,historical,,exact_match,1,none,exact,0,0,INT-HISTORICAL-005934,SET-HISTORICAL-005934
LBL-HISTORICAL-005935,historical,,exact_match,1,none,exact,0,0,INT-HISTORICAL-005935,SET-HISTORICAL-005935
LBL-HISTORICAL-005936,historical,,true_amount_mismatch,0,true_amount_mismatch,do_not_match,0,0,INT-HISTORICAL-005936,SET-HISTORICAL-005936
LBL-HISTORICAL-005937,historical,,exact_match,1,none,exact,0,0,INT-HISTORICAL-005937,SET-HISTORICAL-005937
LBL-HISTORICAL-005938,historical,,settlement_delay,1,t_plus_delay,date_tolerance,0,1,INT-HISTORICAL-005938,SET-HISTORICAL-005938
LBL-HISTORICAL-005939,historical,,exact_match,1,none,exact,0,0,INT-HISTORICAL-005939,SET-HISTORICAL-005939
LBL-HISTORICAL-005940,historical,,exact_match,1,none,exact,0,0,INT-HISTORICAL-005940,SET-HISTORICAL-005940
LBL-HISTORICAL-005941,historical,,exact_match,1,none,exact,0,0,INT-HISTORICAL-005941,SET-HISTORICAL-005941
LBL-HISTORICAL-005942,historical,,exact_match,1,none,exact,0,0,INT-HISTORICAL-005942,SET-HISTORICAL-005942
LBL-HISTORICAL-005943,historical,,exact_match,1,none,exact,0,0,INT-HISTORICAL-005943,SET-HISTORICAL-005943
LBL-HISTORICAL-005944,historical,,exact_match,1,none,exact,0,0,INT-HISTORICAL-005944,SET-HISTORICAL-005944
LBL-HISTORICAL-005945,historical,,true_amount_mismatch,0,true_amount_mismatch,do_not_match,0,0,INT-HISTORICAL-005945,SET-HISTORICAL-005945
LBL-HISTORICAL-005946,historical,,exact_match,1,none,exact,0,0,INT-HISTORICAL-005946,SET-HISTORICAL-005946
LBL-HISTORICAL-005947,historical,,exact_match,1,none,exact,0,0,INT-HISTORICAL-005947,SET-HISTORICAL-005947
LBL-HISTORICAL-005948,historical,,exact_match,1,none,exact,0,0,INT-HISTORICAL-005948,SET-HISTORICAL-005948
LBL-HISTORICAL-005949,historical,,exact_match,1,none,exact,0,0,INT-HISTORICAL-005949,SET-HISTORICAL-005949
LBL-HISTORICAL-005950,historical,,reference_format,1,reference_normalization,reference_normalization,0,0,INT-HISTORICAL-005950,SET-HISTORICAL-005950
LBL-HISTORICAL-005951,historical,,exact_match,1,none,exact,0,0,INT-HISTORICAL-005951,SET-HISTORICAL-005951
LBL-HISTORICAL-005952,historical,,exact_match,1,none,exact,0,0,INT-HISTORICAL-005952,SET-HISTORICAL-005952
LBL-HISTORICAL-005953,historical,,true_amount_mismatch,0,true_amount_mismatch,do_not_match,0,0,INT-HISTORICAL-005953,SET-HISTORICAL-005953
LBL-HISTORICAL-005954,historical,,rounding_difference,1,rounding,amount_tolerance,0,0,INT-HISTORICAL-005954,SET-HISTORICAL-005954
LBL-HISTORICAL-005955,historical,,exact_match,1,none,exact,0,0,INT-HISTORICAL-005955,SET-HISTORICAL-005955
LBL-HISTORICAL-005956,historical,,exact_match,1,none,exact,0,0,INT-HISTORICAL-005956,SET-HISTORICAL-005956
LBL-HISTORICAL-005957,historical,,exact_match,1,none,exact,0,0,INT-HISTORICAL-005957,SET-HISTORICAL-005957
LBL-HISTORICAL-005958,historical,,exact_match,1,none,exact,0,0,INT-HISTORICAL-005958,SET-HISTORICAL-005958
LBL-HISTORICAL-005959,historical,,exact_match,1,none,exact,0,0,INT-HISTORICAL-005959,SET-HISTORICAL-005959
LBL-HISTORICAL-005960,historical,,exact_match,1,none,exact,0,0,INT-HISTORICAL-005960,SET-HISTORICAL-005960
LBL-HISTORICAL-005961,historical,,exact_match,1,none,exact,0,0,INT-HISTORICAL-005961,SET-HISTORICAL-005961
LBL-HISTORICAL-005962,historical,,processing_fee,1,processor_fee,amount_tolerance,5,0,INT-HISTORICAL-005962,SET-HISTORICAL-005962
LBL-HISTORICAL-005963,historical,,exact_match,1,none,exact,0,0,INT-HISTORICAL-005963,SET-HISTORICAL-005963
LBL-HISTORICAL-005964,historical,,exact_match,1,none,exact,0,0,INT-HISTORICAL-005964,SET-HISTORICAL-005964
LBL-HISTORICAL-005965,historical,,exact_match,1,none,exact,0,0,INT-HISTORICAL-005965,SET-HISTORICAL-005965
LBL-HISTORICAL-005966,historical,,exact_match,1,none,exact,0,0,INT-HISTORICAL-005966,SET-HISTORICAL-005966
LBL-HISTORICAL-005967,historical,,exact_match,1,none,exact,0,0,INT-HISTORICAL-005967,SET-HISTORICAL-005967
LBL-HISTORICAL-005968,historical,,reference_format,1,reference_normalization,reference_normalization,0,0,INT-HISTORICAL-005968,SET-HISTORICAL-005968
LBL-HISTORICAL-005969,historical,,exact_match,1,none,exact,0,0,INT-HISTORICAL-005969,SET-HISTORICAL-005969
LBL-HISTORICAL-005970,historical,,exact_match,1,none,exact,0,0,INT-HISTORICAL-005970,SET-HISTORICAL-005970
LBL-HISTORICAL-005971,historical,,exact_match,1,none,exact,0,0,INT-HISTORICAL-005971,SET-HISTORICAL-005971
LBL-HISTORICAL-005972,historical,,exact_match,1,none,exact,0,0,INT-HISTORICAL-005972,SET-HISTORICAL-005972
LBL-HISTORICAL-005973,historical,,exact_match,1,none,exact,0,0,INT-HISTORICAL-005973,SET-HISTORICAL-005973
LBL-HISTORICAL-005974,historical,,processing_fee,1,processor_fee,amount_tolerance,5,0,INT-HISTORICAL-005974,SET-HISTORICAL-005974
LBL-HISTORICAL-005975,historical,,exact_match,1,none,exact,0,0,INT-HISTORICAL-005975,SET-HISTORICAL-005975
LBL-HISTORICAL-005976,historical,,exact_match,1,none,exact,0,0,INT-HISTORICAL-005976,SET-HISTORICAL-005976
LBL-HISTORICAL-005977,historical,,true_amount_mismatch,0,true_amount_mismatch,do_not_match,0,0,INT-HISTORICAL-005977,SET-HISTORICAL-005977
LBL-HISTORICAL-005978,historical,,exact_match,1,none,exact,0,0,INT-HISTORICAL-005978,SET-HISTORICAL-005978
LBL-HISTORICAL-005979,historical,,exact_match,1,none,exact,0,0,INT-HISTORICAL-005979,SET-HISTORICAL-005979
LBL-HISTORICAL-005980,historical,,processing_fee,1,processor_fee,amount_tolerance,2,0,INT-HISTORICAL-005980,SET-HISTORICAL-005980
LBL-HISTORICAL-005981,historical,,reference_format,1,reference_normalization,reference_normalization,0,0,INT-HISTORICAL-005981,SET-HISTORICAL-005981
LBL-HISTORICAL-005982,historical,,exact_match,1,none,exact,0,0,INT-HISTORICAL-005982,SET-HISTORICAL-005982
LBL-HISTORICAL-005983,historical,,exact_match,1,none,exact,0,0,INT-HISTORICAL-005983,SET-HISTORICAL-005983
LBL-HISTORICAL-005984,historical,,exact_match,1,none,exact,0,0,INT-HISTORICAL-005984,SET-HISTORICAL-005984
LBL-HISTORICAL-005985,historical,,exact_match,1,none,exact,0,0,INT-HISTORICAL-005985,SET-HISTORICAL-005985
LBL-HISTORICAL-005986,historical,,exact_match,1,none,exact,0,0,INT-HISTORICAL-005986,SET-HISTORICAL-005986
LBL-HISTORICAL-005987,historical,,settlement_delay,1,t_plus_delay,date_tolerance,0,1,INT-HISTORICAL-005987,SET-HISTORICAL-005987
LBL-HISTORICAL-005988,historical,,exact_match,1,none,exact,0,0,INT-HISTORICAL-005988,SET-HISTORICAL-005988
LBL-HISTORICAL-005989,historical,,exact_match,1,none,exact,0,0,INT-HISTORICAL-005989,SET-HISTORICAL-005989
LBL-HISTORICAL-005990,historical,,exact_match,1,none,exact,0,0,INT-HISTORICAL-005990,SET-HISTORICAL-005990
LBL-HISTORICAL-005991,historical,,exact_match,1,none,exact,0,0,INT-HISTORICAL-005991,SET-HISTORICAL-005991
LBL-HISTORICAL-005992,historical,,exact_match,1,none,exact,0,0,INT-HISTORICAL-005992,SET-HISTORICAL-005992
LBL-HISTORICAL-005993,historical,,exact_match,1,none,exact,0,0,INT-HISTORICAL-005993,SET-HISTORICAL-005993
LBL-HISTORICAL-005994,historical,,processing_fee,1,processor_fee,amount_tolerance,1,0,INT-HISTORICAL-005994,SET-HISTORICAL-005994
LBL-HISTORICAL-005995,historical,,exact_match,1,none,exact,0,0,INT-HISTORICAL-005995,SET-HISTORICAL-005995
LBL-HISTORICAL-005996,historical,,exact_match,1,none,exact,0,0,INT-HISTORICAL-005996,SET-HISTORICAL-005996
LBL-HISTORICAL-005997,historical,,exact_match,1,none,exact,0,0,INT-HISTORICAL-005997,SET-HISTORICAL-005997
LBL-HISTORICAL-005998,historical,,rounding_difference,1,rounding,amount_tolerance,0,0,INT-HISTORICAL-005998,SET-HISTORICAL-005998
LBL-HISTORICAL-005999,historical,,true_amount_mismatch,0,true_amount_mismatch,do_not_match,0,0,INT-HISTORICAL-005999,SET-HISTORICAL-005999
LBL-HISTORICAL-006000,historical,,exact_match,1,none,exact,0,0,INT-HISTORICAL-006000,SET-HISTORICAL-006000
LBL-HISTORICAL-006001,historical,,exact_match,1,none,exact,0,0,INT-HISTORICAL-006001,SET-HISTORICAL-006001
LBL-HISTORICAL-006002,historical,,exact_match,1,none,exact,0,0,INT-HISTORICAL-006002,SET-HISTORICAL-006002
LBL-HISTORICAL-006003,historical,,settlement_delay,1,t_plus_delay,date_tolerance,0,2,INT-HISTORICAL-006003,SET-HISTORICAL-006003
LBL-HISTORICAL-006004,historical,,exact_match,1,none,exact,0,0,INT-HISTORICAL-006004,SET-HISTORICAL-006004
LBL-HISTORICAL-006005,historical,,exact_match,1,none,exact,0,0,INT-HISTORICAL-006005,SET-HISTORICAL-006005
LBL-HISTORICAL-006006,historical,,exact_match,1,none,exact,0,0,INT-HISTORICAL-006006,SET-HISTORICAL-006006
LBL-HISTORICAL-006007,historical,,exact_match,1,none,exact,0,0,INT-HISTORICAL-006007,SET-HISTORICAL-006007
LBL-HISTORICAL-006008,historical,,settlement_delay,1,t_plus_delay,date_tolerance,0,1,INT-HISTORICAL-006008,SET-HISTORICAL-006008
LBL-HISTORICAL-006009,historical,,exact_match,1,none,exact,0,0,INT-HISTORICAL-006009,SET-HISTORICAL-006009
LBL-HISTORICAL-006010,historical,,reference_format,1,reference_normalization,reference_normalization,0,0,INT-HISTORICAL-006010,SET-HISTORICAL-006010
LBL-HISTORICAL-006011,historical,,exact_match,1,none,exact,0,0,INT-HISTORICAL-006011,SET-HISTORICAL-006011
LBL-HISTORICAL-006012,historical,,reference_format,1,reference_normalization,reference_normalization,0,0,INT-HISTORICAL-006012,SET-HISTORICAL-006012
LBL-HISTORICAL-006013,historical,,exact_match,1,none,exact,0,0,INT-HISTORICAL-006013,SET-HISTORICAL-006013
LBL-HISTORICAL-006014,historical,,exact_match,1,none,exact,0,0,INT-HISTORICAL-006014,SET-HISTORICAL-006014
LBL-HISTORICAL-006015,historical,,exact_match,1,none,exact,0,0,INT-HISTORICAL-006015,SET-HISTORICAL-006015
LBL-HISTORICAL-006016,historical,,true_amount_mismatch,0,true_amount_mismatch,do_not_match,0,0,INT-HISTORICAL-006016,SET-HISTORICAL-006016
LBL-HISTORICAL-006017,historical,,rounding_difference,1,rounding,amount_tolerance,0,0,INT-HISTORICAL-006017,SET-HISTORICAL-006017
LBL-HISTORICAL-006018,historical,,processing_fee,1,processor_fee,amount_tolerance,2,0,INT-HISTORICAL-006018,SET-HISTORICAL-006018
LBL-HISTORICAL-006019,historical,,exact_match,1,none,exact,0,0,INT-HISTORICAL-006019,SET-HISTORICAL-006019
LBL-HISTORICAL-006020,historical,,reference_format,1,reference_normalization,reference_normalization,0,0,INT-HISTORICAL-006020,SET-HISTORICAL-006020
LBL-HISTORICAL-006021,historical,,exact_match,1,none,exact,0,0,INT-HISTORICAL-006021,SET-HISTORICAL-006021
LBL-HISTORICAL-006022,historical,,settlement_delay,1,t_plus_delay,date_tolerance,0,1,INT-HISTORICAL-006022,SET-HISTORICAL-006022
LBL-HISTORICAL-006023,historical,,reference_format,1,reference_normalization,reference_normalization,0,0,INT-HISTORICAL-006023,SET-HISTORICAL-006023
LBL-HISTORICAL-006024,historical,,exact_match,1,none,exact,0,0,INT-HISTORICAL-006024,SET-HISTORICAL-006024
LBL-HISTORICAL-006025,historical,,exact_match,1,none,exact,0,0,INT-HISTORICAL-006025,SET-HISTORICAL-006025
LBL-HISTORICAL-006026,historical,,duplicate_processor_record,1,duplicate,dedupe_then_match,0,0,INT-HISTORICAL-006026,SET-HISTORICAL-006026
LBL-HISTORICAL-006027,historical,,exact_match,1,none,exact,0,0,INT-HISTORICAL-006027,SET-HISTORICAL-006027
LBL-HISTORICAL-006028,historical,,settlement_delay,1,t_plus_delay,date_tolerance,0,1,INT-HISTORICAL-006028,SET-HISTORICAL-006028
LBL-HISTORICAL-006029,historical,,processing_fee,1,processor_fee,amount_tolerance,5,0,INT-HISTORICAL-006029,SET-HISTORICAL-006029
LBL-HISTORICAL-006030,historical,,exact_match,1,none,exact,0,0,INT-HISTORICAL-006030,SET-HISTORICAL-006030
LBL-HISTORICAL-006031,historical,,exact_match,1,none,exact,0,0,INT-HISTORICAL-006031,SET-HISTORICAL-006031
LBL-HISTORICAL-006032,historical,,exact_match,1,none,exact,0,0,INT-HISTORICAL-006032,SET-HISTORICAL-006032
LBL-HISTORICAL-006033,historical,,exact_match,1,none,exact,0,0,INT-HISTORICAL-006033,SET-HISTORICAL-006033
LBL-HISTORICAL-006034,historical,,exact_match,1,none,exact,0,0,INT-HISTORICAL-006034,SET-HISTORICAL-006034
LBL-HISTORICAL-006035,historical,,currency_mismatch,0,currency_mismatch,do_not_match,0,0,INT-HISTORICAL-006035,SET-HISTORICAL-006035
LBL-HISTORICAL-006036,historical,,exact_match,1,none,exact,0,0,INT-HISTORICAL-006036,SET-HISTORICAL-006036
LBL-HISTORICAL-006037,historical,,exact_match,1,none,exact,0,0,INT-HISTORICAL-006037,SET-HISTORICAL-006037
LBL-HISTORICAL-006038,historical,,exact_match,1,none,exact,0,0,INT-HISTORICAL-006038,SET-HISTORICAL-006038
LBL-HISTORICAL-006039,historical,,exact_match,1,none,exact,0,0,INT-HISTORICAL-006039,SET-HISTORICAL-006039
LBL-HISTORICAL-006040,historical,,true_amount_mismatch,0,true_amount_mismatch,do_not_match,0,0,INT-HISTORICAL-006040,SET-HISTORICAL-006040
LBL-HISTORICAL-006041,historical,,exact_match,1,none,exact,0,0,INT-HISTORICAL-006041,SET-HISTORICAL-006041
LBL-HISTORICAL-006042,historical,,exact_match,1,none,exact,0,0,INT-HISTORICAL-006042,SET-HISTORICAL-006042
LBL-HISTORICAL-006043,historical,,exact_match,1,none,exact,0,0,INT-HISTORICAL-006043,SET-HISTORICAL-006043
LBL-HISTORICAL-006044,historical,,exact_match,1,none,exact,0,0,INT-HISTORICAL-006044,SET-HISTORICAL-006044
LBL-HISTORICAL-006045,historical,,exact_match,1,none,exact,0,0,INT-HISTORICAL-006045,SET-HISTORICAL-006045
LBL-HISTORICAL-006046,historical,,exact_match,1,none,exact,0,0,INT-HISTORICAL-006046,SET-HISTORICAL-006046
LBL-HISTORICAL-006047,historical,,exact_match,1,none,exact,0,0,INT-HISTORICAL-006047,SET-HISTORICAL-006047
LBL-HISTORICAL-006048,historical,,reference_format,1,reference_normalization,reference_normalization,0,0,INT-HISTORICAL-006048,SET-HISTORICAL-006048
LBL-HISTORICAL-006049,historical,,exact_match,1,none,exact,0,0,INT-HISTORICAL-006049,SET-HISTORICAL-006049
LBL-HISTORICAL-006050,historical,,exact_match,1,none,exact,0,0,INT-HISTORICAL-006050,SET-HISTORICAL-006050
LBL-HISTORICAL-006051,historical,,settlement_delay,1,t_plus_delay,date_tolerance,0,1,INT-HISTORICAL-006051,SET-HISTORICAL-006051
LBL-HISTORICAL-006052,historical,,settlement_delay,1,t_plus_delay,date_tolerance,0,2,INT-HISTORICAL-006052,SET-HISTORICAL-006052
LBL-HISTORICAL-006053,historical,,exact_match,1,none,exact,0,0,INT-HISTORICAL-006053,SET-HISTORICAL-006053
LBL-HISTORICAL-006054,historical,,exact_match,1,none,exact,0,0,INT-HISTORICAL-006054,SET-HISTORICAL-006054
LBL-HISTORICAL-006055,historical,,exact_match,1,none,exact,0,0,INT-HISTORICAL-006055,SET-HISTORICAL-006055
LBL-HISTORICAL-006056,historical,,processing_fee,1,processor_fee,amount_tolerance,1,0,INT-HISTORICAL-006056,SET-HISTORICAL-006056
LBL-HISTORICAL-006057,historical,,exact_match,1,none,exact,0,0,INT-HISTORICAL-006057,SET-HISTORICAL-006057
LBL-HISTORICAL-006058,historical,,exact_match,1,none,exact,0,0,INT-HISTORICAL-006058,SET-HISTORICAL-006058
LBL-HISTORICAL-006059,historical,,exact_match,1,none,exact,0,0,INT-HISTORICAL-006059,SET-HISTORICAL-006059
LBL-HISTORICAL-006060,historical,,exact_match,1,none,exact,0,0,INT-HISTORICAL-006060,SET-HISTORICAL-006060
LBL-HISTORICAL-006061,historical,,reference_format,1,reference_normalization,reference_normalization,0,0,INT-HISTORICAL-006061,SET-HISTORICAL-006061
LBL-HISTORICAL-006062,historical,,rounding_difference,1,rounding,amount_tolerance,0,0,INT-HISTORICAL-006062,SET-HISTORICAL-006062
LBL-HISTORICAL-006063,historical,,exact_match,1,none,exact,0,0,INT-HISTORICAL-006063,SET-HISTORICAL-006063
LBL-HISTORICAL-006064,historical,,processing_fee,1,processor_fee,amount_tolerance,5,0,INT-HISTORICAL-006064,SET-HISTORICAL-006064
LBL-HISTORICAL-006065,historical,,exact_match,1,none,exact,0,0,INT-HISTORICAL-006065,SET-HISTORICAL-006065
LBL-HISTORICAL-006066,historical,,reference_format,1,reference_normalization,reference_normalization,0,0,INT-HISTORICAL-006066,SET-HISTORICAL-006066
LBL-HISTORICAL-006067,historical,,settlement_delay,1,t_plus_delay,date_tolerance,0,1,INT-HISTORICAL-006067,SET-HISTORICAL-006067
LBL-HISTORICAL-006068,historical,,exact_match,1,none,exact,0,0,INT-HISTORICAL-006068,SET-HISTORICAL-006068
LBL-HISTORICAL-006069,historical,,reference_format,1,reference_normalization,reference_normalization,0,0,INT-HISTORICAL-006069,SET-HISTORICAL-006069
LBL-HISTORICAL-006070,historical,,exact_match,1,none,exact,0,0,INT-HISTORICAL-006070,SET-HISTORICAL-006070
LBL-HISTORICAL-006071,historical,,exact_match,1,none,exact,0,0,INT-HISTORICAL-006071,SET-HISTORICAL-006071
LBL-HISTORICAL-006072,historical,,exact_match,1,none,exact,0,0,INT-HISTORICAL-006072,SET-HISTORICAL-006072
LBL-HISTORICAL-006073,historical,,exact_match,1,none,exact,0,0,INT-HISTORICAL-006073,SET-HISTORICAL-006073
LBL-HISTORICAL-006074,historical,,processing_fee,1,processor_fee,amount_tolerance,5,0,INT-HISTORICAL-006074,SET-HISTORICAL-006074
LBL-HISTORICAL-006075,historical,,reference_format,1,reference_normalization,reference_normalization,0,0,INT-HISTORICAL-006075,SET-HISTORICAL-006075
LBL-HISTORICAL-006076,historical,,exact_match,1,none,exact,0,0,INT-HISTORICAL-006076,SET-HISTORICAL-006076
LBL-HISTORICAL-006077,historical,,exact_match,1,none,exact,0,0,INT-HISTORICAL-006077,SET-HISTORICAL-006077
LBL-HISTORICAL-006078,historical,,exact_match,1,none,exact,0,0,INT-HISTORICAL-006078,SET-HISTORICAL-006078
LBL-HISTORICAL-006079,historical,,currency_mismatch,0,currency_mismatch,do_not_match,0,0,INT-HISTORICAL-006079,SET-HISTORICAL-006079
LBL-HISTORICAL-006080,historical,,exact_match,1,none,exact,0,0,INT-HISTORICAL-006080,SET-HISTORICAL-006080
LBL-HISTORICAL-006081,historical,,exact_match,1,none,exact,0,0,INT-HISTORICAL-006081,SET-HISTORICAL-006081
LBL-HISTORICAL-006082,historical,,rounding_difference,1,rounding,amount_tolerance,0,0,INT-HISTORICAL-006082,SET-HISTORICAL-006082
LBL-HISTORICAL-006083,historical,,exact_match,1,none,exact,0,0,INT-HISTORICAL-006083,SET-HISTORICAL-006083
LBL-HISTORICAL-006084,historical,,exact_match,1,none,exact,0,0,INT-HISTORICAL-006084,SET-HISTORICAL-006084
LBL-HISTORICAL-006085,historical,,exact_match,1,none,exact,0,0,INT-HISTORICAL-006085,SET-HISTORICAL-006085
LBL-HISTORICAL-006086,historical,,exact_match,1,none,exact,0,0,INT-HISTORICAL-006086,SET-HISTORICAL-006086
LBL-HISTORICAL-006087,historical,,exact_match,1,none,exact,0,0,INT-HISTORICAL-006087,SET-HISTORICAL-006087
LBL-HISTORICAL-006088,historical,,exact_match,1,none,exact,0,0,INT-HISTORICAL-006088,SET-HISTORICAL-006088
LBL-HISTORICAL-006089,historical,,exact_match,1,none,exact,0,0,INT-HISTORICAL-006089,SET-HISTORICAL-006089
LBL-HISTORICAL-006090,historical,,exact_match,1,none,exact,0,0,INT-HISTORICAL-006090,SET-HISTORICAL-006090
LBL-HISTORICAL-006091,historical,,settlement_delay,1,t_plus_delay,date_tolerance,0,1,INT-HISTORICAL-006091,SET-HISTORICAL-006091
LBL-HISTORICAL-006092,historical,,processing_fee,1,processor_fee,amount_tolerance,5,0,INT-HISTORICAL-006092,SET-HISTORICAL-006092
LBL-HISTORICAL-006093,historical,,exact_match,1,none,exact,0,0,INT-HISTORICAL-006093,SET-HISTORICAL-006093
LBL-HISTORICAL-006094,historical,,exact_match,1,none,exact,0,0,INT-HISTORICAL-006094,SET-HISTORICAL-006094
LBL-HISTORICAL-006095,historical,,exact_match,1,none,exact,0,0,INT-HISTORICAL-006095,SET-HISTORICAL-006095
LBL-HISTORICAL-006096,historical,,exact_match,1,none,exact,0,0,INT-HISTORICAL-006096,SET-HISTORICAL-006096
LBL-HISTORICAL-006097,historical,,exact_match,1,none,exact,0,0,INT-HISTORICAL-006097,SET-HISTORICAL-006097
LBL-HISTORICAL-006098,historical,,exact_match,1,none,exact,0,0,INT-HISTORICAL-006098,SET-HISTORICAL-006098
LBL-HISTORICAL-006099,historical,,exact_match,1,none,exact,0,0,INT-HISTORICAL-006099,SET-HISTORICAL-006099
LBL-HISTORICAL-006100,historical,,exact_match,1,none,exact,0,0,INT-HISTORICAL-006100,SET-HISTORICAL-006100
LBL-HISTORICAL-006101,historical,,exact_match,1,none,exact,0,0,INT-HISTORICAL-006101,SET-HISTORICAL-006101
LBL-HISTORICAL-006102,historical,,exact_match,1,none,exact,0,0,INT-HISTORICAL-006102,SET-HISTORICAL-006102
LBL-HISTORICAL-006103,historical,,exact_match,1,none,exact,0,0,INT-HISTORICAL-006103,SET-HISTORICAL-006103
LBL-HISTORICAL-006104,historical,,settlement_delay,1,t_plus_delay,date_tolerance,0,1,INT-HISTORICAL-006104,SET-HISTORICAL-006104
LBL-HISTORICAL-006105,historical,,exact_match,1,none,exact,0,0,INT-HISTORICAL-006105,SET-HISTORICAL-006105
LBL-HISTORICAL-006106,historical,,exact_match,1,none,exact,0,0,INT-HISTORICAL-006106,SET-HISTORICAL-006106
LBL-HISTORICAL-006107,historical,,exact_match,1,none,exact,0,0,INT-HISTORICAL-006107,SET-HISTORICAL-006107
LBL-HISTORICAL-006108,historical,,processing_fee,1,processor_fee,amount_tolerance,1,0,INT-HISTORICAL-006108,SET-HISTORICAL-006108
LBL-HISTORICAL-006109,historical,,exact_match,1,none,exact,0,0,INT-HISTORICAL-006109,SET-HISTORICAL-006109
LBL-HISTORICAL-006110,historical,,exact_match,1,none,exact,0,0,INT-HISTORICAL-006110,SET-HISTORICAL-006110
LBL-HISTORICAL-006111,historical,,exact_match,1,none,exact,0,0,INT-HISTORICAL-006111,SET-HISTORICAL-006111
LBL-HISTORICAL-006112,historical,,settlement_delay,1,t_plus_delay,date_tolerance,0,2,INT-HISTORICAL-006112,SET-HISTORICAL-006112
LBL-HISTORICAL-006113,historical,,exact_match,1,none,exact,0,0,INT-HISTORICAL-006113,SET-HISTORICAL-006113
LBL-HISTORICAL-006114,historical,,exact_match,1,none,exact,0,0,INT-HISTORICAL-006114,SET-HISTORICAL-006114
LBL-HISTORICAL-006115,historical,,exact_match,1,none,exact,0,0,INT-HISTORICAL-006115,SET-HISTORICAL-006115
LBL-HISTORICAL-006116,historical,,exact_match,1,none,exact,0,0,INT-HISTORICAL-006116,SET-HISTORICAL-006116
LBL-HISTORICAL-006117,historical,,processing_fee,1,processor_fee,amount_tolerance,2,0,INT-HISTORICAL-006117,SET-HISTORICAL-006117
LBL-HISTORICAL-006118,historical,,exact_match,1,none,exact,0,0,INT-HISTORICAL-006118,SET-HISTORICAL-006118
LBL-HISTORICAL-006119,historical,,settlement_delay,1,t_plus_delay,date_tolerance,0,1,INT-HISTORICAL-006119,SET-HISTORICAL-006119
LBL-HISTORICAL-006120,historical,,exact_match,1,none,exact,0,0,INT-HISTORICAL-006120,SET-HISTORICAL-006120
LBL-HISTORICAL-006121,historical,,exact_match,1,none,exact,0,0,INT-HISTORICAL-006121,SET-HISTORICAL-006121
LBL-HISTORICAL-006122,historical,,exact_match,1,none,exact,0,0,INT-HISTORICAL-006122,SET-HISTORICAL-006122
LBL-HISTORICAL-006123,historical,,processing_fee,1,processor_fee,amount_tolerance,5,0,INT-HISTORICAL-006123,SET-HISTORICAL-006123
LBL-HISTORICAL-006124,historical,,exact_match,1,none,exact,0,0,INT-HISTORICAL-006124,SET-HISTORICAL-006124
LBL-HISTORICAL-006125,historical,,exact_match,1,none,exact,0,0,INT-HISTORICAL-006125,SET-HISTORICAL-006125
LBL-HISTORICAL-006126,historical,,exact_match,1,none,exact,0,0,INT-HISTORICAL-006126,SET-HISTORICAL-006126
LBL-HISTORICAL-006127,historical,,exact_match,1,none,exact,0,0,INT-HISTORICAL-006127,SET-HISTORICAL-006127
LBL-HISTORICAL-006128,historical,,exact_match,1,none,exact,0,0,INT-HISTORICAL-006128,SET-HISTORICAL-006128
LBL-HISTORICAL-006129,historical,,exact_match,1,none,exact,0,0,INT-HISTORICAL-006129,SET-HISTORICAL-006129
LBL-HISTORICAL-006130,historical,,exact_match,1,none,exact,0,0,INT-HISTORICAL-006130,SET-HISTORICAL-006130
LBL-HISTORICAL-006131,historical,,exact_match,1,none,exact,0,0,INT-HISTORICAL-006131,SET-HISTORICAL-006131
LBL-HISTORICAL-006132,historical,,exact_match,1,none,exact,0,0,INT-HISTORICAL-006132,SET-HISTORICAL-006132
LBL-HISTORICAL-006133,historical,,reference_format,1,reference_normalization,reference_normalization,0,0,INT-HISTORICAL-006133,SET-HISTORICAL-006133
LBL-HISTORICAL-006134,historical,,exact_match,1,none,exact,0,0,INT-HISTORICAL-006134,SET-HISTORICAL-006134
LBL-HISTORICAL-006135,historical,,settlement_delay,1,t_plus_delay,date_tolerance,0,1,INT-HISTORICAL-006135,SET-HISTORICAL-006135
LBL-HISTORICAL-006136,historical,,exact_match,1,none,exact,0,0,INT-HISTORICAL-006136,SET-HISTORICAL-006136
LBL-HISTORICAL-006137,historical,,exact_match,1,none,exact,0,0,INT-HISTORICAL-006137,SET-HISTORICAL-006137
LBL-HISTORICAL-006138,historical,,exact_match,1,none,exact,0,0,INT-HISTORICAL-006138,SET-HISTORICAL-006138
LBL-HISTORICAL-006139,historical,,exact_match,1,none,exact,0,0,INT-HISTORICAL-006139,SET-HISTORICAL-006139
LBL-HISTORICAL-006140,historical,,exact_match,1,none,exact,0,0,INT-HISTORICAL-006140,SET-HISTORICAL-006140
LBL-HISTORICAL-006141,historical,,exact_match,1,none,exact,0,0,INT-HISTORICAL-006141,SET-HISTORICAL-006141
LBL-HISTORICAL-006142,historical,,exact_match,1,none,exact,0,0,INT-HISTORICAL-006142,SET-HISTORICAL-006142
LBL-HISTORICAL-006143,historical,,settlement_delay,1,t_plus_delay,date_tolerance,0,1,INT-HISTORICAL-006143,SET-HISTORICAL-006143
LBL-HISTORICAL-006144,historical,,exact_match,1,none,exact,0,0,INT-HISTORICAL-006144,SET-HISTORICAL-006144
LBL-HISTORICAL-006145,historical,,exact_match,1,none,exact,0,0,INT-HISTORICAL-006145,SET-HISTORICAL-006145
LBL-HISTORICAL-006146,historical,,exact_match,1,none,exact,0,0,INT-HISTORICAL-006146,SET-HISTORICAL-006146
LBL-HISTORICAL-006147,historical,,settlement_delay,1,t_plus_delay,date_tolerance,0,1,INT-HISTORICAL-006147,SET-HISTORICAL-006147
LBL-HISTORICAL-006148,historical,,exact_match,1,none,exact,0,0,INT-HISTORICAL-006148,SET-HISTORICAL-006148
LBL-HISTORICAL-006149,historical,,exact_match,1,none,exact,0,0,INT-HISTORICAL-006149,SET-HISTORICAL-006149
LBL-HISTORICAL-006150,historical,,exact_match,1,none,exact,0,0,INT-HISTORICAL-006150,SET-HISTORICAL-006150
LBL-HISTORICAL-006151,historical,,exact_match,1,none,exact,0,0,INT-HISTORICAL-006151,SET-HISTORICAL-006151
LBL-HISTORICAL-006152,historical,,true_amount_mismatch,0,true_amount_mismatch,do_not_match,0,0,INT-HISTORICAL-006152,SET-HISTORICAL-006152
LBL-HISTORICAL-006153,historical,,exact_match,1,none,exact,0,0,INT-HISTORICAL-006153,SET-HISTORICAL-006153
LBL-HISTORICAL-006154,historical,,exact_match,1,none,exact,0,0,INT-HISTORICAL-006154,SET-HISTORICAL-006154
LBL-HISTORICAL-006155,historical,,reference_format,1,reference_normalization,reference_normalization,0,0,INT-HISTORICAL-006155,SET-HISTORICAL-006155
LBL-HISTORICAL-006156,historical,,exact_match,1,none,exact,0,0,INT-HISTORICAL-006156,SET-HISTORICAL-006156
LBL-HISTORICAL-006157,historical,,exact_match,1,none,exact,0,0,INT-HISTORICAL-006157,SET-HISTORICAL-006157
LBL-HISTORICAL-006158,historical,,exact_match,1,none,exact,0,0,INT-HISTORICAL-006158,SET-HISTORICAL-006158
LBL-HISTORICAL-006159,historical,,exact_match,1,none,exact,0,0,INT-HISTORICAL-006159,SET-HISTORICAL-006159
LBL-HISTORICAL-006160,historical,,exact_match,1,none,exact,0,0,INT-HISTORICAL-006160,SET-HISTORICAL-006160
LBL-HISTORICAL-006161,historical,,reference_format,1,reference_normalization,reference_normalization,0,0,INT-HISTORICAL-006161,SET-HISTORICAL-006161
LBL-HISTORICAL-006162,historical,,settlement_delay,1,t_plus_delay,date_tolerance,0,1,INT-HISTORICAL-006162,SET-HISTORICAL-006162
LBL-HISTORICAL-006163,historical,,exact_match,1,none,exact,0,0,INT-HISTORICAL-006163,SET-HISTORICAL-006163
LBL-HISTORICAL-006164,historical,,exact_match,1,none,exact,0,0,INT-HISTORICAL-006164,SET-HISTORICAL-006164
LBL-HISTORICAL-006165,historical,,exact_match,1,none,exact,0,0,INT-HISTORICAL-006165,SET-HISTORICAL-006165
LBL-HISTORICAL-006166,historical,,exact_match,1,none,exact,0,0,INT-HISTORICAL-006166,SET-HISTORICAL-006166
LBL-HISTORICAL-006167,historical,,exact_match,1,none,exact,0,0,INT-HISTORICAL-006167,SET-HISTORICAL-006167
LBL-HISTORICAL-006168,historical,,exact_match,1,none,exact,0,0,INT-HISTORICAL-006168,SET-HISTORICAL-006168
LBL-HISTORICAL-006169,historical,,reference_format,1,reference_normalization,reference_normalization,0,0,INT-HISTORICAL-006169,SET-HISTORICAL-006169
LBL-HISTORICAL-006170,historical,,exact_match,1,none,exact,0,0,INT-HISTORICAL-006170,SET-HISTORICAL-006170
LBL-HISTORICAL-006171,historical,,exact_match,1,none,exact,0,0,INT-HISTORICAL-006171,SET-HISTORICAL-006171
LBL-HISTORICAL-006172,historical,,exact_match,1,none,exact,0,0,INT-HISTORICAL-006172,SET-HISTORICAL-006172
LBL-HISTORICAL-006173,historical,,exact_match,1,none,exact,0,0,INT-HISTORICAL-006173,SET-HISTORICAL-006173
LBL-HISTORICAL-006174,historical,,exact_match,1,none,exact,0,0,INT-HISTORICAL-006174,SET-HISTORICAL-006174
LBL-HISTORICAL-006175,historical,,processing_fee,1,processor_fee,amount_tolerance,2,0,INT-HISTORICAL-006175,SET-HISTORICAL-006175
LBL-HISTORICAL-006176,historical,,exact_match,1,none,exact,0,0,INT-HISTORICAL-006176,SET-HISTORICAL-006176
LBL-HISTORICAL-006177,historical,,settlement_delay,1,t_plus_delay,date_tolerance,0,2,INT-HISTORICAL-006177,SET-HISTORICAL-006177
LBL-HISTORICAL-006178,historical,,rounding_difference,1,rounding,amount_tolerance,0,0,INT-HISTORICAL-006178,SET-HISTORICAL-006178
LBL-HISTORICAL-006179,historical,,exact_match,1,none,exact,0,0,INT-HISTORICAL-006179,SET-HISTORICAL-006179
LBL-HISTORICAL-006180,historical,,exact_match,1,none,exact,0,0,INT-HISTORICAL-006180,SET-HISTORICAL-006180
LBL-HISTORICAL-006181,historical,,exact_match,1,none,exact,0,0,INT-HISTORICAL-006181,SET-HISTORICAL-006181
LBL-HISTORICAL-006182,historical,,exact_match,1,none,exact,0,0,INT-HISTORICAL-006182,SET-HISTORICAL-006182
LBL-HISTORICAL-006183,historical,,exact_match,1,none,exact,0,0,INT-HISTORICAL-006183,SET-HISTORICAL-006183
LBL-HISTORICAL-006184,historical,,settlement_delay,1,t_plus_delay,date_tolerance,0,1,INT-HISTORICAL-006184,SET-HISTORICAL-006184
LBL-HISTORICAL-006185,historical,,exact_match,1,none,exact,0,0,INT-HISTORICAL-006185,SET-HISTORICAL-006185
LBL-HISTORICAL-006186,historical,,exact_match,1,none,exact,0,0,INT-HISTORICAL-006186,SET-HISTORICAL-006186
LBL-HISTORICAL-006187,historical,,exact_match,1,none,exact,0,0,INT-HISTORICAL-006187,SET-HISTORICAL-006187
LBL-HISTORICAL-006188,historical,,true_amount_mismatch,0,true_amount_mismatch,do_not_match,0,0,INT-HISTORICAL-006188,SET-HISTORICAL-006188
LBL-HISTORICAL-006189,historical,,exact_match,1,none,exact,0,0,INT-HISTORICAL-006189,SET-HISTORICAL-006189
LBL-HISTORICAL-006190,historical,,exact_match,1,none,exact,0,0,INT-HISTORICAL-006190,SET-HISTORICAL-006190
LBL-HISTORICAL-006191,historical,,settlement_delay,1,t_plus_delay,date_tolerance,0,1,INT-HISTORICAL-006191,SET-HISTORICAL-006191
LBL-HISTORICAL-006192,historical,,exact_match,1,none,exact,0,0,INT-HISTORICAL-006192,SET-HISTORICAL-006192
LBL-HISTORICAL-006193,historical,,exact_match,1,none,exact,0,0,INT-HISTORICAL-006193,SET-HISTORICAL-006193
LBL-HISTORICAL-006194,historical,,exact_match,1,none,exact,0,0,INT-HISTORICAL-006194,SET-HISTORICAL-006194
LBL-HISTORICAL-006195,historical,,exact_match,1,none,exact,0,0,INT-HISTORICAL-006195,SET-HISTORICAL-006195
LBL-HISTORICAL-006196,historical,,exact_match,1,none,exact,0,0,INT-HISTORICAL-006196,SET-HISTORICAL-006196
LBL-HISTORICAL-006197,historical,,exact_match,1,none,exact,0,0,INT-HISTORICAL-006197,SET-HISTORICAL-006197
LBL-HISTORICAL-006198,historical,,reference_format,1,reference_normalization,reference_normalization,0,0,INT-HISTORICAL-006198,SET-HISTORICAL-006198
LBL-HISTORICAL-006199,historical,,exact_match,1,none,exact,0,0,INT-HISTORICAL-006199,SET-HISTORICAL-006199
LBL-HISTORICAL-006200,historical,,reference_format,1,reference_normalization,reference_normalization,0,0,INT-HISTORICAL-006200,SET-HISTORICAL-006200
LBL-HISTORICAL-006201,historical,,exact_match,1,none,exact,0,0,INT-HISTORICAL-006201,SET-HISTORICAL-006201
LBL-HISTORICAL-006202,historical,,exact_match,1,none,exact,0,0,INT-HISTORICAL-006202,SET-HISTORICAL-006202
LBL-HISTORICAL-006203,historical,,exact_match,1,none,exact,0,0,INT-HISTORICAL-006203,SET-HISTORICAL-006203
LBL-HISTORICAL-006204,historical,,exact_match,1,none,exact,0,0,INT-HISTORICAL-006204,SET-HISTORICAL-006204
LBL-HISTORICAL-006205,historical,,processing_fee,1,processor_fee,amount_tolerance,2,0,INT-HISTORICAL-006205,SET-HISTORICAL-006205
LBL-HISTORICAL-006206,historical,,exact_match,1,none,exact,0,0,INT-HISTORICAL-006206,SET-HISTORICAL-006206
LBL-HISTORICAL-006207,historical,,reference_format,1,reference_normalization,reference_normalization,0,0,INT-HISTORICAL-006207,SET-HISTORICAL-006207
LBL-HISTORICAL-006208,historical,,exact_match,1,none,exact,0,0,INT-HISTORICAL-006208,SET-HISTORICAL-006208
LBL-HISTORICAL-006209,historical,,reference_format,1,reference_normalization,reference_normalization,0,0,INT-HISTORICAL-006209,SET-HISTORICAL-006209
LBL-HISTORICAL-006210,historical,,rounding_difference,1,rounding,amount_tolerance,0,0,INT-HISTORICAL-006210,SET-HISTORICAL-006210
LBL-HISTORICAL-006211,historical,,exact_match,1,none,exact,0,0,INT-HISTORICAL-006211,SET-HISTORICAL-006211
LBL-HISTORICAL-006212,historical,,exact_match,1,none,exact,0,0,INT-HISTORICAL-006212,SET-HISTORICAL-006212
LBL-HISTORICAL-006213,historical,,exact_match,1,none,exact,0,0,INT-HISTORICAL-006213,SET-HISTORICAL-006213
LBL-HISTORICAL-006214,historical,,exact_match,1,none,exact,0,0,INT-HISTORICAL-006214,SET-HISTORICAL-006214
LBL-HISTORICAL-006215,historical,,processing_fee,1,processor_fee,amount_tolerance,1,0,INT-HISTORICAL-006215,SET-HISTORICAL-006215
LBL-HISTORICAL-006216,historical,,exact_match,1,none,exact,0,0,INT-HISTORICAL-006216,SET-HISTORICAL-006216
LBL-HISTORICAL-006217,historical,,exact_match,1,none,exact,0,0,INT-HISTORICAL-006217,SET-HISTORICAL-006217
LBL-HISTORICAL-006218,historical,,exact_match,1,none,exact,0,0,INT-HISTORICAL-006218,SET-HISTORICAL-006218
LBL-HISTORICAL-006219,historical,,exact_match,1,none,exact,0,0,INT-HISTORICAL-006219,SET-HISTORICAL-006219
LBL-HISTORICAL-006220,historical,,exact_match,1,none,exact,0,0,INT-HISTORICAL-006220,SET-HISTORICAL-006220
LBL-HISTORICAL-006221,historical,,exact_match,1,none,exact,0,0,INT-HISTORICAL-006221,SET-HISTORICAL-006221
LBL-HISTORICAL-006222,historical,,exact_match,1,none,exact,0,0,INT-HISTORICAL-006222,SET-HISTORICAL-006222
LBL-HISTORICAL-006223,historical,,exact_match,1,none,exact,0,0,INT-HISTORICAL-006223,SET-HISTORICAL-006223
LBL-HISTORICAL-006224,historical,,processing_fee,1,processor_fee,amount_tolerance,1,0,INT-HISTORICAL-006224,SET-HISTORICAL-006224
LBL-HISTORICAL-006225,historical,,exact_match,1,none,exact,0,0,INT-HISTORICAL-006225,SET-HISTORICAL-006225
LBL-HISTORICAL-006226,historical,,exact_match,1,none,exact,0,0,INT-HISTORICAL-006226,SET-HISTORICAL-006226
LBL-HISTORICAL-006227,historical,,exact_match,1,none,exact,0,0,INT-HISTORICAL-006227,SET-HISTORICAL-006227
LBL-HISTORICAL-006228,historical,,exact_match,1,none,exact,0,0,INT-HISTORICAL-006228,SET-HISTORICAL-006228
LBL-HISTORICAL-006229,historical,,exact_match,1,none,exact,0,0,INT-HISTORICAL-006229,SET-HISTORICAL-006229
LBL-HISTORICAL-006230,historical,,processing_fee,1,processor_fee,amount_tolerance,1,0,INT-HISTORICAL-006230,SET-HISTORICAL-006230
LBL-HISTORICAL-006231,historical,,exact_match,1,none,exact,0,0,INT-HISTORICAL-006231,SET-HISTORICAL-006231
LBL-HISTORICAL-006232,historical,,settlement_delay,1,t_plus_delay,date_tolerance,0,1,INT-HISTORICAL-006232,SET-HISTORICAL-006232
LBL-HISTORICAL-006233,historical,,processing_fee,1,processor_fee,amount_tolerance,3,0,INT-HISTORICAL-006233,SET-HISTORICAL-006233
LBL-HISTORICAL-006234,historical,,settlement_delay,1,t_plus_delay,date_tolerance,0,1,INT-HISTORICAL-006234,SET-HISTORICAL-006234
LBL-HISTORICAL-006235,historical,,exact_match,1,none,exact,0,0,INT-HISTORICAL-006235,SET-HISTORICAL-006235
LBL-HISTORICAL-006236,historical,,exact_match,1,none,exact,0,0,INT-HISTORICAL-006236,SET-HISTORICAL-006236
LBL-HISTORICAL-006237,historical,,exact_match,1,none,exact,0,0,INT-HISTORICAL-006237,SET-HISTORICAL-006237
LBL-HISTORICAL-006238,historical,,exact_match,1,none,exact,0,0,INT-HISTORICAL-006238,SET-HISTORICAL-006238
LBL-HISTORICAL-006239,historical,,exact_match,1,none,exact,0,0,INT-HISTORICAL-006239,SET-HISTORICAL-006239
LBL-HISTORICAL-006240,historical,,processing_fee,1,processor_fee,amount_tolerance,2,0,INT-HISTORICAL-006240,SET-HISTORICAL-006240
LBL-HISTORICAL-006241,historical,,rounding_difference,1,rounding,amount_tolerance,0,0,INT-HISTORICAL-006241,SET-HISTORICAL-006241
LBL-HISTORICAL-006242,historical,,processing_fee,1,processor_fee,amount_tolerance,5,0,INT-HISTORICAL-006242,SET-HISTORICAL-006242
LBL-HISTORICAL-006243,historical,,processing_fee,1,processor_fee,amount_tolerance,2,0,INT-HISTORICAL-006243,SET-HISTORICAL-006243
LBL-HISTORICAL-006244,historical,,exact_match,1,none,exact,0,0,INT-HISTORICAL-006244,SET-HISTORICAL-006244
LBL-HISTORICAL-006245,historical,,exact_match,1,none,exact,0,0,INT-HISTORICAL-006245,SET-HISTORICAL-006245
LBL-HISTORICAL-006246,historical,,processing_fee,1,processor_fee,amount_tolerance,5,0,INT-HISTORICAL-006246,SET-HISTORICAL-006246
LBL-HISTORICAL-006247,historical,,exact_match,1,none,exact,0,0,INT-HISTORICAL-006247,SET-HISTORICAL-006247
LBL-HISTORICAL-006248,historical,,rounding_difference,1,rounding,amount_tolerance,0,0,INT-HISTORICAL-006248,SET-HISTORICAL-006248
LBL-HISTORICAL-006249,historical,,exact_match,1,none,exact,0,0,INT-HISTORICAL-006249,SET-HISTORICAL-006249
LBL-HISTORICAL-006250,historical,,exact_match,1,none,exact,0,0,INT-HISTORICAL-006250,SET-HISTORICAL-006250
LBL-HISTORICAL-006251,historical,,exact_match,1,none,exact,0,0,INT-HISTORICAL-006251,SET-HISTORICAL-006251
LBL-HISTORICAL-006252,historical,,exact_match,1,none,exact,0,0,INT-HISTORICAL-006252,SET-HISTORICAL-006252
LBL-HISTORICAL-006253,historical,,exact_match,1,none,exact,0,0,INT-HISTORICAL-006253,SET-HISTORICAL-006253
LBL-HISTORICAL-006254,historical,,processing_fee,1,processor_fee,amount_tolerance,5,0,INT-HISTORICAL-006254,SET-HISTORICAL-006254
LBL-HISTORICAL-006255,historical,,exact_match,1,none,exact,0,0,INT-HISTORICAL-006255,SET-HISTORICAL-006255
LBL-HISTORICAL-006256,historical,,exact_match,1,none,exact,0,0,INT-HISTORICAL-006256,SET-HISTORICAL-006256
LBL-HISTORICAL-006257,historical,,exact_match,1,none,exact,0,0,INT-HISTORICAL-006257,SET-HISTORICAL-006257
LBL-HISTORICAL-006258,historical,,exact_match,1,none,exact,0,0,INT-HISTORICAL-006258,SET-HISTORICAL-006258
LBL-HISTORICAL-006259,historical,,processing_fee,1,processor_fee,amount_tolerance,1,0,INT-HISTORICAL-006259,SET-HISTORICAL-006259
LBL-HISTORICAL-006260,historical,,settlement_delay,1,t_plus_delay,date_tolerance,0,1,INT-HISTORICAL-006260,SET-HISTORICAL-006260
LBL-HISTORICAL-006261,historical,,exact_match,1,none,exact,0,0,INT-HISTORICAL-006261,SET-HISTORICAL-006261
LBL-HISTORICAL-006262,historical,,processing_fee,1,processor_fee,amount_tolerance,2,0,INT-HISTORICAL-006262,SET-HISTORICAL-006262
LBL-HISTORICAL-006263,historical,,exact_match,1,none,exact,0,0,INT-HISTORICAL-006263,SET-HISTORICAL-006263
LBL-HISTORICAL-006264,historical,,exact_match,1,none,exact,0,0,INT-HISTORICAL-006264,SET-HISTORICAL-006264
LBL-HISTORICAL-006265,historical,,exact_match,1,none,exact,0,0,INT-HISTORICAL-006265,SET-HISTORICAL-006265
LBL-HISTORICAL-006266,historical,,exact_match,1,none,exact,0,0,INT-HISTORICAL-006266,SET-HISTORICAL-006266
LBL-HISTORICAL-006267,historical,,exact_match,1,none,exact,0,0,INT-HISTORICAL-006267,SET-HISTORICAL-006267
LBL-HISTORICAL-006268,historical,,exact_match,1,none,exact,0,0,INT-HISTORICAL-006268,SET-HISTORICAL-006268
LBL-HISTORICAL-006269,historical,,exact_match,1,none,exact,0,0,INT-HISTORICAL-006269,SET-HISTORICAL-006269
LBL-HISTORICAL-006270,historical,,exact_match,1,none,exact,0,0,INT-HISTORICAL-006270,SET-HISTORICAL-006270
LBL-HISTORICAL-006271,historical,,exact_match,1,none,exact,0,0,INT-HISTORICAL-006271,SET-HISTORICAL-006271
LBL-HISTORICAL-006272,historical,,exact_match,1,none,exact,0,0,INT-HISTORICAL-006272,SET-HISTORICAL-006272
LBL-HISTORICAL-006273,historical,,exact_match,1,none,exact,0,0,INT-HISTORICAL-006273,SET-HISTORICAL-006273
LBL-HISTORICAL-006274,historical,,processing_fee,1,processor_fee,amount_tolerance,5,0,INT-HISTORICAL-006274,SET-HISTORICAL-006274
LBL-HISTORICAL-006275,historical,,exact_match,1,none,exact,0,0,INT-HISTORICAL-006275,SET-HISTORICAL-006275
LBL-HISTORICAL-006276,historical,,exact_match,1,none,exact,0,0,INT-HISTORICAL-006276,SET-HISTORICAL-006276
LBL-HISTORICAL-006277,historical,,reference_format,1,reference_normalization,reference_normalization,0,0,INT-HISTORICAL-006277,SET-HISTORICAL-006277
LBL-HISTORICAL-006278,historical,,exact_match,1,none,exact,0,0,INT-HISTORICAL-006278,SET-HISTORICAL-006278
LBL-HISTORICAL-006279,historical,,exact_match,1,none,exact,0,0,INT-HISTORICAL-006279,SET-HISTORICAL-006279
LBL-HISTORICAL-006280,historical,,processing_fee,1,processor_fee,amount_tolerance,2,0,INT-HISTORICAL-006280,SET-HISTORICAL-006280
LBL-HISTORICAL-006281,historical,,exact_match,1,none,exact,0,0,INT-HISTORICAL-006281,SET-HISTORICAL-006281
LBL-HISTORICAL-006282,historical,,exact_match,1,none,exact,0,0,INT-HISTORICAL-006282,SET-HISTORICAL-006282
LBL-HISTORICAL-006283,historical,,processing_fee,1,processor_fee,amount_tolerance,1,0,INT-HISTORICAL-006283,SET-HISTORICAL-006283
LBL-HISTORICAL-006284,historical,,exact_match,1,none,exact,0,0,INT-HISTORICAL-006284,SET-HISTORICAL-006284
LBL-HISTORICAL-006285,historical,,exact_match,1,none,exact,0,0,INT-HISTORICAL-006285,SET-HISTORICAL-006285
LBL-HISTORICAL-006286,historical,,rounding_difference,1,rounding,amount_tolerance,0,0,INT-HISTORICAL-006286,SET-HISTORICAL-006286
LBL-HISTORICAL-006287,historical,,settlement_delay,1,t_plus_delay,date_tolerance,0,1,INT-HISTORICAL-006287,SET-HISTORICAL-006287
LBL-HISTORICAL-006288,historical,,exact_match,1,none,exact,0,0,INT-HISTORICAL-006288,SET-HISTORICAL-006288
LBL-HISTORICAL-006289,historical,,reference_format,1,reference_normalization,reference_normalization,0,0,INT-HISTORICAL-006289,SET-HISTORICAL-006289
LBL-HISTORICAL-006290,historical,,exact_match,1,none,exact,0,0,INT-HISTORICAL-006290,SET-HISTORICAL-006290
LBL-HISTORICAL-006291,historical,,exact_match,1,none,exact,0,0,INT-HISTORICAL-006291,SET-HISTORICAL-006291
LBL-HISTORICAL-006292,historical,,rounding_difference,1,rounding,amount_tolerance,0,0,INT-HISTORICAL-006292,SET-HISTORICAL-006292
LBL-HISTORICAL-006293,historical,,exact_match,1,none,exact,0,0,INT-HISTORICAL-006293,SET-HISTORICAL-006293
LBL-HISTORICAL-006294,historical,,processing_fee,1,processor_fee,amount_tolerance,5,0,INT-HISTORICAL-006294,SET-HISTORICAL-006294
LBL-HISTORICAL-006295,historical,,exact_match,1,none,exact,0,0,INT-HISTORICAL-006295,SET-HISTORICAL-006295
LBL-HISTORICAL-006296,historical,,exact_match,1,none,exact,0,0,INT-HISTORICAL-006296,SET-HISTORICAL-006296
LBL-HISTORICAL-006297,historical,,exact_match,1,none,exact,0,0,INT-HISTORICAL-006297,SET-HISTORICAL-006297
LBL-HISTORICAL-006298,historical,,true_amount_mismatch,0,true_amount_mismatch,do_not_match,0,0,INT-HISTORICAL-006298,SET-HISTORICAL-006298
LBL-HISTORICAL-006299,historical,,exact_match,1,none,exact,0,0,INT-HISTORICAL-006299,SET-HISTORICAL-006299
LBL-HISTORICAL-006300,historical,,exact_match,1,none,exact,0,0,INT-HISTORICAL-006300,SET-HISTORICAL-006300
LBL-HISTORICAL-006301,historical,,exact_match,1,none,exact,0,0,INT-HISTORICAL-006301,SET-HISTORICAL-006301
LBL-HISTORICAL-006302,historical,,exact_match,1,none,exact,0,0,INT-HISTORICAL-006302,SET-HISTORICAL-006302
LBL-HISTORICAL-006303,historical,,exact_match,1,none,exact,0,0,INT-HISTORICAL-006303,SET-HISTORICAL-006303
LBL-HISTORICAL-006304,historical,,exact_match,1,none,exact,0,0,INT-HISTORICAL-006304,SET-HISTORICAL-006304
LBL-HISTORICAL-006305,historical,,exact_match,1,none,exact,0,0,INT-HISTORICAL-006305,SET-HISTORICAL-006305
LBL-HISTORICAL-006306,historical,,exact_match,1,none,exact,0,0,INT-HISTORICAL-006306,SET-HISTORICAL-006306
LBL-HISTORICAL-006307,historical,,duplicate_processor_record,1,duplicate,dedupe_then_match,0,0,INT-HISTORICAL-006307,SET-HISTORICAL-006307
LBL-HISTORICAL-006308,historical,,reference_format,1,reference_normalization,reference_normalization,0,0,INT-HISTORICAL-006308,SET-HISTORICAL-006308
LBL-HISTORICAL-006309,historical,,processing_fee,1,processor_fee,amount_tolerance,1,0,INT-HISTORICAL-006309,SET-HISTORICAL-006309
LBL-HISTORICAL-006310,historical,,exact_match,1,none,exact,0,0,INT-HISTORICAL-006310,SET-HISTORICAL-006310
LBL-HISTORICAL-006311,historical,,rounding_difference,1,rounding,amount_tolerance,0,0,INT-HISTORICAL-006311,SET-HISTORICAL-006311
LBL-HISTORICAL-006312,historical,,exact_match,1,none,exact,0,0,INT-HISTORICAL-006312,SET-HISTORICAL-006312
LBL-HISTORICAL-006313,historical,,reference_format,1,reference_normalization,reference_normalization,0,0,INT-HISTORICAL-006313,SET-HISTORICAL-006313
LBL-HISTORICAL-006314,historical,,settlement_delay,1,t_plus_delay,date_tolerance,0,1,INT-HISTORICAL-006314,SET-HISTORICAL-006314
LBL-HISTORICAL-006315,historical,,true_amount_mismatch,0,true_amount_mismatch,do_not_match,0,0,INT-HISTORICAL-006315,SET-HISTORICAL-006315
LBL-HISTORICAL-006316,historical,,exact_match,1,none,exact,0,0,INT-HISTORICAL-006316,SET-HISTORICAL-006316
LBL-HISTORICAL-006317,historical,,exact_match,1,none,exact,0,0,INT-HISTORICAL-006317,SET-HISTORICAL-006317
LBL-HISTORICAL-006318,historical,,duplicate_processor_record,1,duplicate,dedupe_then_match,0,0,INT-HISTORICAL-006318,SET-HISTORICAL-006318
LBL-HISTORICAL-006319,historical,,exact_match,1,none,exact,0,0,INT-HISTORICAL-006319,SET-HISTORICAL-006319
LBL-HISTORICAL-006320,historical,,exact_match,1,none,exact,0,0,INT-HISTORICAL-006320,SET-HISTORICAL-006320
LBL-HISTORICAL-006321,historical,,exact_match,1,none,exact,0,0,INT-HISTORICAL-006321,SET-HISTORICAL-006321
LBL-HISTORICAL-006322,historical,,exact_match,1,none,exact,0,0,INT-HISTORICAL-006322,SET-HISTORICAL-006322
LBL-HISTORICAL-006323,historical,,settlement_delay,1,t_plus_delay,date_tolerance,0,1,INT-HISTORICAL-006323,SET-HISTORICAL-006323
LBL-HISTORICAL-006324,historical,,currency_mismatch,0,currency_mismatch,do_not_match,0,0,INT-HISTORICAL-006324,SET-HISTORICAL-006324
LBL-HISTORICAL-006325,historical,,processing_fee,1,processor_fee,amount_tolerance,5,0,INT-HISTORICAL-006325,SET-HISTORICAL-006325
LBL-HISTORICAL-006326,historical,,exact_match,1,none,exact,0,0,INT-HISTORICAL-006326,SET-HISTORICAL-006326
LBL-HISTORICAL-006327,historical,,exact_match,1,none,exact,0,0,INT-HISTORICAL-006327,SET-HISTORICAL-006327
LBL-HISTORICAL-006328,historical,,processing_fee,1,processor_fee,amount_tolerance,3,0,INT-HISTORICAL-006328,SET-HISTORICAL-006328
LBL-HISTORICAL-006329,historical,,exact_match,1,none,exact,0,0,INT-HISTORICAL-006329,SET-HISTORICAL-006329
LBL-HISTORICAL-006330,historical,,settlement_delay,1,t_plus_delay,date_tolerance,0,1,INT-HISTORICAL-006330,SET-HISTORICAL-006330
LBL-HISTORICAL-006331,historical,,exact_match,1,none,exact,0,0,INT-HISTORICAL-006331,SET-HISTORICAL-006331
LBL-HISTORICAL-006332,historical,,exact_match,1,none,exact,0,0,INT-HISTORICAL-006332,SET-HISTORICAL-006332
LBL-HISTORICAL-006333,historical,,exact_match,1,none,exact,0,0,INT-HISTORICAL-006333,SET-HISTORICAL-006333
LBL-HISTORICAL-006334,historical,,exact_match,1,none,exact,0,0,INT-HISTORICAL-006334,SET-HISTORICAL-006334
LBL-HISTORICAL-006335,historical,,exact_match,1,none,exact,0,0,INT-HISTORICAL-006335,SET-HISTORICAL-006335
LBL-HISTORICAL-006336,historical,,exact_match,1,none,exact,0,0,INT-HISTORICAL-006336,SET-HISTORICAL-006336
LBL-HISTORICAL-006337,historical,,reference_format,1,reference_normalization,reference_normalization,0,0,INT-HISTORICAL-006337,SET-HISTORICAL-006337
LBL-HISTORICAL-006338,historical,,rounding_difference,1,rounding,amount_tolerance,0,0,INT-HISTORICAL-006338,SET-HISTORICAL-006338
LBL-HISTORICAL-006339,historical,,exact_match,1,none,exact,0,0,INT-HISTORICAL-006339,SET-HISTORICAL-006339
LBL-HISTORICAL-006340,historical,,exact_match,1,none,exact,0,0,INT-HISTORICAL-006340,SET-HISTORICAL-006340
LBL-HISTORICAL-006341,historical,,exact_match,1,none,exact,0,0,INT-HISTORICAL-006341,SET-HISTORICAL-006341
LBL-HISTORICAL-006342,historical,,exact_match,1,none,exact,0,0,INT-HISTORICAL-006342,SET-HISTORICAL-006342
LBL-HISTORICAL-006343,historical,,true_amount_mismatch,0,true_amount_mismatch,do_not_match,0,0,INT-HISTORICAL-006343,SET-HISTORICAL-006343
LBL-HISTORICAL-006344,historical,,exact_match,1,none,exact,0,0,INT-HISTORICAL-006344,SET-HISTORICAL-006344
LBL-HISTORICAL-006345,historical,,processing_fee,1,processor_fee,amount_tolerance,3,0,INT-HISTORICAL-006345,SET-HISTORICAL-006345
LBL-HISTORICAL-006346,historical,,settlement_delay,1,t_plus_delay,date_tolerance,0,2,INT-HISTORICAL-006346,SET-HISTORICAL-006346
LBL-HISTORICAL-006347,historical,,exact_match,1,none,exact,0,0,INT-HISTORICAL-006347,SET-HISTORICAL-006347
LBL-HISTORICAL-006348,historical,,exact_match,1,none,exact,0,0,INT-HISTORICAL-006348,SET-HISTORICAL-006348
LBL-HISTORICAL-006349,historical,,exact_match,1,none,exact,0,0,INT-HISTORICAL-006349,SET-HISTORICAL-006349
LBL-HISTORICAL-006350,historical,,exact_match,1,none,exact,0,0,INT-HISTORICAL-006350,SET-HISTORICAL-006350
LBL-HISTORICAL-006351,historical,,exact_match,1,none,exact,0,0,INT-HISTORICAL-006351,SET-HISTORICAL-006351
LBL-HISTORICAL-006352,historical,,exact_match,1,none,exact,0,0,INT-HISTORICAL-006352,SET-HISTORICAL-006352
LBL-HISTORICAL-006353,historical,,exact_match,1,none,exact,0,0,INT-HISTORICAL-006353,SET-HISTORICAL-006353
LBL-HISTORICAL-006354,historical,,exact_match,1,none,exact,0,0,INT-HISTORICAL-006354,SET-HISTORICAL-006354
LBL-HISTORICAL-006355,historical,,exact_match,1,none,exact,0,0,INT-HISTORICAL-006355,SET-HISTORICAL-006355
LBL-HISTORICAL-006356,historical,,exact_match,1,none,exact,0,0,INT-HISTORICAL-006356,SET-HISTORICAL-006356
LBL-HISTORICAL-006357,historical,,exact_match,1,none,exact,0,0,INT-HISTORICAL-006357,SET-HISTORICAL-006357
LBL-HISTORICAL-006358,historical,,processing_fee,1,processor_fee,amount_tolerance,5,0,INT-HISTORICAL-006358,SET-HISTORICAL-006358
LBL-HISTORICAL-006359,historical,,processing_fee,1,processor_fee,amount_tolerance,1,0,INT-HISTORICAL-006359,SET-HISTORICAL-006359
LBL-HISTORICAL-006360,historical,,processing_fee,1,processor_fee,amount_tolerance,1,0,INT-HISTORICAL-006360,SET-HISTORICAL-006360
LBL-HISTORICAL-006361,historical,,exact_match,1,none,exact,0,0,INT-HISTORICAL-006361,SET-HISTORICAL-006361
LBL-HISTORICAL-006362,historical,,settlement_delay,1,t_plus_delay,date_tolerance,0,1,INT-HISTORICAL-006362,SET-HISTORICAL-006362
LBL-HISTORICAL-006363,historical,,exact_match,1,none,exact,0,0,INT-HISTORICAL-006363,SET-HISTORICAL-006363
LBL-HISTORICAL-006364,historical,,exact_match,1,none,exact,0,0,INT-HISTORICAL-006364,SET-HISTORICAL-006364
LBL-HISTORICAL-006365,historical,,exact_match,1,none,exact,0,0,INT-HISTORICAL-006365,SET-HISTORICAL-006365
LBL-HISTORICAL-006366,historical,,reference_format,1,reference_normalization,reference_normalization,0,0,INT-HISTORICAL-006366,SET-HISTORICAL-006366
LBL-HISTORICAL-006367,historical,,exact_match,1,none,exact,0,0,INT-HISTORICAL-006367,SET-HISTORICAL-006367
LBL-HISTORICAL-006368,historical,,exact_match,1,none,exact,0,0,INT-HISTORICAL-006368,SET-HISTORICAL-006368
LBL-HISTORICAL-006369,historical,,reference_format,1,reference_normalization,reference_normalization,0,0,INT-HISTORICAL-006369,SET-HISTORICAL-006369
LBL-HISTORICAL-006370,historical,,reference_format,1,reference_normalization,reference_normalization,0,0,INT-HISTORICAL-006370,SET-HISTORICAL-006370
LBL-HISTORICAL-006371,historical,,reference_format,1,reference_normalization,reference_normalization,0,0,INT-HISTORICAL-006371,SET-HISTORICAL-006371
LBL-HISTORICAL-006372,historical,,exact_match,1,none,exact,0,0,INT-HISTORICAL-006372,SET-HISTORICAL-006372
LBL-HISTORICAL-006373,historical,,reference_format,1,reference_normalization,reference_normalization,0,0,INT-HISTORICAL-006373,SET-HISTORICAL-006373
LBL-HISTORICAL-006374,historical,,exact_match,1,none,exact,0,0,INT-HISTORICAL-006374,SET-HISTORICAL-006374
LBL-HISTORICAL-006375,historical,,exact_match,1,none,exact,0,0,INT-HISTORICAL-006375,SET-HISTORICAL-006375
LBL-HISTORICAL-006376,historical,,processing_fee,1,processor_fee,amount_tolerance,5,0,INT-HISTORICAL-006376,SET-HISTORICAL-006376
LBL-HISTORICAL-006377,historical,,exact_match,1,none,exact,0,0,INT-HISTORICAL-006377,SET-HISTORICAL-006377
LBL-HISTORICAL-006378,historical,,exact_match,1,none,exact,0,0,INT-HISTORICAL-006378,SET-HISTORICAL-006378
LBL-HISTORICAL-006379,historical,,settlement_delay,1,t_plus_delay,date_tolerance,0,1,INT-HISTORICAL-006379,SET-HISTORICAL-006379
LBL-HISTORICAL-006380,historical,,exact_match,1,none,exact,0,0,INT-HISTORICAL-006380,SET-HISTORICAL-006380
LBL-HISTORICAL-006381,historical,,settlement_delay,1,t_plus_delay,date_tolerance,0,1,INT-HISTORICAL-006381,SET-HISTORICAL-006381
LBL-HISTORICAL-006382,historical,,exact_match,1,none,exact,0,0,INT-HISTORICAL-006382,SET-HISTORICAL-006382
LBL-HISTORICAL-006383,historical,,processing_fee,1,processor_fee,amount_tolerance,2,0,INT-HISTORICAL-006383,SET-HISTORICAL-006383
LBL-HISTORICAL-006384,historical,,exact_match,1,none,exact,0,0,INT-HISTORICAL-006384,SET-HISTORICAL-006384
LBL-HISTORICAL-006385,historical,,true_amount_mismatch,0,true_amount_mismatch,do_not_match,0,0,INT-HISTORICAL-006385,SET-HISTORICAL-006385
LBL-HISTORICAL-006386,historical,,processing_fee,1,processor_fee,amount_tolerance,5,0,INT-HISTORICAL-006386,SET-HISTORICAL-006386
LBL-HISTORICAL-006387,historical,,reference_format,1,reference_normalization,reference_normalization,0,0,INT-HISTORICAL-006387,SET-HISTORICAL-006387
LBL-HISTORICAL-006388,historical,,processing_fee,1,processor_fee,amount_tolerance,5,0,INT-HISTORICAL-006388,SET-HISTORICAL-006388
LBL-HISTORICAL-006389,historical,,exact_match,1,none,exact,0,0,INT-HISTORICAL-006389,SET-HISTORICAL-006389
LBL-HISTORICAL-006390,historical,,exact_match,1,none,exact,0,0,INT-HISTORICAL-006390,SET-HISTORICAL-006390
LBL-HISTORICAL-006391,historical,,exact_match,1,none,exact,0,0,INT-HISTORICAL-006391,SET-HISTORICAL-006391
LBL-HISTORICAL-006392,historical,,processing_fee,1,processor_fee,amount_tolerance,3,0,INT-HISTORICAL-006392,SET-HISTORICAL-006392
LBL-HISTORICAL-006393,historical,,exact_match,1,none,exact,0,0,INT-HISTORICAL-006393,SET-HISTORICAL-006393
LBL-HISTORICAL-006394,historical,,exact_match,1,none,exact,0,0,INT-HISTORICAL-006394,SET-HISTORICAL-006394
LBL-HISTORICAL-006395,historical,,true_amount_mismatch,0,true_amount_mismatch,do_not_match,0,0,INT-HISTORICAL-006395,SET-HISTORICAL-006395
LBL-HISTORICAL-006396,historical,,exact_match,1,none,exact,0,0,INT-HISTORICAL-006396,SET-HISTORICAL-006396
LBL-HISTORICAL-006397,historical,,exact_match,1,none,exact,0,0,INT-HISTORICAL-006397,SET-HISTORICAL-006397
LBL-HISTORICAL-006398,historical,,settlement_delay,1,t_plus_delay,date_tolerance,0,1,INT-HISTORICAL-006398,SET-HISTORICAL-006398
LBL-HISTORICAL-006399,historical,,exact_match,1,none,exact,0,0,INT-HISTORICAL-006399,SET-HISTORICAL-006399
LBL-HISTORICAL-006400,historical,,exact_match,1,none,exact,0,0,INT-HISTORICAL-006400,SET-HISTORICAL-006400
LBL-HISTORICAL-006401,historical,,exact_match,1,none,exact,0,0,INT-HISTORICAL-006401,SET-HISTORICAL-006401
LBL-HISTORICAL-006402,historical,,exact_match,1,none,exact,0,0,INT-HISTORICAL-006402,SET-HISTORICAL-006402
LBL-HISTORICAL-006403,historical,,exact_match,1,none,exact,0,0,INT-HISTORICAL-006403,SET-HISTORICAL-006403
LBL-HISTORICAL-006404,historical,,settlement_delay,1,t_plus_delay,date_tolerance,0,1,INT-HISTORICAL-006404,SET-HISTORICAL-006404
LBL-HISTORICAL-006405,historical,,exact_match,1,none,exact,0,0,INT-HISTORICAL-006405,SET-HISTORICAL-006405
LBL-HISTORICAL-006406,historical,,exact_match,1,none,exact,0,0,INT-HISTORICAL-006406,SET-HISTORICAL-006406
LBL-HISTORICAL-006407,historical,,processing_fee,1,processor_fee,amount_tolerance,5,0,INT-HISTORICAL-006407,SET-HISTORICAL-006407
LBL-HISTORICAL-006408,historical,,exact_match,1,none,exact,0,0,INT-HISTORICAL-006408,SET-HISTORICAL-006408
LBL-HISTORICAL-006409,historical,,exact_match,1,none,exact,0,0,INT-HISTORICAL-006409,SET-HISTORICAL-006409
LBL-HISTORICAL-006410,historical,,rounding_difference,1,rounding,amount_tolerance,0,0,INT-HISTORICAL-006410,SET-HISTORICAL-006410
LBL-HISTORICAL-006411,historical,,exact_match,1,none,exact,0,0,INT-HISTORICAL-006411,SET-HISTORICAL-006411
LBL-HISTORICAL-006412,historical,,exact_match,1,none,exact,0,0,INT-HISTORICAL-006412,SET-HISTORICAL-006412
LBL-HISTORICAL-006413,historical,,exact_match,1,none,exact,0,0,INT-HISTORICAL-006413,SET-HISTORICAL-006413
LBL-HISTORICAL-006414,historical,,reference_format,1,reference_normalization,reference_normalization,0,0,INT-HISTORICAL-006414,SET-HISTORICAL-006414
LBL-HISTORICAL-006415,historical,,rounding_difference,1,rounding,amount_tolerance,0,0,INT-HISTORICAL-006415,SET-HISTORICAL-006415
LBL-HISTORICAL-006416,historical,,exact_match,1,none,exact,0,0,INT-HISTORICAL-006416,SET-HISTORICAL-006416
LBL-HISTORICAL-006417,historical,,exact_match,1,none,exact,0,0,INT-HISTORICAL-006417,SET-HISTORICAL-006417
LBL-HISTORICAL-006418,historical,,duplicate_processor_record,1,duplicate,dedupe_then_match,0,0,INT-HISTORICAL-006418,SET-HISTORICAL-006418
LBL-HISTORICAL-006419,historical,,processing_fee,1,processor_fee,amount_tolerance,1,0,INT-HISTORICAL-006419,SET-HISTORICAL-006419
LBL-HISTORICAL-006420,historical,,exact_match,1,none,exact,0,0,INT-HISTORICAL-006420,SET-HISTORICAL-006420
LBL-HISTORICAL-006421,historical,,exact_match,1,none,exact,0,0,INT-HISTORICAL-006421,SET-HISTORICAL-006421
LBL-HISTORICAL-006422,historical,,exact_match,1,none,exact,0,0,INT-HISTORICAL-006422,SET-HISTORICAL-006422
LBL-HISTORICAL-006423,historical,,exact_match,1,none,exact,0,0,INT-HISTORICAL-006423,SET-HISTORICAL-006423
LBL-HISTORICAL-006424,historical,,exact_match,1,none,exact,0,0,INT-HISTORICAL-006424,SET-HISTORICAL-006424
LBL-HISTORICAL-006425,historical,,exact_match,1,none,exact,0,0,INT-HISTORICAL-006425,SET-HISTORICAL-006425
LBL-HISTORICAL-006426,historical,,rounding_difference,1,rounding,amount_tolerance,0,0,INT-HISTORICAL-006426,SET-HISTORICAL-006426
LBL-HISTORICAL-006427,historical,,exact_match,1,none,exact,0,0,INT-HISTORICAL-006427,SET-HISTORICAL-006427
LBL-HISTORICAL-006428,historical,,exact_match,1,none,exact,0,0,INT-HISTORICAL-006428,SET-HISTORICAL-006428
LBL-HISTORICAL-006429,historical,,exact_match,1,none,exact,0,0,INT-HISTORICAL-006429,SET-HISTORICAL-006429
LBL-HISTORICAL-006430,historical,,exact_match,1,none,exact,0,0,INT-HISTORICAL-006430,SET-HISTORICAL-006430
LBL-HISTORICAL-006431,historical,,processing_fee,1,processor_fee,amount_tolerance,3,0,INT-HISTORICAL-006431,SET-HISTORICAL-006431
LBL-HISTORICAL-006432,historical,,settlement_delay,1,t_plus_delay,date_tolerance,0,1,INT-HISTORICAL-006432,SET-HISTORICAL-006432
LBL-HISTORICAL-006433,historical,,exact_match,1,none,exact,0,0,INT-HISTORICAL-006433,SET-HISTORICAL-006433
LBL-HISTORICAL-006434,historical,,exact_match,1,none,exact,0,0,INT-HISTORICAL-006434,SET-HISTORICAL-006434
LBL-HISTORICAL-006435,historical,,exact_match,1,none,exact,0,0,INT-HISTORICAL-006435,SET-HISTORICAL-006435
LBL-HISTORICAL-006436,historical,,settlement_delay,1,t_plus_delay,date_tolerance,0,1,INT-HISTORICAL-006436,SET-HISTORICAL-006436
LBL-HISTORICAL-006437,historical,,exact_match,1,none,exact,0,0,INT-HISTORICAL-006437,SET-HISTORICAL-006437
LBL-HISTORICAL-006438,historical,,exact_match,1,none,exact,0,0,INT-HISTORICAL-006438,SET-HISTORICAL-006438
LBL-HISTORICAL-006439,historical,,exact_match,1,none,exact,0,0,INT-HISTORICAL-006439,SET-HISTORICAL-006439
LBL-HISTORICAL-006440,historical,,exact_match,1,none,exact,0,0,INT-HISTORICAL-006440,SET-HISTORICAL-006440
LBL-HISTORICAL-006441,historical,,exact_match,1,none,exact,0,0,INT-HISTORICAL-006441,SET-HISTORICAL-006441
LBL-HISTORICAL-006442,historical,,exact_match,1,none,exact,0,0,INT-HISTORICAL-006442,SET-HISTORICAL-006442
LBL-HISTORICAL-006443,historical,,exact_match,1,none,exact,0,0,INT-HISTORICAL-006443,SET-HISTORICAL-006443
LBL-HISTORICAL-006444,historical,,exact_match,1,none,exact,0,0,INT-HISTORICAL-006444,SET-HISTORICAL-006444
LBL-HISTORICAL-006445,historical,,exact_match,1,none,exact,0,0,INT-HISTORICAL-006445,SET-HISTORICAL-006445
LBL-HISTORICAL-006446,historical,,exact_match,1,none,exact,0,0,INT-HISTORICAL-006446,SET-HISTORICAL-006446
LBL-HISTORICAL-006447,historical,,exact_match,1,none,exact,0,0,INT-HISTORICAL-006447,SET-HISTORICAL-006447
LBL-HISTORICAL-006448,historical,,exact_match,1,none,exact,0,0,INT-HISTORICAL-006448,SET-HISTORICAL-006448
LBL-HISTORICAL-006449,historical,,currency_mismatch,0,currency_mismatch,do_not_match,0,0,INT-HISTORICAL-006449,SET-HISTORICAL-006449
LBL-HISTORICAL-006450,historical,,exact_match,1,none,exact,0,0,INT-HISTORICAL-006450,SET-HISTORICAL-006450
LBL-HISTORICAL-006451,historical,,settlement_delay,1,t_plus_delay,date_tolerance,0,2,INT-HISTORICAL-006451,SET-HISTORICAL-006451
LBL-HISTORICAL-006452,historical,,settlement_delay,1,t_plus_delay,date_tolerance,0,1,INT-HISTORICAL-006452,SET-HISTORICAL-006452
LBL-HISTORICAL-006453,historical,,processing_fee,1,processor_fee,amount_tolerance,2,0,INT-HISTORICAL-006453,SET-HISTORICAL-006453
LBL-HISTORICAL-006454,historical,,processing_fee,1,processor_fee,amount_tolerance,1,0,INT-HISTORICAL-006454,SET-HISTORICAL-006454
LBL-HISTORICAL-006455,historical,,exact_match,1,none,exact,0,0,INT-HISTORICAL-006455,SET-HISTORICAL-006455
LBL-HISTORICAL-006456,historical,,exact_match,1,none,exact,0,0,INT-HISTORICAL-006456,SET-HISTORICAL-006456
LBL-HISTORICAL-006457,historical,,exact_match,1,none,exact,0,0,INT-HISTORICAL-006457,SET-HISTORICAL-006457
LBL-HISTORICAL-006458,historical,,rounding_difference,1,rounding,amount_tolerance,0,0,INT-HISTORICAL-006458,SET-HISTORICAL-006458
LBL-HISTORICAL-006459,historical,,exact_match,1,none,exact,0,0,INT-HISTORICAL-006459,SET-HISTORICAL-006459
LBL-HISTORICAL-006460,historical,,exact_match,1,none,exact,0,0,INT-HISTORICAL-006460,SET-HISTORICAL-006460
LBL-HISTORICAL-006461,historical,,exact_match,1,none,exact,0,0,INT-HISTORICAL-006461,SET-HISTORICAL-006461
LBL-HISTORICAL-006462,historical,,exact_match,1,none,exact,0,0,INT-HISTORICAL-006462,SET-HISTORICAL-006462
LBL-HISTORICAL-006463,historical,,exact_match,1,none,exact,0,0,INT-HISTORICAL-006463,SET-HISTORICAL-006463
LBL-HISTORICAL-006464,historical,,exact_match,1,none,exact,0,0,INT-HISTORICAL-006464,SET-HISTORICAL-006464
LBL-HISTORICAL-006465,historical,,settlement_delay,1,t_plus_delay,date_tolerance,0,2,INT-HISTORICAL-006465,SET-HISTORICAL-006465
LBL-HISTORICAL-006466,historical,,exact_match,1,none,exact,0,0,INT-HISTORICAL-006466,SET-HISTORICAL-006466
LBL-HISTORICAL-006467,historical,,reference_format,1,reference_normalization,reference_normalization,0,0,INT-HISTORICAL-006467,SET-HISTORICAL-006467
LBL-HISTORICAL-006468,historical,,currency_mismatch,0,currency_mismatch,do_not_match,0,0,INT-HISTORICAL-006468,SET-HISTORICAL-006468
LBL-HISTORICAL-006469,historical,,exact_match,1,none,exact,0,0,INT-HISTORICAL-006469,SET-HISTORICAL-006469
LBL-HISTORICAL-006470,historical,,exact_match,1,none,exact,0,0,INT-HISTORICAL-006470,SET-HISTORICAL-006470
LBL-HISTORICAL-006471,historical,,exact_match,1,none,exact,0,0,INT-HISTORICAL-006471,SET-HISTORICAL-006471
LBL-HISTORICAL-006472,historical,,exact_match,1,none,exact,0,0,INT-HISTORICAL-006472,SET-HISTORICAL-006472
LBL-HISTORICAL-006473,historical,,exact_match,1,none,exact,0,0,INT-HISTORICAL-006473,SET-HISTORICAL-006473
LBL-HISTORICAL-006474,historical,,exact_match,1,none,exact,0,0,INT-HISTORICAL-006474,SET-HISTORICAL-006474
LBL-HISTORICAL-006475,historical,,exact_match,1,none,exact,0,0,INT-HISTORICAL-006475,SET-HISTORICAL-006475
LBL-HISTORICAL-006476,historical,,exact_match,1,none,exact,0,0,INT-HISTORICAL-006476,SET-HISTORICAL-006476
LBL-HISTORICAL-006477,historical,,exact_match,1,none,exact,0,0,INT-HISTORICAL-006477,SET-HISTORICAL-006477
LBL-HISTORICAL-006478,historical,,exact_match,1,none,exact,0,0,INT-HISTORICAL-006478,SET-HISTORICAL-006478
LBL-HISTORICAL-006479,historical,,settlement_delay,1,t_plus_delay,date_tolerance,0,2,INT-HISTORICAL-006479,SET-HISTORICAL-006479
LBL-HISTORICAL-006480,historical,,exact_match,1,none,exact,0,0,INT-HISTORICAL-006480,SET-HISTORICAL-006480
LBL-HISTORICAL-006481,historical,,exact_match,1,none,exact,0,0,INT-HISTORICAL-006481,SET-HISTORICAL-006481
LBL-HISTORICAL-006482,historical,,exact_match,1,none,exact,0,0,INT-HISTORICAL-006482,SET-HISTORICAL-006482
LBL-HISTORICAL-006483,historical,,exact_match,1,none,exact,0,0,INT-HISTORICAL-006483,SET-HISTORICAL-006483
LBL-HISTORICAL-006484,historical,,exact_match,1,none,exact,0,0,INT-HISTORICAL-006484,SET-HISTORICAL-006484
LBL-HISTORICAL-006485,historical,,exact_match,1,none,exact,0,0,INT-HISTORICAL-006485,SET-HISTORICAL-006485
LBL-HISTORICAL-006486,historical,,settlement_delay,1,t_plus_delay,date_tolerance,0,1,INT-HISTORICAL-006486,SET-HISTORICAL-006486
LBL-HISTORICAL-006487,historical,,exact_match,1,none,exact,0,0,INT-HISTORICAL-006487,SET-HISTORICAL-006487
LBL-HISTORICAL-006488,historical,,processing_fee,1,processor_fee,amount_tolerance,5,0,INT-HISTORICAL-006488,SET-HISTORICAL-006488
LBL-HISTORICAL-006489,historical,,exact_match,1,none,exact,0,0,INT-HISTORICAL-006489,SET-HISTORICAL-006489
LBL-HISTORICAL-006490,historical,,exact_match,1,none,exact,0,0,INT-HISTORICAL-006490,SET-HISTORICAL-006490
LBL-HISTORICAL-006491,historical,,exact_match,1,none,exact,0,0,INT-HISTORICAL-006491,SET-HISTORICAL-006491
LBL-HISTORICAL-006492,historical,,settlement_delay,1,t_plus_delay,date_tolerance,0,1,INT-HISTORICAL-006492,SET-HISTORICAL-006492
LBL-HISTORICAL-006493,historical,,exact_match,1,none,exact,0,0,INT-HISTORICAL-006493,SET-HISTORICAL-006493
LBL-HISTORICAL-006494,historical,,exact_match,1,none,exact,0,0,INT-HISTORICAL-006494,SET-HISTORICAL-006494
LBL-HISTORICAL-006495,historical,,settlement_delay,1,t_plus_delay,date_tolerance,0,2,INT-HISTORICAL-006495,SET-HISTORICAL-006495
LBL-HISTORICAL-006496,historical,,processing_fee,1,processor_fee,amount_tolerance,1,0,INT-HISTORICAL-006496,SET-HISTORICAL-006496
LBL-HISTORICAL-006497,historical,,exact_match,1,none,exact,0,0,INT-HISTORICAL-006497,SET-HISTORICAL-006497
LBL-HISTORICAL-006498,historical,,exact_match,1,none,exact,0,0,INT-HISTORICAL-006498,SET-HISTORICAL-006498
LBL-HISTORICAL-006499,historical,,true_amount_mismatch,0,true_amount_mismatch,do_not_match,0,0,INT-HISTORICAL-006499,SET-HISTORICAL-006499
LBL-HISTORICAL-006500,historical,,exact_match,1,none,exact,0,0,INT-HISTORICAL-006500,SET-HISTORICAL-006500
LBL-HISTORICAL-006501,historical,,exact_match,1,none,exact,0,0,INT-HISTORICAL-006501,SET-HISTORICAL-006501
LBL-HISTORICAL-006502,historical,,reference_format,1,reference_normalization,reference_normalization,0,0,INT-HISTORICAL-006502,SET-HISTORICAL-006502
LBL-HISTORICAL-006503,historical,,exact_match,1,none,exact,0,0,INT-HISTORICAL-006503,SET-HISTORICAL-006503
LBL-HISTORICAL-006504,historical,,exact_match,1,none,exact,0,0,INT-HISTORICAL-006504,SET-HISTORICAL-006504
LBL-HISTORICAL-006505,historical,,exact_match,1,none,exact,0,0,INT-HISTORICAL-006505,SET-HISTORICAL-006505
LBL-HISTORICAL-006506,historical,,exact_match,1,none,exact,0,0,INT-HISTORICAL-006506,SET-HISTORICAL-006506
LBL-HISTORICAL-006507,historical,,exact_match,1,none,exact,0,0,INT-HISTORICAL-006507,SET-HISTORICAL-006507
LBL-HISTORICAL-006508,historical,,exact_match,1,none,exact,0,0,INT-HISTORICAL-006508,SET-HISTORICAL-006508
LBL-HISTORICAL-006509,historical,,exact_match,1,none,exact,0,0,INT-HISTORICAL-006509,SET-HISTORICAL-006509
LBL-HISTORICAL-006510,historical,,settlement_delay,1,t_plus_delay,date_tolerance,0,1,INT-HISTORICAL-006510,SET-HISTORICAL-006510
LBL-HISTORICAL-006511,historical,,exact_match,1,none,exact,0,0,INT-HISTORICAL-006511,SET-HISTORICAL-006511
LBL-HISTORICAL-006512,historical,,exact_match,1,none,exact,0,0,INT-HISTORICAL-006512,SET-HISTORICAL-006512
LBL-HISTORICAL-006513,historical,,exact_match,1,none,exact,0,0,INT-HISTORICAL-006513,SET-HISTORICAL-006513
LBL-HISTORICAL-006514,historical,,exact_match,1,none,exact,0,0,INT-HISTORICAL-006514,SET-HISTORICAL-006514
LBL-HISTORICAL-006515,historical,,exact_match,1,none,exact,0,0,INT-HISTORICAL-006515,SET-HISTORICAL-006515
LBL-HISTORICAL-006516,historical,,settlement_delay,1,t_plus_delay,date_tolerance,0,1,INT-HISTORICAL-006516,SET-HISTORICAL-006516
LBL-HISTORICAL-006517,historical,,reference_format,1,reference_normalization,reference_normalization,0,0,INT-HISTORICAL-006517,SET-HISTORICAL-006517
LBL-HISTORICAL-006518,historical,,exact_match,1,none,exact,0,0,INT-HISTORICAL-006518,SET-HISTORICAL-006518
LBL-HISTORICAL-006519,historical,,settlement_delay,1,t_plus_delay,date_tolerance,0,1,INT-HISTORICAL-006519,SET-HISTORICAL-006519
LBL-HISTORICAL-006520,historical,,processing_fee,1,processor_fee,amount_tolerance,1,0,INT-HISTORICAL-006520,SET-HISTORICAL-006520
LBL-HISTORICAL-006521,historical,,settlement_delay,1,t_plus_delay,date_tolerance,0,2,INT-HISTORICAL-006521,SET-HISTORICAL-006521
LBL-HISTORICAL-006522,historical,,settlement_delay,1,t_plus_delay,date_tolerance,0,2,INT-HISTORICAL-006522,SET-HISTORICAL-006522
LBL-HISTORICAL-006523,historical,,exact_match,1,none,exact,0,0,INT-HISTORICAL-006523,SET-HISTORICAL-006523
LBL-HISTORICAL-006524,historical,,exact_match,1,none,exact,0,0,INT-HISTORICAL-006524,SET-HISTORICAL-006524
LBL-HISTORICAL-006525,historical,,exact_match,1,none,exact,0,0,INT-HISTORICAL-006525,SET-HISTORICAL-006525
LBL-HISTORICAL-006526,historical,,exact_match,1,none,exact,0,0,INT-HISTORICAL-006526,SET-HISTORICAL-006526
LBL-HISTORICAL-006527,historical,,settlement_delay,1,t_plus_delay,date_tolerance,0,2,INT-HISTORICAL-006527,SET-HISTORICAL-006527
LBL-HISTORICAL-006528,historical,,exact_match,1,none,exact,0,0,INT-HISTORICAL-006528,SET-HISTORICAL-006528
LBL-HISTORICAL-006529,historical,,exact_match,1,none,exact,0,0,INT-HISTORICAL-006529,SET-HISTORICAL-006529
LBL-HISTORICAL-006530,historical,,exact_match,1,none,exact,0,0,INT-HISTORICAL-006530,SET-HISTORICAL-006530
LBL-HISTORICAL-006531,historical,,exact_match,1,none,exact,0,0,INT-HISTORICAL-006531,SET-HISTORICAL-006531
LBL-HISTORICAL-006532,historical,,processing_fee,1,processor_fee,amount_tolerance,2,0,INT-HISTORICAL-006532,SET-HISTORICAL-006532
LBL-HISTORICAL-006533,historical,,processing_fee,1,processor_fee,amount_tolerance,1,0,INT-HISTORICAL-006533,SET-HISTORICAL-006533
LBL-HISTORICAL-006534,historical,,exact_match,1,none,exact,0,0,INT-HISTORICAL-006534,SET-HISTORICAL-006534
LBL-HISTORICAL-006535,historical,,reference_format,1,reference_normalization,reference_normalization,0,0,INT-HISTORICAL-006535,SET-HISTORICAL-006535
LBL-HISTORICAL-006536,historical,,processing_fee,1,processor_fee,amount_tolerance,3,0,INT-HISTORICAL-006536,SET-HISTORICAL-006536
LBL-HISTORICAL-006537,historical,,exact_match,1,none,exact,0,0,INT-HISTORICAL-006537,SET-HISTORICAL-006537
LBL-HISTORICAL-006538,historical,,settlement_delay,1,t_plus_delay,date_tolerance,0,1,INT-HISTORICAL-006538,SET-HISTORICAL-006538
LBL-HISTORICAL-006539,historical,,duplicate_processor_record,1,duplicate,dedupe_then_match,0,0,INT-HISTORICAL-006539,SET-HISTORICAL-006539
LBL-HISTORICAL-006540,historical,,exact_match,1,none,exact,0,0,INT-HISTORICAL-006540,SET-HISTORICAL-006540
LBL-HISTORICAL-006541,historical,,exact_match,1,none,exact,0,0,INT-HISTORICAL-006541,SET-HISTORICAL-006541
LBL-HISTORICAL-006542,historical,,exact_match,1,none,exact,0,0,INT-HISTORICAL-006542,SET-HISTORICAL-006542
LBL-HISTORICAL-006543,historical,,exact_match,1,none,exact,0,0,INT-HISTORICAL-006543,SET-HISTORICAL-006543
LBL-HISTORICAL-006544,historical,,exact_match,1,none,exact,0,0,INT-HISTORICAL-006544,SET-HISTORICAL-006544
LBL-HISTORICAL-006545,historical,,exact_match,1,none,exact,0,0,INT-HISTORICAL-006545,SET-HISTORICAL-006545
LBL-HISTORICAL-006546,historical,,exact_match,1,none,exact,0,0,INT-HISTORICAL-006546,SET-HISTORICAL-006546
LBL-HISTORICAL-006547,historical,,settlement_delay,1,t_plus_delay,date_tolerance,0,1,INT-HISTORICAL-006547,SET-HISTORICAL-006547
LBL-HISTORICAL-006548,historical,,settlement_delay,1,t_plus_delay,date_tolerance,0,1,INT-HISTORICAL-006548,SET-HISTORICAL-006548
LBL-HISTORICAL-006549,historical,,exact_match,1,none,exact,0,0,INT-HISTORICAL-006549,SET-HISTORICAL-006549
LBL-HISTORICAL-006550,historical,,exact_match,1,none,exact,0,0,INT-HISTORICAL-006550,SET-HISTORICAL-006550
LBL-HISTORICAL-006551,historical,,rounding_difference,1,rounding,amount_tolerance,0,0,INT-HISTORICAL-006551,SET-HISTORICAL-006551
LBL-HISTORICAL-006552,historical,,duplicate_processor_record,1,duplicate,dedupe_then_match,0,0,INT-HISTORICAL-006552,SET-HISTORICAL-006552
LBL-HISTORICAL-006553,historical,,duplicate_processor_record,1,duplicate,dedupe_then_match,0,0,INT-HISTORICAL-006553,SET-HISTORICAL-006553
LBL-HISTORICAL-006554,historical,,exact_match,1,none,exact,0,0,INT-HISTORICAL-006554,SET-HISTORICAL-006554
LBL-HISTORICAL-006555,historical,,settlement_delay,1,t_plus_delay,date_tolerance,0,1,INT-HISTORICAL-006555,SET-HISTORICAL-006555
LBL-HISTORICAL-006556,historical,,processing_fee,1,processor_fee,amount_tolerance,2,0,INT-HISTORICAL-006556,SET-HISTORICAL-006556
LBL-HISTORICAL-006557,historical,,exact_match,1,none,exact,0,0,INT-HISTORICAL-006557,SET-HISTORICAL-006557
LBL-HISTORICAL-006558,historical,,exact_match,1,none,exact,0,0,INT-HISTORICAL-006558,SET-HISTORICAL-006558
LBL-HISTORICAL-006559,historical,,exact_match,1,none,exact,0,0,INT-HISTORICAL-006559,SET-HISTORICAL-006559
LBL-HISTORICAL-006560,historical,,exact_match,1,none,exact,0,0,INT-HISTORICAL-006560,SET-HISTORICAL-006560
LBL-HISTORICAL-006561,historical,,processing_fee,1,processor_fee,amount_tolerance,2,0,INT-HISTORICAL-006561,SET-HISTORICAL-006561
LBL-HISTORICAL-006562,historical,,settlement_delay,1,t_plus_delay,date_tolerance,0,1,INT-HISTORICAL-006562,SET-HISTORICAL-006562
LBL-HISTORICAL-006563,historical,,exact_match,1,none,exact,0,0,INT-HISTORICAL-006563,SET-HISTORICAL-006563
LBL-HISTORICAL-006564,historical,,exact_match,1,none,exact,0,0,INT-HISTORICAL-006564,SET-HISTORICAL-006564
LBL-HISTORICAL-006565,historical,,exact_match,1,none,exact,0,0,INT-HISTORICAL-006565,SET-HISTORICAL-006565
LBL-HISTORICAL-006566,historical,,processing_fee,1,processor_fee,amount_tolerance,1,0,INT-HISTORICAL-006566,SET-HISTORICAL-006566
LBL-HISTORICAL-006567,historical,,exact_match,1,none,exact,0,0,INT-HISTORICAL-006567,SET-HISTORICAL-006567
LBL-HISTORICAL-006568,historical,,reference_format,1,reference_normalization,reference_normalization,0,0,INT-HISTORICAL-006568,SET-HISTORICAL-006568
LBL-HISTORICAL-006569,historical,,exact_match,1,none,exact,0,0,INT-HISTORICAL-006569,SET-HISTORICAL-006569
LBL-HISTORICAL-006570,historical,,exact_match,1,none,exact,0,0,INT-HISTORICAL-006570,SET-HISTORICAL-006570
LBL-HISTORICAL-006571,historical,,exact_match,1,none,exact,0,0,INT-HISTORICAL-006571,SET-HISTORICAL-006571
LBL-HISTORICAL-006572,historical,,exact_match,1,none,exact,0,0,INT-HISTORICAL-006572,SET-HISTORICAL-006572
LBL-HISTORICAL-006573,historical,,exact_match,1,none,exact,0,0,INT-HISTORICAL-006573,SET-HISTORICAL-006573
LBL-HISTORICAL-006574,historical,,exact_match,1,none,exact,0,0,INT-HISTORICAL-006574,SET-HISTORICAL-006574
LBL-HISTORICAL-006575,historical,,exact_match,1,none,exact,0,0,INT-HISTORICAL-006575,SET-HISTORICAL-006575
LBL-HISTORICAL-006576,historical,,duplicate_processor_record,1,duplicate,dedupe_then_match,0,0,INT-HISTORICAL-006576,SET-HISTORICAL-006576
LBL-HISTORICAL-006577,historical,,exact_match,1,none,exact,0,0,INT-HISTORICAL-006577,SET-HISTORICAL-006577
LBL-HISTORICAL-006578,historical,,exact_match,1,none,exact,0,0,INT-HISTORICAL-006578,SET-HISTORICAL-006578
LBL-HISTORICAL-006579,historical,,duplicate_processor_record,1,duplicate,dedupe_then_match,0,0,INT-HISTORICAL-006579,SET-HISTORICAL-006579
LBL-HISTORICAL-006580,historical,,exact_match,1,none,exact,0,0,INT-HISTORICAL-006580,SET-HISTORICAL-006580
LBL-HISTORICAL-006581,historical,,exact_match,1,none,exact,0,0,INT-HISTORICAL-006581,SET-HISTORICAL-006581
LBL-HISTORICAL-006582,historical,,currency_mismatch,0,currency_mismatch,do_not_match,0,0,INT-HISTORICAL-006582,SET-HISTORICAL-006582
LBL-HISTORICAL-006583,historical,,exact_match,1,none,exact,0,0,INT-HISTORICAL-006583,SET-HISTORICAL-006583
LBL-HISTORICAL-006584,historical,,settlement_delay,1,t_plus_delay,date_tolerance,0,1,INT-HISTORICAL-006584,SET-HISTORICAL-006584
LBL-HISTORICAL-006585,historical,,settlement_delay,1,t_plus_delay,date_tolerance,0,1,INT-HISTORICAL-006585,SET-HISTORICAL-006585
LBL-HISTORICAL-006586,historical,,exact_match,1,none,exact,0,0,INT-HISTORICAL-006586,SET-HISTORICAL-006586
LBL-HISTORICAL-006587,historical,,exact_match,1,none,exact,0,0,INT-HISTORICAL-006587,SET-HISTORICAL-006587
LBL-HISTORICAL-006588,historical,,duplicate_processor_record,1,duplicate,dedupe_then_match,0,0,INT-HISTORICAL-006588,SET-HISTORICAL-006588
LBL-HISTORICAL-006589,historical,,exact_match,1,none,exact,0,0,INT-HISTORICAL-006589,SET-HISTORICAL-006589
LBL-HISTORICAL-006590,historical,,exact_match,1,none,exact,0,0,INT-HISTORICAL-006590,SET-HISTORICAL-006590
LBL-HISTORICAL-006591,historical,,exact_match,1,none,exact,0,0,INT-HISTORICAL-006591,SET-HISTORICAL-006591
LBL-HISTORICAL-006592,historical,,exact_match,1,none,exact,0,0,INT-HISTORICAL-006592,SET-HISTORICAL-006592
LBL-HISTORICAL-006593,historical,,exact_match,1,none,exact,0,0,INT-HISTORICAL-006593,SET-HISTORICAL-006593
LBL-HISTORICAL-006594,historical,,exact_match,1,none,exact,0,0,INT-HISTORICAL-006594,SET-HISTORICAL-006594
LBL-HISTORICAL-006595,historical,,exact_match,1,none,exact,0,0,INT-HISTORICAL-006595,SET-HISTORICAL-006595
LBL-HISTORICAL-006596,historical,,exact_match,1,none,exact,0,0,INT-HISTORICAL-006596,SET-HISTORICAL-006596
LBL-HISTORICAL-006597,historical,,exact_match,1,none,exact,0,0,INT-HISTORICAL-006597,SET-HISTORICAL-006597
LBL-HISTORICAL-006598,historical,,exact_match,1,none,exact,0,0,INT-HISTORICAL-006598,SET-HISTORICAL-006598
LBL-HISTORICAL-006599,historical,,exact_match,1,none,exact,0,0,INT-HISTORICAL-006599,SET-HISTORICAL-006599
LBL-HISTORICAL-006600,historical,,exact_match,1,none,exact,0,0,INT-HISTORICAL-006600,SET-HISTORICAL-006600
LBL-HISTORICAL-006601,historical,,exact_match,1,none,exact,0,0,INT-HISTORICAL-006601,SET-HISTORICAL-006601
LBL-HISTORICAL-006602,historical,,exact_match,1,none,exact,0,0,INT-HISTORICAL-006602,SET-HISTORICAL-006602
LBL-HISTORICAL-006603,historical,,exact_match,1,none,exact,0,0,INT-HISTORICAL-006603,SET-HISTORICAL-006603
LBL-HISTORICAL-006604,historical,,true_amount_mismatch,0,true_amount_mismatch,do_not_match,0,0,INT-HISTORICAL-006604,SET-HISTORICAL-006604
LBL-HISTORICAL-006605,historical,,exact_match,1,none,exact,0,0,INT-HISTORICAL-006605,SET-HISTORICAL-006605
LBL-HISTORICAL-006606,historical,,exact_match,1,none,exact,0,0,INT-HISTORICAL-006606,SET-HISTORICAL-006606
LBL-HISTORICAL-006607,historical,,exact_match,1,none,exact,0,0,INT-HISTORICAL-006607,SET-HISTORICAL-006607
LBL-HISTORICAL-006608,historical,,exact_match,1,none,exact,0,0,INT-HISTORICAL-006608,SET-HISTORICAL-006608
LBL-HISTORICAL-006609,historical,,exact_match,1,none,exact,0,0,INT-HISTORICAL-006609,SET-HISTORICAL-006609
LBL-HISTORICAL-006610,historical,,processing_fee,1,processor_fee,amount_tolerance,2,0,INT-HISTORICAL-006610,SET-HISTORICAL-006610
LBL-HISTORICAL-006611,historical,,exact_match,1,none,exact,0,0,INT-HISTORICAL-006611,SET-HISTORICAL-006611
LBL-HISTORICAL-006612,historical,,exact_match,1,none,exact,0,0,INT-HISTORICAL-006612,SET-HISTORICAL-006612
LBL-HISTORICAL-006613,historical,,settlement_delay,1,t_plus_delay,date_tolerance,0,1,INT-HISTORICAL-006613,SET-HISTORICAL-006613
LBL-HISTORICAL-006614,historical,,exact_match,1,none,exact,0,0,INT-HISTORICAL-006614,SET-HISTORICAL-006614
LBL-HISTORICAL-006615,historical,,exact_match,1,none,exact,0,0,INT-HISTORICAL-006615,SET-HISTORICAL-006615
LBL-HISTORICAL-006616,historical,,processing_fee,1,processor_fee,amount_tolerance,1,0,INT-HISTORICAL-006616,SET-HISTORICAL-006616
LBL-HISTORICAL-006617,historical,,exact_match,1,none,exact,0,0,INT-HISTORICAL-006617,SET-HISTORICAL-006617
LBL-HISTORICAL-006618,historical,,exact_match,1,none,exact,0,0,INT-HISTORICAL-006618,SET-HISTORICAL-006618
LBL-HISTORICAL-006619,historical,,exact_match,1,none,exact,0,0,INT-HISTORICAL-006619,SET-HISTORICAL-006619
LBL-HISTORICAL-006620,historical,,exact_match,1,none,exact,0,0,INT-HISTORICAL-006620,SET-HISTORICAL-006620
LBL-HISTORICAL-006621,historical,,exact_match,1,none,exact,0,0,INT-HISTORICAL-006621,SET-HISTORICAL-006621
LBL-HISTORICAL-006622,historical,,processing_fee,1,processor_fee,amount_tolerance,3,0,INT-HISTORICAL-006622,SET-HISTORICAL-006622
LBL-HISTORICAL-006623,historical,,processing_fee,1,processor_fee,amount_tolerance,3,0,INT-HISTORICAL-006623,SET-HISTORICAL-006623
LBL-HISTORICAL-006624,historical,,true_amount_mismatch,0,true_amount_mismatch,do_not_match,0,0,INT-HISTORICAL-006624,SET-HISTORICAL-006624
LBL-HISTORICAL-006625,historical,,exact_match,1,none,exact,0,0,INT-HISTORICAL-006625,SET-HISTORICAL-006625
LBL-HISTORICAL-006626,historical,,exact_match,1,none,exact,0,0,INT-HISTORICAL-006626,SET-HISTORICAL-006626
LBL-HISTORICAL-006627,historical,,exact_match,1,none,exact,0,0,INT-HISTORICAL-006627,SET-HISTORICAL-006627
LBL-HISTORICAL-006628,historical,,exact_match,1,none,exact,0,0,INT-HISTORICAL-006628,SET-HISTORICAL-006628
LBL-HISTORICAL-006629,historical,,exact_match,1,none,exact,0,0,INT-HISTORICAL-006629,SET-HISTORICAL-006629
LBL-HISTORICAL-006630,historical,,exact_match,1,none,exact,0,0,INT-HISTORICAL-006630,SET-HISTORICAL-006630
LBL-HISTORICAL-006631,historical,,exact_match,1,none,exact,0,0,INT-HISTORICAL-006631,SET-HISTORICAL-006631
LBL-HISTORICAL-006632,historical,,exact_match,1,none,exact,0,0,INT-HISTORICAL-006632,SET-HISTORICAL-006632
LBL-HISTORICAL-006633,historical,,exact_match,1,none,exact,0,0,INT-HISTORICAL-006633,SET-HISTORICAL-006633
LBL-HISTORICAL-006634,historical,,exact_match,1,none,exact,0,0,INT-HISTORICAL-006634,SET-HISTORICAL-006634
LBL-HISTORICAL-006635,historical,,exact_match,1,none,exact,0,0,INT-HISTORICAL-006635,SET-HISTORICAL-006635
LBL-HISTORICAL-006636,historical,,exact_match,1,none,exact,0,0,INT-HISTORICAL-006636,SET-HISTORICAL-006636
LBL-HISTORICAL-006637,historical,,exact_match,1,none,exact,0,0,INT-HISTORICAL-006637,SET-HISTORICAL-006637
LBL-HISTORICAL-006638,historical,,exact_match,1,none,exact,0,0,INT-HISTORICAL-006638,SET-HISTORICAL-006638
LBL-HISTORICAL-006639,historical,,currency_mismatch,0,currency_mismatch,do_not_match,0,0,INT-HISTORICAL-006639,SET-HISTORICAL-006639
LBL-HISTORICAL-006640,historical,,exact_match,1,none,exact,0,0,INT-HISTORICAL-006640,SET-HISTORICAL-006640
LBL-HISTORICAL-006641,historical,,exact_match,1,none,exact,0,0,INT-HISTORICAL-006641,SET-HISTORICAL-006641
LBL-HISTORICAL-006642,historical,,currency_mismatch,0,currency_mismatch,do_not_match,0,0,INT-HISTORICAL-006642,SET-HISTORICAL-006642
LBL-HISTORICAL-006643,historical,,reference_format,1,reference_normalization,reference_normalization,0,0,INT-HISTORICAL-006643,SET-HISTORICAL-006643
LBL-HISTORICAL-006644,historical,,exact_match,1,none,exact,0,0,INT-HISTORICAL-006644,SET-HISTORICAL-006644
LBL-HISTORICAL-006645,historical,,settlement_delay,1,t_plus_delay,date_tolerance,0,1,INT-HISTORICAL-006645,SET-HISTORICAL-006645
LBL-HISTORICAL-006646,historical,,exact_match,1,none,exact,0,0,INT-HISTORICAL-006646,SET-HISTORICAL-006646
LBL-HISTORICAL-006647,historical,,exact_match,1,none,exact,0,0,INT-HISTORICAL-006647,SET-HISTORICAL-006647
LBL-HISTORICAL-006648,historical,,processing_fee,1,processor_fee,amount_tolerance,2,0,INT-HISTORICAL-006648,SET-HISTORICAL-006648
LBL-HISTORICAL-006649,historical,,exact_match,1,none,exact,0,0,INT-HISTORICAL-006649,SET-HISTORICAL-006649
LBL-HISTORICAL-006650,historical,,rounding_difference,1,rounding,amount_tolerance,0,0,INT-HISTORICAL-006650,SET-HISTORICAL-006650
LBL-HISTORICAL-006651,historical,,processing_fee,1,processor_fee,amount_tolerance,2,0,INT-HISTORICAL-006651,SET-HISTORICAL-006651
LBL-HISTORICAL-006652,historical,,exact_match,1,none,exact,0,0,INT-HISTORICAL-006652,SET-HISTORICAL-006652
LBL-HISTORICAL-006653,historical,,exact_match,1,none,exact,0,0,INT-HISTORICAL-006653,SET-HISTORICAL-006653
LBL-HISTORICAL-006654,historical,,exact_match,1,none,exact,0,0,INT-HISTORICAL-006654,SET-HISTORICAL-006654
LBL-HISTORICAL-006655,historical,,processing_fee,1,processor_fee,amount_tolerance,1,0,INT-HISTORICAL-006655,SET-HISTORICAL-006655
LBL-HISTORICAL-006656,historical,,exact_match,1,none,exact,0,0,INT-HISTORICAL-006656,SET-HISTORICAL-006656
LBL-HISTORICAL-006657,historical,,processing_fee,1,processor_fee,amount_tolerance,2,0,INT-HISTORICAL-006657,SET-HISTORICAL-006657
LBL-HISTORICAL-006658,historical,,exact_match,1,none,exact,0,0,INT-HISTORICAL-006658,SET-HISTORICAL-006658
LBL-HISTORICAL-006659,historical,,exact_match,1,none,exact,0,0,INT-HISTORICAL-006659,SET-HISTORICAL-006659
LBL-HISTORICAL-006660,historical,,exact_match,1,none,exact,0,0,INT-HISTORICAL-006660,SET-HISTORICAL-006660
LBL-HISTORICAL-006661,historical,,exact_match,1,none,exact,0,0,INT-HISTORICAL-006661,SET-HISTORICAL-006661
LBL-HISTORICAL-006662,historical,,processing_fee,1,processor_fee,amount_tolerance,2,0,INT-HISTORICAL-006662,SET-HISTORICAL-006662
LBL-HISTORICAL-006663,historical,,exact_match,1,none,exact,0,0,INT-HISTORICAL-006663,SET-HISTORICAL-006663
LBL-HISTORICAL-006664,historical,,exact_match,1,none,exact,0,0,INT-HISTORICAL-006664,SET-HISTORICAL-006664
LBL-HISTORICAL-006665,historical,,exact_match,1,none,exact,0,0,INT-HISTORICAL-006665,SET-HISTORICAL-006665
LBL-HISTORICAL-006666,historical,,exact_match,1,none,exact,0,0,INT-HISTORICAL-006666,SET-HISTORICAL-006666
LBL-HISTORICAL-006667,historical,,settlement_delay,1,t_plus_delay,date_tolerance,0,1,INT-HISTORICAL-006667,SET-HISTORICAL-006667
LBL-HISTORICAL-006668,historical,,exact_match,1,none,exact,0,0,INT-HISTORICAL-006668,SET-HISTORICAL-006668
LBL-HISTORICAL-006669,historical,,settlement_delay,1,t_plus_delay,date_tolerance,0,1,INT-HISTORICAL-006669,SET-HISTORICAL-006669
LBL-HISTORICAL-006670,historical,,settlement_delay,1,t_plus_delay,date_tolerance,0,1,INT-HISTORICAL-006670,SET-HISTORICAL-006670
LBL-HISTORICAL-006671,historical,,exact_match,1,none,exact,0,0,INT-HISTORICAL-006671,SET-HISTORICAL-006671
LBL-HISTORICAL-006672,historical,,exact_match,1,none,exact,0,0,INT-HISTORICAL-006672,SET-HISTORICAL-006672
LBL-HISTORICAL-006673,historical,,exact_match,1,none,exact,0,0,INT-HISTORICAL-006673,SET-HISTORICAL-006673
LBL-HISTORICAL-006674,historical,,exact_match,1,none,exact,0,0,INT-HISTORICAL-006674,SET-HISTORICAL-006674
LBL-HISTORICAL-006675,historical,,exact_match,1,none,exact,0,0,INT-HISTORICAL-006675,SET-HISTORICAL-006675
LBL-HISTORICAL-006676,historical,,reference_format,1,reference_normalization,reference_normalization,0,0,INT-HISTORICAL-006676,SET-HISTORICAL-006676
LBL-HISTORICAL-006677,historical,,exact_match,1,none,exact,0,0,INT-HISTORICAL-006677,SET-HISTORICAL-006677
LBL-HISTORICAL-006678,historical,,exact_match,1,none,exact,0,0,INT-HISTORICAL-006678,SET-HISTORICAL-006678
LBL-HISTORICAL-006679,historical,,exact_match,1,none,exact,0,0,INT-HISTORICAL-006679,SET-HISTORICAL-006679
LBL-HISTORICAL-006680,historical,,exact_match,1,none,exact,0,0,INT-HISTORICAL-006680,SET-HISTORICAL-006680
LBL-HISTORICAL-006681,historical,,processing_fee,1,processor_fee,amount_tolerance,2,0,INT-HISTORICAL-006681,SET-HISTORICAL-006681
LBL-HISTORICAL-006682,historical,,settlement_delay,1,t_plus_delay,date_tolerance,0,1,INT-HISTORICAL-006682,SET-HISTORICAL-006682
LBL-HISTORICAL-006683,historical,,exact_match,1,none,exact,0,0,INT-HISTORICAL-006683,SET-HISTORICAL-006683
LBL-HISTORICAL-006684,historical,,exact_match,1,none,exact,0,0,INT-HISTORICAL-006684,SET-HISTORICAL-006684
LBL-HISTORICAL-006685,historical,,exact_match,1,none,exact,0,0,INT-HISTORICAL-006685,SET-HISTORICAL-006685
LBL-HISTORICAL-006686,historical,,exact_match,1,none,exact,0,0,INT-HISTORICAL-006686,SET-HISTORICAL-006686
LBL-HISTORICAL-006687,historical,,exact_match,1,none,exact,0,0,INT-HISTORICAL-006687,SET-HISTORICAL-006687
LBL-HISTORICAL-006688,historical,,settlement_delay,1,t_plus_delay,date_tolerance,0,2,INT-HISTORICAL-006688,SET-HISTORICAL-006688
LBL-HISTORICAL-006689,historical,,exact_match,1,none,exact,0,0,INT-HISTORICAL-006689,SET-HISTORICAL-006689
LBL-HISTORICAL-006690,historical,,settlement_delay,1,t_plus_delay,date_tolerance,0,2,INT-HISTORICAL-006690,SET-HISTORICAL-006690
LBL-HISTORICAL-006691,historical,,exact_match,1,none,exact,0,0,INT-HISTORICAL-006691,SET-HISTORICAL-006691
LBL-HISTORICAL-006692,historical,,exact_match,1,none,exact,0,0,INT-HISTORICAL-006692,SET-HISTORICAL-006692
LBL-HISTORICAL-006693,historical,,reference_format,1,reference_normalization,reference_normalization,0,0,INT-HISTORICAL-006693,SET-HISTORICAL-006693
LBL-HISTORICAL-006694,historical,,exact_match,1,none,exact,0,0,INT-HISTORICAL-006694,SET-HISTORICAL-006694
LBL-HISTORICAL-006695,historical,,exact_match,1,none,exact,0,0,INT-HISTORICAL-006695,SET-HISTORICAL-006695
LBL-HISTORICAL-006696,historical,,exact_match,1,none,exact,0,0,INT-HISTORICAL-006696,SET-HISTORICAL-006696
LBL-HISTORICAL-006697,historical,,duplicate_processor_record,1,duplicate,dedupe_then_match,0,0,INT-HISTORICAL-006697,SET-HISTORICAL-006697
LBL-HISTORICAL-006698,historical,,exact_match,1,none,exact,0,0,INT-HISTORICAL-006698,SET-HISTORICAL-006698
LBL-HISTORICAL-006699,historical,,exact_match,1,none,exact,0,0,INT-HISTORICAL-006699,SET-HISTORICAL-006699
LBL-HISTORICAL-006700,historical,,exact_match,1,none,exact,0,0,INT-HISTORICAL-006700,SET-HISTORICAL-006700
LBL-HISTORICAL-006701,historical,,exact_match,1,none,exact,0,0,INT-HISTORICAL-006701,SET-HISTORICAL-006701
LBL-HISTORICAL-006702,historical,,rounding_difference,1,rounding,amount_tolerance,0,0,INT-HISTORICAL-006702,SET-HISTORICAL-006702
LBL-HISTORICAL-006703,historical,,exact_match,1,none,exact,0,0,INT-HISTORICAL-006703,SET-HISTORICAL-006703
LBL-HISTORICAL-006704,historical,,exact_match,1,none,exact,0,0,INT-HISTORICAL-006704,SET-HISTORICAL-006704
LBL-HISTORICAL-006705,historical,,settlement_delay,1,t_plus_delay,date_tolerance,0,1,INT-HISTORICAL-006705,SET-HISTORICAL-006705
LBL-HISTORICAL-006706,historical,,settlement_delay,1,t_plus_delay,date_tolerance,0,1,INT-HISTORICAL-006706,SET-HISTORICAL-006706
LBL-HISTORICAL-006707,historical,,processing_fee,1,processor_fee,amount_tolerance,5,0,INT-HISTORICAL-006707,SET-HISTORICAL-006707
LBL-HISTORICAL-006708,historical,,processing_fee,1,processor_fee,amount_tolerance,1,0,INT-HISTORICAL-006708,SET-HISTORICAL-006708
LBL-HISTORICAL-006709,historical,,settlement_delay,1,t_plus_delay,date_tolerance,0,2,INT-HISTORICAL-006709,SET-HISTORICAL-006709
LBL-HISTORICAL-006710,historical,,settlement_delay,1,t_plus_delay,date_tolerance,0,1,INT-HISTORICAL-006710,SET-HISTORICAL-006710
LBL-HISTORICAL-006711,historical,,settlement_delay,1,t_plus_delay,date_tolerance,0,1,INT-HISTORICAL-006711,SET-HISTORICAL-006711
LBL-HISTORICAL-006712,historical,,processing_fee,1,processor_fee,amount_tolerance,2,0,INT-HISTORICAL-006712,SET-HISTORICAL-006712
LBL-HISTORICAL-006713,historical,,exact_match,1,none,exact,0,0,INT-HISTORICAL-006713,SET-HISTORICAL-006713
LBL-HISTORICAL-006714,historical,,processing_fee,1,processor_fee,amount_tolerance,5,0,INT-HISTORICAL-006714,SET-HISTORICAL-006714
LBL-HISTORICAL-006715,historical,,exact_match,1,none,exact,0,0,INT-HISTORICAL-006715,SET-HISTORICAL-006715
LBL-HISTORICAL-006716,historical,,reference_format,1,reference_normalization,reference_normalization,0,0,INT-HISTORICAL-006716,SET-HISTORICAL-006716
LBL-HISTORICAL-006717,historical,,currency_mismatch,0,currency_mismatch,do_not_match,0,0,INT-HISTORICAL-006717,SET-HISTORICAL-006717
LBL-HISTORICAL-006718,historical,,processing_fee,1,processor_fee,amount_tolerance,1,0,INT-HISTORICAL-006718,SET-HISTORICAL-006718
LBL-HISTORICAL-006719,historical,,exact_match,1,none,exact,0,0,INT-HISTORICAL-006719,SET-HISTORICAL-006719
LBL-HISTORICAL-006720,historical,,exact_match,1,none,exact,0,0,INT-HISTORICAL-006720,SET-HISTORICAL-006720
LBL-HISTORICAL-006721,historical,,settlement_delay,1,t_plus_delay,date_tolerance,0,2,INT-HISTORICAL-006721,SET-HISTORICAL-006721
LBL-HISTORICAL-006722,historical,,exact_match,1,none,exact,0,0,INT-HISTORICAL-006722,SET-HISTORICAL-006722
LBL-HISTORICAL-006723,historical,,exact_match,1,none,exact,0,0,INT-HISTORICAL-006723,SET-HISTORICAL-006723
LBL-HISTORICAL-006724,historical,,exact_match,1,none,exact,0,0,INT-HISTORICAL-006724,SET-HISTORICAL-006724
LBL-HISTORICAL-006725,historical,,exact_match,1,none,exact,0,0,INT-HISTORICAL-006725,SET-HISTORICAL-006725
LBL-HISTORICAL-006726,historical,,exact_match,1,none,exact,0,0,INT-HISTORICAL-006726,SET-HISTORICAL-006726
LBL-HISTORICAL-006727,historical,,exact_match,1,none,exact,0,0,INT-HISTORICAL-006727,SET-HISTORICAL-006727
LBL-HISTORICAL-006728,historical,,exact_match,1,none,exact,0,0,INT-HISTORICAL-006728,SET-HISTORICAL-006728
LBL-HISTORICAL-006729,historical,,exact_match,1,none,exact,0,0,INT-HISTORICAL-006729,SET-HISTORICAL-006729
LBL-HISTORICAL-006730,historical,,exact_match,1,none,exact,0,0,INT-HISTORICAL-006730,SET-HISTORICAL-006730
LBL-HISTORICAL-006731,historical,,processing_fee,1,processor_fee,amount_tolerance,5,0,INT-HISTORICAL-006731,SET-HISTORICAL-006731
LBL-HISTORICAL-006732,historical,,exact_match,1,none,exact,0,0,INT-HISTORICAL-006732,SET-HISTORICAL-006732
LBL-HISTORICAL-006733,historical,,processing_fee,1,processor_fee,amount_tolerance,5,0,INT-HISTORICAL-006733,SET-HISTORICAL-006733
LBL-HISTORICAL-006734,historical,,exact_match,1,none,exact,0,0,INT-HISTORICAL-006734,SET-HISTORICAL-006734
LBL-HISTORICAL-006735,historical,,exact_match,1,none,exact,0,0,INT-HISTORICAL-006735,SET-HISTORICAL-006735
LBL-HISTORICAL-006736,historical,,exact_match,1,none,exact,0,0,INT-HISTORICAL-006736,SET-HISTORICAL-006736
LBL-HISTORICAL-006737,historical,,processing_fee,1,processor_fee,amount_tolerance,2,0,INT-HISTORICAL-006737,SET-HISTORICAL-006737
LBL-HISTORICAL-006738,historical,,exact_match,1,none,exact,0,0,INT-HISTORICAL-006738,SET-HISTORICAL-006738
LBL-HISTORICAL-006739,historical,,processing_fee,1,processor_fee,amount_tolerance,5,0,INT-HISTORICAL-006739,SET-HISTORICAL-006739
LBL-HISTORICAL-006740,historical,,reference_format,1,reference_normalization,reference_normalization,0,0,INT-HISTORICAL-006740,SET-HISTORICAL-006740
LBL-HISTORICAL-006741,historical,,exact_match,1,none,exact,0,0,INT-HISTORICAL-006741,SET-HISTORICAL-006741
LBL-HISTORICAL-006742,historical,,exact_match,1,none,exact,0,0,INT-HISTORICAL-006742,SET-HISTORICAL-006742
LBL-HISTORICAL-006743,historical,,exact_match,1,none,exact,0,0,INT-HISTORICAL-006743,SET-HISTORICAL-006743
LBL-HISTORICAL-006744,historical,,exact_match,1,none,exact,0,0,INT-HISTORICAL-006744,SET-HISTORICAL-006744
LBL-HISTORICAL-006745,historical,,exact_match,1,none,exact,0,0,INT-HISTORICAL-006745,SET-HISTORICAL-006745
LBL-HISTORICAL-006746,historical,,processing_fee,1,processor_fee,amount_tolerance,5,0,INT-HISTORICAL-006746,SET-HISTORICAL-006746
LBL-HISTORICAL-006747,historical,,processing_fee,1,processor_fee,amount_tolerance,3,0,INT-HISTORICAL-006747,SET-HISTORICAL-006747
LBL-HISTORICAL-006748,historical,,exact_match,1,none,exact,0,0,INT-HISTORICAL-006748,SET-HISTORICAL-006748
LBL-HISTORICAL-006749,historical,,exact_match,1,none,exact,0,0,INT-HISTORICAL-006749,SET-HISTORICAL-006749
LBL-HISTORICAL-006750,historical,,duplicate_processor_record,1,duplicate,dedupe_then_match,0,0,INT-HISTORICAL-006750,SET-HISTORICAL-006750
LBL-HISTORICAL-006751,historical,,exact_match,1,none,exact,0,0,INT-HISTORICAL-006751,SET-HISTORICAL-006751
LBL-HISTORICAL-006752,historical,,processing_fee,1,processor_fee,amount_tolerance,1,0,INT-HISTORICAL-006752,SET-HISTORICAL-006752
LBL-HISTORICAL-006753,historical,,settlement_delay,1,t_plus_delay,date_tolerance,0,1,INT-HISTORICAL-006753,SET-HISTORICAL-006753
LBL-HISTORICAL-006754,historical,,exact_match,1,none,exact,0,0,INT-HISTORICAL-006754,SET-HISTORICAL-006754
LBL-HISTORICAL-006755,historical,,exact_match,1,none,exact,0,0,INT-HISTORICAL-006755,SET-HISTORICAL-006755
LBL-HISTORICAL-006756,historical,,exact_match,1,none,exact,0,0,INT-HISTORICAL-006756,SET-HISTORICAL-006756
LBL-HISTORICAL-006757,historical,,exact_match,1,none,exact,0,0,INT-HISTORICAL-006757,SET-HISTORICAL-006757
LBL-HISTORICAL-006758,historical,,currency_mismatch,0,currency_mismatch,do_not_match,0,0,INT-HISTORICAL-006758,SET-HISTORICAL-006758
LBL-HISTORICAL-006759,historical,,exact_match,1,none,exact,0,0,INT-HISTORICAL-006759,SET-HISTORICAL-006759
LBL-HISTORICAL-006760,historical,,exact_match,1,none,exact,0,0,INT-HISTORICAL-006760,SET-HISTORICAL-006760
LBL-HISTORICAL-006761,historical,,exact_match,1,none,exact,0,0,INT-HISTORICAL-006761,SET-HISTORICAL-006761
LBL-HISTORICAL-006762,historical,,exact_match,1,none,exact,0,0,INT-HISTORICAL-006762,SET-HISTORICAL-006762
LBL-HISTORICAL-006763,historical,,processing_fee,1,processor_fee,amount_tolerance,3,0,INT-HISTORICAL-006763,SET-HISTORICAL-006763
LBL-HISTORICAL-006764,historical,,exact_match,1,none,exact,0,0,INT-HISTORICAL-006764,SET-HISTORICAL-006764
LBL-HISTORICAL-006765,historical,,processing_fee,1,processor_fee,amount_tolerance,3,0,INT-HISTORICAL-006765,SET-HISTORICAL-006765
LBL-HISTORICAL-006766,historical,,processing_fee,1,processor_fee,amount_tolerance,5,0,INT-HISTORICAL-006766,SET-HISTORICAL-006766
LBL-HISTORICAL-006767,historical,,exact_match,1,none,exact,0,0,INT-HISTORICAL-006767,SET-HISTORICAL-006767
LBL-HISTORICAL-006768,historical,,reference_format,1,reference_normalization,reference_normalization,0,0,INT-HISTORICAL-006768,SET-HISTORICAL-006768
LBL-HISTORICAL-006769,historical,,settlement_delay,1,t_plus_delay,date_tolerance,0,1,INT-HISTORICAL-006769,SET-HISTORICAL-006769
LBL-HISTORICAL-006770,historical,,rounding_difference,1,rounding,amount_tolerance,0,0,INT-HISTORICAL-006770,SET-HISTORICAL-006770
LBL-HISTORICAL-006771,historical,,exact_match,1,none,exact,0,0,INT-HISTORICAL-006771,SET-HISTORICAL-006771
LBL-HISTORICAL-006772,historical,,exact_match,1,none,exact,0,0,INT-HISTORICAL-006772,SET-HISTORICAL-006772
LBL-HISTORICAL-006773,historical,,exact_match,1,none,exact,0,0,INT-HISTORICAL-006773,SET-HISTORICAL-006773
LBL-HISTORICAL-006774,historical,,exact_match,1,none,exact,0,0,INT-HISTORICAL-006774,SET-HISTORICAL-006774
LBL-HISTORICAL-006775,historical,,exact_match,1,none,exact,0,0,INT-HISTORICAL-006775,SET-HISTORICAL-006775
LBL-HISTORICAL-006776,historical,,processing_fee,1,processor_fee,amount_tolerance,3,0,INT-HISTORICAL-006776,SET-HISTORICAL-006776
LBL-HISTORICAL-006777,historical,,true_amount_mismatch,0,true_amount_mismatch,do_not_match,0,0,INT-HISTORICAL-006777,SET-HISTORICAL-006777
LBL-HISTORICAL-006778,historical,,currency_mismatch,0,currency_mismatch,do_not_match,0,0,INT-HISTORICAL-006778,SET-HISTORICAL-006778
LBL-HISTORICAL-006779,historical,,processing_fee,1,processor_fee,amount_tolerance,2,0,INT-HISTORICAL-006779,SET-HISTORICAL-006779
LBL-HISTORICAL-006780,historical,,settlement_delay,1,t_plus_delay,date_tolerance,0,1,INT-HISTORICAL-006780,SET-HISTORICAL-006780
LBL-HISTORICAL-006781,historical,,exact_match,1,none,exact,0,0,INT-HISTORICAL-006781,SET-HISTORICAL-006781
LBL-HISTORICAL-006782,historical,,exact_match,1,none,exact,0,0,INT-HISTORICAL-006782,SET-HISTORICAL-006782
LBL-HISTORICAL-006783,historical,,exact_match,1,none,exact,0,0,INT-HISTORICAL-006783,SET-HISTORICAL-006783
LBL-HISTORICAL-006784,historical,,settlement_delay,1,t_plus_delay,date_tolerance,0,1,INT-HISTORICAL-006784,SET-HISTORICAL-006784
LBL-HISTORICAL-006785,historical,,exact_match,1,none,exact,0,0,INT-HISTORICAL-006785,SET-HISTORICAL-006785
LBL-HISTORICAL-006786,historical,,exact_match,1,none,exact,0,0,INT-HISTORICAL-006786,SET-HISTORICAL-006786
LBL-HISTORICAL-006787,historical,,rounding_difference,1,rounding,amount_tolerance,0,0,INT-HISTORICAL-006787,SET-HISTORICAL-006787
LBL-HISTORICAL-006788,historical,,settlement_delay,1,t_plus_delay,date_tolerance,0,1,INT-HISTORICAL-006788,SET-HISTORICAL-006788
LBL-HISTORICAL-006789,historical,,exact_match,1,none,exact,0,0,INT-HISTORICAL-006789,SET-HISTORICAL-006789
LBL-HISTORICAL-006790,historical,,processing_fee,1,processor_fee,amount_tolerance,1,0,INT-HISTORICAL-006790,SET-HISTORICAL-006790
LBL-HISTORICAL-006791,historical,,exact_match,1,none,exact,0,0,INT-HISTORICAL-006791,SET-HISTORICAL-006791
LBL-HISTORICAL-006792,historical,,processing_fee,1,processor_fee,amount_tolerance,1,0,INT-HISTORICAL-006792,SET-HISTORICAL-006792
LBL-HISTORICAL-006793,historical,,reference_format,1,reference_normalization,reference_normalization,0,0,INT-HISTORICAL-006793,SET-HISTORICAL-006793
LBL-HISTORICAL-006794,historical,,currency_mismatch,0,currency_mismatch,do_not_match,0,0,INT-HISTORICAL-006794,SET-HISTORICAL-006794
LBL-HISTORICAL-006795,historical,,processing_fee,1,processor_fee,amount_tolerance,1,0,INT-HISTORICAL-006795,SET-HISTORICAL-006795
LBL-HISTORICAL-006796,historical,,exact_match,1,none,exact,0,0,INT-HISTORICAL-006796,SET-HISTORICAL-006796
LBL-HISTORICAL-006797,historical,,reference_format,1,reference_normalization,reference_normalization,0,0,INT-HISTORICAL-006797,SET-HISTORICAL-006797
LBL-HISTORICAL-006798,historical,,exact_match,1,none,exact,0,0,INT-HISTORICAL-006798,SET-HISTORICAL-006798
LBL-HISTORICAL-006799,historical,,exact_match,1,none,exact,0,0,INT-HISTORICAL-006799,SET-HISTORICAL-006799
LBL-HISTORICAL-006800,historical,,exact_match,1,none,exact,0,0,INT-HISTORICAL-006800,SET-HISTORICAL-006800
LBL-HISTORICAL-006801,historical,,exact_match,1,none,exact,0,0,INT-HISTORICAL-006801,SET-HISTORICAL-006801
LBL-HISTORICAL-006802,historical,,exact_match,1,none,exact,0,0,INT-HISTORICAL-006802,SET-HISTORICAL-006802
LBL-HISTORICAL-006803,historical,,reference_format,1,reference_normalization,reference_normalization,0,0,INT-HISTORICAL-006803,SET-HISTORICAL-006803
LBL-HISTORICAL-006804,historical,,exact_match,1,none,exact,0,0,INT-HISTORICAL-006804,SET-HISTORICAL-006804
LBL-HISTORICAL-006805,historical,,exact_match,1,none,exact,0,0,INT-HISTORICAL-006805,SET-HISTORICAL-006805
LBL-HISTORICAL-006806,historical,,exact_match,1,none,exact,0,0,INT-HISTORICAL-006806,SET-HISTORICAL-006806
LBL-HISTORICAL-006807,historical,,rounding_difference,1,rounding,amount_tolerance,0,0,INT-HISTORICAL-006807,SET-HISTORICAL-006807
LBL-HISTORICAL-006808,historical,,exact_match,1,none,exact,0,0,INT-HISTORICAL-006808,SET-HISTORICAL-006808
LBL-HISTORICAL-006809,historical,,exact_match,1,none,exact,0,0,INT-HISTORICAL-006809,SET-HISTORICAL-006809
LBL-HISTORICAL-006810,historical,,exact_match,1,none,exact,0,0,INT-HISTORICAL-006810,SET-HISTORICAL-006810
LBL-HISTORICAL-006811,historical,,exact_match,1,none,exact,0,0,INT-HISTORICAL-006811,SET-HISTORICAL-006811
LBL-HISTORICAL-006812,historical,,true_amount_mismatch,0,true_amount_mismatch,do_not_match,0,0,INT-HISTORICAL-006812,SET-HISTORICAL-006812
LBL-HISTORICAL-006813,historical,,exact_match,1,none,exact,0,0,INT-HISTORICAL-006813,SET-HISTORICAL-006813
LBL-HISTORICAL-006814,historical,,exact_match,1,none,exact,0,0,INT-HISTORICAL-006814,SET-HISTORICAL-006814
LBL-HISTORICAL-006815,historical,,exact_match,1,none,exact,0,0,INT-HISTORICAL-006815,SET-HISTORICAL-006815
LBL-HISTORICAL-006816,historical,,reference_format,1,reference_normalization,reference_normalization,0,0,INT-HISTORICAL-006816,SET-HISTORICAL-006816
LBL-HISTORICAL-006817,historical,,settlement_delay,1,t_plus_delay,date_tolerance,0,1,INT-HISTORICAL-006817,SET-HISTORICAL-006817
LBL-HISTORICAL-006818,historical,,exact_match,1,none,exact,0,0,INT-HISTORICAL-006818,SET-HISTORICAL-006818
LBL-HISTORICAL-006819,historical,,exact_match,1,none,exact,0,0,INT-HISTORICAL-006819,SET-HISTORICAL-006819
LBL-HISTORICAL-006820,historical,,exact_match,1,none,exact,0,0,INT-HISTORICAL-006820,SET-HISTORICAL-006820
LBL-HISTORICAL-006821,historical,,settlement_delay,1,t_plus_delay,date_tolerance,0,1,INT-HISTORICAL-006821,SET-HISTORICAL-006821
LBL-HISTORICAL-006822,historical,,processing_fee,1,processor_fee,amount_tolerance,3,0,INT-HISTORICAL-006822,SET-HISTORICAL-006822
LBL-HISTORICAL-006823,historical,,exact_match,1,none,exact,0,0,INT-HISTORICAL-006823,SET-HISTORICAL-006823
LBL-HISTORICAL-006824,historical,,exact_match,1,none,exact,0,0,INT-HISTORICAL-006824,SET-HISTORICAL-006824
LBL-HISTORICAL-006825,historical,,reference_format,1,reference_normalization,reference_normalization,0,0,INT-HISTORICAL-006825,SET-HISTORICAL-006825
LBL-HISTORICAL-006826,historical,,processing_fee,1,processor_fee,amount_tolerance,2,0,INT-HISTORICAL-006826,SET-HISTORICAL-006826
LBL-HISTORICAL-006827,historical,,exact_match,1,none,exact,0,0,INT-HISTORICAL-006827,SET-HISTORICAL-006827
LBL-HISTORICAL-006828,historical,,rounding_difference,1,rounding,amount_tolerance,0,0,INT-HISTORICAL-006828,SET-HISTORICAL-006828
LBL-HISTORICAL-006829,historical,,exact_match,1,none,exact,0,0,INT-HISTORICAL-006829,SET-HISTORICAL-006829
LBL-HISTORICAL-006830,historical,,exact_match,1,none,exact,0,0,INT-HISTORICAL-006830,SET-HISTORICAL-006830
LBL-HISTORICAL-006831,historical,,exact_match,1,none,exact,0,0,INT-HISTORICAL-006831,SET-HISTORICAL-006831
LBL-HISTORICAL-006832,historical,,exact_match,1,none,exact,0,0,INT-HISTORICAL-006832,SET-HISTORICAL-006832
LBL-HISTORICAL-006833,historical,,exact_match,1,none,exact,0,0,INT-HISTORICAL-006833,SET-HISTORICAL-006833
LBL-HISTORICAL-006834,historical,,exact_match,1,none,exact,0,0,INT-HISTORICAL-006834,SET-HISTORICAL-006834
LBL-HISTORICAL-006835,historical,,exact_match,1,none,exact,0,0,INT-HISTORICAL-006835,SET-HISTORICAL-006835
LBL-HISTORICAL-006836,historical,,processing_fee,1,processor_fee,amount_tolerance,1,0,INT-HISTORICAL-006836,SET-HISTORICAL-006836
LBL-HISTORICAL-006837,historical,,exact_match,1,none,exact,0,0,INT-HISTORICAL-006837,SET-HISTORICAL-006837
LBL-HISTORICAL-006838,historical,,exact_match,1,none,exact,0,0,INT-HISTORICAL-006838,SET-HISTORICAL-006838
LBL-HISTORICAL-006839,historical,,exact_match,1,none,exact,0,0,INT-HISTORICAL-006839,SET-HISTORICAL-006839
LBL-HISTORICAL-006840,historical,,exact_match,1,none,exact,0,0,INT-HISTORICAL-006840,SET-HISTORICAL-006840
LBL-HISTORICAL-006841,historical,,reference_format,1,reference_normalization,reference_normalization,0,0,INT-HISTORICAL-006841,SET-HISTORICAL-006841
LBL-HISTORICAL-006842,historical,,exact_match,1,none,exact,0,0,INT-HISTORICAL-006842,SET-HISTORICAL-006842
LBL-HISTORICAL-006843,historical,,currency_mismatch,0,currency_mismatch,do_not_match,0,0,INT-HISTORICAL-006843,SET-HISTORICAL-006843
LBL-HISTORICAL-006844,historical,,exact_match,1,none,exact,0,0,INT-HISTORICAL-006844,SET-HISTORICAL-006844
LBL-HISTORICAL-006845,historical,,exact_match,1,none,exact,0,0,INT-HISTORICAL-006845,SET-HISTORICAL-006845
LBL-HISTORICAL-006846,historical,,exact_match,1,none,exact,0,0,INT-HISTORICAL-006846,SET-HISTORICAL-006846
LBL-HISTORICAL-006847,historical,,exact_match,1,none,exact,0,0,INT-HISTORICAL-006847,SET-HISTORICAL-006847
LBL-HISTORICAL-006848,historical,,settlement_delay,1,t_plus_delay,date_tolerance,0,1,INT-HISTORICAL-006848,SET-HISTORICAL-006848
LBL-HISTORICAL-006849,historical,,exact_match,1,none,exact,0,0,INT-HISTORICAL-006849,SET-HISTORICAL-006849
LBL-HISTORICAL-006850,historical,,duplicate_processor_record,1,duplicate,dedupe_then_match,0,0,INT-HISTORICAL-006850,SET-HISTORICAL-006850
LBL-HISTORICAL-006851,historical,,exact_match,1,none,exact,0,0,INT-HISTORICAL-006851,SET-HISTORICAL-006851
LBL-HISTORICAL-006852,historical,,exact_match,1,none,exact,0,0,INT-HISTORICAL-006852,SET-HISTORICAL-006852
LBL-HISTORICAL-006853,historical,,exact_match,1,none,exact,0,0,INT-HISTORICAL-006853,SET-HISTORICAL-006853
LBL-HISTORICAL-006854,historical,,exact_match,1,none,exact,0,0,INT-HISTORICAL-006854,SET-HISTORICAL-006854
LBL-HISTORICAL-006855,historical,,exact_match,1,none,exact,0,0,INT-HISTORICAL-006855,SET-HISTORICAL-006855
LBL-HISTORICAL-006856,historical,,exact_match,1,none,exact,0,0,INT-HISTORICAL-006856,SET-HISTORICAL-006856
LBL-HISTORICAL-006857,historical,,reference_format,1,reference_normalization,reference_normalization,0,0,INT-HISTORICAL-006857,SET-HISTORICAL-006857
LBL-HISTORICAL-006858,historical,,exact_match,1,none,exact,0,0,INT-HISTORICAL-006858,SET-HISTORICAL-006858
LBL-HISTORICAL-006859,historical,,exact_match,1,none,exact,0,0,INT-HISTORICAL-006859,SET-HISTORICAL-006859
LBL-HISTORICAL-006860,historical,,exact_match,1,none,exact,0,0,INT-HISTORICAL-006860,SET-HISTORICAL-006860
LBL-HISTORICAL-006861,historical,,processing_fee,1,processor_fee,amount_tolerance,2,0,INT-HISTORICAL-006861,SET-HISTORICAL-006861
LBL-HISTORICAL-006862,historical,,exact_match,1,none,exact,0,0,INT-HISTORICAL-006862,SET-HISTORICAL-006862
LBL-HISTORICAL-006863,historical,,exact_match,1,none,exact,0,0,INT-HISTORICAL-006863,SET-HISTORICAL-006863
LBL-HISTORICAL-006864,historical,,exact_match,1,none,exact,0,0,INT-HISTORICAL-006864,SET-HISTORICAL-006864
LBL-HISTORICAL-006865,historical,,exact_match,1,none,exact,0,0,INT-HISTORICAL-006865,SET-HISTORICAL-006865
LBL-HISTORICAL-006866,historical,,exact_match,1,none,exact,0,0,INT-HISTORICAL-006866,SET-HISTORICAL-006866
LBL-HISTORICAL-006867,historical,,exact_match,1,none,exact,0,0,INT-HISTORICAL-006867,SET-HISTORICAL-006867
LBL-HISTORICAL-006868,historical,,exact_match,1,none,exact,0,0,INT-HISTORICAL-006868,SET-HISTORICAL-006868
LBL-HISTORICAL-006869,historical,,exact_match,1,none,exact,0,0,INT-HISTORICAL-006869,SET-HISTORICAL-006869
LBL-HISTORICAL-006870,historical,,exact_match,1,none,exact,0,0,INT-HISTORICAL-006870,SET-HISTORICAL-006870
LBL-HISTORICAL-006871,historical,,exact_match,1,none,exact,0,0,INT-HISTORICAL-006871,SET-HISTORICAL-006871
LBL-HISTORICAL-006872,historical,,processing_fee,1,processor_fee,amount_tolerance,5,0,INT-HISTORICAL-006872,SET-HISTORICAL-006872
LBL-HISTORICAL-006873,historical,,exact_match,1,none,exact,0,0,INT-HISTORICAL-006873,SET-HISTORICAL-006873
LBL-HISTORICAL-006874,historical,,exact_match,1,none,exact,0,0,INT-HISTORICAL-006874,SET-HISTORICAL-006874
LBL-HISTORICAL-006875,historical,,exact_match,1,none,exact,0,0,INT-HISTORICAL-006875,SET-HISTORICAL-006875
LBL-HISTORICAL-006876,historical,,exact_match,1,none,exact,0,0,INT-HISTORICAL-006876,SET-HISTORICAL-006876
LBL-HISTORICAL-006877,historical,,exact_match,1,none,exact,0,0,INT-HISTORICAL-006877,SET-HISTORICAL-006877
LBL-HISTORICAL-006878,historical,,exact_match,1,none,exact,0,0,INT-HISTORICAL-006878,SET-HISTORICAL-006878
LBL-HISTORICAL-006879,historical,,reference_format,1,reference_normalization,reference_normalization,0,0,INT-HISTORICAL-006879,SET-HISTORICAL-006879
LBL-HISTORICAL-006880,historical,,exact_match,1,none,exact,0,0,INT-HISTORICAL-006880,SET-HISTORICAL-006880
LBL-HISTORICAL-006881,historical,,processing_fee,1,processor_fee,amount_tolerance,5,0,INT-HISTORICAL-006881,SET-HISTORICAL-006881
LBL-HISTORICAL-006882,historical,,exact_match,1,none,exact,0,0,INT-HISTORICAL-006882,SET-HISTORICAL-006882
LBL-HISTORICAL-006883,historical,,duplicate_processor_record,1,duplicate,dedupe_then_match,0,0,INT-HISTORICAL-006883,SET-HISTORICAL-006883
LBL-HISTORICAL-006884,historical,,exact_match,1,none,exact,0,0,INT-HISTORICAL-006884,SET-HISTORICAL-006884
LBL-HISTORICAL-006885,historical,,exact_match,1,none,exact,0,0,INT-HISTORICAL-006885,SET-HISTORICAL-006885
LBL-HISTORICAL-006886,historical,,exact_match,1,none,exact,0,0,INT-HISTORICAL-006886,SET-HISTORICAL-006886
LBL-HISTORICAL-006887,historical,,exact_match,1,none,exact,0,0,INT-HISTORICAL-006887,SET-HISTORICAL-006887
LBL-HISTORICAL-006888,historical,,settlement_delay,1,t_plus_delay,date_tolerance,0,1,INT-HISTORICAL-006888,SET-HISTORICAL-006888
LBL-HISTORICAL-006889,historical,,processing_fee,1,processor_fee,amount_tolerance,5,0,INT-HISTORICAL-006889,SET-HISTORICAL-006889
LBL-HISTORICAL-006890,historical,,exact_match,1,none,exact,0,0,INT-HISTORICAL-006890,SET-HISTORICAL-006890
LBL-HISTORICAL-006891,historical,,exact_match,1,none,exact,0,0,INT-HISTORICAL-006891,SET-HISTORICAL-006891
LBL-HISTORICAL-006892,historical,,exact_match,1,none,exact,0,0,INT-HISTORICAL-006892,SET-HISTORICAL-006892
LBL-HISTORICAL-006893,historical,,processing_fee,1,processor_fee,amount_tolerance,1,0,INT-HISTORICAL-006893,SET-HISTORICAL-006893
LBL-HISTORICAL-006894,historical,,exact_match,1,none,exact,0,0,INT-HISTORICAL-006894,SET-HISTORICAL-006894
LBL-HISTORICAL-006895,historical,,exact_match,1,none,exact,0,0,INT-HISTORICAL-006895,SET-HISTORICAL-006895
LBL-HISTORICAL-006896,historical,,exact_match,1,none,exact,0,0,INT-HISTORICAL-006896,SET-HISTORICAL-006896
LBL-HISTORICAL-006897,historical,,exact_match,1,none,exact,0,0,INT-HISTORICAL-006897,SET-HISTORICAL-006897
LBL-HISTORICAL-006898,historical,,exact_match,1,none,exact,0,0,INT-HISTORICAL-006898,SET-HISTORICAL-006898
LBL-HISTORICAL-006899,historical,,settlement_delay,1,t_plus_delay,date_tolerance,0,1,INT-HISTORICAL-006899,SET-HISTORICAL-006899
LBL-HISTORICAL-006900,historical,,reference_format,1,reference_normalization,reference_normalization,0,0,INT-HISTORICAL-006900,SET-HISTORICAL-006900
LBL-HISTORICAL-006901,historical,,exact_match,1,none,exact,0,0,INT-HISTORICAL-006901,SET-HISTORICAL-006901
LBL-HISTORICAL-006902,historical,,settlement_delay,1,t_plus_delay,date_tolerance,0,2,INT-HISTORICAL-006902,SET-HISTORICAL-006902
LBL-HISTORICAL-006903,historical,,exact_match,1,none,exact,0,0,INT-HISTORICAL-006903,SET-HISTORICAL-006903
LBL-HISTORICAL-006904,historical,,processing_fee,1,processor_fee,amount_tolerance,5,0,INT-HISTORICAL-006904,SET-HISTORICAL-006904
LBL-HISTORICAL-006905,historical,,exact_match,1,none,exact,0,0,INT-HISTORICAL-006905,SET-HISTORICAL-006905
LBL-HISTORICAL-006906,historical,,processing_fee,1,processor_fee,amount_tolerance,5,0,INT-HISTORICAL-006906,SET-HISTORICAL-006906
LBL-HISTORICAL-006907,historical,,exact_match,1,none,exact,0,0,INT-HISTORICAL-006907,SET-HISTORICAL-006907
LBL-HISTORICAL-006908,historical,,exact_match,1,none,exact,0,0,INT-HISTORICAL-006908,SET-HISTORICAL-006908
LBL-HISTORICAL-006909,historical,,exact_match,1,none,exact,0,0,INT-HISTORICAL-006909,SET-HISTORICAL-006909
LBL-HISTORICAL-006910,historical,,processing_fee,1,processor_fee,amount_tolerance,2,0,INT-HISTORICAL-006910,SET-HISTORICAL-006910
LBL-HISTORICAL-006911,historical,,exact_match,1,none,exact,0,0,INT-HISTORICAL-006911,SET-HISTORICAL-006911
LBL-HISTORICAL-006912,historical,,settlement_delay,1,t_plus_delay,date_tolerance,0,1,INT-HISTORICAL-006912,SET-HISTORICAL-006912
LBL-HISTORICAL-006913,historical,,true_amount_mismatch,0,true_amount_mismatch,do_not_match,0,0,INT-HISTORICAL-006913,SET-HISTORICAL-006913
LBL-HISTORICAL-006914,historical,,exact_match,1,none,exact,0,0,INT-HISTORICAL-006914,SET-HISTORICAL-006914
LBL-HISTORICAL-006915,historical,,exact_match,1,none,exact,0,0,INT-HISTORICAL-006915,SET-HISTORICAL-006915
LBL-HISTORICAL-006916,historical,,exact_match,1,none,exact,0,0,INT-HISTORICAL-006916,SET-HISTORICAL-006916
LBL-HISTORICAL-006917,historical,,reference_format,1,reference_normalization,reference_normalization,0,0,INT-HISTORICAL-006917,SET-HISTORICAL-006917
LBL-HISTORICAL-006918,historical,,exact_match,1,none,exact,0,0,INT-HISTORICAL-006918,SET-HISTORICAL-006918
LBL-HISTORICAL-006919,historical,,settlement_delay,1,t_plus_delay,date_tolerance,0,1,INT-HISTORICAL-006919,SET-HISTORICAL-006919
LBL-HISTORICAL-006920,historical,,exact_match,1,none,exact,0,0,INT-HISTORICAL-006920,SET-HISTORICAL-006920
LBL-HISTORICAL-006921,historical,,exact_match,1,none,exact,0,0,INT-HISTORICAL-006921,SET-HISTORICAL-006921
LBL-HISTORICAL-006922,historical,,exact_match,1,none,exact,0,0,INT-HISTORICAL-006922,SET-HISTORICAL-006922
LBL-HISTORICAL-006923,historical,,exact_match,1,none,exact,0,0,INT-HISTORICAL-006923,SET-HISTORICAL-006923
LBL-HISTORICAL-006924,historical,,rounding_difference,1,rounding,amount_tolerance,0,0,INT-HISTORICAL-006924,SET-HISTORICAL-006924
LBL-HISTORICAL-006925,historical,,exact_match,1,none,exact,0,0,INT-HISTORICAL-006925,SET-HISTORICAL-006925
LBL-HISTORICAL-006926,historical,,exact_match,1,none,exact,0,0,INT-HISTORICAL-006926,SET-HISTORICAL-006926
LBL-HISTORICAL-006927,historical,,processing_fee,1,processor_fee,amount_tolerance,1,0,INT-HISTORICAL-006927,SET-HISTORICAL-006927
LBL-HISTORICAL-006928,historical,,rounding_difference,1,rounding,amount_tolerance,0,0,INT-HISTORICAL-006928,SET-HISTORICAL-006928
LBL-HISTORICAL-006929,historical,,exact_match,1,none,exact,0,0,INT-HISTORICAL-006929,SET-HISTORICAL-006929
LBL-HISTORICAL-006930,historical,,exact_match,1,none,exact,0,0,INT-HISTORICAL-006930,SET-HISTORICAL-006930
LBL-HISTORICAL-006931,historical,,reference_format,1,reference_normalization,reference_normalization,0,0,INT-HISTORICAL-006931,SET-HISTORICAL-006931
LBL-HISTORICAL-006932,historical,,duplicate_processor_record,1,duplicate,dedupe_then_match,0,0,INT-HISTORICAL-006932,SET-HISTORICAL-006932
LBL-HISTORICAL-006933,historical,,true_amount_mismatch,0,true_amount_mismatch,do_not_match,0,0,INT-HISTORICAL-006933,SET-HISTORICAL-006933
LBL-HISTORICAL-006934,historical,,settlement_delay,1,t_plus_delay,date_tolerance,0,2,INT-HISTORICAL-006934,SET-HISTORICAL-006934
LBL-HISTORICAL-006935,historical,,processing_fee,1,processor_fee,amount_tolerance,2,0,INT-HISTORICAL-006935,SET-HISTORICAL-006935
LBL-HISTORICAL-006936,historical,,exact_match,1,none,exact,0,0,INT-HISTORICAL-006936,SET-HISTORICAL-006936
LBL-HISTORICAL-006937,historical,,exact_match,1,none,exact,0,0,INT-HISTORICAL-006937,SET-HISTORICAL-006937
LBL-HISTORICAL-006938,historical,,exact_match,1,none,exact,0,0,INT-HISTORICAL-006938,SET-HISTORICAL-006938
LBL-HISTORICAL-006939,historical,,reference_format,1,reference_normalization,reference_normalization,0,0,INT-HISTORICAL-006939,SET-HISTORICAL-006939
LBL-HISTORICAL-006940,historical,,exact_match,1,none,exact,0,0,INT-HISTORICAL-006940,SET-HISTORICAL-006940
LBL-HISTORICAL-006941,historical,,exact_match,1,none,exact,0,0,INT-HISTORICAL-006941,SET-HISTORICAL-006941
LBL-HISTORICAL-006942,historical,,exact_match,1,none,exact,0,0,INT-HISTORICAL-006942,SET-HISTORICAL-006942
LBL-HISTORICAL-006943,historical,,exact_match,1,none,exact,0,0,INT-HISTORICAL-006943,SET-HISTORICAL-006943
LBL-HISTORICAL-006944,historical,,exact_match,1,none,exact,0,0,INT-HISTORICAL-006944,SET-HISTORICAL-006944
LBL-HISTORICAL-006945,historical,,exact_match,1,none,exact,0,0,INT-HISTORICAL-006945,SET-HISTORICAL-006945
LBL-HISTORICAL-006946,historical,,exact_match,1,none,exact,0,0,INT-HISTORICAL-006946,SET-HISTORICAL-006946
LBL-HISTORICAL-006947,historical,,exact_match,1,none,exact,0,0,INT-HISTORICAL-006947,SET-HISTORICAL-006947
LBL-HISTORICAL-006948,historical,,exact_match,1,none,exact,0,0,INT-HISTORICAL-006948,SET-HISTORICAL-006948
LBL-HISTORICAL-006949,historical,,processing_fee,1,processor_fee,amount_tolerance,2,0,INT-HISTORICAL-006949,SET-HISTORICAL-006949
LBL-HISTORICAL-006950,historical,,exact_match,1,none,exact,0,0,INT-HISTORICAL-006950,SET-HISTORICAL-006950
LBL-HISTORICAL-006951,historical,,exact_match,1,none,exact,0,0,INT-HISTORICAL-006951,SET-HISTORICAL-006951
LBL-HISTORICAL-006952,historical,,exact_match,1,none,exact,0,0,INT-HISTORICAL-006952,SET-HISTORICAL-006952
LBL-HISTORICAL-006953,historical,,exact_match,1,none,exact,0,0,INT-HISTORICAL-006953,SET-HISTORICAL-006953
LBL-HISTORICAL-006954,historical,,exact_match,1,none,exact,0,0,INT-HISTORICAL-006954,SET-HISTORICAL-006954
LBL-HISTORICAL-006955,historical,,settlement_delay,1,t_plus_delay,date_tolerance,0,1,INT-HISTORICAL-006955,SET-HISTORICAL-006955
LBL-HISTORICAL-006956,historical,,rounding_difference,1,rounding,amount_tolerance,0,0,INT-HISTORICAL-006956,SET-HISTORICAL-006956
LBL-HISTORICAL-006957,historical,,exact_match,1,none,exact,0,0,INT-HISTORICAL-006957,SET-HISTORICAL-006957
LBL-HISTORICAL-006958,historical,,exact_match,1,none,exact,0,0,INT-HISTORICAL-006958,SET-HISTORICAL-006958
LBL-HISTORICAL-006959,historical,,duplicate_processor_record,1,duplicate,dedupe_then_match,0,0,INT-HISTORICAL-006959,SET-HISTORICAL-006959
LBL-HISTORICAL-006960,historical,,rounding_difference,1,rounding,amount_tolerance,0,0,INT-HISTORICAL-006960,SET-HISTORICAL-006960
LBL-HISTORICAL-006961,historical,,exact_match,1,none,exact,0,0,INT-HISTORICAL-006961,SET-HISTORICAL-006961
LBL-HISTORICAL-006962,historical,,exact_match,1,none,exact,0,0,INT-HISTORICAL-006962,SET-HISTORICAL-006962
LBL-HISTORICAL-006963,historical,,exact_match,1,none,exact,0,0,INT-HISTORICAL-006963,SET-HISTORICAL-006963
LBL-HISTORICAL-006964,historical,,exact_match,1,none,exact,0,0,INT-HISTORICAL-006964,SET-HISTORICAL-006964
LBL-HISTORICAL-006965,historical,,processing_fee,1,processor_fee,amount_tolerance,3,0,INT-HISTORICAL-006965,SET-HISTORICAL-006965
LBL-HISTORICAL-006966,historical,,exact_match,1,none,exact,0,0,INT-HISTORICAL-006966,SET-HISTORICAL-006966
LBL-HISTORICAL-006967,historical,,exact_match,1,none,exact,0,0,INT-HISTORICAL-006967,SET-HISTORICAL-006967
LBL-HISTORICAL-006968,historical,,exact_match,1,none,exact,0,0,INT-HISTORICAL-006968,SET-HISTORICAL-006968
LBL-HISTORICAL-006969,historical,,processing_fee,1,processor_fee,amount_tolerance,5,0,INT-HISTORICAL-006969,SET-HISTORICAL-006969
LBL-HISTORICAL-006970,historical,,exact_match,1,none,exact,0,0,INT-HISTORICAL-006970,SET-HISTORICAL-006970
LBL-HISTORICAL-006971,historical,,rounding_difference,1,rounding,amount_tolerance,0,0,INT-HISTORICAL-006971,SET-HISTORICAL-006971
LBL-HISTORICAL-006972,historical,,settlement_delay,1,t_plus_delay,date_tolerance,0,1,INT-HISTORICAL-006972,SET-HISTORICAL-006972
LBL-HISTORICAL-006973,historical,,exact_match,1,none,exact,0,0,INT-HISTORICAL-006973,SET-HISTORICAL-006973
LBL-HISTORICAL-006974,historical,,processing_fee,1,processor_fee,amount_tolerance,2,0,INT-HISTORICAL-006974,SET-HISTORICAL-006974
LBL-HISTORICAL-006975,historical,,processing_fee,1,processor_fee,amount_tolerance,2,0,INT-HISTORICAL-006975,SET-HISTORICAL-006975
LBL-HISTORICAL-006976,historical,,exact_match,1,none,exact,0,0,INT-HISTORICAL-006976,SET-HISTORICAL-006976
LBL-HISTORICAL-006977,historical,,exact_match,1,none,exact,0,0,INT-HISTORICAL-006977,SET-HISTORICAL-006977
LBL-HISTORICAL-006978,historical,,exact_match,1,none,exact,0,0,INT-HISTORICAL-006978,SET-HISTORICAL-006978
LBL-HISTORICAL-006979,historical,,duplicate_processor_record,1,duplicate,dedupe_then_match,0,0,INT-HISTORICAL-006979,SET-HISTORICAL-006979
LBL-HISTORICAL-006980,historical,,exact_match,1,none,exact,0,0,INT-HISTORICAL-006980,SET-HISTORICAL-006980
LBL-HISTORICAL-006981,historical,,exact_match,1,none,exact,0,0,INT-HISTORICAL-006981,SET-HISTORICAL-006981
LBL-HISTORICAL-006982,historical,,reference_format,1,reference_normalization,reference_normalization,0,0,INT-HISTORICAL-006982,SET-HISTORICAL-006982
LBL-HISTORICAL-006983,historical,,exact_match,1,none,exact,0,0,INT-HISTORICAL-006983,SET-HISTORICAL-006983
LBL-HISTORICAL-006984,historical,,exact_match,1,none,exact,0,0,INT-HISTORICAL-006984,SET-HISTORICAL-006984
LBL-HISTORICAL-006985,historical,,exact_match,1,none,exact,0,0,INT-HISTORICAL-006985,SET-HISTORICAL-006985
LBL-HISTORICAL-006986,historical,,processing_fee,1,processor_fee,amount_tolerance,2,0,INT-HISTORICAL-006986,SET-HISTORICAL-006986
LBL-HISTORICAL-006987,historical,,exact_match,1,none,exact,0,0,INT-HISTORICAL-006987,SET-HISTORICAL-006987
LBL-HISTORICAL-006988,historical,,exact_match,1,none,exact,0,0,INT-HISTORICAL-006988,SET-HISTORICAL-006988
LBL-HISTORICAL-006989,historical,,exact_match,1,none,exact,0,0,INT-HISTORICAL-006989,SET-HISTORICAL-006989
LBL-HISTORICAL-006990,historical,,settlement_delay,1,t_plus_delay,date_tolerance,0,1,INT-HISTORICAL-006990,SET-HISTORICAL-006990
LBL-HISTORICAL-006991,historical,,exact_match,1,none,exact,0,0,INT-HISTORICAL-006991,SET-HISTORICAL-006991
LBL-HISTORICAL-006992,historical,,processing_fee,1,processor_fee,amount_tolerance,5,0,INT-HISTORICAL-006992,SET-HISTORICAL-006992
LBL-HISTORICAL-006993,historical,,exact_match,1,none,exact,0,0,INT-HISTORICAL-006993,SET-HISTORICAL-006993
LBL-HISTORICAL-006994,historical,,processing_fee,1,processor_fee,amount_tolerance,3,0,INT-HISTORICAL-006994,SET-HISTORICAL-006994
LBL-HISTORICAL-006995,historical,,exact_match,1,none,exact,0,0,INT-HISTORICAL-006995,SET-HISTORICAL-006995
LBL-HISTORICAL-006996,historical,,exact_match,1,none,exact,0,0,INT-HISTORICAL-006996,SET-HISTORICAL-006996
LBL-HISTORICAL-006997,historical,,exact_match,1,none,exact,0,0,INT-HISTORICAL-006997,SET-HISTORICAL-006997
LBL-HISTORICAL-006998,historical,,exact_match,1,none,exact,0,0,INT-HISTORICAL-006998,SET-HISTORICAL-006998
LBL-HISTORICAL-006999,historical,,exact_match,1,none,exact,0,0,INT-HISTORICAL-006999,SET-HISTORICAL-006999
LBL-HISTORICAL-007000,historical,,exact_match,1,none,exact,0,0,INT-HISTORICAL-007000,SET-HISTORICAL-007000
LBL-HISTORICAL-007001,historical,,duplicate_processor_record,1,duplicate,dedupe_then_match,0,0,INT-HISTORICAL-007001,SET-HISTORICAL-007001
LBL-HISTORICAL-007002,historical,,exact_match,1,none,exact,0,0,INT-HISTORICAL-007002,SET-HISTORICAL-007002
LBL-HISTORICAL-007003,historical,,reference_format,1,reference_normalization,reference_normalization,0,0,INT-HISTORICAL-007003,SET-HISTORICAL-007003
LBL-HISTORICAL-007004,historical,,exact_match,1,none,exact,0,0,INT-HISTORICAL-007004,SET-HISTORICAL-007004
LBL-HISTORICAL-007005,historical,,exact_match,1,none,exact,0,0,INT-HISTORICAL-007005,SET-HISTORICAL-007005
LBL-HISTORICAL-007006,historical,,exact_match,1,none,exact,0,0,INT-HISTORICAL-007006,SET-HISTORICAL-007006
LBL-HISTORICAL-007007,historical,,settlement_delay,1,t_plus_delay,date_tolerance,0,1,INT-HISTORICAL-007007,SET-HISTORICAL-007007
LBL-HISTORICAL-007008,historical,,exact_match,1,none,exact,0,0,INT-HISTORICAL-007008,SET-HISTORICAL-007008
LBL-HISTORICAL-007009,historical,,settlement_delay,1,t_plus_delay,date_tolerance,0,2,INT-HISTORICAL-007009,SET-HISTORICAL-007009
LBL-HISTORICAL-007010,historical,,processing_fee,1,processor_fee,amount_tolerance,3,0,INT-HISTORICAL-007010,SET-HISTORICAL-007010
LBL-HISTORICAL-007011,historical,,reference_format,1,reference_normalization,reference_normalization,0,0,INT-HISTORICAL-007011,SET-HISTORICAL-007011
LBL-HISTORICAL-007012,historical,,settlement_delay,1,t_plus_delay,date_tolerance,0,1,INT-HISTORICAL-007012,SET-HISTORICAL-007012
LBL-HISTORICAL-007013,historical,,exact_match,1,none,exact,0,0,INT-HISTORICAL-007013,SET-HISTORICAL-007013
LBL-HISTORICAL-007014,historical,,reference_format,1,reference_normalization,reference_normalization,0,0,INT-HISTORICAL-007014,SET-HISTORICAL-007014
LBL-HISTORICAL-007015,historical,,exact_match,1,none,exact,0,0,INT-HISTORICAL-007015,SET-HISTORICAL-007015
LBL-HISTORICAL-007016,historical,,duplicate_processor_record,1,duplicate,dedupe_then_match,0,0,INT-HISTORICAL-007016,SET-HISTORICAL-007016
LBL-HISTORICAL-007017,historical,,exact_match,1,none,exact,0,0,INT-HISTORICAL-007017,SET-HISTORICAL-007017
LBL-HISTORICAL-007018,historical,,exact_match,1,none,exact,0,0,INT-HISTORICAL-007018,SET-HISTORICAL-007018
LBL-HISTORICAL-007019,historical,,processing_fee,1,processor_fee,amount_tolerance,3,0,INT-HISTORICAL-007019,SET-HISTORICAL-007019
LBL-HISTORICAL-007020,historical,,rounding_difference,1,rounding,amount_tolerance,0,0,INT-HISTORICAL-007020,SET-HISTORICAL-007020
LBL-HISTORICAL-007021,historical,,exact_match,1,none,exact,0,0,INT-HISTORICAL-007021,SET-HISTORICAL-007021
LBL-HISTORICAL-007022,historical,,exact_match,1,none,exact,0,0,INT-HISTORICAL-007022,SET-HISTORICAL-007022
LBL-HISTORICAL-007023,historical,,exact_match,1,none,exact,0,0,INT-HISTORICAL-007023,SET-HISTORICAL-007023
LBL-HISTORICAL-007024,historical,,exact_match,1,none,exact,0,0,INT-HISTORICAL-007024,SET-HISTORICAL-007024
LBL-HISTORICAL-007025,historical,,exact_match,1,none,exact,0,0,INT-HISTORICAL-007025,SET-HISTORICAL-007025
LBL-HISTORICAL-007026,historical,,exact_match,1,none,exact,0,0,INT-HISTORICAL-007026,SET-HISTORICAL-007026
LBL-HISTORICAL-007027,historical,,reference_format,1,reference_normalization,reference_normalization,0,0,INT-HISTORICAL-007027,SET-HISTORICAL-007027
LBL-HISTORICAL-007028,historical,,exact_match,1,none,exact,0,0,INT-HISTORICAL-007028,SET-HISTORICAL-007028
LBL-HISTORICAL-007029,historical,,exact_match,1,none,exact,0,0,INT-HISTORICAL-007029,SET-HISTORICAL-007029
LBL-HISTORICAL-007030,historical,,processing_fee,1,processor_fee,amount_tolerance,2,0,INT-HISTORICAL-007030,SET-HISTORICAL-007030
LBL-HISTORICAL-007031,historical,,exact_match,1,none,exact,0,0,INT-HISTORICAL-007031,SET-HISTORICAL-007031
LBL-HISTORICAL-007032,historical,,exact_match,1,none,exact,0,0,INT-HISTORICAL-007032,SET-HISTORICAL-007032
LBL-HISTORICAL-007033,historical,,exact_match,1,none,exact,0,0,INT-HISTORICAL-007033,SET-HISTORICAL-007033
LBL-HISTORICAL-007034,historical,,exact_match,1,none,exact,0,0,INT-HISTORICAL-007034,SET-HISTORICAL-007034
LBL-HISTORICAL-007035,historical,,settlement_delay,1,t_plus_delay,date_tolerance,0,1,INT-HISTORICAL-007035,SET-HISTORICAL-007035
LBL-HISTORICAL-007036,historical,,exact_match,1,none,exact,0,0,INT-HISTORICAL-007036,SET-HISTORICAL-007036
LBL-HISTORICAL-007037,historical,,exact_match,1,none,exact,0,0,INT-HISTORICAL-007037,SET-HISTORICAL-007037
LBL-HISTORICAL-007038,historical,,exact_match,1,none,exact,0,0,INT-HISTORICAL-007038,SET-HISTORICAL-007038
LBL-HISTORICAL-007039,historical,,processing_fee,1,processor_fee,amount_tolerance,3,0,INT-HISTORICAL-007039,SET-HISTORICAL-007039
LBL-HISTORICAL-007040,historical,,exact_match,1,none,exact,0,0,INT-HISTORICAL-007040,SET-HISTORICAL-007040
LBL-HISTORICAL-007041,historical,,exact_match,1,none,exact,0,0,INT-HISTORICAL-007041,SET-HISTORICAL-007041
LBL-HISTORICAL-007042,historical,,exact_match,1,none,exact,0,0,INT-HISTORICAL-007042,SET-HISTORICAL-007042
LBL-HISTORICAL-007043,historical,,exact_match,1,none,exact,0,0,INT-HISTORICAL-007043,SET-HISTORICAL-007043
LBL-HISTORICAL-007044,historical,,processing_fee,1,processor_fee,amount_tolerance,5,0,INT-HISTORICAL-007044,SET-HISTORICAL-007044
LBL-HISTORICAL-007045,historical,,processing_fee,1,processor_fee,amount_tolerance,3,0,INT-HISTORICAL-007045,SET-HISTORICAL-007045
LBL-HISTORICAL-007046,historical,,exact_match,1,none,exact,0,0,INT-HISTORICAL-007046,SET-HISTORICAL-007046
LBL-HISTORICAL-007047,historical,,reference_format,1,reference_normalization,reference_normalization,0,0,INT-HISTORICAL-007047,SET-HISTORICAL-007047
LBL-HISTORICAL-007048,historical,,exact_match,1,none,exact,0,0,INT-HISTORICAL-007048,SET-HISTORICAL-007048
LBL-HISTORICAL-007049,historical,,exact_match,1,none,exact,0,0,INT-HISTORICAL-007049,SET-HISTORICAL-007049
LBL-HISTORICAL-007050,historical,,exact_match,1,none,exact,0,0,INT-HISTORICAL-007050,SET-HISTORICAL-007050
LBL-HISTORICAL-007051,historical,,exact_match,1,none,exact,0,0,INT-HISTORICAL-007051,SET-HISTORICAL-007051
LBL-HISTORICAL-007052,historical,,exact_match,1,none,exact,0,0,INT-HISTORICAL-007052,SET-HISTORICAL-007052
LBL-HISTORICAL-007053,historical,,exact_match,1,none,exact,0,0,INT-HISTORICAL-007053,SET-HISTORICAL-007053
LBL-HISTORICAL-007054,historical,,exact_match,1,none,exact,0,0,INT-HISTORICAL-007054,SET-HISTORICAL-007054
LBL-HISTORICAL-007055,historical,,processing_fee,1,processor_fee,amount_tolerance,5,0,INT-HISTORICAL-007055,SET-HISTORICAL-007055
LBL-HISTORICAL-007056,historical,,settlement_delay,1,t_plus_delay,date_tolerance,0,1,INT-HISTORICAL-007056,SET-HISTORICAL-007056
LBL-HISTORICAL-007057,historical,,exact_match,1,none,exact,0,0,INT-HISTORICAL-007057,SET-HISTORICAL-007057
LBL-HISTORICAL-007058,historical,,exact_match,1,none,exact,0,0,INT-HISTORICAL-007058,SET-HISTORICAL-007058
LBL-HISTORICAL-007059,historical,,exact_match,1,none,exact,0,0,INT-HISTORICAL-007059,SET-HISTORICAL-007059
LBL-HISTORICAL-007060,historical,,processing_fee,1,processor_fee,amount_tolerance,1,0,INT-HISTORICAL-007060,SET-HISTORICAL-007060
LBL-HISTORICAL-007061,historical,,exact_match,1,none,exact,0,0,INT-HISTORICAL-007061,SET-HISTORICAL-007061
LBL-HISTORICAL-007062,historical,,exact_match,1,none,exact,0,0,INT-HISTORICAL-007062,SET-HISTORICAL-007062
LBL-HISTORICAL-007063,historical,,exact_match,1,none,exact,0,0,INT-HISTORICAL-007063,SET-HISTORICAL-007063
LBL-HISTORICAL-007064,historical,,exact_match,1,none,exact,0,0,INT-HISTORICAL-007064,SET-HISTORICAL-007064
LBL-HISTORICAL-007065,historical,,exact_match,1,none,exact,0,0,INT-HISTORICAL-007065,SET-HISTORICAL-007065
LBL-HISTORICAL-007066,historical,,exact_match,1,none,exact,0,0,INT-HISTORICAL-007066,SET-HISTORICAL-007066
LBL-HISTORICAL-007067,historical,,exact_match,1,none,exact,0,0,INT-HISTORICAL-007067,SET-HISTORICAL-007067
LBL-HISTORICAL-007068,historical,,exact_match,1,none,exact,0,0,INT-HISTORICAL-007068,SET-HISTORICAL-007068
LBL-HISTORICAL-007069,historical,,exact_match,1,none,exact,0,0,INT-HISTORICAL-007069,SET-HISTORICAL-007069
LBL-HISTORICAL-007070,historical,,exact_match,1,none,exact,0,0,INT-HISTORICAL-007070,SET-HISTORICAL-007070
LBL-HISTORICAL-007071,historical,,exact_match,1,none,exact,0,0,INT-HISTORICAL-007071,SET-HISTORICAL-007071
LBL-HISTORICAL-007072,historical,,exact_match,1,none,exact,0,0,INT-HISTORICAL-007072,SET-HISTORICAL-007072
LBL-HISTORICAL-007073,historical,,exact_match,1,none,exact,0,0,INT-HISTORICAL-007073,SET-HISTORICAL-007073
LBL-HISTORICAL-007074,historical,,exact_match,1,none,exact,0,0,INT-HISTORICAL-007074,SET-HISTORICAL-007074
LBL-HISTORICAL-007075,historical,,processing_fee,1,processor_fee,amount_tolerance,2,0,INT-HISTORICAL-007075,SET-HISTORICAL-007075
LBL-HISTORICAL-007076,historical,,exact_match,1,none,exact,0,0,INT-HISTORICAL-007076,SET-HISTORICAL-007076
LBL-HISTORICAL-007077,historical,,exact_match,1,none,exact,0,0,INT-HISTORICAL-007077,SET-HISTORICAL-007077
LBL-HISTORICAL-007078,historical,,exact_match,1,none,exact,0,0,INT-HISTORICAL-007078,SET-HISTORICAL-007078
LBL-HISTORICAL-007079,historical,,exact_match,1,none,exact,0,0,INT-HISTORICAL-007079,SET-HISTORICAL-007079
LBL-HISTORICAL-007080,historical,,exact_match,1,none,exact,0,0,INT-HISTORICAL-007080,SET-HISTORICAL-007080
LBL-HISTORICAL-007081,historical,,settlement_delay,1,t_plus_delay,date_tolerance,0,2,INT-HISTORICAL-007081,SET-HISTORICAL-007081
LBL-HISTORICAL-007082,historical,,exact_match,1,none,exact,0,0,INT-HISTORICAL-007082,SET-HISTORICAL-007082
LBL-HISTORICAL-007083,historical,,exact_match,1,none,exact,0,0,INT-HISTORICAL-007083,SET-HISTORICAL-007083
LBL-HISTORICAL-007084,historical,,exact_match,1,none,exact,0,0,INT-HISTORICAL-007084,SET-HISTORICAL-007084
LBL-HISTORICAL-007085,historical,,exact_match,1,none,exact,0,0,INT-HISTORICAL-007085,SET-HISTORICAL-007085
LBL-HISTORICAL-007086,historical,,processing_fee,1,processor_fee,amount_tolerance,1,0,INT-HISTORICAL-007086,SET-HISTORICAL-007086
LBL-HISTORICAL-007087,historical,,exact_match,1,none,exact,0,0,INT-HISTORICAL-007087,SET-HISTORICAL-007087
LBL-HISTORICAL-007088,historical,,exact_match,1,none,exact,0,0,INT-HISTORICAL-007088,SET-HISTORICAL-007088
LBL-HISTORICAL-007089,historical,,exact_match,1,none,exact,0,0,INT-HISTORICAL-007089,SET-HISTORICAL-007089
LBL-HISTORICAL-007090,historical,,exact_match,1,none,exact,0,0,INT-HISTORICAL-007090,SET-HISTORICAL-007090
LBL-HISTORICAL-007091,historical,,exact_match,1,none,exact,0,0,INT-HISTORICAL-007091,SET-HISTORICAL-007091
LBL-HISTORICAL-007092,historical,,exact_match,1,none,exact,0,0,INT-HISTORICAL-007092,SET-HISTORICAL-007092
LBL-HISTORICAL-007093,historical,,exact_match,1,none,exact,0,0,INT-HISTORICAL-007093,SET-HISTORICAL-007093
LBL-HISTORICAL-007094,historical,,processing_fee,1,processor_fee,amount_tolerance,5,0,INT-HISTORICAL-007094,SET-HISTORICAL-007094
LBL-HISTORICAL-007095,historical,,exact_match,1,none,exact,0,0,INT-HISTORICAL-007095,SET-HISTORICAL-007095
LBL-HISTORICAL-007096,historical,,exact_match,1,none,exact,0,0,INT-HISTORICAL-007096,SET-HISTORICAL-007096
LBL-HISTORICAL-007097,historical,,exact_match,1,none,exact,0,0,INT-HISTORICAL-007097,SET-HISTORICAL-007097
LBL-HISTORICAL-007098,historical,,exact_match,1,none,exact,0,0,INT-HISTORICAL-007098,SET-HISTORICAL-007098
LBL-HISTORICAL-007099,historical,,exact_match,1,none,exact,0,0,INT-HISTORICAL-007099,SET-HISTORICAL-007099
LBL-HISTORICAL-007100,historical,,exact_match,1,none,exact,0,0,INT-HISTORICAL-007100,SET-HISTORICAL-007100
LBL-HISTORICAL-007101,historical,,processing_fee,1,processor_fee,amount_tolerance,1,0,INT-HISTORICAL-007101,SET-HISTORICAL-007101
LBL-HISTORICAL-007102,historical,,exact_match,1,none,exact,0,0,INT-HISTORICAL-007102,SET-HISTORICAL-007102
LBL-HISTORICAL-007103,historical,,exact_match,1,none,exact,0,0,INT-HISTORICAL-007103,SET-HISTORICAL-007103
LBL-HISTORICAL-007104,historical,,processing_fee,1,processor_fee,amount_tolerance,2,0,INT-HISTORICAL-007104,SET-HISTORICAL-007104
LBL-HISTORICAL-007105,historical,,exact_match,1,none,exact,0,0,INT-HISTORICAL-007105,SET-HISTORICAL-007105
LBL-HISTORICAL-007106,historical,,exact_match,1,none,exact,0,0,INT-HISTORICAL-007106,SET-HISTORICAL-007106
LBL-HISTORICAL-007107,historical,,exact_match,1,none,exact,0,0,INT-HISTORICAL-007107,SET-HISTORICAL-007107
LBL-HISTORICAL-007108,historical,,exact_match,1,none,exact,0,0,INT-HISTORICAL-007108,SET-HISTORICAL-007108
LBL-HISTORICAL-007109,historical,,exact_match,1,none,exact,0,0,INT-HISTORICAL-007109,SET-HISTORICAL-007109
LBL-HISTORICAL-007110,historical,,exact_match,1,none,exact,0,0,INT-HISTORICAL-007110,SET-HISTORICAL-007110
LBL-HISTORICAL-007111,historical,,exact_match,1,none,exact,0,0,INT-HISTORICAL-007111,SET-HISTORICAL-007111
LBL-HISTORICAL-007112,historical,,exact_match,1,none,exact,0,0,INT-HISTORICAL-007112,SET-HISTORICAL-007112
LBL-HISTORICAL-007113,historical,,reference_format,1,reference_normalization,reference_normalization,0,0,INT-HISTORICAL-007113,SET-HISTORICAL-007113
LBL-HISTORICAL-007114,historical,,settlement_delay,1,t_plus_delay,date_tolerance,0,1,INT-HISTORICAL-007114,SET-HISTORICAL-007114
LBL-HISTORICAL-007115,historical,,exact_match,1,none,exact,0,0,INT-HISTORICAL-007115,SET-HISTORICAL-007115
LBL-HISTORICAL-007116,historical,,exact_match,1,none,exact,0,0,INT-HISTORICAL-007116,SET-HISTORICAL-007116
LBL-HISTORICAL-007117,historical,,exact_match,1,none,exact,0,0,INT-HISTORICAL-007117,SET-HISTORICAL-007117
LBL-HISTORICAL-007118,historical,,exact_match,1,none,exact,0,0,INT-HISTORICAL-007118,SET-HISTORICAL-007118
LBL-HISTORICAL-007119,historical,,exact_match,1,none,exact,0,0,INT-HISTORICAL-007119,SET-HISTORICAL-007119
LBL-HISTORICAL-007120,historical,,exact_match,1,none,exact,0,0,INT-HISTORICAL-007120,SET-HISTORICAL-007120
LBL-HISTORICAL-007121,historical,,exact_match,1,none,exact,0,0,INT-HISTORICAL-007121,SET-HISTORICAL-007121
LBL-HISTORICAL-007122,historical,,exact_match,1,none,exact,0,0,INT-HISTORICAL-007122,SET-HISTORICAL-007122
LBL-HISTORICAL-007123,historical,,processing_fee,1,processor_fee,amount_tolerance,2,0,INT-HISTORICAL-007123,SET-HISTORICAL-007123
LBL-HISTORICAL-007124,historical,,exact_match,1,none,exact,0,0,INT-HISTORICAL-007124,SET-HISTORICAL-007124
LBL-HISTORICAL-007125,historical,,processing_fee,1,processor_fee,amount_tolerance,3,0,INT-HISTORICAL-007125,SET-HISTORICAL-007125
LBL-HISTORICAL-007126,historical,,exact_match,1,none,exact,0,0,INT-HISTORICAL-007126,SET-HISTORICAL-007126
LBL-HISTORICAL-007127,historical,,exact_match,1,none,exact,0,0,INT-HISTORICAL-007127,SET-HISTORICAL-007127
LBL-HISTORICAL-007128,historical,,exact_match,1,none,exact,0,0,INT-HISTORICAL-007128,SET-HISTORICAL-007128
LBL-HISTORICAL-007129,historical,,exact_match,1,none,exact,0,0,INT-HISTORICAL-007129,SET-HISTORICAL-007129
LBL-HISTORICAL-007130,historical,,exact_match,1,none,exact,0,0,INT-HISTORICAL-007130,SET-HISTORICAL-007130
LBL-HISTORICAL-007131,historical,,exact_match,1,none,exact,0,0,INT-HISTORICAL-007131,SET-HISTORICAL-007131
LBL-HISTORICAL-007132,historical,,settlement_delay,1,t_plus_delay,date_tolerance,0,2,INT-HISTORICAL-007132,SET-HISTORICAL-007132
LBL-HISTORICAL-007133,historical,,exact_match,1,none,exact,0,0,INT-HISTORICAL-007133,SET-HISTORICAL-007133
LBL-HISTORICAL-007134,historical,,duplicate_processor_record,1,duplicate,dedupe_then_match,0,0,INT-HISTORICAL-007134,SET-HISTORICAL-007134
LBL-HISTORICAL-007135,historical,,settlement_delay,1,t_plus_delay,date_tolerance,0,2,INT-HISTORICAL-007135,SET-HISTORICAL-007135
LBL-HISTORICAL-007136,historical,,reference_format,1,reference_normalization,reference_normalization,0,0,INT-HISTORICAL-007136,SET-HISTORICAL-007136
LBL-HISTORICAL-007137,historical,,reference_format,1,reference_normalization,reference_normalization,0,0,INT-HISTORICAL-007137,SET-HISTORICAL-007137
LBL-HISTORICAL-007138,historical,,processing_fee,1,processor_fee,amount_tolerance,3,0,INT-HISTORICAL-007138,SET-HISTORICAL-007138
LBL-HISTORICAL-007139,historical,,exact_match,1,none,exact,0,0,INT-HISTORICAL-007139,SET-HISTORICAL-007139
LBL-HISTORICAL-007140,historical,,exact_match,1,none,exact,0,0,INT-HISTORICAL-007140,SET-HISTORICAL-007140
LBL-HISTORICAL-007141,historical,,exact_match,1,none,exact,0,0,INT-HISTORICAL-007141,SET-HISTORICAL-007141
LBL-HISTORICAL-007142,historical,,settlement_delay,1,t_plus_delay,date_tolerance,0,2,INT-HISTORICAL-007142,SET-HISTORICAL-007142
LBL-HISTORICAL-007143,historical,,processing_fee,1,processor_fee,amount_tolerance,2,0,INT-HISTORICAL-007143,SET-HISTORICAL-007143
LBL-HISTORICAL-007144,historical,,exact_match,1,none,exact,0,0,INT-HISTORICAL-007144,SET-HISTORICAL-007144
LBL-HISTORICAL-007145,historical,,settlement_delay,1,t_plus_delay,date_tolerance,0,1,INT-HISTORICAL-007145,SET-HISTORICAL-007145
LBL-HISTORICAL-007146,historical,,processing_fee,1,processor_fee,amount_tolerance,3,0,INT-HISTORICAL-007146,SET-HISTORICAL-007146
LBL-HISTORICAL-007147,historical,,settlement_delay,1,t_plus_delay,date_tolerance,0,2,INT-HISTORICAL-007147,SET-HISTORICAL-007147
LBL-HISTORICAL-007148,historical,,exact_match,1,none,exact,0,0,INT-HISTORICAL-007148,SET-HISTORICAL-007148
LBL-HISTORICAL-007149,historical,,exact_match,1,none,exact,0,0,INT-HISTORICAL-007149,SET-HISTORICAL-007149
LBL-HISTORICAL-007150,historical,,exact_match,1,none,exact,0,0,INT-HISTORICAL-007150,SET-HISTORICAL-007150
LBL-HISTORICAL-007151,historical,,processing_fee,1,processor_fee,amount_tolerance,2,0,INT-HISTORICAL-007151,SET-HISTORICAL-007151
LBL-HISTORICAL-007152,historical,,exact_match,1,none,exact,0,0,INT-HISTORICAL-007152,SET-HISTORICAL-007152
LBL-HISTORICAL-007153,historical,,exact_match,1,none,exact,0,0,INT-HISTORICAL-007153,SET-HISTORICAL-007153
LBL-HISTORICAL-007154,historical,,processing_fee,1,processor_fee,amount_tolerance,2,0,INT-HISTORICAL-007154,SET-HISTORICAL-007154
LBL-HISTORICAL-007155,historical,,exact_match,1,none,exact,0,0,INT-HISTORICAL-007155,SET-HISTORICAL-007155
LBL-HISTORICAL-007156,historical,,settlement_delay,1,t_plus_delay,date_tolerance,0,2,INT-HISTORICAL-007156,SET-HISTORICAL-007156
LBL-HISTORICAL-007157,historical,,exact_match,1,none,exact,0,0,INT-HISTORICAL-007157,SET-HISTORICAL-007157
LBL-HISTORICAL-007158,historical,,exact_match,1,none,exact,0,0,INT-HISTORICAL-007158,SET-HISTORICAL-007158
LBL-HISTORICAL-007159,historical,,exact_match,1,none,exact,0,0,INT-HISTORICAL-007159,SET-HISTORICAL-007159
LBL-HISTORICAL-007160,historical,,exact_match,1,none,exact,0,0,INT-HISTORICAL-007160,SET-HISTORICAL-007160
LBL-HISTORICAL-007161,historical,,reference_format,1,reference_normalization,reference_normalization,0,0,INT-HISTORICAL-007161,SET-HISTORICAL-007161
LBL-HISTORICAL-007162,historical,,exact_match,1,none,exact,0,0,INT-HISTORICAL-007162,SET-HISTORICAL-007162
LBL-HISTORICAL-007163,historical,,exact_match,1,none,exact,0,0,INT-HISTORICAL-007163,SET-HISTORICAL-007163
LBL-HISTORICAL-007164,historical,,exact_match,1,none,exact,0,0,INT-HISTORICAL-007164,SET-HISTORICAL-007164
LBL-HISTORICAL-007165,historical,,duplicate_processor_record,1,duplicate,dedupe_then_match,0,0,INT-HISTORICAL-007165,SET-HISTORICAL-007165
LBL-HISTORICAL-007166,historical,,exact_match,1,none,exact,0,0,INT-HISTORICAL-007166,SET-HISTORICAL-007166
LBL-HISTORICAL-007167,historical,,settlement_delay,1,t_plus_delay,date_tolerance,0,2,INT-HISTORICAL-007167,SET-HISTORICAL-007167
LBL-HISTORICAL-007168,historical,,exact_match,1,none,exact,0,0,INT-HISTORICAL-007168,SET-HISTORICAL-007168
LBL-HISTORICAL-007169,historical,,rounding_difference,1,rounding,amount_tolerance,0,0,INT-HISTORICAL-007169,SET-HISTORICAL-007169
LBL-HISTORICAL-007170,historical,,processing_fee,1,processor_fee,amount_tolerance,3,0,INT-HISTORICAL-007170,SET-HISTORICAL-007170
LBL-HISTORICAL-007171,historical,,exact_match,1,none,exact,0,0,INT-HISTORICAL-007171,SET-HISTORICAL-007171
LBL-HISTORICAL-007172,historical,,exact_match,1,none,exact,0,0,INT-HISTORICAL-007172,SET-HISTORICAL-007172
LBL-HISTORICAL-007173,historical,,exact_match,1,none,exact,0,0,INT-HISTORICAL-007173,SET-HISTORICAL-007173
LBL-HISTORICAL-007174,historical,,true_amount_mismatch,0,true_amount_mismatch,do_not_match,0,0,INT-HISTORICAL-007174,SET-HISTORICAL-007174
LBL-HISTORICAL-007175,historical,,true_amount_mismatch,0,true_amount_mismatch,do_not_match,0,0,INT-HISTORICAL-007175,SET-HISTORICAL-007175
LBL-HISTORICAL-007176,historical,,exact_match,1,none,exact,0,0,INT-HISTORICAL-007176,SET-HISTORICAL-007176
LBL-HISTORICAL-007177,historical,,processing_fee,1,processor_fee,amount_tolerance,3,0,INT-HISTORICAL-007177,SET-HISTORICAL-007177
LBL-HISTORICAL-007178,historical,,reference_format,1,reference_normalization,reference_normalization,0,0,INT-HISTORICAL-007178,SET-HISTORICAL-007178
LBL-HISTORICAL-007179,historical,,exact_match,1,none,exact,0,0,INT-HISTORICAL-007179,SET-HISTORICAL-007179
LBL-HISTORICAL-007180,historical,,exact_match,1,none,exact,0,0,INT-HISTORICAL-007180,SET-HISTORICAL-007180
LBL-HISTORICAL-007181,historical,,exact_match,1,none,exact,0,0,INT-HISTORICAL-007181,SET-HISTORICAL-007181
LBL-HISTORICAL-007182,historical,,exact_match,1,none,exact,0,0,INT-HISTORICAL-007182,SET-HISTORICAL-007182
LBL-HISTORICAL-007183,historical,,exact_match,1,none,exact,0,0,INT-HISTORICAL-007183,SET-HISTORICAL-007183
LBL-HISTORICAL-007184,historical,,exact_match,1,none,exact,0,0,INT-HISTORICAL-007184,SET-HISTORICAL-007184
LBL-HISTORICAL-007185,historical,,settlement_delay,1,t_plus_delay,date_tolerance,0,1,INT-HISTORICAL-007185,SET-HISTORICAL-007185
LBL-HISTORICAL-007186,historical,,exact_match,1,none,exact,0,0,INT-HISTORICAL-007186,SET-HISTORICAL-007186
LBL-HISTORICAL-007187,historical,,settlement_delay,1,t_plus_delay,date_tolerance,0,1,INT-HISTORICAL-007187,SET-HISTORICAL-007187
LBL-HISTORICAL-007188,historical,,reference_format,1,reference_normalization,reference_normalization,0,0,INT-HISTORICAL-007188,SET-HISTORICAL-007188
LBL-HISTORICAL-007189,historical,,processing_fee,1,processor_fee,amount_tolerance,5,0,INT-HISTORICAL-007189,SET-HISTORICAL-007189
LBL-HISTORICAL-007190,historical,,exact_match,1,none,exact,0,0,INT-HISTORICAL-007190,SET-HISTORICAL-007190
LBL-HISTORICAL-007191,historical,,reference_format,1,reference_normalization,reference_normalization,0,0,INT-HISTORICAL-007191,SET-HISTORICAL-007191
LBL-HISTORICAL-007192,historical,,exact_match,1,none,exact,0,0,INT-HISTORICAL-007192,SET-HISTORICAL-007192
LBL-HISTORICAL-007193,historical,,processing_fee,1,processor_fee,amount_tolerance,3,0,INT-HISTORICAL-007193,SET-HISTORICAL-007193
LBL-HISTORICAL-007194,historical,,exact_match,1,none,exact,0,0,INT-HISTORICAL-007194,SET-HISTORICAL-007194
LBL-HISTORICAL-007195,historical,,exact_match,1,none,exact,0,0,INT-HISTORICAL-007195,SET-HISTORICAL-007195
LBL-HISTORICAL-007196,historical,,exact_match,1,none,exact,0,0,INT-HISTORICAL-007196,SET-HISTORICAL-007196
LBL-HISTORICAL-007197,historical,,settlement_delay,1,t_plus_delay,date_tolerance,0,1,INT-HISTORICAL-007197,SET-HISTORICAL-007197
LBL-HISTORICAL-007198,historical,,processing_fee,1,processor_fee,amount_tolerance,5,0,INT-HISTORICAL-007198,SET-HISTORICAL-007198
LBL-HISTORICAL-007199,historical,,exact_match,1,none,exact,0,0,INT-HISTORICAL-007199,SET-HISTORICAL-007199
LBL-HISTORICAL-007200,historical,,exact_match,1,none,exact,0,0,INT-HISTORICAL-007200,SET-HISTORICAL-007200
LBL-HISTORICAL-007201,historical,,exact_match,1,none,exact,0,0,INT-HISTORICAL-007201,SET-HISTORICAL-007201
LBL-HISTORICAL-007202,historical,,exact_match,1,none,exact,0,0,INT-HISTORICAL-007202,SET-HISTORICAL-007202
LBL-HISTORICAL-007203,historical,,exact_match,1,none,exact,0,0,INT-HISTORICAL-007203,SET-HISTORICAL-007203
LBL-HISTORICAL-007204,historical,,exact_match,1,none,exact,0,0,INT-HISTORICAL-007204,SET-HISTORICAL-007204
LBL-HISTORICAL-007205,historical,,exact_match,1,none,exact,0,0,INT-HISTORICAL-007205,SET-HISTORICAL-007205
LBL-HISTORICAL-007206,historical,,exact_match,1,none,exact,0,0,INT-HISTORICAL-007206,SET-HISTORICAL-007206
LBL-HISTORICAL-007207,historical,,exact_match,1,none,exact,0,0,INT-HISTORICAL-007207,SET-HISTORICAL-007207
LBL-HISTORICAL-007208,historical,,exact_match,1,none,exact,0,0,INT-HISTORICAL-007208,SET-HISTORICAL-007208
LBL-HISTORICAL-007209,historical,,exact_match,1,none,exact,0,0,INT-HISTORICAL-007209,SET-HISTORICAL-007209
LBL-HISTORICAL-007210,historical,,exact_match,1,none,exact,0,0,INT-HISTORICAL-007210,SET-HISTORICAL-007210
LBL-HISTORICAL-007211,historical,,settlement_delay,1,t_plus_delay,date_tolerance,0,1,INT-HISTORICAL-007211,SET-HISTORICAL-007211
LBL-HISTORICAL-007212,historical,,processing_fee,1,processor_fee,amount_tolerance,5,0,INT-HISTORICAL-007212,SET-HISTORICAL-007212
LBL-HISTORICAL-007213,historical,,exact_match,1,none,exact,0,0,INT-HISTORICAL-007213,SET-HISTORICAL-007213
LBL-HISTORICAL-007214,historical,,rounding_difference,1,rounding,amount_tolerance,0,0,INT-HISTORICAL-007214,SET-HISTORICAL-007214
LBL-HISTORICAL-007215,historical,,exact_match,1,none,exact,0,0,INT-HISTORICAL-007215,SET-HISTORICAL-007215
LBL-HISTORICAL-007216,historical,,currency_mismatch,0,currency_mismatch,do_not_match,0,0,INT-HISTORICAL-007216,SET-HISTORICAL-007216
LBL-HISTORICAL-007217,historical,,exact_match,1,none,exact,0,0,INT-HISTORICAL-007217,SET-HISTORICAL-007217
LBL-HISTORICAL-007218,historical,,exact_match,1,none,exact,0,0,INT-HISTORICAL-007218,SET-HISTORICAL-007218
LBL-HISTORICAL-007219,historical,,exact_match,1,none,exact,0,0,INT-HISTORICAL-007219,SET-HISTORICAL-007219
LBL-HISTORICAL-007220,historical,,exact_match,1,none,exact,0,0,INT-HISTORICAL-007220,SET-HISTORICAL-007220
LBL-HISTORICAL-007221,historical,,exact_match,1,none,exact,0,0,INT-HISTORICAL-007221,SET-HISTORICAL-007221
LBL-HISTORICAL-007222,historical,,processing_fee,1,processor_fee,amount_tolerance,1,0,INT-HISTORICAL-007222,SET-HISTORICAL-007222
LBL-HISTORICAL-007223,historical,,exact_match,1,none,exact,0,0,INT-HISTORICAL-007223,SET-HISTORICAL-007223
LBL-HISTORICAL-007224,historical,,exact_match,1,none,exact,0,0,INT-HISTORICAL-007224,SET-HISTORICAL-007224
LBL-HISTORICAL-007225,historical,,exact_match,1,none,exact,0,0,INT-HISTORICAL-007225,SET-HISTORICAL-007225
LBL-HISTORICAL-007226,historical,,exact_match,1,none,exact,0,0,INT-HISTORICAL-007226,SET-HISTORICAL-007226
LBL-HISTORICAL-007227,historical,,exact_match,1,none,exact,0,0,INT-HISTORICAL-007227,SET-HISTORICAL-007227
LBL-HISTORICAL-007228,historical,,exact_match,1,none,exact,0,0,INT-HISTORICAL-007228,SET-HISTORICAL-007228
LBL-HISTORICAL-007229,historical,,settlement_delay,1,t_plus_delay,date_tolerance,0,1,INT-HISTORICAL-007229,SET-HISTORICAL-007229
LBL-HISTORICAL-007230,historical,,exact_match,1,none,exact,0,0,INT-HISTORICAL-007230,SET-HISTORICAL-007230
LBL-HISTORICAL-007231,historical,,settlement_delay,1,t_plus_delay,date_tolerance,0,1,INT-HISTORICAL-007231,SET-HISTORICAL-007231
LBL-HISTORICAL-007232,historical,,exact_match,1,none,exact,0,0,INT-HISTORICAL-007232,SET-HISTORICAL-007232
LBL-HISTORICAL-007233,historical,,settlement_delay,1,t_plus_delay,date_tolerance,0,1,INT-HISTORICAL-007233,SET-HISTORICAL-007233
LBL-HISTORICAL-007234,historical,,exact_match,1,none,exact,0,0,INT-HISTORICAL-007234,SET-HISTORICAL-007234
LBL-HISTORICAL-007235,historical,,rounding_difference,1,rounding,amount_tolerance,0,0,INT-HISTORICAL-007235,SET-HISTORICAL-007235
LBL-HISTORICAL-007236,historical,,exact_match,1,none,exact,0,0,INT-HISTORICAL-007236,SET-HISTORICAL-007236
LBL-HISTORICAL-007237,historical,,exact_match,1,none,exact,0,0,INT-HISTORICAL-007237,SET-HISTORICAL-007237
LBL-HISTORICAL-007238,historical,,processing_fee,1,processor_fee,amount_tolerance,2,0,INT-HISTORICAL-007238,SET-HISTORICAL-007238
LBL-HISTORICAL-007239,historical,,settlement_delay,1,t_plus_delay,date_tolerance,0,1,INT-HISTORICAL-007239,SET-HISTORICAL-007239
LBL-HISTORICAL-007240,historical,,exact_match,1,none,exact,0,0,INT-HISTORICAL-007240,SET-HISTORICAL-007240
LBL-HISTORICAL-007241,historical,,exact_match,1,none,exact,0,0,INT-HISTORICAL-007241,SET-HISTORICAL-007241
LBL-HISTORICAL-007242,historical,,exact_match,1,none,exact,0,0,INT-HISTORICAL-007242,SET-HISTORICAL-007242
LBL-HISTORICAL-007243,historical,,exact_match,1,none,exact,0,0,INT-HISTORICAL-007243,SET-HISTORICAL-007243
LBL-HISTORICAL-007244,historical,,exact_match,1,none,exact,0,0,INT-HISTORICAL-007244,SET-HISTORICAL-007244
LBL-HISTORICAL-007245,historical,,exact_match,1,none,exact,0,0,INT-HISTORICAL-007245,SET-HISTORICAL-007245
LBL-HISTORICAL-007246,historical,,exact_match,1,none,exact,0,0,INT-HISTORICAL-007246,SET-HISTORICAL-007246
LBL-HISTORICAL-007247,historical,,exact_match,1,none,exact,0,0,INT-HISTORICAL-007247,SET-HISTORICAL-007247
LBL-HISTORICAL-007248,historical,,exact_match,1,none,exact,0,0,INT-HISTORICAL-007248,SET-HISTORICAL-007248
LBL-HISTORICAL-007249,historical,,processing_fee,1,processor_fee,amount_tolerance,3,0,INT-HISTORICAL-007249,SET-HISTORICAL-007249
LBL-HISTORICAL-007250,historical,,exact_match,1,none,exact,0,0,INT-HISTORICAL-007250,SET-HISTORICAL-007250
LBL-HISTORICAL-007251,historical,,reference_format,1,reference_normalization,reference_normalization,0,0,INT-HISTORICAL-007251,SET-HISTORICAL-007251
LBL-HISTORICAL-007252,historical,,exact_match,1,none,exact,0,0,INT-HISTORICAL-007252,SET-HISTORICAL-007252
LBL-HISTORICAL-007253,historical,,rounding_difference,1,rounding,amount_tolerance,0,0,INT-HISTORICAL-007253,SET-HISTORICAL-007253
LBL-HISTORICAL-007254,historical,,true_amount_mismatch,0,true_amount_mismatch,do_not_match,0,0,INT-HISTORICAL-007254,SET-HISTORICAL-007254
LBL-HISTORICAL-007255,historical,,exact_match,1,none,exact,0,0,INT-HISTORICAL-007255,SET-HISTORICAL-007255
LBL-HISTORICAL-007256,historical,,exact_match,1,none,exact,0,0,INT-HISTORICAL-007256,SET-HISTORICAL-007256
LBL-HISTORICAL-007257,historical,,exact_match,1,none,exact,0,0,INT-HISTORICAL-007257,SET-HISTORICAL-007257
LBL-HISTORICAL-007258,historical,,exact_match,1,none,exact,0,0,INT-HISTORICAL-007258,SET-HISTORICAL-007258
LBL-HISTORICAL-007259,historical,,exact_match,1,none,exact,0,0,INT-HISTORICAL-007259,SET-HISTORICAL-007259
LBL-HISTORICAL-007260,historical,,exact_match,1,none,exact,0,0,INT-HISTORICAL-007260,SET-HISTORICAL-007260
LBL-HISTORICAL-007261,historical,,processing_fee,1,processor_fee,amount_tolerance,2,0,INT-HISTORICAL-007261,SET-HISTORICAL-007261
LBL-HISTORICAL-007262,historical,,exact_match,1,none,exact,0,0,INT-HISTORICAL-007262,SET-HISTORICAL-007262
LBL-HISTORICAL-007263,historical,,reference_format,1,reference_normalization,reference_normalization,0,0,INT-HISTORICAL-007263,SET-HISTORICAL-007263
LBL-HISTORICAL-007264,historical,,processing_fee,1,processor_fee,amount_tolerance,1,0,INT-HISTORICAL-007264,SET-HISTORICAL-007264
LBL-HISTORICAL-007265,historical,,exact_match,1,none,exact,0,0,INT-HISTORICAL-007265,SET-HISTORICAL-007265
LBL-HISTORICAL-007266,historical,,settlement_delay,1,t_plus_delay,date_tolerance,0,1,INT-HISTORICAL-007266,SET-HISTORICAL-007266
LBL-HISTORICAL-007267,historical,,exact_match,1,none,exact,0,0,INT-HISTORICAL-007267,SET-HISTORICAL-007267
LBL-HISTORICAL-007268,historical,,rounding_difference,1,rounding,amount_tolerance,0,0,INT-HISTORICAL-007268,SET-HISTORICAL-007268
LBL-HISTORICAL-007269,historical,,exact_match,1,none,exact,0,0,INT-HISTORICAL-007269,SET-HISTORICAL-007269
LBL-HISTORICAL-007270,historical,,true_amount_mismatch,0,true_amount_mismatch,do_not_match,0,0,INT-HISTORICAL-007270,SET-HISTORICAL-007270
LBL-HISTORICAL-007271,historical,,settlement_delay,1,t_plus_delay,date_tolerance,0,2,INT-HISTORICAL-007271,SET-HISTORICAL-007271
LBL-HISTORICAL-007272,historical,,exact_match,1,none,exact,0,0,INT-HISTORICAL-007272,SET-HISTORICAL-007272
LBL-HISTORICAL-007273,historical,,exact_match,1,none,exact,0,0,INT-HISTORICAL-007273,SET-HISTORICAL-007273
LBL-HISTORICAL-007274,historical,,processing_fee,1,processor_fee,amount_tolerance,3,0,INT-HISTORICAL-007274,SET-HISTORICAL-007274
LBL-HISTORICAL-007275,historical,,exact_match,1,none,exact,0,0,INT-HISTORICAL-007275,SET-HISTORICAL-007275
LBL-HISTORICAL-007276,historical,,exact_match,1,none,exact,0,0,INT-HISTORICAL-007276,SET-HISTORICAL-007276
LBL-HISTORICAL-007277,historical,,exact_match,1,none,exact,0,0,INT-HISTORICAL-007277,SET-HISTORICAL-007277
LBL-HISTORICAL-007278,historical,,exact_match,1,none,exact,0,0,INT-HISTORICAL-007278,SET-HISTORICAL-007278
LBL-HISTORICAL-007279,historical,,exact_match,1,none,exact,0,0,INT-HISTORICAL-007279,SET-HISTORICAL-007279
LBL-HISTORICAL-007280,historical,,exact_match,1,none,exact,0,0,INT-HISTORICAL-007280,SET-HISTORICAL-007280
LBL-HISTORICAL-007281,historical,,exact_match,1,none,exact,0,0,INT-HISTORICAL-007281,SET-HISTORICAL-007281
LBL-HISTORICAL-007282,historical,,exact_match,1,none,exact,0,0,INT-HISTORICAL-007282,SET-HISTORICAL-007282
LBL-HISTORICAL-007283,historical,,settlement_delay,1,t_plus_delay,date_tolerance,0,1,INT-HISTORICAL-007283,SET-HISTORICAL-007283
LBL-HISTORICAL-007284,historical,,processing_fee,1,processor_fee,amount_tolerance,2,0,INT-HISTORICAL-007284,SET-HISTORICAL-007284
LBL-HISTORICAL-007285,historical,,exact_match,1,none,exact,0,0,INT-HISTORICAL-007285,SET-HISTORICAL-007285
LBL-HISTORICAL-007286,historical,,exact_match,1,none,exact,0,0,INT-HISTORICAL-007286,SET-HISTORICAL-007286
LBL-HISTORICAL-007287,historical,,exact_match,1,none,exact,0,0,INT-HISTORICAL-007287,SET-HISTORICAL-007287
LBL-HISTORICAL-007288,historical,,reference_format,1,reference_normalization,reference_normalization,0,0,INT-HISTORICAL-007288,SET-HISTORICAL-007288
LBL-HISTORICAL-007289,historical,,processing_fee,1,processor_fee,amount_tolerance,3,0,INT-HISTORICAL-007289,SET-HISTORICAL-007289
LBL-HISTORICAL-007290,historical,,exact_match,1,none,exact,0,0,INT-HISTORICAL-007290,SET-HISTORICAL-007290
LBL-HISTORICAL-007291,historical,,rounding_difference,1,rounding,amount_tolerance,0,0,INT-HISTORICAL-007291,SET-HISTORICAL-007291
LBL-HISTORICAL-007292,historical,,exact_match,1,none,exact,0,0,INT-HISTORICAL-007292,SET-HISTORICAL-007292
LBL-HISTORICAL-007293,historical,,reference_format,1,reference_normalization,reference_normalization,0,0,INT-HISTORICAL-007293,SET-HISTORICAL-007293
LBL-HISTORICAL-007294,historical,,exact_match,1,none,exact,0,0,INT-HISTORICAL-007294,SET-HISTORICAL-007294
LBL-HISTORICAL-007295,historical,,exact_match,1,none,exact,0,0,INT-HISTORICAL-007295,SET-HISTORICAL-007295
LBL-HISTORICAL-007296,historical,,exact_match,1,none,exact,0,0,INT-HISTORICAL-007296,SET-HISTORICAL-007296
LBL-HISTORICAL-007297,historical,,processing_fee,1,processor_fee,amount_tolerance,5,0,INT-HISTORICAL-007297,SET-HISTORICAL-007297
LBL-HISTORICAL-007298,historical,,exact_match,1,none,exact,0,0,INT-HISTORICAL-007298,SET-HISTORICAL-007298
LBL-HISTORICAL-007299,historical,,exact_match,1,none,exact,0,0,INT-HISTORICAL-007299,SET-HISTORICAL-007299
LBL-HISTORICAL-007300,historical,,exact_match,1,none,exact,0,0,INT-HISTORICAL-007300,SET-HISTORICAL-007300
LBL-HISTORICAL-007301,historical,,exact_match,1,none,exact,0,0,INT-HISTORICAL-007301,SET-HISTORICAL-007301
LBL-HISTORICAL-007302,historical,,processing_fee,1,processor_fee,amount_tolerance,3,0,INT-HISTORICAL-007302,SET-HISTORICAL-007302
LBL-HISTORICAL-007303,historical,,reference_format,1,reference_normalization,reference_normalization,0,0,INT-HISTORICAL-007303,SET-HISTORICAL-007303
LBL-HISTORICAL-007304,historical,,processing_fee,1,processor_fee,amount_tolerance,3,0,INT-HISTORICAL-007304,SET-HISTORICAL-007304
LBL-HISTORICAL-007305,historical,,exact_match,1,none,exact,0,0,INT-HISTORICAL-007305,SET-HISTORICAL-007305
LBL-HISTORICAL-007306,historical,,processing_fee,1,processor_fee,amount_tolerance,3,0,INT-HISTORICAL-007306,SET-HISTORICAL-007306
LBL-HISTORICAL-007307,historical,,exact_match,1,none,exact,0,0,INT-HISTORICAL-007307,SET-HISTORICAL-007307
LBL-HISTORICAL-007308,historical,,exact_match,1,none,exact,0,0,INT-HISTORICAL-007308,SET-HISTORICAL-007308
LBL-HISTORICAL-007309,historical,,exact_match,1,none,exact,0,0,INT-HISTORICAL-007309,SET-HISTORICAL-007309
LBL-HISTORICAL-007310,historical,,exact_match,1,none,exact,0,0,INT-HISTORICAL-007310,SET-HISTORICAL-007310
LBL-HISTORICAL-007311,historical,,exact_match,1,none,exact,0,0,INT-HISTORICAL-007311,SET-HISTORICAL-007311
LBL-HISTORICAL-007312,historical,,reference_format,1,reference_normalization,reference_normalization,0,0,INT-HISTORICAL-007312,SET-HISTORICAL-007312
LBL-HISTORICAL-007313,historical,,processing_fee,1,processor_fee,amount_tolerance,5,0,INT-HISTORICAL-007313,SET-HISTORICAL-007313
LBL-HISTORICAL-007314,historical,,exact_match,1,none,exact,0,0,INT-HISTORICAL-007314,SET-HISTORICAL-007314
LBL-HISTORICAL-007315,historical,,exact_match,1,none,exact,0,0,INT-HISTORICAL-007315,SET-HISTORICAL-007315
LBL-HISTORICAL-007316,historical,,exact_match,1,none,exact,0,0,INT-HISTORICAL-007316,SET-HISTORICAL-007316
LBL-HISTORICAL-007317,historical,,exact_match,1,none,exact,0,0,INT-HISTORICAL-007317,SET-HISTORICAL-007317
LBL-HISTORICAL-007318,historical,,exact_match,1,none,exact,0,0,INT-HISTORICAL-007318,SET-HISTORICAL-007318
LBL-HISTORICAL-007319,historical,,exact_match,1,none,exact,0,0,INT-HISTORICAL-007319,SET-HISTORICAL-007319
LBL-HISTORICAL-007320,historical,,processing_fee,1,processor_fee,amount_tolerance,3,0,INT-HISTORICAL-007320,SET-HISTORICAL-007320
LBL-HISTORICAL-007321,historical,,exact_match,1,none,exact,0,0,INT-HISTORICAL-007321,SET-HISTORICAL-007321
LBL-HISTORICAL-007322,historical,,exact_match,1,none,exact,0,0,INT-HISTORICAL-007322,SET-HISTORICAL-007322
LBL-HISTORICAL-007323,historical,,exact_match,1,none,exact,0,0,INT-HISTORICAL-007323,SET-HISTORICAL-007323
LBL-HISTORICAL-007324,historical,,rounding_difference,1,rounding,amount_tolerance,0,0,INT-HISTORICAL-007324,SET-HISTORICAL-007324
LBL-HISTORICAL-007325,historical,,exact_match,1,none,exact,0,0,INT-HISTORICAL-007325,SET-HISTORICAL-007325
LBL-HISTORICAL-007326,historical,,exact_match,1,none,exact,0,0,INT-HISTORICAL-007326,SET-HISTORICAL-007326
LBL-HISTORICAL-007327,historical,,processing_fee,1,processor_fee,amount_tolerance,1,0,INT-HISTORICAL-007327,SET-HISTORICAL-007327
LBL-HISTORICAL-007328,historical,,exact_match,1,none,exact,0,0,INT-HISTORICAL-007328,SET-HISTORICAL-007328
LBL-HISTORICAL-007329,historical,,processing_fee,1,processor_fee,amount_tolerance,2,0,INT-HISTORICAL-007329,SET-HISTORICAL-007329
LBL-HISTORICAL-007330,historical,,exact_match,1,none,exact,0,0,INT-HISTORICAL-007330,SET-HISTORICAL-007330
LBL-HISTORICAL-007331,historical,,exact_match,1,none,exact,0,0,INT-HISTORICAL-007331,SET-HISTORICAL-007331
LBL-HISTORICAL-007332,historical,,rounding_difference,1,rounding,amount_tolerance,0,0,INT-HISTORICAL-007332,SET-HISTORICAL-007332
LBL-HISTORICAL-007333,historical,,exact_match,1,none,exact,0,0,INT-HISTORICAL-007333,SET-HISTORICAL-007333
LBL-HISTORICAL-007334,historical,,exact_match,1,none,exact,0,0,INT-HISTORICAL-007334,SET-HISTORICAL-007334
LBL-HISTORICAL-007335,historical,,exact_match,1,none,exact,0,0,INT-HISTORICAL-007335,SET-HISTORICAL-007335
LBL-HISTORICAL-007336,historical,,true_amount_mismatch,0,true_amount_mismatch,do_not_match,0,0,INT-HISTORICAL-007336,SET-HISTORICAL-007336
LBL-HISTORICAL-007337,historical,,exact_match,1,none,exact,0,0,INT-HISTORICAL-007337,SET-HISTORICAL-007337
LBL-HISTORICAL-007338,historical,,processing_fee,1,processor_fee,amount_tolerance,3,0,INT-HISTORICAL-007338,SET-HISTORICAL-007338
LBL-HISTORICAL-007339,historical,,exact_match,1,none,exact,0,0,INT-HISTORICAL-007339,SET-HISTORICAL-007339
LBL-HISTORICAL-007340,historical,,rounding_difference,1,rounding,amount_tolerance,0,0,INT-HISTORICAL-007340,SET-HISTORICAL-007340
LBL-HISTORICAL-007341,historical,,exact_match,1,none,exact,0,0,INT-HISTORICAL-007341,SET-HISTORICAL-007341
LBL-HISTORICAL-007342,historical,,exact_match,1,none,exact,0,0,INT-HISTORICAL-007342,SET-HISTORICAL-007342
LBL-HISTORICAL-007343,historical,,true_amount_mismatch,0,true_amount_mismatch,do_not_match,0,0,INT-HISTORICAL-007343,SET-HISTORICAL-007343
LBL-HISTORICAL-007344,historical,,exact_match,1,none,exact,0,0,INT-HISTORICAL-007344,SET-HISTORICAL-007344
LBL-HISTORICAL-007345,historical,,settlement_delay,1,t_plus_delay,date_tolerance,0,1,INT-HISTORICAL-007345,SET-HISTORICAL-007345
LBL-HISTORICAL-007346,historical,,settlement_delay,1,t_plus_delay,date_tolerance,0,2,INT-HISTORICAL-007346,SET-HISTORICAL-007346
LBL-HISTORICAL-007347,historical,,exact_match,1,none,exact,0,0,INT-HISTORICAL-007347,SET-HISTORICAL-007347
LBL-HISTORICAL-007348,historical,,exact_match,1,none,exact,0,0,INT-HISTORICAL-007348,SET-HISTORICAL-007348
LBL-HISTORICAL-007349,historical,,exact_match,1,none,exact,0,0,INT-HISTORICAL-007349,SET-HISTORICAL-007349
LBL-HISTORICAL-007350,historical,,settlement_delay,1,t_plus_delay,date_tolerance,0,1,INT-HISTORICAL-007350,SET-HISTORICAL-007350
LBL-HISTORICAL-007351,historical,,exact_match,1,none,exact,0,0,INT-HISTORICAL-007351,SET-HISTORICAL-007351
LBL-HISTORICAL-007352,historical,,exact_match,1,none,exact,0,0,INT-HISTORICAL-007352,SET-HISTORICAL-007352
LBL-HISTORICAL-007353,historical,,exact_match,1,none,exact,0,0,INT-HISTORICAL-007353,SET-HISTORICAL-007353
LBL-HISTORICAL-007354,historical,,exact_match,1,none,exact,0,0,INT-HISTORICAL-007354,SET-HISTORICAL-007354
LBL-HISTORICAL-007355,historical,,settlement_delay,1,t_plus_delay,date_tolerance,0,1,INT-HISTORICAL-007355,SET-HISTORICAL-007355
LBL-HISTORICAL-007356,historical,,settlement_delay,1,t_plus_delay,date_tolerance,0,2,INT-HISTORICAL-007356,SET-HISTORICAL-007356
LBL-HISTORICAL-007357,historical,,exact_match,1,none,exact,0,0,INT-HISTORICAL-007357,SET-HISTORICAL-007357
LBL-HISTORICAL-007358,historical,,processing_fee,1,processor_fee,amount_tolerance,5,0,INT-HISTORICAL-007358,SET-HISTORICAL-007358
LBL-HISTORICAL-007359,historical,,exact_match,1,none,exact,0,0,INT-HISTORICAL-007359,SET-HISTORICAL-007359
LBL-HISTORICAL-007360,historical,,exact_match,1,none,exact,0,0,INT-HISTORICAL-007360,SET-HISTORICAL-007360
LBL-HISTORICAL-007361,historical,,exact_match,1,none,exact,0,0,INT-HISTORICAL-007361,SET-HISTORICAL-007361
LBL-HISTORICAL-007362,historical,,processing_fee,1,processor_fee,amount_tolerance,2,0,INT-HISTORICAL-007362,SET-HISTORICAL-007362
LBL-HISTORICAL-007363,historical,,exact_match,1,none,exact,0,0,INT-HISTORICAL-007363,SET-HISTORICAL-007363
LBL-HISTORICAL-007364,historical,,exact_match,1,none,exact,0,0,INT-HISTORICAL-007364,SET-HISTORICAL-007364
LBL-HISTORICAL-007365,historical,,exact_match,1,none,exact,0,0,INT-HISTORICAL-007365,SET-HISTORICAL-007365
LBL-HISTORICAL-007366,historical,,currency_mismatch,0,currency_mismatch,do_not_match,0,0,INT-HISTORICAL-007366,SET-HISTORICAL-007366
LBL-HISTORICAL-007367,historical,,settlement_delay,1,t_plus_delay,date_tolerance,0,1,INT-HISTORICAL-007367,SET-HISTORICAL-007367
LBL-HISTORICAL-007368,historical,,exact_match,1,none,exact,0,0,INT-HISTORICAL-007368,SET-HISTORICAL-007368
LBL-HISTORICAL-007369,historical,,exact_match,1,none,exact,0,0,INT-HISTORICAL-007369,SET-HISTORICAL-007369
LBL-HISTORICAL-007370,historical,,settlement_delay,1,t_plus_delay,date_tolerance,0,1,INT-HISTORICAL-007370,SET-HISTORICAL-007370
LBL-HISTORICAL-007371,historical,,exact_match,1,none,exact,0,0,INT-HISTORICAL-007371,SET-HISTORICAL-007371
LBL-HISTORICAL-007372,historical,,exact_match,1,none,exact,0,0,INT-HISTORICAL-007372,SET-HISTORICAL-007372
LBL-HISTORICAL-007373,historical,,settlement_delay,1,t_plus_delay,date_tolerance,0,1,INT-HISTORICAL-007373,SET-HISTORICAL-007373
LBL-HISTORICAL-007374,historical,,exact_match,1,none,exact,0,0,INT-HISTORICAL-007374,SET-HISTORICAL-007374
LBL-HISTORICAL-007375,historical,,exact_match,1,none,exact,0,0,INT-HISTORICAL-007375,SET-HISTORICAL-007375
LBL-HISTORICAL-007376,historical,,exact_match,1,none,exact,0,0,INT-HISTORICAL-007376,SET-HISTORICAL-007376
LBL-HISTORICAL-007377,historical,,exact_match,1,none,exact,0,0,INT-HISTORICAL-007377,SET-HISTORICAL-007377
LBL-HISTORICAL-007378,historical,,exact_match,1,none,exact,0,0,INT-HISTORICAL-007378,SET-HISTORICAL-007378
LBL-HISTORICAL-007379,historical,,processing_fee,1,processor_fee,amount_tolerance,3,0,INT-HISTORICAL-007379,SET-HISTORICAL-007379
LBL-HISTORICAL-007380,historical,,true_amount_mismatch,0,true_amount_mismatch,do_not_match,0,0,INT-HISTORICAL-007380,SET-HISTORICAL-007380
LBL-HISTORICAL-007381,historical,,exact_match,1,none,exact,0,0,INT-HISTORICAL-007381,SET-HISTORICAL-007381
LBL-HISTORICAL-007382,historical,,exact_match,1,none,exact,0,0,INT-HISTORICAL-007382,SET-HISTORICAL-007382
LBL-HISTORICAL-007383,historical,,exact_match,1,none,exact,0,0,INT-HISTORICAL-007383,SET-HISTORICAL-007383
LBL-HISTORICAL-007384,historical,,rounding_difference,1,rounding,amount_tolerance,0,0,INT-HISTORICAL-007384,SET-HISTORICAL-007384
LBL-HISTORICAL-007385,historical,,duplicate_processor_record,1,duplicate,dedupe_then_match,0,0,INT-HISTORICAL-007385,SET-HISTORICAL-007385
LBL-HISTORICAL-007386,historical,,processing_fee,1,processor_fee,amount_tolerance,1,0,INT-HISTORICAL-007386,SET-HISTORICAL-007386
LBL-HISTORICAL-007387,historical,,exact_match,1,none,exact,0,0,INT-HISTORICAL-007387,SET-HISTORICAL-007387
LBL-HISTORICAL-007388,historical,,reference_format,1,reference_normalization,reference_normalization,0,0,INT-HISTORICAL-007388,SET-HISTORICAL-007388
LBL-HISTORICAL-007389,historical,,processing_fee,1,processor_fee,amount_tolerance,3,0,INT-HISTORICAL-007389,SET-HISTORICAL-007389
LBL-HISTORICAL-007390,historical,,settlement_delay,1,t_plus_delay,date_tolerance,0,2,INT-HISTORICAL-007390,SET-HISTORICAL-007390
LBL-HISTORICAL-007391,historical,,true_amount_mismatch,0,true_amount_mismatch,do_not_match,0,0,INT-HISTORICAL-007391,SET-HISTORICAL-007391
LBL-HISTORICAL-007392,historical,,exact_match,1,none,exact,0,0,INT-HISTORICAL-007392,SET-HISTORICAL-007392
LBL-HISTORICAL-007393,historical,,exact_match,1,none,exact,0,0,INT-HISTORICAL-007393,SET-HISTORICAL-007393
LBL-HISTORICAL-007394,historical,,settlement_delay,1,t_plus_delay,date_tolerance,0,1,INT-HISTORICAL-007394,SET-HISTORICAL-007394
LBL-HISTORICAL-007395,historical,,exact_match,1,none,exact,0,0,INT-HISTORICAL-007395,SET-HISTORICAL-007395
LBL-HISTORICAL-007396,historical,,exact_match,1,none,exact,0,0,INT-HISTORICAL-007396,SET-HISTORICAL-007396
LBL-HISTORICAL-007397,historical,,exact_match,1,none,exact,0,0,INT-HISTORICAL-007397,SET-HISTORICAL-007397
LBL-HISTORICAL-007398,historical,,true_amount_mismatch,0,true_amount_mismatch,do_not_match,0,0,INT-HISTORICAL-007398,SET-HISTORICAL-007398
LBL-HISTORICAL-007399,historical,,exact_match,1,none,exact,0,0,INT-HISTORICAL-007399,SET-HISTORICAL-007399
LBL-HISTORICAL-007400,historical,,true_amount_mismatch,0,true_amount_mismatch,do_not_match,0,0,INT-HISTORICAL-007400,SET-HISTORICAL-007400
LBL-HISTORICAL-007401,historical,,exact_match,1,none,exact,0,0,INT-HISTORICAL-007401,SET-HISTORICAL-007401
LBL-HISTORICAL-007402,historical,,exact_match,1,none,exact,0,0,INT-HISTORICAL-007402,SET-HISTORICAL-007402
LBL-HISTORICAL-007403,historical,,true_amount_mismatch,0,true_amount_mismatch,do_not_match,0,0,INT-HISTORICAL-007403,SET-HISTORICAL-007403
LBL-HISTORICAL-007404,historical,,exact_match,1,none,exact,0,0,INT-HISTORICAL-007404,SET-HISTORICAL-007404
LBL-HISTORICAL-007405,historical,,exact_match,1,none,exact,0,0,INT-HISTORICAL-007405,SET-HISTORICAL-007405
LBL-HISTORICAL-007406,historical,,settlement_delay,1,t_plus_delay,date_tolerance,0,1,INT-HISTORICAL-007406,SET-HISTORICAL-007406
LBL-HISTORICAL-007407,historical,,settlement_delay,1,t_plus_delay,date_tolerance,0,1,INT-HISTORICAL-007407,SET-HISTORICAL-007407
LBL-HISTORICAL-007408,historical,,processing_fee,1,processor_fee,amount_tolerance,1,0,INT-HISTORICAL-007408,SET-HISTORICAL-007408
LBL-HISTORICAL-007409,historical,,processing_fee,1,processor_fee,amount_tolerance,5,0,INT-HISTORICAL-007409,SET-HISTORICAL-007409
LBL-HISTORICAL-007410,historical,,exact_match,1,none,exact,0,0,INT-HISTORICAL-007410,SET-HISTORICAL-007410
LBL-HISTORICAL-007411,historical,,exact_match,1,none,exact,0,0,INT-HISTORICAL-007411,SET-HISTORICAL-007411
LBL-HISTORICAL-007412,historical,,exact_match,1,none,exact,0,0,INT-HISTORICAL-007412,SET-HISTORICAL-007412
LBL-HISTORICAL-007413,historical,,exact_match,1,none,exact,0,0,INT-HISTORICAL-007413,SET-HISTORICAL-007413
LBL-HISTORICAL-007414,historical,,reference_format,1,reference_normalization,reference_normalization,0,0,INT-HISTORICAL-007414,SET-HISTORICAL-007414
LBL-HISTORICAL-007415,historical,,processing_fee,1,processor_fee,amount_tolerance,2,0,INT-HISTORICAL-007415,SET-HISTORICAL-007415
LBL-HISTORICAL-007416,historical,,settlement_delay,1,t_plus_delay,date_tolerance,0,1,INT-HISTORICAL-007416,SET-HISTORICAL-007416
LBL-HISTORICAL-007417,historical,,processing_fee,1,processor_fee,amount_tolerance,1,0,INT-HISTORICAL-007417,SET-HISTORICAL-007417
LBL-HISTORICAL-007418,historical,,exact_match,1,none,exact,0,0,INT-HISTORICAL-007418,SET-HISTORICAL-007418
LBL-HISTORICAL-007419,historical,,exact_match,1,none,exact,0,0,INT-HISTORICAL-007419,SET-HISTORICAL-007419
LBL-HISTORICAL-007420,historical,,exact_match,1,none,exact,0,0,INT-HISTORICAL-007420,SET-HISTORICAL-007420
LBL-HISTORICAL-007421,historical,,settlement_delay,1,t_plus_delay,date_tolerance,0,1,INT-HISTORICAL-007421,SET-HISTORICAL-007421
LBL-HISTORICAL-007422,historical,,processing_fee,1,processor_fee,amount_tolerance,2,0,INT-HISTORICAL-007422,SET-HISTORICAL-007422
LBL-HISTORICAL-007423,historical,,exact_match,1,none,exact,0,0,INT-HISTORICAL-007423,SET-HISTORICAL-007423
LBL-HISTORICAL-007424,historical,,processing_fee,1,processor_fee,amount_tolerance,5,0,INT-HISTORICAL-007424,SET-HISTORICAL-007424
LBL-HISTORICAL-007425,historical,,true_amount_mismatch,0,true_amount_mismatch,do_not_match,0,0,INT-HISTORICAL-007425,SET-HISTORICAL-007425
LBL-HISTORICAL-007426,historical,,settlement_delay,1,t_plus_delay,date_tolerance,0,1,INT-HISTORICAL-007426,SET-HISTORICAL-007426
LBL-HISTORICAL-007427,historical,,exact_match,1,none,exact,0,0,INT-HISTORICAL-007427,SET-HISTORICAL-007427
LBL-HISTORICAL-007428,historical,,exact_match,1,none,exact,0,0,INT-HISTORICAL-007428,SET-HISTORICAL-007428
LBL-HISTORICAL-007429,historical,,exact_match,1,none,exact,0,0,INT-HISTORICAL-007429,SET-HISTORICAL-007429
LBL-HISTORICAL-007430,historical,,processing_fee,1,processor_fee,amount_tolerance,3,0,INT-HISTORICAL-007430,SET-HISTORICAL-007430
LBL-HISTORICAL-007431,historical,,exact_match,1,none,exact,0,0,INT-HISTORICAL-007431,SET-HISTORICAL-007431
LBL-HISTORICAL-007432,historical,,exact_match,1,none,exact,0,0,INT-HISTORICAL-007432,SET-HISTORICAL-007432
LBL-HISTORICAL-007433,historical,,processing_fee,1,processor_fee,amount_tolerance,1,0,INT-HISTORICAL-007433,SET-HISTORICAL-007433
LBL-HISTORICAL-007434,historical,,rounding_difference,1,rounding,amount_tolerance,0,0,INT-HISTORICAL-007434,SET-HISTORICAL-007434
LBL-HISTORICAL-007435,historical,,exact_match,1,none,exact,0,0,INT-HISTORICAL-007435,SET-HISTORICAL-007435
LBL-HISTORICAL-007436,historical,,reference_format,1,reference_normalization,reference_normalization,0,0,INT-HISTORICAL-007436,SET-HISTORICAL-007436
LBL-HISTORICAL-007437,historical,,processing_fee,1,processor_fee,amount_tolerance,1,0,INT-HISTORICAL-007437,SET-HISTORICAL-007437
LBL-HISTORICAL-007438,historical,,exact_match,1,none,exact,0,0,INT-HISTORICAL-007438,SET-HISTORICAL-007438
LBL-HISTORICAL-007439,historical,,exact_match,1,none,exact,0,0,INT-HISTORICAL-007439,SET-HISTORICAL-007439
LBL-HISTORICAL-007440,historical,,exact_match,1,none,exact,0,0,INT-HISTORICAL-007440,SET-HISTORICAL-007440
LBL-HISTORICAL-007441,historical,,exact_match,1,none,exact,0,0,INT-HISTORICAL-007441,SET-HISTORICAL-007441
LBL-HISTORICAL-007442,historical,,exact_match,1,none,exact,0,0,INT-HISTORICAL-007442,SET-HISTORICAL-007442
LBL-HISTORICAL-007443,historical,,exact_match,1,none,exact,0,0,INT-HISTORICAL-007443,SET-HISTORICAL-007443
LBL-HISTORICAL-007444,historical,,settlement_delay,1,t_plus_delay,date_tolerance,0,1,INT-HISTORICAL-007444,SET-HISTORICAL-007444
LBL-HISTORICAL-007445,historical,,exact_match,1,none,exact,0,0,INT-HISTORICAL-007445,SET-HISTORICAL-007445
LBL-HISTORICAL-007446,historical,,exact_match,1,none,exact,0,0,INT-HISTORICAL-007446,SET-HISTORICAL-007446
LBL-HISTORICAL-007447,historical,,exact_match,1,none,exact,0,0,INT-HISTORICAL-007447,SET-HISTORICAL-007447
LBL-HISTORICAL-007448,historical,,exact_match,1,none,exact,0,0,INT-HISTORICAL-007448,SET-HISTORICAL-007448
LBL-HISTORICAL-007449,historical,,exact_match,1,none,exact,0,0,INT-HISTORICAL-007449,SET-HISTORICAL-007449
LBL-HISTORICAL-007450,historical,,exact_match,1,none,exact,0,0,INT-HISTORICAL-007450,SET-HISTORICAL-007450
LBL-HISTORICAL-007451,historical,,exact_match,1,none,exact,0,0,INT-HISTORICAL-007451,SET-HISTORICAL-007451
LBL-HISTORICAL-007452,historical,,exact_match,1,none,exact,0,0,INT-HISTORICAL-007452,SET-HISTORICAL-007452
LBL-HISTORICAL-007453,historical,,exact_match,1,none,exact,0,0,INT-HISTORICAL-007453,SET-HISTORICAL-007453
LBL-HISTORICAL-007454,historical,,exact_match,1,none,exact,0,0,INT-HISTORICAL-007454,SET-HISTORICAL-007454
LBL-HISTORICAL-007455,historical,,settlement_delay,1,t_plus_delay,date_tolerance,0,1,INT-HISTORICAL-007455,SET-HISTORICAL-007455
LBL-HISTORICAL-007456,historical,,exact_match,1,none,exact,0,0,INT-HISTORICAL-007456,SET-HISTORICAL-007456
LBL-HISTORICAL-007457,historical,,exact_match,1,none,exact,0,0,INT-HISTORICAL-007457,SET-HISTORICAL-007457
LBL-HISTORICAL-007458,historical,,exact_match,1,none,exact,0,0,INT-HISTORICAL-007458,SET-HISTORICAL-007458
LBL-HISTORICAL-007459,historical,,true_amount_mismatch,0,true_amount_mismatch,do_not_match,0,0,INT-HISTORICAL-007459,SET-HISTORICAL-007459
LBL-HISTORICAL-007460,historical,,exact_match,1,none,exact,0,0,INT-HISTORICAL-007460,SET-HISTORICAL-007460
LBL-HISTORICAL-007461,historical,,exact_match,1,none,exact,0,0,INT-HISTORICAL-007461,SET-HISTORICAL-007461
LBL-HISTORICAL-007462,historical,,exact_match,1,none,exact,0,0,INT-HISTORICAL-007462,SET-HISTORICAL-007462
LBL-HISTORICAL-007463,historical,,settlement_delay,1,t_plus_delay,date_tolerance,0,2,INT-HISTORICAL-007463,SET-HISTORICAL-007463
LBL-HISTORICAL-007464,historical,,exact_match,1,none,exact,0,0,INT-HISTORICAL-007464,SET-HISTORICAL-007464
LBL-HISTORICAL-007465,historical,,currency_mismatch,0,currency_mismatch,do_not_match,0,0,INT-HISTORICAL-007465,SET-HISTORICAL-007465
LBL-HISTORICAL-007466,historical,,exact_match,1,none,exact,0,0,INT-HISTORICAL-007466,SET-HISTORICAL-007466
LBL-HISTORICAL-007467,historical,,rounding_difference,1,rounding,amount_tolerance,0,0,INT-HISTORICAL-007467,SET-HISTORICAL-007467
LBL-HISTORICAL-007468,historical,,settlement_delay,1,t_plus_delay,date_tolerance,0,1,INT-HISTORICAL-007468,SET-HISTORICAL-007468
LBL-HISTORICAL-007469,historical,,exact_match,1,none,exact,0,0,INT-HISTORICAL-007469,SET-HISTORICAL-007469
LBL-HISTORICAL-007470,historical,,processing_fee,1,processor_fee,amount_tolerance,1,0,INT-HISTORICAL-007470,SET-HISTORICAL-007470
LBL-HISTORICAL-007471,historical,,exact_match,1,none,exact,0,0,INT-HISTORICAL-007471,SET-HISTORICAL-007471
LBL-HISTORICAL-007472,historical,,exact_match,1,none,exact,0,0,INT-HISTORICAL-007472,SET-HISTORICAL-007472
LBL-HISTORICAL-007473,historical,,exact_match,1,none,exact,0,0,INT-HISTORICAL-007473,SET-HISTORICAL-007473
LBL-HISTORICAL-007474,historical,,exact_match,1,none,exact,0,0,INT-HISTORICAL-007474,SET-HISTORICAL-007474
LBL-HISTORICAL-007475,historical,,exact_match,1,none,exact,0,0,INT-HISTORICAL-007475,SET-HISTORICAL-007475
LBL-HISTORICAL-007476,historical,,settlement_delay,1,t_plus_delay,date_tolerance,0,2,INT-HISTORICAL-007476,SET-HISTORICAL-007476
LBL-HISTORICAL-007477,historical,,exact_match,1,none,exact,0,0,INT-HISTORICAL-007477,SET-HISTORICAL-007477
LBL-HISTORICAL-007478,historical,,exact_match,1,none,exact,0,0,INT-HISTORICAL-007478,SET-HISTORICAL-007478
LBL-HISTORICAL-007479,historical,,settlement_delay,1,t_plus_delay,date_tolerance,0,1,INT-HISTORICAL-007479,SET-HISTORICAL-007479
LBL-HISTORICAL-007480,historical,,reference_format,1,reference_normalization,reference_normalization,0,0,INT-HISTORICAL-007480,SET-HISTORICAL-007480
LBL-HISTORICAL-007481,historical,,exact_match,1,none,exact,0,0,INT-HISTORICAL-007481,SET-HISTORICAL-007481
LBL-HISTORICAL-007482,historical,,exact_match,1,none,exact,0,0,INT-HISTORICAL-007482,SET-HISTORICAL-007482
LBL-HISTORICAL-007483,historical,,exact_match,1,none,exact,0,0,INT-HISTORICAL-007483,SET-HISTORICAL-007483
LBL-HISTORICAL-007484,historical,,exact_match,1,none,exact,0,0,INT-HISTORICAL-007484,SET-HISTORICAL-007484
LBL-HISTORICAL-007485,historical,,reference_format,1,reference_normalization,reference_normalization,0,0,INT-HISTORICAL-007485,SET-HISTORICAL-007485
LBL-HISTORICAL-007486,historical,,processing_fee,1,processor_fee,amount_tolerance,3,0,INT-HISTORICAL-007486,SET-HISTORICAL-007486
LBL-HISTORICAL-007487,historical,,settlement_delay,1,t_plus_delay,date_tolerance,0,1,INT-HISTORICAL-007487,SET-HISTORICAL-007487
LBL-HISTORICAL-007488,historical,,processing_fee,1,processor_fee,amount_tolerance,3,0,INT-HISTORICAL-007488,SET-HISTORICAL-007488
LBL-HISTORICAL-007489,historical,,processing_fee,1,processor_fee,amount_tolerance,1,0,INT-HISTORICAL-007489,SET-HISTORICAL-007489
LBL-HISTORICAL-007490,historical,,exact_match,1,none,exact,0,0,INT-HISTORICAL-007490,SET-HISTORICAL-007490
LBL-HISTORICAL-007491,historical,,exact_match,1,none,exact,0,0,INT-HISTORICAL-007491,SET-HISTORICAL-007491
LBL-HISTORICAL-007492,historical,,exact_match,1,none,exact,0,0,INT-HISTORICAL-007492,SET-HISTORICAL-007492
LBL-HISTORICAL-007493,historical,,processing_fee,1,processor_fee,amount_tolerance,5,0,INT-HISTORICAL-007493,SET-HISTORICAL-007493
LBL-HISTORICAL-007494,historical,,exact_match,1,none,exact,0,0,INT-HISTORICAL-007494,SET-HISTORICAL-007494
LBL-HISTORICAL-007495,historical,,exact_match,1,none,exact,0,0,INT-HISTORICAL-007495,SET-HISTORICAL-007495
LBL-HISTORICAL-007496,historical,,processing_fee,1,processor_fee,amount_tolerance,1,0,INT-HISTORICAL-007496,SET-HISTORICAL-007496
LBL-HISTORICAL-007497,historical,,exact_match,1,none,exact,0,0,INT-HISTORICAL-007497,SET-HISTORICAL-007497
LBL-HISTORICAL-007498,historical,,exact_match,1,none,exact,0,0,INT-HISTORICAL-007498,SET-HISTORICAL-007498
LBL-HISTORICAL-007499,historical,,exact_match,1,none,exact,0,0,INT-HISTORICAL-007499,SET-HISTORICAL-007499
LBL-HISTORICAL-007500,historical,,rounding_difference,1,rounding,amount_tolerance,0,0,INT-HISTORICAL-007500,SET-HISTORICAL-007500
LBL-HISTORICAL-007501,historical,,exact_match,1,none,exact,0,0,INT-HISTORICAL-007501,SET-HISTORICAL-007501
LBL-HISTORICAL-007502,historical,,processing_fee,1,processor_fee,amount_tolerance,5,0,INT-HISTORICAL-007502,SET-HISTORICAL-007502
LBL-HISTORICAL-007503,historical,,exact_match,1,none,exact,0,0,INT-HISTORICAL-007503,SET-HISTORICAL-007503
LBL-HISTORICAL-007504,historical,,exact_match,1,none,exact,0,0,INT-HISTORICAL-007504,SET-HISTORICAL-007504
LBL-HISTORICAL-007505,historical,,exact_match,1,none,exact,0,0,INT-HISTORICAL-007505,SET-HISTORICAL-007505
LBL-HISTORICAL-007506,historical,,exact_match,1,none,exact,0,0,INT-HISTORICAL-007506,SET-HISTORICAL-007506
LBL-HISTORICAL-007507,historical,,exact_match,1,none,exact,0,0,INT-HISTORICAL-007507,SET-HISTORICAL-007507
LBL-HISTORICAL-007508,historical,,exact_match,1,none,exact,0,0,INT-HISTORICAL-007508,SET-HISTORICAL-007508
LBL-HISTORICAL-007509,historical,,exact_match,1,none,exact,0,0,INT-HISTORICAL-007509,SET-HISTORICAL-007509
LBL-HISTORICAL-007510,historical,,exact_match,1,none,exact,0,0,INT-HISTORICAL-007510,SET-HISTORICAL-007510
LBL-HISTORICAL-007511,historical,,exact_match,1,none,exact,0,0,INT-HISTORICAL-007511,SET-HISTORICAL-007511
LBL-HISTORICAL-007512,historical,,exact_match,1,none,exact,0,0,INT-HISTORICAL-007512,SET-HISTORICAL-007512
LBL-HISTORICAL-007513,historical,,settlement_delay,1,t_plus_delay,date_tolerance,0,1,INT-HISTORICAL-007513,SET-HISTORICAL-007513
LBL-HISTORICAL-007514,historical,,exact_match,1,none,exact,0,0,INT-HISTORICAL-007514,SET-HISTORICAL-007514
LBL-HISTORICAL-007515,historical,,duplicate_processor_record,1,duplicate,dedupe_then_match,0,0,INT-HISTORICAL-007515,SET-HISTORICAL-007515
LBL-HISTORICAL-007516,historical,,settlement_delay,1,t_plus_delay,date_tolerance,0,1,INT-HISTORICAL-007516,SET-HISTORICAL-007516
LBL-HISTORICAL-007517,historical,,exact_match,1,none,exact,0,0,INT-HISTORICAL-007517,SET-HISTORICAL-007517
LBL-HISTORICAL-007518,historical,,exact_match,1,none,exact,0,0,INT-HISTORICAL-007518,SET-HISTORICAL-007518
LBL-HISTORICAL-007519,historical,,exact_match,1,none,exact,0,0,INT-HISTORICAL-007519,SET-HISTORICAL-007519
LBL-HISTORICAL-007520,historical,,exact_match,1,none,exact,0,0,INT-HISTORICAL-007520,SET-HISTORICAL-007520
LBL-HISTORICAL-007521,historical,,reference_format,1,reference_normalization,reference_normalization,0,0,INT-HISTORICAL-007521,SET-HISTORICAL-007521
LBL-HISTORICAL-007522,historical,,exact_match,1,none,exact,0,0,INT-HISTORICAL-007522,SET-HISTORICAL-007522
LBL-HISTORICAL-007523,historical,,settlement_delay,1,t_plus_delay,date_tolerance,0,1,INT-HISTORICAL-007523,SET-HISTORICAL-007523
LBL-HISTORICAL-007524,historical,,exact_match,1,none,exact,0,0,INT-HISTORICAL-007524,SET-HISTORICAL-007524
LBL-HISTORICAL-007525,historical,,exact_match,1,none,exact,0,0,INT-HISTORICAL-007525,SET-HISTORICAL-007525
LBL-HISTORICAL-007526,historical,,processing_fee,1,processor_fee,amount_tolerance,1,0,INT-HISTORICAL-007526,SET-HISTORICAL-007526
LBL-HISTORICAL-007527,historical,,processing_fee,1,processor_fee,amount_tolerance,2,0,INT-HISTORICAL-007527,SET-HISTORICAL-007527
LBL-HISTORICAL-007528,historical,,exact_match,1,none,exact,0,0,INT-HISTORICAL-007528,SET-HISTORICAL-007528
LBL-HISTORICAL-007529,historical,,exact_match,1,none,exact,0,0,INT-HISTORICAL-007529,SET-HISTORICAL-007529
LBL-HISTORICAL-007530,historical,,rounding_difference,1,rounding,amount_tolerance,0,0,INT-HISTORICAL-007530,SET-HISTORICAL-007530
LBL-HISTORICAL-007531,historical,,exact_match,1,none,exact,0,0,INT-HISTORICAL-007531,SET-HISTORICAL-007531
LBL-HISTORICAL-007532,historical,,exact_match,1,none,exact,0,0,INT-HISTORICAL-007532,SET-HISTORICAL-007532
LBL-HISTORICAL-007533,historical,,processing_fee,1,processor_fee,amount_tolerance,5,0,INT-HISTORICAL-007533,SET-HISTORICAL-007533
LBL-HISTORICAL-007534,historical,,rounding_difference,1,rounding,amount_tolerance,0,0,INT-HISTORICAL-007534,SET-HISTORICAL-007534
LBL-HISTORICAL-007535,historical,,settlement_delay,1,t_plus_delay,date_tolerance,0,2,INT-HISTORICAL-007535,SET-HISTORICAL-007535
LBL-HISTORICAL-007536,historical,,exact_match,1,none,exact,0,0,INT-HISTORICAL-007536,SET-HISTORICAL-007536
LBL-HISTORICAL-007537,historical,,processing_fee,1,processor_fee,amount_tolerance,2,0,INT-HISTORICAL-007537,SET-HISTORICAL-007537
LBL-HISTORICAL-007538,historical,,processing_fee,1,processor_fee,amount_tolerance,3,0,INT-HISTORICAL-007538,SET-HISTORICAL-007538
LBL-HISTORICAL-007539,historical,,exact_match,1,none,exact,0,0,INT-HISTORICAL-007539,SET-HISTORICAL-007539
LBL-HISTORICAL-007540,historical,,reference_format,1,reference_normalization,reference_normalization,0,0,INT-HISTORICAL-007540,SET-HISTORICAL-007540
LBL-HISTORICAL-007541,historical,,processing_fee,1,processor_fee,amount_tolerance,2,0,INT-HISTORICAL-007541,SET-HISTORICAL-007541
LBL-HISTORICAL-007542,historical,,duplicate_processor_record,1,duplicate,dedupe_then_match,0,0,INT-HISTORICAL-007542,SET-HISTORICAL-007542
LBL-HISTORICAL-007543,historical,,reference_format,1,reference_normalization,reference_normalization,0,0,INT-HISTORICAL-007543,SET-HISTORICAL-007543
LBL-HISTORICAL-007544,historical,,exact_match,1,none,exact,0,0,INT-HISTORICAL-007544,SET-HISTORICAL-007544
LBL-HISTORICAL-007545,historical,,exact_match,1,none,exact,0,0,INT-HISTORICAL-007545,SET-HISTORICAL-007545
LBL-HISTORICAL-007546,historical,,settlement_delay,1,t_plus_delay,date_tolerance,0,2,INT-HISTORICAL-007546,SET-HISTORICAL-007546
LBL-HISTORICAL-007547,historical,,exact_match,1,none,exact,0,0,INT-HISTORICAL-007547,SET-HISTORICAL-007547
LBL-HISTORICAL-007548,historical,,exact_match,1,none,exact,0,0,INT-HISTORICAL-007548,SET-HISTORICAL-007548
LBL-HISTORICAL-007549,historical,,processing_fee,1,processor_fee,amount_tolerance,3,0,INT-HISTORICAL-007549,SET-HISTORICAL-007549
LBL-HISTORICAL-007550,historical,,exact_match,1,none,exact,0,0,INT-HISTORICAL-007550,SET-HISTORICAL-007550
LBL-HISTORICAL-007551,historical,,exact_match,1,none,exact,0,0,INT-HISTORICAL-007551,SET-HISTORICAL-007551
LBL-HISTORICAL-007552,historical,,exact_match,1,none,exact,0,0,INT-HISTORICAL-007552,SET-HISTORICAL-007552
LBL-HISTORICAL-007553,historical,,reference_format,1,reference_normalization,reference_normalization,0,0,INT-HISTORICAL-007553,SET-HISTORICAL-007553
LBL-HISTORICAL-007554,historical,,exact_match,1,none,exact,0,0,INT-HISTORICAL-007554,SET-HISTORICAL-007554
LBL-HISTORICAL-007555,historical,,exact_match,1,none,exact,0,0,INT-HISTORICAL-007555,SET-HISTORICAL-007555
LBL-HISTORICAL-007556,historical,,duplicate_processor_record,1,duplicate,dedupe_then_match,0,0,INT-HISTORICAL-007556,SET-HISTORICAL-007556
LBL-HISTORICAL-007557,historical,,exact_match,1,none,exact,0,0,INT-HISTORICAL-007557,SET-HISTORICAL-007557
LBL-HISTORICAL-007558,historical,,exact_match,1,none,exact,0,0,INT-HISTORICAL-007558,SET-HISTORICAL-007558
LBL-HISTORICAL-007559,historical,,exact_match,1,none,exact,0,0,INT-HISTORICAL-007559,SET-HISTORICAL-007559
LBL-HISTORICAL-007560,historical,,true_amount_mismatch,0,true_amount_mismatch,do_not_match,0,0,INT-HISTORICAL-007560,SET-HISTORICAL-007560
LBL-HISTORICAL-007561,historical,,exact_match,1,none,exact,0,0,INT-HISTORICAL-007561,SET-HISTORICAL-007561
LBL-HISTORICAL-007562,historical,,reference_format,1,reference_normalization,reference_normalization,0,0,INT-HISTORICAL-007562,SET-HISTORICAL-007562
LBL-HISTORICAL-007563,historical,,exact_match,1,none,exact,0,0,INT-HISTORICAL-007563,SET-HISTORICAL-007563
LBL-HISTORICAL-007564,historical,,exact_match,1,none,exact,0,0,INT-HISTORICAL-007564,SET-HISTORICAL-007564
LBL-HISTORICAL-007565,historical,,rounding_difference,1,rounding,amount_tolerance,0,0,INT-HISTORICAL-007565,SET-HISTORICAL-007565
LBL-HISTORICAL-007566,historical,,exact_match,1,none,exact,0,0,INT-HISTORICAL-007566,SET-HISTORICAL-007566
LBL-HISTORICAL-007567,historical,,exact_match,1,none,exact,0,0,INT-HISTORICAL-007567,SET-HISTORICAL-007567
LBL-HISTORICAL-007568,historical,,processing_fee,1,processor_fee,amount_tolerance,5,0,INT-HISTORICAL-007568,SET-HISTORICAL-007568
LBL-HISTORICAL-007569,historical,,exact_match,1,none,exact,0,0,INT-HISTORICAL-007569,SET-HISTORICAL-007569
LBL-HISTORICAL-007570,historical,,exact_match,1,none,exact,0,0,INT-HISTORICAL-007570,SET-HISTORICAL-007570
LBL-HISTORICAL-007571,historical,,exact_match,1,none,exact,0,0,INT-HISTORICAL-007571,SET-HISTORICAL-007571
LBL-HISTORICAL-007572,historical,,settlement_delay,1,t_plus_delay,date_tolerance,0,2,INT-HISTORICAL-007572,SET-HISTORICAL-007572
LBL-HISTORICAL-007573,historical,,exact_match,1,none,exact,0,0,INT-HISTORICAL-007573,SET-HISTORICAL-007573
LBL-HISTORICAL-007574,historical,,reference_format,1,reference_normalization,reference_normalization,0,0,INT-HISTORICAL-007574,SET-HISTORICAL-007574
LBL-HISTORICAL-007575,historical,,processing_fee,1,processor_fee,amount_tolerance,3,0,INT-HISTORICAL-007575,SET-HISTORICAL-007575
LBL-HISTORICAL-007576,historical,,reference_format,1,reference_normalization,reference_normalization,0,0,INT-HISTORICAL-007576,SET-HISTORICAL-007576
LBL-HISTORICAL-007577,historical,,settlement_delay,1,t_plus_delay,date_tolerance,0,1,INT-HISTORICAL-007577,SET-HISTORICAL-007577
LBL-HISTORICAL-007578,historical,,exact_match,1,none,exact,0,0,INT-HISTORICAL-007578,SET-HISTORICAL-007578
LBL-HISTORICAL-007579,historical,,true_amount_mismatch,0,true_amount_mismatch,do_not_match,0,0,INT-HISTORICAL-007579,SET-HISTORICAL-007579
LBL-HISTORICAL-007580,historical,,exact_match,1,none,exact,0,0,INT-HISTORICAL-007580,SET-HISTORICAL-007580
LBL-HISTORICAL-007581,historical,,exact_match,1,none,exact,0,0,INT-HISTORICAL-007581,SET-HISTORICAL-007581
LBL-HISTORICAL-007582,historical,,true_amount_mismatch,0,true_amount_mismatch,do_not_match,0,0,INT-HISTORICAL-007582,SET-HISTORICAL-007582
LBL-HISTORICAL-007583,historical,,processing_fee,1,processor_fee,amount_tolerance,1,0,INT-HISTORICAL-007583,SET-HISTORICAL-007583
LBL-HISTORICAL-007584,historical,,settlement_delay,1,t_plus_delay,date_tolerance,0,2,INT-HISTORICAL-007584,SET-HISTORICAL-007584
LBL-HISTORICAL-007585,historical,,settlement_delay,1,t_plus_delay,date_tolerance,0,1,INT-HISTORICAL-007585,SET-HISTORICAL-007585
LBL-HISTORICAL-007586,historical,,rounding_difference,1,rounding,amount_tolerance,0,0,INT-HISTORICAL-007586,SET-HISTORICAL-007586
LBL-HISTORICAL-007587,historical,,exact_match,1,none,exact,0,0,INT-HISTORICAL-007587,SET-HISTORICAL-007587
LBL-HISTORICAL-007588,historical,,processing_fee,1,processor_fee,amount_tolerance,5,0,INT-HISTORICAL-007588,SET-HISTORICAL-007588
LBL-HISTORICAL-007589,historical,,exact_match,1,none,exact,0,0,INT-HISTORICAL-007589,SET-HISTORICAL-007589
LBL-HISTORICAL-007590,historical,,settlement_delay,1,t_plus_delay,date_tolerance,0,1,INT-HISTORICAL-007590,SET-HISTORICAL-007590
LBL-HISTORICAL-007591,historical,,exact_match,1,none,exact,0,0,INT-HISTORICAL-007591,SET-HISTORICAL-007591
LBL-HISTORICAL-007592,historical,,exact_match,1,none,exact,0,0,INT-HISTORICAL-007592,SET-HISTORICAL-007592
LBL-HISTORICAL-007593,historical,,reference_format,1,reference_normalization,reference_normalization,0,0,INT-HISTORICAL-007593,SET-HISTORICAL-007593
LBL-HISTORICAL-007594,historical,,exact_match,1,none,exact,0,0,INT-HISTORICAL-007594,SET-HISTORICAL-007594
LBL-HISTORICAL-007595,historical,,exact_match,1,none,exact,0,0,INT-HISTORICAL-007595,SET-HISTORICAL-007595
LBL-HISTORICAL-007596,historical,,exact_match,1,none,exact,0,0,INT-HISTORICAL-007596,SET-HISTORICAL-007596
LBL-HISTORICAL-007597,historical,,currency_mismatch,0,currency_mismatch,do_not_match,0,0,INT-HISTORICAL-007597,SET-HISTORICAL-007597
LBL-HISTORICAL-007598,historical,,processing_fee,1,processor_fee,amount_tolerance,5,0,INT-HISTORICAL-007598,SET-HISTORICAL-007598
LBL-HISTORICAL-007599,historical,,processing_fee,1,processor_fee,amount_tolerance,2,0,INT-HISTORICAL-007599,SET-HISTORICAL-007599
LBL-HISTORICAL-007600,historical,,processing_fee,1,processor_fee,amount_tolerance,2,0,INT-HISTORICAL-007600,SET-HISTORICAL-007600
LBL-HISTORICAL-007601,historical,,exact_match,1,none,exact,0,0,INT-HISTORICAL-007601,SET-HISTORICAL-007601
LBL-HISTORICAL-007602,historical,,settlement_delay,1,t_plus_delay,date_tolerance,0,1,INT-HISTORICAL-007602,SET-HISTORICAL-007602
LBL-HISTORICAL-007603,historical,,exact_match,1,none,exact,0,0,INT-HISTORICAL-007603,SET-HISTORICAL-007603
LBL-HISTORICAL-007604,historical,,processing_fee,1,processor_fee,amount_tolerance,3,0,INT-HISTORICAL-007604,SET-HISTORICAL-007604
LBL-HISTORICAL-007605,historical,,processing_fee,1,processor_fee,amount_tolerance,5,0,INT-HISTORICAL-007605,SET-HISTORICAL-007605
LBL-HISTORICAL-007606,historical,,exact_match,1,none,exact,0,0,INT-HISTORICAL-007606,SET-HISTORICAL-007606
LBL-HISTORICAL-007607,historical,,duplicate_processor_record,1,duplicate,dedupe_then_match,0,0,INT-HISTORICAL-007607,SET-HISTORICAL-007607
LBL-HISTORICAL-007608,historical,,processing_fee,1,processor_fee,amount_tolerance,3,0,INT-HISTORICAL-007608,SET-HISTORICAL-007608
LBL-HISTORICAL-007609,historical,,true_amount_mismatch,0,true_amount_mismatch,do_not_match,0,0,INT-HISTORICAL-007609,SET-HISTORICAL-007609
LBL-HISTORICAL-007610,historical,,exact_match,1,none,exact,0,0,INT-HISTORICAL-007610,SET-HISTORICAL-007610
LBL-HISTORICAL-007611,historical,,exact_match,1,none,exact,0,0,INT-HISTORICAL-007611,SET-HISTORICAL-007611
LBL-HISTORICAL-007612,historical,,processing_fee,1,processor_fee,amount_tolerance,3,0,INT-HISTORICAL-007612,SET-HISTORICAL-007612
LBL-HISTORICAL-007613,historical,,processing_fee,1,processor_fee,amount_tolerance,1,0,INT-HISTORICAL-007613,SET-HISTORICAL-007613
LBL-HISTORICAL-007614,historical,,exact_match,1,none,exact,0,0,INT-HISTORICAL-007614,SET-HISTORICAL-007614
LBL-HISTORICAL-007615,historical,,processing_fee,1,processor_fee,amount_tolerance,1,0,INT-HISTORICAL-007615,SET-HISTORICAL-007615
LBL-HISTORICAL-007616,historical,,exact_match,1,none,exact,0,0,INT-HISTORICAL-007616,SET-HISTORICAL-007616
LBL-HISTORICAL-007617,historical,,exact_match,1,none,exact,0,0,INT-HISTORICAL-007617,SET-HISTORICAL-007617
LBL-HISTORICAL-007618,historical,,reference_format,1,reference_normalization,reference_normalization,0,0,INT-HISTORICAL-007618,SET-HISTORICAL-007618
LBL-HISTORICAL-007619,historical,,reference_format,1,reference_normalization,reference_normalization,0,0,INT-HISTORICAL-007619,SET-HISTORICAL-007619
LBL-HISTORICAL-007620,historical,,settlement_delay,1,t_plus_delay,date_tolerance,0,1,INT-HISTORICAL-007620,SET-HISTORICAL-007620
LBL-HISTORICAL-007621,historical,,processing_fee,1,processor_fee,amount_tolerance,5,0,INT-HISTORICAL-007621,SET-HISTORICAL-007621
LBL-HISTORICAL-007622,historical,,exact_match,1,none,exact,0,0,INT-HISTORICAL-007622,SET-HISTORICAL-007622
LBL-HISTORICAL-007623,historical,,processing_fee,1,processor_fee,amount_tolerance,3,0,INT-HISTORICAL-007623,SET-HISTORICAL-007623
LBL-HISTORICAL-007624,historical,,exact_match,1,none,exact,0,0,INT-HISTORICAL-007624,SET-HISTORICAL-007624
LBL-HISTORICAL-007625,historical,,settlement_delay,1,t_plus_delay,date_tolerance,0,1,INT-HISTORICAL-007625,SET-HISTORICAL-007625
LBL-HISTORICAL-007626,historical,,processing_fee,1,processor_fee,amount_tolerance,1,0,INT-HISTORICAL-007626,SET-HISTORICAL-007626
LBL-HISTORICAL-007627,historical,,exact_match,1,none,exact,0,0,INT-HISTORICAL-007627,SET-HISTORICAL-007627
LBL-HISTORICAL-007628,historical,,true_amount_mismatch,0,true_amount_mismatch,do_not_match,0,0,INT-HISTORICAL-007628,SET-HISTORICAL-007628
LBL-HISTORICAL-007629,historical,,reference_format,1,reference_normalization,reference_normalization,0,0,INT-HISTORICAL-007629,SET-HISTORICAL-007629
LBL-HISTORICAL-007630,historical,,rounding_difference,1,rounding,amount_tolerance,0,0,INT-HISTORICAL-007630,SET-HISTORICAL-007630
LBL-HISTORICAL-007631,historical,,exact_match,1,none,exact,0,0,INT-HISTORICAL-007631,SET-HISTORICAL-007631
LBL-HISTORICAL-007632,historical,,exact_match,1,none,exact,0,0,INT-HISTORICAL-007632,SET-HISTORICAL-007632
LBL-HISTORICAL-007633,historical,,exact_match,1,none,exact,0,0,INT-HISTORICAL-007633,SET-HISTORICAL-007633
LBL-HISTORICAL-007634,historical,,exact_match,1,none,exact,0,0,INT-HISTORICAL-007634,SET-HISTORICAL-007634
LBL-HISTORICAL-007635,historical,,exact_match,1,none,exact,0,0,INT-HISTORICAL-007635,SET-HISTORICAL-007635
LBL-HISTORICAL-007636,historical,,settlement_delay,1,t_plus_delay,date_tolerance,0,1,INT-HISTORICAL-007636,SET-HISTORICAL-007636
LBL-HISTORICAL-007637,historical,,duplicate_processor_record,1,duplicate,dedupe_then_match,0,0,INT-HISTORICAL-007637,SET-HISTORICAL-007637
LBL-HISTORICAL-007638,historical,,exact_match,1,none,exact,0,0,INT-HISTORICAL-007638,SET-HISTORICAL-007638
LBL-HISTORICAL-007639,historical,,exact_match,1,none,exact,0,0,INT-HISTORICAL-007639,SET-HISTORICAL-007639
LBL-HISTORICAL-007640,historical,,exact_match,1,none,exact,0,0,INT-HISTORICAL-007640,SET-HISTORICAL-007640
LBL-HISTORICAL-007641,historical,,exact_match,1,none,exact,0,0,INT-HISTORICAL-007641,SET-HISTORICAL-007641
LBL-HISTORICAL-007642,historical,,reference_format,1,reference_normalization,reference_normalization,0,0,INT-HISTORICAL-007642,SET-HISTORICAL-007642
LBL-HISTORICAL-007643,historical,,exact_match,1,none,exact,0,0,INT-HISTORICAL-007643,SET-HISTORICAL-007643
LBL-HISTORICAL-007644,historical,,settlement_delay,1,t_plus_delay,date_tolerance,0,1,INT-HISTORICAL-007644,SET-HISTORICAL-007644
LBL-HISTORICAL-007645,historical,,exact_match,1,none,exact,0,0,INT-HISTORICAL-007645,SET-HISTORICAL-007645
LBL-HISTORICAL-007646,historical,,rounding_difference,1,rounding,amount_tolerance,0,0,INT-HISTORICAL-007646,SET-HISTORICAL-007646
LBL-HISTORICAL-007647,historical,,exact_match,1,none,exact,0,0,INT-HISTORICAL-007647,SET-HISTORICAL-007647
LBL-HISTORICAL-007648,historical,,exact_match,1,none,exact,0,0,INT-HISTORICAL-007648,SET-HISTORICAL-007648
LBL-HISTORICAL-007649,historical,,exact_match,1,none,exact,0,0,INT-HISTORICAL-007649,SET-HISTORICAL-007649
LBL-HISTORICAL-007650,historical,,exact_match,1,none,exact,0,0,INT-HISTORICAL-007650,SET-HISTORICAL-007650
LBL-HISTORICAL-007651,historical,,exact_match,1,none,exact,0,0,INT-HISTORICAL-007651,SET-HISTORICAL-007651
LBL-HISTORICAL-007652,historical,,exact_match,1,none,exact,0,0,INT-HISTORICAL-007652,SET-HISTORICAL-007652
LBL-HISTORICAL-007653,historical,,exact_match,1,none,exact,0,0,INT-HISTORICAL-007653,SET-HISTORICAL-007653
LBL-HISTORICAL-007654,historical,,rounding_difference,1,rounding,amount_tolerance,0,0,INT-HISTORICAL-007654,SET-HISTORICAL-007654
LBL-HISTORICAL-007655,historical,,exact_match,1,none,exact,0,0,INT-HISTORICAL-007655,SET-HISTORICAL-007655
LBL-HISTORICAL-007656,historical,,exact_match,1,none,exact,0,0,INT-HISTORICAL-007656,SET-HISTORICAL-007656
LBL-HISTORICAL-007657,historical,,processing_fee,1,processor_fee,amount_tolerance,3,0,INT-HISTORICAL-007657,SET-HISTORICAL-007657
LBL-HISTORICAL-007658,historical,,exact_match,1,none,exact,0,0,INT-HISTORICAL-007658,SET-HISTORICAL-007658
LBL-HISTORICAL-007659,historical,,exact_match,1,none,exact,0,0,INT-HISTORICAL-007659,SET-HISTORICAL-007659
LBL-HISTORICAL-007660,historical,,exact_match,1,none,exact,0,0,INT-HISTORICAL-007660,SET-HISTORICAL-007660
LBL-HISTORICAL-007661,historical,,exact_match,1,none,exact,0,0,INT-HISTORICAL-007661,SET-HISTORICAL-007661
LBL-HISTORICAL-007662,historical,,exact_match,1,none,exact,0,0,INT-HISTORICAL-007662,SET-HISTORICAL-007662
LBL-HISTORICAL-007663,historical,,processing_fee,1,processor_fee,amount_tolerance,5,0,INT-HISTORICAL-007663,SET-HISTORICAL-007663
LBL-HISTORICAL-007664,historical,,exact_match,1,none,exact,0,0,INT-HISTORICAL-007664,SET-HISTORICAL-007664
LBL-HISTORICAL-007665,historical,,processing_fee,1,processor_fee,amount_tolerance,3,0,INT-HISTORICAL-007665,SET-HISTORICAL-007665
LBL-HISTORICAL-007666,historical,,settlement_delay,1,t_plus_delay,date_tolerance,0,1,INT-HISTORICAL-007666,SET-HISTORICAL-007666
LBL-HISTORICAL-007667,historical,,processing_fee,1,processor_fee,amount_tolerance,3,0,INT-HISTORICAL-007667,SET-HISTORICAL-007667
LBL-HISTORICAL-007668,historical,,exact_match,1,none,exact,0,0,INT-HISTORICAL-007668,SET-HISTORICAL-007668
LBL-HISTORICAL-007669,historical,,exact_match,1,none,exact,0,0,INT-HISTORICAL-007669,SET-HISTORICAL-007669
LBL-HISTORICAL-007670,historical,,exact_match,1,none,exact,0,0,INT-HISTORICAL-007670,SET-HISTORICAL-007670
LBL-HISTORICAL-007671,historical,,exact_match,1,none,exact,0,0,INT-HISTORICAL-007671,SET-HISTORICAL-007671
LBL-HISTORICAL-007672,historical,,exact_match,1,none,exact,0,0,INT-HISTORICAL-007672,SET-HISTORICAL-007672
LBL-HISTORICAL-007673,historical,,exact_match,1,none,exact,0,0,INT-HISTORICAL-007673,SET-HISTORICAL-007673
LBL-HISTORICAL-007674,historical,,exact_match,1,none,exact,0,0,INT-HISTORICAL-007674,SET-HISTORICAL-007674
LBL-HISTORICAL-007675,historical,,exact_match,1,none,exact,0,0,INT-HISTORICAL-007675,SET-HISTORICAL-007675
LBL-HISTORICAL-007676,historical,,exact_match,1,none,exact,0,0,INT-HISTORICAL-007676,SET-HISTORICAL-007676
LBL-HISTORICAL-007677,historical,,exact_match,1,none,exact,0,0,INT-HISTORICAL-007677,SET-HISTORICAL-007677
LBL-HISTORICAL-007678,historical,,exact_match,1,none,exact,0,0,INT-HISTORICAL-007678,SET-HISTORICAL-007678
LBL-HISTORICAL-007679,historical,,exact_match,1,none,exact,0,0,INT-HISTORICAL-007679,SET-HISTORICAL-007679
LBL-HISTORICAL-007680,historical,,exact_match,1,none,exact,0,0,INT-HISTORICAL-007680,SET-HISTORICAL-007680
LBL-HISTORICAL-007681,historical,,currency_mismatch,0,currency_mismatch,do_not_match,0,0,INT-HISTORICAL-007681,SET-HISTORICAL-007681
LBL-HISTORICAL-007682,historical,,reference_format,1,reference_normalization,reference_normalization,0,0,INT-HISTORICAL-007682,SET-HISTORICAL-007682
LBL-HISTORICAL-007683,historical,,exact_match,1,none,exact,0,0,INT-HISTORICAL-007683,SET-HISTORICAL-007683
LBL-HISTORICAL-007684,historical,,exact_match,1,none,exact,0,0,INT-HISTORICAL-007684,SET-HISTORICAL-007684
LBL-HISTORICAL-007685,historical,,exact_match,1,none,exact,0,0,INT-HISTORICAL-007685,SET-HISTORICAL-007685
LBL-HISTORICAL-007686,historical,,exact_match,1,none,exact,0,0,INT-HISTORICAL-007686,SET-HISTORICAL-007686
LBL-HISTORICAL-007687,historical,,rounding_difference,1,rounding,amount_tolerance,0,0,INT-HISTORICAL-007687,SET-HISTORICAL-007687
LBL-HISTORICAL-007688,historical,,rounding_difference,1,rounding,amount_tolerance,0,0,INT-HISTORICAL-007688,SET-HISTORICAL-007688
LBL-HISTORICAL-007689,historical,,exact_match,1,none,exact,0,0,INT-HISTORICAL-007689,SET-HISTORICAL-007689
LBL-HISTORICAL-007690,historical,,exact_match,1,none,exact,0,0,INT-HISTORICAL-007690,SET-HISTORICAL-007690
LBL-HISTORICAL-007691,historical,,exact_match,1,none,exact,0,0,INT-HISTORICAL-007691,SET-HISTORICAL-007691
LBL-HISTORICAL-007692,historical,,exact_match,1,none,exact,0,0,INT-HISTORICAL-007692,SET-HISTORICAL-007692
LBL-HISTORICAL-007693,historical,,reference_format,1,reference_normalization,reference_normalization,0,0,INT-HISTORICAL-007693,SET-HISTORICAL-007693
LBL-HISTORICAL-007694,historical,,reference_format,1,reference_normalization,reference_normalization,0,0,INT-HISTORICAL-007694,SET-HISTORICAL-007694
LBL-HISTORICAL-007695,historical,,processing_fee,1,processor_fee,amount_tolerance,2,0,INT-HISTORICAL-007695,SET-HISTORICAL-007695
LBL-HISTORICAL-007696,historical,,exact_match,1,none,exact,0,0,INT-HISTORICAL-007696,SET-HISTORICAL-007696
LBL-HISTORICAL-007697,historical,,processing_fee,1,processor_fee,amount_tolerance,1,0,INT-HISTORICAL-007697,SET-HISTORICAL-007697
LBL-HISTORICAL-007698,historical,,reference_format,1,reference_normalization,reference_normalization,0,0,INT-HISTORICAL-007698,SET-HISTORICAL-007698
LBL-HISTORICAL-007699,historical,,exact_match,1,none,exact,0,0,INT-HISTORICAL-007699,SET-HISTORICAL-007699
LBL-HISTORICAL-007700,historical,,exact_match,1,none,exact,0,0,INT-HISTORICAL-007700,SET-HISTORICAL-007700
LBL-HISTORICAL-007701,historical,,settlement_delay,1,t_plus_delay,date_tolerance,0,1,INT-HISTORICAL-007701,SET-HISTORICAL-007701
LBL-HISTORICAL-007702,historical,,processing_fee,1,processor_fee,amount_tolerance,5,0,INT-HISTORICAL-007702,SET-HISTORICAL-007702
LBL-HISTORICAL-007703,historical,,exact_match,1,none,exact,0,0,INT-HISTORICAL-007703,SET-HISTORICAL-007703
LBL-HISTORICAL-007704,historical,,processing_fee,1,processor_fee,amount_tolerance,5,0,INT-HISTORICAL-007704,SET-HISTORICAL-007704
LBL-HISTORICAL-007705,historical,,exact_match,1,none,exact,0,0,INT-HISTORICAL-007705,SET-HISTORICAL-007705
LBL-HISTORICAL-007706,historical,,settlement_delay,1,t_plus_delay,date_tolerance,0,1,INT-HISTORICAL-007706,SET-HISTORICAL-007706
LBL-HISTORICAL-007707,historical,,rounding_difference,1,rounding,amount_tolerance,0,0,INT-HISTORICAL-007707,SET-HISTORICAL-007707
LBL-HISTORICAL-007708,historical,,exact_match,1,none,exact,0,0,INT-HISTORICAL-007708,SET-HISTORICAL-007708
LBL-HISTORICAL-007709,historical,,processing_fee,1,processor_fee,amount_tolerance,2,0,INT-HISTORICAL-007709,SET-HISTORICAL-007709
LBL-HISTORICAL-007710,historical,,exact_match,1,none,exact,0,0,INT-HISTORICAL-007710,SET-HISTORICAL-007710
LBL-HISTORICAL-007711,historical,,exact_match,1,none,exact,0,0,INT-HISTORICAL-007711,SET-HISTORICAL-007711
LBL-HISTORICAL-007712,historical,,exact_match,1,none,exact,0,0,INT-HISTORICAL-007712,SET-HISTORICAL-007712
LBL-HISTORICAL-007713,historical,,exact_match,1,none,exact,0,0,INT-HISTORICAL-007713,SET-HISTORICAL-007713
LBL-HISTORICAL-007714,historical,,exact_match,1,none,exact,0,0,INT-HISTORICAL-007714,SET-HISTORICAL-007714
LBL-HISTORICAL-007715,historical,,reference_format,1,reference_normalization,reference_normalization,0,0,INT-HISTORICAL-007715,SET-HISTORICAL-007715
LBL-HISTORICAL-007716,historical,,exact_match,1,none,exact,0,0,INT-HISTORICAL-007716,SET-HISTORICAL-007716
LBL-HISTORICAL-007717,historical,,reference_format,1,reference_normalization,reference_normalization,0,0,INT-HISTORICAL-007717,SET-HISTORICAL-007717
LBL-HISTORICAL-007718,historical,,exact_match,1,none,exact,0,0,INT-HISTORICAL-007718,SET-HISTORICAL-007718
LBL-HISTORICAL-007719,historical,,exact_match,1,none,exact,0,0,INT-HISTORICAL-007719,SET-HISTORICAL-007719
LBL-HISTORICAL-007720,historical,,exact_match,1,none,exact,0,0,INT-HISTORICAL-007720,SET-HISTORICAL-007720
LBL-HISTORICAL-007721,historical,,reference_format,1,reference_normalization,reference_normalization,0,0,INT-HISTORICAL-007721,SET-HISTORICAL-007721
LBL-HISTORICAL-007722,historical,,duplicate_processor_record,1,duplicate,dedupe_then_match,0,0,INT-HISTORICAL-007722,SET-HISTORICAL-007722
LBL-HISTORICAL-007723,historical,,exact_match,1,none,exact,0,0,INT-HISTORICAL-007723,SET-HISTORICAL-007723
LBL-HISTORICAL-007724,historical,,true_amount_mismatch,0,true_amount_mismatch,do_not_match,0,0,INT-HISTORICAL-007724,SET-HISTORICAL-007724
LBL-HISTORICAL-007725,historical,,exact_match,1,none,exact,0,0,INT-HISTORICAL-007725,SET-HISTORICAL-007725
LBL-HISTORICAL-007726,historical,,exact_match,1,none,exact,0,0,INT-HISTORICAL-007726,SET-HISTORICAL-007726
LBL-HISTORICAL-007727,historical,,exact_match,1,none,exact,0,0,INT-HISTORICAL-007727,SET-HISTORICAL-007727
LBL-HISTORICAL-007728,historical,,exact_match,1,none,exact,0,0,INT-HISTORICAL-007728,SET-HISTORICAL-007728
LBL-HISTORICAL-007729,historical,,exact_match,1,none,exact,0,0,INT-HISTORICAL-007729,SET-HISTORICAL-007729
LBL-HISTORICAL-007730,historical,,exact_match,1,none,exact,0,0,INT-HISTORICAL-007730,SET-HISTORICAL-007730
LBL-HISTORICAL-007731,historical,,exact_match,1,none,exact,0,0,INT-HISTORICAL-007731,SET-HISTORICAL-007731
LBL-HISTORICAL-007732,historical,,exact_match,1,none,exact,0,0,INT-HISTORICAL-007732,SET-HISTORICAL-007732
LBL-HISTORICAL-007733,historical,,reference_format,1,reference_normalization,reference_normalization,0,0,INT-HISTORICAL-007733,SET-HISTORICAL-007733
LBL-HISTORICAL-007734,historical,,exact_match,1,none,exact,0,0,INT-HISTORICAL-007734,SET-HISTORICAL-007734
LBL-HISTORICAL-007735,historical,,reference_format,1,reference_normalization,reference_normalization,0,0,INT-HISTORICAL-007735,SET-HISTORICAL-007735
LBL-HISTORICAL-007736,historical,,exact_match,1,none,exact,0,0,INT-HISTORICAL-007736,SET-HISTORICAL-007736
LBL-HISTORICAL-007737,historical,,exact_match,1,none,exact,0,0,INT-HISTORICAL-007737,SET-HISTORICAL-007737
LBL-HISTORICAL-007738,historical,,exact_match,1,none,exact,0,0,INT-HISTORICAL-007738,SET-HISTORICAL-007738
LBL-HISTORICAL-007739,historical,,duplicate_processor_record,1,duplicate,dedupe_then_match,0,0,INT-HISTORICAL-007739,SET-HISTORICAL-007739
LBL-HISTORICAL-007740,historical,,exact_match,1,none,exact,0,0,INT-HISTORICAL-007740,SET-HISTORICAL-007740
LBL-HISTORICAL-007741,historical,,exact_match,1,none,exact,0,0,INT-HISTORICAL-007741,SET-HISTORICAL-007741
LBL-HISTORICAL-007742,historical,,settlement_delay,1,t_plus_delay,date_tolerance,0,1,INT-HISTORICAL-007742,SET-HISTORICAL-007742
LBL-HISTORICAL-007743,historical,,exact_match,1,none,exact,0,0,INT-HISTORICAL-007743,SET-HISTORICAL-007743
LBL-HISTORICAL-007744,historical,,exact_match,1,none,exact,0,0,INT-HISTORICAL-007744,SET-HISTORICAL-007744
LBL-HISTORICAL-007745,historical,,exact_match,1,none,exact,0,0,INT-HISTORICAL-007745,SET-HISTORICAL-007745
LBL-HISTORICAL-007746,historical,,processing_fee,1,processor_fee,amount_tolerance,1,0,INT-HISTORICAL-007746,SET-HISTORICAL-007746
LBL-HISTORICAL-007747,historical,,exact_match,1,none,exact,0,0,INT-HISTORICAL-007747,SET-HISTORICAL-007747
LBL-HISTORICAL-007748,historical,,settlement_delay,1,t_plus_delay,date_tolerance,0,1,INT-HISTORICAL-007748,SET-HISTORICAL-007748
LBL-HISTORICAL-007749,historical,,exact_match,1,none,exact,0,0,INT-HISTORICAL-007749,SET-HISTORICAL-007749
LBL-HISTORICAL-007750,historical,,exact_match,1,none,exact,0,0,INT-HISTORICAL-007750,SET-HISTORICAL-007750
LBL-HISTORICAL-007751,historical,,exact_match,1,none,exact,0,0,INT-HISTORICAL-007751,SET-HISTORICAL-007751
LBL-HISTORICAL-007752,historical,,processing_fee,1,processor_fee,amount_tolerance,2,0,INT-HISTORICAL-007752,SET-HISTORICAL-007752
LBL-HISTORICAL-007753,historical,,exact_match,1,none,exact,0,0,INT-HISTORICAL-007753,SET-HISTORICAL-007753
LBL-HISTORICAL-007754,historical,,exact_match,1,none,exact,0,0,INT-HISTORICAL-007754,SET-HISTORICAL-007754
LBL-HISTORICAL-007755,historical,,exact_match,1,none,exact,0,0,INT-HISTORICAL-007755,SET-HISTORICAL-007755
LBL-HISTORICAL-007756,historical,,exact_match,1,none,exact,0,0,INT-HISTORICAL-007756,SET-HISTORICAL-007756
LBL-HISTORICAL-007757,historical,,exact_match,1,none,exact,0,0,INT-HISTORICAL-007757,SET-HISTORICAL-007757
LBL-HISTORICAL-007758,historical,,exact_match,1,none,exact,0,0,INT-HISTORICAL-007758,SET-HISTORICAL-007758
LBL-HISTORICAL-007759,historical,,processing_fee,1,processor_fee,amount_tolerance,3,0,INT-HISTORICAL-007759,SET-HISTORICAL-007759
LBL-HISTORICAL-007760,historical,,processing_fee,1,processor_fee,amount_tolerance,5,0,INT-HISTORICAL-007760,SET-HISTORICAL-007760
LBL-HISTORICAL-007761,historical,,exact_match,1,none,exact,0,0,INT-HISTORICAL-007761,SET-HISTORICAL-007761
LBL-HISTORICAL-007762,historical,,exact_match,1,none,exact,0,0,INT-HISTORICAL-007762,SET-HISTORICAL-007762
LBL-HISTORICAL-007763,historical,,exact_match,1,none,exact,0,0,INT-HISTORICAL-007763,SET-HISTORICAL-007763
LBL-HISTORICAL-007764,historical,,exact_match,1,none,exact,0,0,INT-HISTORICAL-007764,SET-HISTORICAL-007764
LBL-HISTORICAL-007765,historical,,processing_fee,1,processor_fee,amount_tolerance,2,0,INT-HISTORICAL-007765,SET-HISTORICAL-007765
LBL-HISTORICAL-007766,historical,,exact_match,1,none,exact,0,0,INT-HISTORICAL-007766,SET-HISTORICAL-007766
LBL-HISTORICAL-007767,historical,,settlement_delay,1,t_plus_delay,date_tolerance,0,1,INT-HISTORICAL-007767,SET-HISTORICAL-007767
LBL-HISTORICAL-007768,historical,,exact_match,1,none,exact,0,0,INT-HISTORICAL-007768,SET-HISTORICAL-007768
LBL-HISTORICAL-007769,historical,,reference_format,1,reference_normalization,reference_normalization,0,0,INT-HISTORICAL-007769,SET-HISTORICAL-007769
LBL-HISTORICAL-007770,historical,,exact_match,1,none,exact,0,0,INT-HISTORICAL-007770,SET-HISTORICAL-007770
LBL-HISTORICAL-007771,historical,,processing_fee,1,processor_fee,amount_tolerance,2,0,INT-HISTORICAL-007771,SET-HISTORICAL-007771
LBL-HISTORICAL-007772,historical,,exact_match,1,none,exact,0,0,INT-HISTORICAL-007772,SET-HISTORICAL-007772
LBL-HISTORICAL-007773,historical,,exact_match,1,none,exact,0,0,INT-HISTORICAL-007773,SET-HISTORICAL-007773
LBL-HISTORICAL-007774,historical,,exact_match,1,none,exact,0,0,INT-HISTORICAL-007774,SET-HISTORICAL-007774
LBL-HISTORICAL-007775,historical,,exact_match,1,none,exact,0,0,INT-HISTORICAL-007775,SET-HISTORICAL-007775
LBL-HISTORICAL-007776,historical,,exact_match,1,none,exact,0,0,INT-HISTORICAL-007776,SET-HISTORICAL-007776
LBL-HISTORICAL-007777,historical,,reference_format,1,reference_normalization,reference_normalization,0,0,INT-HISTORICAL-007777,SET-HISTORICAL-007777
LBL-HISTORICAL-007778,historical,,reference_format,1,reference_normalization,reference_normalization,0,0,INT-HISTORICAL-007778,SET-HISTORICAL-007778
LBL-HISTORICAL-007779,historical,,exact_match,1,none,exact,0,0,INT-HISTORICAL-007779,SET-HISTORICAL-007779
LBL-HISTORICAL-007780,historical,,settlement_delay,1,t_plus_delay,date_tolerance,0,1,INT-HISTORICAL-007780,SET-HISTORICAL-007780
LBL-HISTORICAL-007781,historical,,exact_match,1,none,exact,0,0,INT-HISTORICAL-007781,SET-HISTORICAL-007781
LBL-HISTORICAL-007782,historical,,exact_match,1,none,exact,0,0,INT-HISTORICAL-007782,SET-HISTORICAL-007782
LBL-HISTORICAL-007783,historical,,processing_fee,1,processor_fee,amount_tolerance,1,0,INT-HISTORICAL-007783,SET-HISTORICAL-007783
LBL-HISTORICAL-007784,historical,,duplicate_processor_record,1,duplicate,dedupe_then_match,0,0,INT-HISTORICAL-007784,SET-HISTORICAL-007784
LBL-HISTORICAL-007785,historical,,exact_match,1,none,exact,0,0,INT-HISTORICAL-007785,SET-HISTORICAL-007785
LBL-HISTORICAL-007786,historical,,exact_match,1,none,exact,0,0,INT-HISTORICAL-007786,SET-HISTORICAL-007786
LBL-HISTORICAL-007787,historical,,exact_match,1,none,exact,0,0,INT-HISTORICAL-007787,SET-HISTORICAL-007787
LBL-HISTORICAL-007788,historical,,exact_match,1,none,exact,0,0,INT-HISTORICAL-007788,SET-HISTORICAL-007788
LBL-HISTORICAL-007789,historical,,settlement_delay,1,t_plus_delay,date_tolerance,0,1,INT-HISTORICAL-007789,SET-HISTORICAL-007789
LBL-HISTORICAL-007790,historical,,exact_match,1,none,exact,0,0,INT-HISTORICAL-007790,SET-HISTORICAL-007790
LBL-HISTORICAL-007791,historical,,exact_match,1,none,exact,0,0,INT-HISTORICAL-007791,SET-HISTORICAL-007791
LBL-HISTORICAL-007792,historical,,reference_format,1,reference_normalization,reference_normalization,0,0,INT-HISTORICAL-007792,SET-HISTORICAL-007792
LBL-HISTORICAL-007793,historical,,exact_match,1,none,exact,0,0,INT-HISTORICAL-007793,SET-HISTORICAL-007793
LBL-HISTORICAL-007794,historical,,exact_match,1,none,exact,0,0,INT-HISTORICAL-007794,SET-HISTORICAL-007794
LBL-HISTORICAL-007795,historical,,exact_match,1,none,exact,0,0,INT-HISTORICAL-007795,SET-HISTORICAL-007795
LBL-HISTORICAL-007796,historical,,exact_match,1,none,exact,0,0,INT-HISTORICAL-007796,SET-HISTORICAL-007796
LBL-HISTORICAL-007797,historical,,currency_mismatch,0,currency_mismatch,do_not_match,0,0,INT-HISTORICAL-007797,SET-HISTORICAL-007797
LBL-HISTORICAL-007798,historical,,exact_match,1,none,exact,0,0,INT-HISTORICAL-007798,SET-HISTORICAL-007798
LBL-HISTORICAL-007799,historical,,exact_match,1,none,exact,0,0,INT-HISTORICAL-007799,SET-HISTORICAL-007799
LBL-HISTORICAL-007800,historical,,settlement_delay,1,t_plus_delay,date_tolerance,0,1,INT-HISTORICAL-007800,SET-HISTORICAL-007800
LBL-HISTORICAL-007801,historical,,reference_format,1,reference_normalization,reference_normalization,0,0,INT-HISTORICAL-007801,SET-HISTORICAL-007801
LBL-HISTORICAL-007802,historical,,exact_match,1,none,exact,0,0,INT-HISTORICAL-007802,SET-HISTORICAL-007802
LBL-HISTORICAL-007803,historical,,exact_match,1,none,exact,0,0,INT-HISTORICAL-007803,SET-HISTORICAL-007803
LBL-HISTORICAL-007804,historical,,settlement_delay,1,t_plus_delay,date_tolerance,0,1,INT-HISTORICAL-007804,SET-HISTORICAL-007804
LBL-HISTORICAL-007805,historical,,exact_match,1,none,exact,0,0,INT-HISTORICAL-007805,SET-HISTORICAL-007805
LBL-HISTORICAL-007806,historical,,exact_match,1,none,exact,0,0,INT-HISTORICAL-007806,SET-HISTORICAL-007806
LBL-HISTORICAL-007807,historical,,exact_match,1,none,exact,0,0,INT-HISTORICAL-007807,SET-HISTORICAL-007807
LBL-HISTORICAL-007808,historical,,exact_match,1,none,exact,0,0,INT-HISTORICAL-007808,SET-HISTORICAL-007808
LBL-HISTORICAL-007809,historical,,exact_match,1,none,exact,0,0,INT-HISTORICAL-007809,SET-HISTORICAL-007809
LBL-HISTORICAL-007810,historical,,settlement_delay,1,t_plus_delay,date_tolerance,0,1,INT-HISTORICAL-007810,SET-HISTORICAL-007810
LBL-HISTORICAL-007811,historical,,exact_match,1,none,exact,0,0,INT-HISTORICAL-007811,SET-HISTORICAL-007811
LBL-HISTORICAL-007812,historical,,exact_match,1,none,exact,0,0,INT-HISTORICAL-007812,SET-HISTORICAL-007812
LBL-HISTORICAL-007813,historical,,reference_format,1,reference_normalization,reference_normalization,0,0,INT-HISTORICAL-007813,SET-HISTORICAL-007813
LBL-HISTORICAL-007814,historical,,exact_match,1,none,exact,0,0,INT-HISTORICAL-007814,SET-HISTORICAL-007814
LBL-HISTORICAL-007815,historical,,reference_format,1,reference_normalization,reference_normalization,0,0,INT-HISTORICAL-007815,SET-HISTORICAL-007815
LBL-HISTORICAL-007816,historical,,exact_match,1,none,exact,0,0,INT-HISTORICAL-007816,SET-HISTORICAL-007816
LBL-HISTORICAL-007817,historical,,processing_fee,1,processor_fee,amount_tolerance,5,0,INT-HISTORICAL-007817,SET-HISTORICAL-007817
LBL-HISTORICAL-007818,historical,,exact_match,1,none,exact,0,0,INT-HISTORICAL-007818,SET-HISTORICAL-007818
LBL-HISTORICAL-007819,historical,,settlement_delay,1,t_plus_delay,date_tolerance,0,1,INT-HISTORICAL-007819,SET-HISTORICAL-007819
LBL-HISTORICAL-007820,historical,,exact_match,1,none,exact,0,0,INT-HISTORICAL-007820,SET-HISTORICAL-007820
LBL-HISTORICAL-007821,historical,,exact_match,1,none,exact,0,0,INT-HISTORICAL-007821,SET-HISTORICAL-007821
LBL-HISTORICAL-007822,historical,,exact_match,1,none,exact,0,0,INT-HISTORICAL-007822,SET-HISTORICAL-007822
LBL-HISTORICAL-007823,historical,,exact_match,1,none,exact,0,0,INT-HISTORICAL-007823,SET-HISTORICAL-007823
LBL-HISTORICAL-007824,historical,,processing_fee,1,processor_fee,amount_tolerance,3,0,INT-HISTORICAL-007824,SET-HISTORICAL-007824
LBL-HISTORICAL-007825,historical,,exact_match,1,none,exact,0,0,INT-HISTORICAL-007825,SET-HISTORICAL-007825
LBL-HISTORICAL-007826,historical,,exact_match,1,none,exact,0,0,INT-HISTORICAL-007826,SET-HISTORICAL-007826
LBL-HISTORICAL-007827,historical,,true_amount_mismatch,0,true_amount_mismatch,do_not_match,0,0,INT-HISTORICAL-007827,SET-HISTORICAL-007827
LBL-HISTORICAL-007828,historical,,exact_match,1,none,exact,0,0,INT-HISTORICAL-007828,SET-HISTORICAL-007828
LBL-HISTORICAL-007829,historical,,exact_match,1,none,exact,0,0,INT-HISTORICAL-007829,SET-HISTORICAL-007829
LBL-HISTORICAL-007830,historical,,exact_match,1,none,exact,0,0,INT-HISTORICAL-007830,SET-HISTORICAL-007830
LBL-HISTORICAL-007831,historical,,processing_fee,1,processor_fee,amount_tolerance,1,0,INT-HISTORICAL-007831,SET-HISTORICAL-007831
LBL-HISTORICAL-007832,historical,,exact_match,1,none,exact,0,0,INT-HISTORICAL-007832,SET-HISTORICAL-007832
LBL-HISTORICAL-007833,historical,,rounding_difference,1,rounding,amount_tolerance,0,0,INT-HISTORICAL-007833,SET-HISTORICAL-007833
LBL-HISTORICAL-007834,historical,,exact_match,1,none,exact,0,0,INT-HISTORICAL-007834,SET-HISTORICAL-007834
LBL-HISTORICAL-007835,historical,,processing_fee,1,processor_fee,amount_tolerance,2,0,INT-HISTORICAL-007835,SET-HISTORICAL-007835
LBL-HISTORICAL-007836,historical,,exact_match,1,none,exact,0,0,INT-HISTORICAL-007836,SET-HISTORICAL-007836
LBL-HISTORICAL-007837,historical,,exact_match,1,none,exact,0,0,INT-HISTORICAL-007837,SET-HISTORICAL-007837
LBL-HISTORICAL-007838,historical,,rounding_difference,1,rounding,amount_tolerance,0,0,INT-HISTORICAL-007838,SET-HISTORICAL-007838
LBL-HISTORICAL-007839,historical,,exact_match,1,none,exact,0,0,INT-HISTORICAL-007839,SET-HISTORICAL-007839
LBL-HISTORICAL-007840,historical,,processing_fee,1,processor_fee,amount_tolerance,3,0,INT-HISTORICAL-007840,SET-HISTORICAL-007840
LBL-HISTORICAL-007841,historical,,processing_fee,1,processor_fee,amount_tolerance,3,0,INT-HISTORICAL-007841,SET-HISTORICAL-007841
LBL-HISTORICAL-007842,historical,,settlement_delay,1,t_plus_delay,date_tolerance,0,1,INT-HISTORICAL-007842,SET-HISTORICAL-007842
LBL-HISTORICAL-007843,historical,,exact_match,1,none,exact,0,0,INT-HISTORICAL-007843,SET-HISTORICAL-007843
LBL-HISTORICAL-007844,historical,,exact_match,1,none,exact,0,0,INT-HISTORICAL-007844,SET-HISTORICAL-007844
LBL-HISTORICAL-007845,historical,,exact_match,1,none,exact,0,0,INT-HISTORICAL-007845,SET-HISTORICAL-007845
LBL-HISTORICAL-007846,historical,,exact_match,1,none,exact,0,0,INT-HISTORICAL-007846,SET-HISTORICAL-007846
LBL-HISTORICAL-007847,historical,,exact_match,1,none,exact,0,0,INT-HISTORICAL-007847,SET-HISTORICAL-007847
LBL-HISTORICAL-007848,historical,,exact_match,1,none,exact,0,0,INT-HISTORICAL-007848,SET-HISTORICAL-007848
LBL-HISTORICAL-007849,historical,,processing_fee,1,processor_fee,amount_tolerance,1,0,INT-HISTORICAL-007849,SET-HISTORICAL-007849
LBL-HISTORICAL-007850,historical,,exact_match,1,none,exact,0,0,INT-HISTORICAL-007850,SET-HISTORICAL-007850
LBL-HISTORICAL-007851,historical,,exact_match,1,none,exact,0,0,INT-HISTORICAL-007851,SET-HISTORICAL-007851
LBL-HISTORICAL-007852,historical,,processing_fee,1,processor_fee,amount_tolerance,5,0,INT-HISTORICAL-007852,SET-HISTORICAL-007852
LBL-HISTORICAL-007853,historical,,rounding_difference,1,rounding,amount_tolerance,0,0,INT-HISTORICAL-007853,SET-HISTORICAL-007853
LBL-HISTORICAL-007854,historical,,exact_match,1,none,exact,0,0,INT-HISTORICAL-007854,SET-HISTORICAL-007854
LBL-HISTORICAL-007855,historical,,settlement_delay,1,t_plus_delay,date_tolerance,0,2,INT-HISTORICAL-007855,SET-HISTORICAL-007855
LBL-HISTORICAL-007856,historical,,exact_match,1,none,exact,0,0,INT-HISTORICAL-007856,SET-HISTORICAL-007856
LBL-HISTORICAL-007857,historical,,exact_match,1,none,exact,0,0,INT-HISTORICAL-007857,SET-HISTORICAL-007857
LBL-HISTORICAL-007858,historical,,exact_match,1,none,exact,0,0,INT-HISTORICAL-007858,SET-HISTORICAL-007858
LBL-HISTORICAL-007859,historical,,exact_match,1,none,exact,0,0,INT-HISTORICAL-007859,SET-HISTORICAL-007859
LBL-HISTORICAL-007860,historical,,exact_match,1,none,exact,0,0,INT-HISTORICAL-007860,SET-HISTORICAL-007860
LBL-HISTORICAL-007861,historical,,exact_match,1,none,exact,0,0,INT-HISTORICAL-007861,SET-HISTORICAL-007861
LBL-HISTORICAL-007862,historical,,exact_match,1,none,exact,0,0,INT-HISTORICAL-007862,SET-HISTORICAL-007862
LBL-HISTORICAL-007863,historical,,exact_match,1,none,exact,0,0,INT-HISTORICAL-007863,SET-HISTORICAL-007863
LBL-HISTORICAL-007864,historical,,exact_match,1,none,exact,0,0,INT-HISTORICAL-007864,SET-HISTORICAL-007864
LBL-HISTORICAL-007865,historical,,exact_match,1,none,exact,0,0,INT-HISTORICAL-007865,SET-HISTORICAL-007865
LBL-HISTORICAL-007866,historical,,reference_format,1,reference_normalization,reference_normalization,0,0,INT-HISTORICAL-007866,SET-HISTORICAL-007866
LBL-HISTORICAL-007867,historical,,exact_match,1,none,exact,0,0,INT-HISTORICAL-007867,SET-HISTORICAL-007867
LBL-HISTORICAL-007868,historical,,exact_match,1,none,exact,0,0,INT-HISTORICAL-007868,SET-HISTORICAL-007868
LBL-HISTORICAL-007869,historical,,exact_match,1,none,exact,0,0,INT-HISTORICAL-007869,SET-HISTORICAL-007869
LBL-HISTORICAL-007870,historical,,exact_match,1,none,exact,0,0,INT-HISTORICAL-007870,SET-HISTORICAL-007870
LBL-HISTORICAL-007871,historical,,exact_match,1,none,exact,0,0,INT-HISTORICAL-007871,SET-HISTORICAL-007871
LBL-HISTORICAL-007872,historical,,exact_match,1,none,exact,0,0,INT-HISTORICAL-007872,SET-HISTORICAL-007872
LBL-HISTORICAL-007873,historical,,exact_match,1,none,exact,0,0,INT-HISTORICAL-007873,SET-HISTORICAL-007873
LBL-HISTORICAL-007874,historical,,exact_match,1,none,exact,0,0,INT-HISTORICAL-007874,SET-HISTORICAL-007874
LBL-HISTORICAL-007875,historical,,rounding_difference,1,rounding,amount_tolerance,0,0,INT-HISTORICAL-007875,SET-HISTORICAL-007875
LBL-HISTORICAL-007876,historical,,processing_fee,1,processor_fee,amount_tolerance,5,0,INT-HISTORICAL-007876,SET-HISTORICAL-007876
LBL-HISTORICAL-007877,historical,,processing_fee,1,processor_fee,amount_tolerance,5,0,INT-HISTORICAL-007877,SET-HISTORICAL-007877
LBL-HISTORICAL-007878,historical,,processing_fee,1,processor_fee,amount_tolerance,1,0,INT-HISTORICAL-007878,SET-HISTORICAL-007878
LBL-HISTORICAL-007879,historical,,exact_match,1,none,exact,0,0,INT-HISTORICAL-007879,SET-HISTORICAL-007879
LBL-HISTORICAL-007880,historical,,currency_mismatch,0,currency_mismatch,do_not_match,0,0,INT-HISTORICAL-007880,SET-HISTORICAL-007880
LBL-HISTORICAL-007881,historical,,exact_match,1,none,exact,0,0,INT-HISTORICAL-007881,SET-HISTORICAL-007881
LBL-HISTORICAL-007882,historical,,exact_match,1,none,exact,0,0,INT-HISTORICAL-007882,SET-HISTORICAL-007882
LBL-HISTORICAL-007883,historical,,exact_match,1,none,exact,0,0,INT-HISTORICAL-007883,SET-HISTORICAL-007883
LBL-HISTORICAL-007884,historical,,exact_match,1,none,exact,0,0,INT-HISTORICAL-007884,SET-HISTORICAL-007884
LBL-HISTORICAL-007885,historical,,exact_match,1,none,exact,0,0,INT-HISTORICAL-007885,SET-HISTORICAL-007885
LBL-HISTORICAL-007886,historical,,exact_match,1,none,exact,0,0,INT-HISTORICAL-007886,SET-HISTORICAL-007886
LBL-HISTORICAL-007887,historical,,exact_match,1,none,exact,0,0,INT-HISTORICAL-007887,SET-HISTORICAL-007887
LBL-HISTORICAL-007888,historical,,exact_match,1,none,exact,0,0,INT-HISTORICAL-007888,SET-HISTORICAL-007888
LBL-HISTORICAL-007889,historical,,exact_match,1,none,exact,0,0,INT-HISTORICAL-007889,SET-HISTORICAL-007889
LBL-HISTORICAL-007890,historical,,exact_match,1,none,exact,0,0,INT-HISTORICAL-007890,SET-HISTORICAL-007890
LBL-HISTORICAL-007891,historical,,true_amount_mismatch,0,true_amount_mismatch,do_not_match,0,0,INT-HISTORICAL-007891,SET-HISTORICAL-007891
LBL-HISTORICAL-007892,historical,,exact_match,1,none,exact,0,0,INT-HISTORICAL-007892,SET-HISTORICAL-007892
LBL-HISTORICAL-007893,historical,,settlement_delay,1,t_plus_delay,date_tolerance,0,1,INT-HISTORICAL-007893,SET-HISTORICAL-007893
LBL-HISTORICAL-007894,historical,,exact_match,1,none,exact,0,0,INT-HISTORICAL-007894,SET-HISTORICAL-007894
LBL-HISTORICAL-007895,historical,,exact_match,1,none,exact,0,0,INT-HISTORICAL-007895,SET-HISTORICAL-007895
LBL-HISTORICAL-007896,historical,,exact_match,1,none,exact,0,0,INT-HISTORICAL-007896,SET-HISTORICAL-007896
LBL-HISTORICAL-007897,historical,,exact_match,1,none,exact,0,0,INT-HISTORICAL-007897,SET-HISTORICAL-007897
LBL-HISTORICAL-007898,historical,,exact_match,1,none,exact,0,0,INT-HISTORICAL-007898,SET-HISTORICAL-007898
LBL-HISTORICAL-007899,historical,,exact_match,1,none,exact,0,0,INT-HISTORICAL-007899,SET-HISTORICAL-007899
LBL-HISTORICAL-007900,historical,,exact_match,1,none,exact,0,0,INT-HISTORICAL-007900,SET-HISTORICAL-007900
LBL-HISTORICAL-007901,historical,,exact_match,1,none,exact,0,0,INT-HISTORICAL-007901,SET-HISTORICAL-007901
LBL-HISTORICAL-007902,historical,,exact_match,1,none,exact,0,0,INT-HISTORICAL-007902,SET-HISTORICAL-007902
LBL-HISTORICAL-007903,historical,,currency_mismatch,0,currency_mismatch,do_not_match,0,0,INT-HISTORICAL-007903,SET-HISTORICAL-007903
LBL-HISTORICAL-007904,historical,,exact_match,1,none,exact,0,0,INT-HISTORICAL-007904,SET-HISTORICAL-007904
LBL-HISTORICAL-007905,historical,,processing_fee,1,processor_fee,amount_tolerance,1,0,INT-HISTORICAL-007905,SET-HISTORICAL-007905
LBL-HISTORICAL-007906,historical,,exact_match,1,none,exact,0,0,INT-HISTORICAL-007906,SET-HISTORICAL-007906
LBL-HISTORICAL-007907,historical,,exact_match,1,none,exact,0,0,INT-HISTORICAL-007907,SET-HISTORICAL-007907
LBL-HISTORICAL-007908,historical,,exact_match,1,none,exact,0,0,INT-HISTORICAL-007908,SET-HISTORICAL-007908
LBL-HISTORICAL-007909,historical,,reference_format,1,reference_normalization,reference_normalization,0,0,INT-HISTORICAL-007909,SET-HISTORICAL-007909
LBL-HISTORICAL-007910,historical,,exact_match,1,none,exact,0,0,INT-HISTORICAL-007910,SET-HISTORICAL-007910
LBL-HISTORICAL-007911,historical,,exact_match,1,none,exact,0,0,INT-HISTORICAL-007911,SET-HISTORICAL-007911
LBL-HISTORICAL-007912,historical,,exact_match,1,none,exact,0,0,INT-HISTORICAL-007912,SET-HISTORICAL-007912
LBL-HISTORICAL-007913,historical,,exact_match,1,none,exact,0,0,INT-HISTORICAL-007913,SET-HISTORICAL-007913
LBL-HISTORICAL-007914,historical,,exact_match,1,none,exact,0,0,INT-HISTORICAL-007914,SET-HISTORICAL-007914
LBL-HISTORICAL-007915,historical,,exact_match,1,none,exact,0,0,INT-HISTORICAL-007915,SET-HISTORICAL-007915
LBL-HISTORICAL-007916,historical,,exact_match,1,none,exact,0,0,INT-HISTORICAL-007916,SET-HISTORICAL-007916
LBL-HISTORICAL-007917,historical,,exact_match,1,none,exact,0,0,INT-HISTORICAL-007917,SET-HISTORICAL-007917
LBL-HISTORICAL-007918,historical,,exact_match,1,none,exact,0,0,INT-HISTORICAL-007918,SET-HISTORICAL-007918
LBL-HISTORICAL-007919,historical,,exact_match,1,none,exact,0,0,INT-HISTORICAL-007919,SET-HISTORICAL-007919
LBL-HISTORICAL-007920,historical,,exact_match,1,none,exact,0,0,INT-HISTORICAL-007920,SET-HISTORICAL-007920
LBL-HISTORICAL-007921,historical,,exact_match,1,none,exact,0,0,INT-HISTORICAL-007921,SET-HISTORICAL-007921
LBL-HISTORICAL-007922,historical,,exact_match,1,none,exact,0,0,INT-HISTORICAL-007922,SET-HISTORICAL-007922
LBL-HISTORICAL-007923,historical,,exact_match,1,none,exact,0,0,INT-HISTORICAL-007923,SET-HISTORICAL-007923
LBL-HISTORICAL-007924,historical,,rounding_difference,1,rounding,amount_tolerance,0,0,INT-HISTORICAL-007924,SET-HISTORICAL-007924
LBL-HISTORICAL-007925,historical,,exact_match,1,none,exact,0,0,INT-HISTORICAL-007925,SET-HISTORICAL-007925
LBL-HISTORICAL-007926,historical,,exact_match,1,none,exact,0,0,INT-HISTORICAL-007926,SET-HISTORICAL-007926
LBL-HISTORICAL-007927,historical,,exact_match,1,none,exact,0,0,INT-HISTORICAL-007927,SET-HISTORICAL-007927
LBL-HISTORICAL-007928,historical,,exact_match,1,none,exact,0,0,INT-HISTORICAL-007928,SET-HISTORICAL-007928
LBL-HISTORICAL-007929,historical,,exact_match,1,none,exact,0,0,INT-HISTORICAL-007929,SET-HISTORICAL-007929
LBL-HISTORICAL-007930,historical,,exact_match,1,none,exact,0,0,INT-HISTORICAL-007930,SET-HISTORICAL-007930
LBL-HISTORICAL-007931,historical,,exact_match,1,none,exact,0,0,INT-HISTORICAL-007931,SET-HISTORICAL-007931
LBL-HISTORICAL-007932,historical,,exact_match,1,none,exact,0,0,INT-HISTORICAL-007932,SET-HISTORICAL-007932
LBL-HISTORICAL-007933,historical,,exact_match,1,none,exact,0,0,INT-HISTORICAL-007933,SET-HISTORICAL-007933
LBL-HISTORICAL-007934,historical,,processing_fee,1,processor_fee,amount_tolerance,3,0,INT-HISTORICAL-007934,SET-HISTORICAL-007934
LBL-HISTORICAL-007935,historical,,exact_match,1,none,exact,0,0,INT-HISTORICAL-007935,SET-HISTORICAL-007935
LBL-HISTORICAL-007936,historical,,exact_match,1,none,exact,0,0,INT-HISTORICAL-007936,SET-HISTORICAL-007936
LBL-HISTORICAL-007937,historical,,exact_match,1,none,exact,0,0,INT-HISTORICAL-007937,SET-HISTORICAL-007937
LBL-HISTORICAL-007938,historical,,processing_fee,1,processor_fee,amount_tolerance,1,0,INT-HISTORICAL-007938,SET-HISTORICAL-007938
LBL-HISTORICAL-007939,historical,,exact_match,1,none,exact,0,0,INT-HISTORICAL-007939,SET-HISTORICAL-007939
LBL-HISTORICAL-007940,historical,,exact_match,1,none,exact,0,0,INT-HISTORICAL-007940,SET-HISTORICAL-007940
LBL-HISTORICAL-007941,historical,,exact_match,1,none,exact,0,0,INT-HISTORICAL-007941,SET-HISTORICAL-007941
LBL-HISTORICAL-007942,historical,,exact_match,1,none,exact,0,0,INT-HISTORICAL-007942,SET-HISTORICAL-007942
LBL-HISTORICAL-007943,historical,,exact_match,1,none,exact,0,0,INT-HISTORICAL-007943,SET-HISTORICAL-007943
LBL-HISTORICAL-007944,historical,,exact_match,1,none,exact,0,0,INT-HISTORICAL-007944,SET-HISTORICAL-007944
LBL-HISTORICAL-007945,historical,,exact_match,1,none,exact,0,0,INT-HISTORICAL-007945,SET-HISTORICAL-007945
LBL-HISTORICAL-007946,historical,,exact_match,1,none,exact,0,0,INT-HISTORICAL-007946,SET-HISTORICAL-007946
LBL-HISTORICAL-007947,historical,,exact_match,1,none,exact,0,0,INT-HISTORICAL-007947,SET-HISTORICAL-007947
LBL-HISTORICAL-007948,historical,,exact_match,1,none,exact,0,0,INT-HISTORICAL-007948,SET-HISTORICAL-007948
LBL-HISTORICAL-007949,historical,,exact_match,1,none,exact,0,0,INT-HISTORICAL-007949,SET-HISTORICAL-007949
LBL-HISTORICAL-007950,historical,,rounding_difference,1,rounding,amount_tolerance,0,0,INT-HISTORICAL-007950,SET-HISTORICAL-007950
LBL-HISTORICAL-007951,historical,,exact_match,1,none,exact,0,0,INT-HISTORICAL-007951,SET-HISTORICAL-007951
LBL-HISTORICAL-007952,historical,,processing_fee,1,processor_fee,amount_tolerance,3,0,INT-HISTORICAL-007952,SET-HISTORICAL-007952
LBL-HISTORICAL-007953,historical,,exact_match,1,none,exact,0,0,INT-HISTORICAL-007953,SET-HISTORICAL-007953
LBL-HISTORICAL-007954,historical,,rounding_difference,1,rounding,amount_tolerance,0,0,INT-HISTORICAL-007954,SET-HISTORICAL-007954
LBL-HISTORICAL-007955,historical,,settlement_delay,1,t_plus_delay,date_tolerance,0,2,INT-HISTORICAL-007955,SET-HISTORICAL-007955
LBL-HISTORICAL-007956,historical,,processing_fee,1,processor_fee,amount_tolerance,3,0,INT-HISTORICAL-007956,SET-HISTORICAL-007956
LBL-HISTORICAL-007957,historical,,exact_match,1,none,exact,0,0,INT-HISTORICAL-007957,SET-HISTORICAL-007957
LBL-HISTORICAL-007958,historical,,exact_match,1,none,exact,0,0,INT-HISTORICAL-007958,SET-HISTORICAL-007958
LBL-HISTORICAL-007959,historical,,exact_match,1,none,exact,0,0,INT-HISTORICAL-007959,SET-HISTORICAL-007959
LBL-HISTORICAL-007960,historical,,settlement_delay,1,t_plus_delay,date_tolerance,0,1,INT-HISTORICAL-007960,SET-HISTORICAL-007960
LBL-HISTORICAL-007961,historical,,processing_fee,1,processor_fee,amount_tolerance,1,0,INT-HISTORICAL-007961,SET-HISTORICAL-007961
LBL-HISTORICAL-007962,historical,,exact_match,1,none,exact,0,0,INT-HISTORICAL-007962,SET-HISTORICAL-007962
LBL-HISTORICAL-007963,historical,,exact_match,1,none,exact,0,0,INT-HISTORICAL-007963,SET-HISTORICAL-007963
LBL-HISTORICAL-007964,historical,,exact_match,1,none,exact,0,0,INT-HISTORICAL-007964,SET-HISTORICAL-007964
LBL-HISTORICAL-007965,historical,,exact_match,1,none,exact,0,0,INT-HISTORICAL-007965,SET-HISTORICAL-007965
LBL-HISTORICAL-007966,historical,,exact_match,1,none,exact,0,0,INT-HISTORICAL-007966,SET-HISTORICAL-007966
LBL-HISTORICAL-007967,historical,,exact_match,1,none,exact,0,0,INT-HISTORICAL-007967,SET-HISTORICAL-007967
LBL-HISTORICAL-007968,historical,,exact_match,1,none,exact,0,0,INT-HISTORICAL-007968,SET-HISTORICAL-007968
LBL-HISTORICAL-007969,historical,,exact_match,1,none,exact,0,0,INT-HISTORICAL-007969,SET-HISTORICAL-007969
LBL-HISTORICAL-007970,historical,,exact_match,1,none,exact,0,0,INT-HISTORICAL-007970,SET-HISTORICAL-007970
LBL-HISTORICAL-007971,historical,,exact_match,1,none,exact,0,0,INT-HISTORICAL-007971,SET-HISTORICAL-007971
LBL-HISTORICAL-007972,historical,,exact_match,1,none,exact,0,0,INT-HISTORICAL-007972,SET-HISTORICAL-007972
LBL-HISTORICAL-007973,historical,,exact_match,1,none,exact,0,0,INT-HISTORICAL-007973,SET-HISTORICAL-007973
LBL-HISTORICAL-007974,historical,,true_amount_mismatch,0,true_amount_mismatch,do_not_match,0,0,INT-HISTORICAL-007974,SET-HISTORICAL-007974
LBL-HISTORICAL-007975,historical,,exact_match,1,none,exact,0,0,INT-HISTORICAL-007975,SET-HISTORICAL-007975
LBL-HISTORICAL-007976,historical,,reference_format,1,reference_normalization,reference_normalization,0,0,INT-HISTORICAL-007976,SET-HISTORICAL-007976
LBL-HISTORICAL-007977,historical,,exact_match,1,none,exact,0,0,INT-HISTORICAL-007977,SET-HISTORICAL-007977
LBL-HISTORICAL-007978,historical,,exact_match,1,none,exact,0,0,INT-HISTORICAL-007978,SET-HISTORICAL-007978
LBL-HISTORICAL-007979,historical,,exact_match,1,none,exact,0,0,INT-HISTORICAL-007979,SET-HISTORICAL-007979
LBL-HISTORICAL-007980,historical,,exact_match,1,none,exact,0,0,INT-HISTORICAL-007980,SET-HISTORICAL-007980
LBL-HISTORICAL-007981,historical,,exact_match,1,none,exact,0,0,INT-HISTORICAL-007981,SET-HISTORICAL-007981
LBL-HISTORICAL-007982,historical,,exact_match,1,none,exact,0,0,INT-HISTORICAL-007982,SET-HISTORICAL-007982
LBL-HISTORICAL-007983,historical,,rounding_difference,1,rounding,amount_tolerance,0,0,INT-HISTORICAL-007983,SET-HISTORICAL-007983
LBL-HISTORICAL-007984,historical,,processing_fee,1,processor_fee,amount_tolerance,5,0,INT-HISTORICAL-007984,SET-HISTORICAL-007984
LBL-HISTORICAL-007985,historical,,exact_match,1,none,exact,0,0,INT-HISTORICAL-007985,SET-HISTORICAL-007985
LBL-HISTORICAL-007986,historical,,exact_match,1,none,exact,0,0,INT-HISTORICAL-007986,SET-HISTORICAL-007986
LBL-HISTORICAL-007987,historical,,reference_format,1,reference_normalization,reference_normalization,0,0,INT-HISTORICAL-007987,SET-HISTORICAL-007987
LBL-HISTORICAL-007988,historical,,exact_match,1,none,exact,0,0,INT-HISTORICAL-007988,SET-HISTORICAL-007988
LBL-HISTORICAL-007989,historical,,exact_match,1,none,exact,0,0,INT-HISTORICAL-007989,SET-HISTORICAL-007989
LBL-HISTORICAL-007990,historical,,true_amount_mismatch,0,true_amount_mismatch,do_not_match,0,0,INT-HISTORICAL-007990,SET-HISTORICAL-007990
LBL-HISTORICAL-007991,historical,,exact_match,1,none,exact,0,0,INT-HISTORICAL-007991,SET-HISTORICAL-007991
LBL-HISTORICAL-007992,historical,,processing_fee,1,processor_fee,amount_tolerance,2,0,INT-HISTORICAL-007992,SET-HISTORICAL-007992
LBL-HISTORICAL-007993,historical,,processing_fee,1,processor_fee,amount_tolerance,1,0,INT-HISTORICAL-007993,SET-HISTORICAL-007993
LBL-HISTORICAL-007994,historical,,exact_match,1,none,exact,0,0,INT-HISTORICAL-007994,SET-HISTORICAL-007994
LBL-HISTORICAL-007995,historical,,processing_fee,1,processor_fee,amount_tolerance,1,0,INT-HISTORICAL-007995,SET-HISTORICAL-007995
LBL-HISTORICAL-007996,historical,,exact_match,1,none,exact,0,0,INT-HISTORICAL-007996,SET-HISTORICAL-007996
LBL-HISTORICAL-007997,historical,,exact_match,1,none,exact,0,0,INT-HISTORICAL-007997,SET-HISTORICAL-007997
LBL-HISTORICAL-007998,historical,,exact_match,1,none,exact,0,0,INT-HISTORICAL-007998,SET-HISTORICAL-007998
LBL-HISTORICAL-007999,historical,,exact_match,1,none,exact,0,0,INT-HISTORICAL-007999,SET-HISTORICAL-007999
