internal_record_id,event_time,merchant_id,customer_id,processor,channel,country,amount_cents,currency,settlement_date,reference,status
INT-LIVE-000000,2026-09-26T09:00:35,MRC_004,CUST-0247,PROC_C,wallet,US,15520,USD,2026-09-26,PAY-150000,posted
INT-LIVE-000001,2026-09-26T09:01:06,MRC_003,CUST-0301,PROC_A,wallet,US,1497,GBP,2026-09-26,PAY-150001,posted
INT-LIVE-000002,2026-09-26T09:01:30,MRC_004,CUST-0171,PROC_C,ach,GB,35898,EUR,2026-09-26,PAY-150002,posted
INT-LIVE-000003,2026-09-26T09:01:56,MRC_003,CUST-0301,PROC_C,card,DE,8914,GBP,2026-09-26,PAY-150003,posted
INT-LIVE-000004,2026-09-26T09:02:11,MRC_005,CUST-0257,PROC_C,ach,DE,5998,USD,2026-09-26,PAY-150004,posted
INT-LIVE-000005,2026-09-26T09:02:39,MRC_001,CUST-0323,PROC_B,card,CA,30277,USD,2026-09-26,PAY-150005,posted
INT-LIVE-000006,2026-09-26T09:03:08,MRC_004,CUST-0001,PROC_B,wire,CA,8254,GBP,2026-09-26,PAY-150006,posted
INT-LIVE-000007,2026-09-26T09:03:28,MRC_004,CUST-0224,PROC_B,ach,GB,59458,USD,2026-09-26,PAY-150007,posted
INT-LIVE-000008,2026-09-26T09:04:00,MRC_002,CUST-0389,PROC_B,ach,US,20355,GBP,2026-09-26,PAY-150008,posted
INT-LIVE-000009,2026-09-26T09:04:15,MRC_005,CUST-0072,PROC_B,wallet,US,19926,USD,2026-09-26,PAY-150009,posted
INT-LIVE-000010,2026-09-26T09:04:24,MRC_003,CUST-0277,PROC_B,wallet,US,31116,GBP,2026-09-26,PAY-150010,posted
INT-LIVE-000011,2026-09-26T09:04:51,MRC_001,CUST-0265,PROC_C,wallet,DE,5094,USD,2026-09-26,PAY-150011,posted
INT-LIVE-000012,2026-09-26T09:05:12,MRC_003,CUST-0027,PROC_C,wire,US,11226,USD,2026-09-26,PAY-150012,posted
INT-LIVE-000013,2026-09-26T09:05:25,MRC_003,CUST-0085,PROC_C,wallet,CA,43516,USD,2026-09-26,PAY-150013,posted
INT-LIVE-000014,2026-09-26T09:05:43,MRC_001,CUST-0125,PROC_C,wallet,US,16895,USD,2026-09-26,PAY-150014,posted
INT-LIVE-000015,2026-09-26T09:06:11,MRC_004,CUST-0241,PROC_C,wire,GB,4476,EUR,2026-09-26,PAY-150015,posted
INT-LIVE-000016,2026-09-26T09:06:39,MRC_002,CUST-0313,PROC_B,wallet,DE,14107,USD,2026-09-26,PAY-150016,posted
INT-LIVE-000017,2026-09-26T09:07:08,MRC_004,CUST-0373,PROC_B,wire,US,33249,USD,2026-09-26,PAY-150017,posted
INT-LIVE-000018,2026-09-26T09:07:25,MRC_002,CUST-0167,PROC_C,ach,US,23859,USD,2026-09-26,PAY-150018,posted
INT-LIVE-000019,2026-09-26T09:07:47,MRC_001,CUST-0256,PROC_B,card,DE,8195,USD,2026-09-26,PAY-150019,posted
INT-LIVE-000020,2026-09-26T09:08:12,MRC_004,CUST-0323,PROC_C,ach,DE,297567,GBP,2026-09-26,PAY-150020,posted
INT-LIVE-000021,2026-09-26T09:08:32,MRC_005,CUST-0392,PROC_A,ach,GB,17932,USD,2026-09-26,PAY-150021,posted
INT-LIVE-000022,2026-09-26T09:09:01,MRC_004,CUST-0252,PROC_B,wire,CA,19058,USD,2026-09-26,PAY-150022,posted
INT-LIVE-000023,2026-09-26T09:09:22,MRC_003,CUST-0376,PROC_B,wallet,US,13407,USD,2026-09-26,PAY-150023,posted
INT-LIVE-000024,2026-09-26T09:09:38,MRC_005,CUST-0326,PROC_A,wallet,US,5483,USD,2026-09-26,PAY-150024,posted
INT-LIVE-000025,2026-09-26T09:10:04,MRC_004,CUST-0369,PROC_A,ach,GB,10074,GBP,2026-09-26,PAY-150025,posted
INT-LIVE-000026,2026-09-26T09:10:33,MRC_002,CUST-0013,PROC_B,wallet,GB,8298,USD,2026-09-26,PAY-150026,posted
INT-LIVE-000027,2026-09-26T09:11:08,MRC_001,CUST-0162,PROC_B,ach,US,137014,EUR,2026-09-26,PAY-150027,posted
INT-LIVE-000028,2026-09-26T09:11:20,MRC_002,CUST-0182,PROC_C,card,CA,11620,USD,2026-09-26,PAY-150028,posted
INT-LIVE-000029,2026-09-26T09:11:51,MRC_002,CUST-0152,PROC_C,ach,US,5377,USD,2026-09-26,PAY-150029,posted
INT-LIVE-000030,2026-09-26T09:12:22,MRC_004,CUST-0397,PROC_A,wallet,US,25106,USD,2026-09-26,PAY-150030,posted
INT-LIVE-000031,2026-09-26T09:12:33,MRC_005,CUST-0362,PROC_C,card,GB,14185,USD,2026-09-26,PAY-150031,posted
INT-LIVE-000032,2026-09-26T09:12:55,MRC_003,CUST-0071,PROC_A,wire,CA,9165,USD,2026-09-26,PAY-150032,posted
INT-LIVE-000033,2026-09-26T09:13:15,MRC_003,CUST-0393,PROC_C,card,DE,22862,EUR,2026-09-26,PAY-150033,posted
INT-LIVE-000034,2026-09-26T09:13:33,MRC_005,CUST-0311,PROC_A,card,US,30767,GBP,2026-09-26,PAY-150034,posted
INT-LIVE-000035,2026-09-26T09:14:04,MRC_005,CUST-0390,PROC_B,wallet,DE,2533,USD,2026-09-26,PAY-150035,posted
INT-LIVE-000036,2026-09-26T09:14:27,MRC_005,CUST-0339,PROC_B,ach,US,32998,USD,2026-09-26,PAY-150036,posted
INT-LIVE-000037,2026-09-26T09:15:02,MRC_005,CUST-0185,PROC_A,wallet,US,11030,GBP,2026-09-26,PAY-150037,posted
INT-LIVE-000038,2026-09-26T09:15:20,MRC_002,CUST-0077,PROC_B,ach,US,18438,USD,2026-09-26,PAY-150038,posted
INT-LIVE-000039,2026-09-26T09:15:47,MRC_003,CUST-0254,PROC_B,wire,GB,4036,USD,2026-09-26,PAY-150039,posted
INT-LIVE-000040,2026-09-26T09:16:07,MRC_005,CUST-0052,PROC_B,wire,US,5594,USD,2026-09-26,PAY-150040,posted
INT-LIVE-000041,2026-09-26T09:16:37,MRC_005,CUST-0298,PROC_B,wire,US,4852,GBP,2026-09-26,PAY-150041,posted
INT-LIVE-000042,2026-09-26T09:17:01,MRC_002,CUST-0091,PROC_A,wallet,US,21890,USD,2026-09-26,PAY-150042,posted
INT-LIVE-000043,2026-09-26T09:17:15,MRC_005,CUST-0258,PROC_B,card,GB,5953,USD,2026-09-26,PAY-150043,posted
INT-LIVE-000044,2026-09-26T09:17:28,MRC_005,CUST-0007,PROC_B,ach,US,11471,USD,2026-09-26,PAY-150044,posted
INT-LIVE-000045,2026-09-26T09:17:46,MRC_005,CUST-0016,PROC_B,ach,US,11395,USD,2026-09-26,PAY-150045,posted
INT-LIVE-000046,2026-09-26T09:18:10,MRC_003,CUST-0133,PROC_A,card,US,10104,USD,2026-09-26,PAY-150046,posted
INT-LIVE-000047,2026-09-26T09:18:40,MRC_005,CUST-0252,PROC_C,wallet,US,5997,USD,2026-09-26,PAY-150047,posted
INT-LIVE-000048,2026-09-26T09:19:07,MRC_002,CUST-0122,PROC_B,ach,DE,66636,USD,2026-09-26,PAY-150048,posted
INT-LIVE-000049,2026-09-26T09:19:36,MRC_004,CUST-0241,PROC_A,wallet,US,11592,GBP,2026-09-26,PAY-150049,posted
INT-LIVE-000050,2026-09-26T09:20:03,MRC_004,CUST-0178,PROC_A,wire,CA,30450,EUR,2026-09-26,PAY-150050,posted
INT-LIVE-000051,2026-09-26T09:20:31,MRC_003,CUST-0296,PROC_B,card,DE,11475,USD,2026-09-26,PAY-150051,posted
INT-LIVE-000052,2026-09-26T09:21:02,MRC_002,CUST-0332,PROC_C,wallet,DE,15730,EUR,2026-09-26,PAY-150052,posted
INT-LIVE-000053,2026-09-26T09:21:25,MRC_002,CUST-0191,PROC_C,wallet,DE,28881,EUR,2026-09-26,PAY-150053,posted
INT-LIVE-000054,2026-09-26T09:21:38,MRC_005,CUST-0200,PROC_B,wallet,CA,7523,GBP,2026-09-26,PAY-150054,posted
INT-LIVE-000055,2026-09-26T09:21:56,MRC_001,CUST-0332,PROC_B,card,US,18017,USD,2026-09-26,PAY-150055,posted
INT-LIVE-000056,2026-09-26T09:22:14,MRC_001,CUST-0353,PROC_A,ach,CA,5709,EUR,2026-09-26,PAY-150056,posted
INT-LIVE-000057,2026-09-26T09:22:38,MRC_002,CUST-0261,PROC_C,card,CA,13754,USD,2026-09-26,PAY-150057,posted
INT-LIVE-000058,2026-09-26T09:23:11,MRC_001,CUST-0238,PROC_B,card,US,15230,USD,2026-09-26,PAY-150058,posted
INT-LIVE-000059,2026-09-26T09:23:36,MRC_004,CUST-0001,PROC_C,card,US,5818,USD,2026-09-26,PAY-150059,posted
INT-LIVE-000060,2026-09-26T09:23:56,MRC_004,CUST-0394,PROC_B,wallet,DE,4091,GBP,2026-09-26,PAY-150060,posted
INT-LIVE-000061,2026-09-26T09:24:23,MRC_002,CUST-0072,PROC_B,wallet,CA,11703,GBP,2026-09-26,PAY-150061,posted
INT-LIVE-000062,2026-09-26T09:24:47,MRC_004,CUST-0026,PROC_C,ach,DE,3235,USD,2026-09-26,PAY-150062,posted
INT-LIVE-000063,2026-09-26T09:25:14,MRC_003,CUST-0028,PROC_C,wallet,US,6411,USD,2026-09-26,PAY-150063,posted
INT-LIVE-000064,2026-09-26T09:25:27,MRC_005,CUST-0118,PROC_B,wallet,CA,3914,USD,2026-09-26,PAY-150064,posted
INT-LIVE-000065,2026-09-26T09:25:45,MRC_005,CUST-0009,PROC_B,wallet,US,15919,USD,2026-09-26,PAY-150065,posted
INT-LIVE-000066,2026-09-26T09:26:04,MRC_001,CUST-0340,PROC_B,card,CA,33271,USD,2026-09-26,PAY-150066,posted
INT-LIVE-000067,2026-09-26T09:26:34,MRC_002,CUST-0145,PROC_B,wire,US,6273,EUR,2026-09-26,PAY-150067,posted
INT-LIVE-000068,2026-09-26T09:26:48,MRC_005,CUST-0380,PROC_A,wallet,GB,6025,USD,2026-09-26,PAY-150068,posted
INT-LIVE-000069,2026-09-26T09:27:13,MRC_001,CUST-0066,PROC_A,ach,CA,10410,USD,2026-09-26,PAY-150069,posted
INT-LIVE-000070,2026-09-26T09:27:29,MRC_004,CUST-0075,PROC_C,wire,US,4379,USD,2026-09-26,PAY-150070,posted
INT-LIVE-000071,2026-09-26T09:27:43,MRC_001,CUST-0147,PROC_C,wallet,US,18728,USD,2026-09-26,PAY-150071,posted
INT-LIVE-000072,2026-09-26T09:27:54,MRC_003,CUST-0137,PROC_C,card,US,8368,USD,2026-09-26,PAY-150072,posted
INT-LIVE-000073,2026-09-26T09:28:06,MRC_005,CUST-0332,PROC_A,card,CA,3336,USD,2026-09-26,PAY-150073,posted
INT-LIVE-000074,2026-09-26T09:28:19,MRC_002,CUST-0220,PROC_A,ach,DE,34285,GBP,2026-09-26,PAY-150074,posted
INT-LIVE-000075,2026-09-26T09:28:43,MRC_005,CUST-0368,PROC_A,wallet,US,96988,USD,2026-09-26,PAY-150075,posted
INT-LIVE-000076,2026-09-26T09:29:07,MRC_003,CUST-0087,PROC_A,wire,CA,19051,USD,2026-09-26,PAY-150076,posted
INT-LIVE-000077,2026-09-26T09:29:42,MRC_004,CUST-0308,PROC_C,wire,CA,55993,USD,2026-09-26,PAY-150077,posted
INT-LIVE-000078,2026-09-26T09:30:00,MRC_004,CUST-0388,PROC_A,wallet,US,23332,EUR,2026-09-26,PAY-150078,posted
INT-LIVE-000079,2026-09-26T09:30:26,MRC_005,CUST-0366,PROC_B,wire,US,6133,EUR,2026-09-26,PAY-150079,posted
INT-LIVE-000080,2026-09-26T09:30:56,MRC_002,CUST-0277,PROC_A,wire,CA,9371,USD,2026-09-26,PAY-150080,posted
INT-LIVE-000081,2026-09-26T09:31:04,MRC_001,CUST-0295,PROC_B,wire,GB,20708,GBP,2026-09-26,PAY-150081,posted
INT-LIVE-000082,2026-09-26T09:31:19,MRC_003,CUST-0212,PROC_B,wallet,CA,22596,USD,2026-09-26,PAY-150082,posted
INT-LIVE-000083,2026-09-26T09:31:27,MRC_001,CUST-0319,PROC_B,wallet,CA,2744,USD,2026-09-26,PAY-150083,posted
INT-LIVE-000084,2026-09-26T09:31:38,MRC_001,CUST-0246,PROC_A,card,DE,18442,USD,2026-09-26,PAY-150084,posted
INT-LIVE-000085,2026-09-26T09:31:59,MRC_005,CUST-0240,PROC_B,wire,GB,15557,GBP,2026-09-26,PAY-150085,posted
INT-LIVE-000086,2026-09-26T09:32:12,MRC_004,CUST-0216,PROC_C,ach,US,1409,GBP,2026-09-26,PAY-150086,posted
INT-LIVE-000087,2026-09-26T09:32:38,MRC_005,CUST-0252,PROC_A,wallet,US,7613,GBP,2026-09-26,PAY-150087,posted
INT-LIVE-000088,2026-09-26T09:33:04,MRC_002,CUST-0245,PROC_C,card,US,23847,USD,2026-09-26,PAY-150088,posted
INT-LIVE-000089,2026-09-26T09:33:20,MRC_005,CUST-0035,PROC_A,wire,US,11744,USD,2026-09-26,PAY-150089,posted
INT-LIVE-000090,2026-09-26T09:33:34,MRC_004,CUST-0062,PROC_A,ach,GB,2059,USD,2026-09-26,PAY-150090,posted
INT-LIVE-000091,2026-09-26T09:33:51,MRC_004,CUST-0358,PROC_A,wire,US,9927,USD,2026-09-26,PAY-150091,posted
INT-LIVE-000092,2026-09-26T09:34:09,MRC_002,CUST-0239,PROC_B,ach,CA,1995,USD,2026-09-26,PAY-150092,posted
INT-LIVE-000093,2026-09-26T09:34:37,MRC_002,CUST-0024,PROC_A,wire,GB,15666,USD,2026-09-26,PAY-150093,posted
INT-LIVE-000094,2026-09-26T09:35:00,MRC_004,CUST-0080,PROC_A,ach,US,11870,USD,2026-09-26,PAY-150094,posted
INT-LIVE-000095,2026-09-26T09:35:15,MRC_004,CUST-0247,PROC_A,wallet,GB,21741,USD,2026-09-26,PAY-150095,posted
INT-LIVE-000096,2026-09-26T09:35:34,MRC_004,CUST-0369,PROC_B,wallet,CA,8283,USD,2026-09-26,PAY-150096,posted
INT-LIVE-000097,2026-09-26T09:36:05,MRC_002,CUST-0386,PROC_C,wire,CA,6048,GBP,2026-09-26,PAY-150097,posted
INT-LIVE-000098,2026-09-26T09:36:15,MRC_005,CUST-0379,PROC_C,card,DE,18402,USD,2026-09-26,PAY-150098,posted
INT-LIVE-000099,2026-09-26T09:36:34,MRC_005,CUST-0098,PROC_B,ach,DE,18630,USD,2026-09-26,PAY-150099,posted
INT-LIVE-000100,2026-09-26T09:36:53,MRC_002,CUST-0197,PROC_C,wallet,DE,42401,USD,2026-09-26,PAY-150100,posted
INT-LIVE-000101,2026-09-26T09:37:12,MRC_002,CUST-0303,PROC_A,card,DE,9088,EUR,2026-09-26,PAY-150101,posted
INT-LIVE-000102,2026-09-26T09:37:31,MRC_005,CUST-0180,PROC_C,wire,DE,28704,USD,2026-09-26,PAY-150102,posted
INT-LIVE-000103,2026-09-26T09:37:44,MRC_005,CUST-0370,PROC_B,wallet,US,26684,USD,2026-09-26,PAY-150103,posted
INT-LIVE-000104,2026-09-26T09:37:56,MRC_003,CUST-0364,PROC_A,ach,US,5956,EUR,2026-09-26,PAY-150104,posted
INT-LIVE-000105,2026-09-26T09:38:19,MRC_002,CUST-0218,PROC_C,wire,CA,38933,USD,2026-09-26,PAY-150105,posted
INT-LIVE-000106,2026-09-26T09:38:39,MRC_002,CUST-0074,PROC_A,ach,GB,1212,USD,2026-09-26,PAY-150106,posted
INT-LIVE-000107,2026-09-26T09:39:02,MRC_002,CUST-0026,PROC_C,wallet,GB,14255,EUR,2026-09-26,PAY-150107,posted
INT-LIVE-000108,2026-09-26T09:39:34,MRC_005,CUST-0275,PROC_B,card,US,20937,USD,2026-09-26,PAY-150108,posted
INT-LIVE-000109,2026-09-26T09:39:57,MRC_005,CUST-0210,PROC_C,card,US,15742,USD,2026-09-26,PAY-150109,posted
INT-LIVE-000110,2026-09-26T09:40:23,MRC_003,CUST-0380,PROC_B,wallet,US,48327,USD,2026-09-26,PAY-150110,posted
INT-LIVE-000111,2026-09-26T09:40:55,MRC_004,CUST-0186,PROC_A,card,DE,26475,USD,2026-09-26,PAY-150111,posted
INT-LIVE-000112,2026-09-26T09:41:19,MRC_001,CUST-0237,PROC_A,ach,US,14260,USD,2026-09-26,PAY-150112,posted
INT-LIVE-000113,2026-09-26T09:41:35,MRC_004,CUST-0163,PROC_B,wallet,DE,16409,USD,2026-09-26,PAY-150113,posted
INT-LIVE-000114,2026-09-26T09:41:53,MRC_005,CUST-0166,PROC_B,card,GB,14917,USD,2026-09-26,PAY-150114,posted
INT-LIVE-000115,2026-09-26T09:42:18,MRC_001,CUST-0009,PROC_A,ach,US,5715,USD,2026-09-26,PAY-150115,posted
INT-LIVE-000116,2026-09-26T09:42:50,MRC_004,CUST-0135,PROC_C,wallet,DE,10494,USD,2026-09-26,PAY-150116,posted
INT-LIVE-000117,2026-09-26T09:43:18,MRC_005,CUST-0109,PROC_B,ach,US,12876,USD,2026-09-26,PAY-150117,posted
INT-LIVE-000118,2026-09-26T09:43:52,MRC_005,CUST-0400,PROC_A,wire,US,8778,USD,2026-09-26,PAY-150118,posted
INT-LIVE-000119,2026-09-26T09:44:02,MRC_001,CUST-0310,PROC_A,card,US,24750,USD,2026-09-26,PAY-150119,posted
INT-LIVE-000120,2026-09-26T09:44:11,MRC_005,CUST-0237,PROC_C,wallet,DE,11855,EUR,2026-09-26,PAY-150120,posted
INT-LIVE-000121,2026-09-26T09:44:31,MRC_003,CUST-0320,PROC_C,wallet,US,47312,USD,2026-09-26,PAY-150121,posted
INT-LIVE-000122,2026-09-26T09:44:44,MRC_003,CUST-0205,PROC_A,wire,US,18707,EUR,2026-09-26,PAY-150122,posted
INT-LIVE-000123,2026-09-26T09:45:08,MRC_005,CUST-0218,PROC_B,card,CA,5945,USD,2026-09-26,PAY-150123,posted
INT-LIVE-000124,2026-09-26T09:45:33,MRC_003,CUST-0306,PROC_C,wire,US,28468,USD,2026-09-26,PAY-150124,posted
INT-LIVE-000125,2026-09-26T09:46:06,MRC_003,CUST-0078,PROC_C,ach,GB,5611,USD,2026-09-26,PAY-150125,posted
INT-LIVE-000126,2026-09-26T09:46:17,MRC_003,CUST-0393,PROC_C,wallet,DE,17190,USD,2026-09-26,PAY-150126,posted
INT-LIVE-000127,2026-09-26T09:46:32,MRC_001,CUST-0268,PROC_C,wire,GB,21358,USD,2026-09-26,PAY-150127,posted
INT-LIVE-000128,2026-09-26T09:46:45,MRC_002,CUST-0161,PROC_B,ach,US,15992,USD,2026-09-26,PAY-150128,posted
INT-LIVE-000129,2026-09-26T09:47:00,MRC_004,CUST-0272,PROC_C,card,DE,3435,USD,2026-09-26,PAY-150129,posted
INT-LIVE-000130,2026-09-26T09:47:19,MRC_001,CUST-0328,PROC_A,wire,US,4099,USD,2026-09-26,PAY-150130,posted
INT-LIVE-000131,2026-09-26T09:47:36,MRC_001,CUST-0309,PROC_A,card,US,8683,GBP,2026-09-26,PAY-150131,posted
INT-LIVE-000132,2026-09-26T09:47:48,MRC_001,CUST-0202,PROC_C,ach,DE,25972,USD,2026-09-26,PAY-150132,posted
INT-LIVE-000133,2026-09-26T09:48:18,MRC_003,CUST-0121,PROC_A,wallet,US,7694,USD,2026-09-26,PAY-150133,posted
INT-LIVE-000134,2026-09-26T09:48:31,MRC_001,CUST-0345,PROC_B,card,CA,12389,USD,2026-09-26,PAY-150134,posted
INT-LIVE-000135,2026-09-26T09:49:01,MRC_004,CUST-0035,PROC_A,ach,US,16372,USD,2026-09-26,PAY-150135,posted
INT-LIVE-000136,2026-09-26T09:49:09,MRC_001,CUST-0220,PROC_C,card,CA,56212,USD,2026-09-26,PAY-150136,posted
INT-LIVE-000137,2026-09-26T09:49:31,MRC_003,CUST-0061,PROC_A,wire,DE,30084,USD,2026-09-26,PAY-150137,posted
INT-LIVE-000138,2026-09-26T09:49:43,MRC_004,CUST-0166,PROC_C,wallet,DE,13658,USD,2026-09-26,PAY-150138,posted
INT-LIVE-000139,2026-09-26T09:50:06,MRC_001,CUST-0126,PROC_C,wire,DE,6631,USD,2026-09-26,PAY-150139,posted
INT-LIVE-000140,2026-09-26T09:50:41,MRC_005,CUST-0154,PROC_C,ach,US,1512,GBP,2026-09-26,PAY-150140,posted
INT-LIVE-000141,2026-09-26T09:51:07,MRC_002,CUST-0182,PROC_C,card,GB,22053,USD,2026-09-26,PAY-150141,posted
INT-LIVE-000142,2026-09-26T09:51:30,MRC_002,CUST-0336,PROC_C,ach,GB,21808,GBP,2026-09-26,PAY-150142,posted
INT-LIVE-000143,2026-09-26T09:51:57,MRC_005,CUST-0152,PROC_C,card,CA,11966,EUR,2026-09-26,PAY-150143,posted
INT-LIVE-000144,2026-09-26T09:52:19,MRC_003,CUST-0155,PROC_C,wire,US,3623,USD,2026-09-26,PAY-150144,posted
INT-LIVE-000145,2026-09-26T09:52:37,MRC_004,CUST-0160,PROC_A,ach,CA,8528,USD,2026-09-26,PAY-150145,posted
INT-LIVE-000146,2026-09-26T09:52:57,MRC_002,CUST-0360,PROC_B,wire,US,5632,EUR,2026-09-26,PAY-150146,posted
INT-LIVE-000147,2026-09-26T09:53:22,MRC_004,CUST-0276,PROC_C,wallet,US,11573,EUR,2026-09-26,PAY-150147,posted
INT-LIVE-000148,2026-09-26T09:53:47,MRC_004,CUST-0132,PROC_C,wire,GB,10208,USD,2026-09-26,PAY-150148,posted
INT-LIVE-000149,2026-09-26T09:54:16,MRC_001,CUST-0005,PROC_B,wallet,US,43635,EUR,2026-09-26,PAY-150149,posted
INT-LIVE-000150,2026-09-26T09:54:30,MRC_005,CUST-0118,PROC_B,ach,CA,4534,USD,2026-09-26,PAY-150150,posted
INT-LIVE-000151,2026-09-26T09:54:58,MRC_002,CUST-0290,PROC_C,card,US,3316,USD,2026-09-26,PAY-150151,posted
INT-LIVE-000152,2026-09-26T09:55:13,MRC_005,CUST-0360,PROC_B,wallet,US,7422,USD,2026-09-26,PAY-150152,posted
INT-LIVE-000153,2026-09-26T09:55:21,MRC_003,CUST-0065,PROC_A,wire,US,8438,USD,2026-09-26,PAY-150153,posted
INT-LIVE-000154,2026-09-26T09:55:38,MRC_005,CUST-0070,PROC_A,ach,US,30448,USD,2026-09-26,PAY-150154,posted
INT-LIVE-000155,2026-09-26T09:55:46,MRC_001,CUST-0181,PROC_A,card,DE,1492,USD,2026-09-26,PAY-150155,posted
INT-LIVE-000156,2026-09-26T09:56:00,MRC_003,CUST-0371,PROC_A,wire,US,8967,USD,2026-09-26,PAY-150156,posted
INT-LIVE-000157,2026-09-26T09:56:18,MRC_002,CUST-0162,PROC_A,ach,US,5477,USD,2026-09-26,PAY-150157,posted
INT-LIVE-000158,2026-09-26T09:56:28,MRC_005,CUST-0017,PROC_B,ach,DE,9697,EUR,2026-09-26,PAY-150158,posted
INT-LIVE-000159,2026-09-26T09:56:51,MRC_001,CUST-0310,PROC_C,wire,DE,6599,EUR,2026-09-26,PAY-150159,posted
INT-LIVE-000160,2026-09-26T09:57:23,MRC_003,CUST-0282,PROC_C,ach,DE,21567,USD,2026-09-26,PAY-150160,posted
INT-LIVE-000161,2026-09-26T09:57:42,MRC_005,CUST-0158,PROC_A,wire,DE,9785,USD,2026-09-26,PAY-150161,posted
INT-LIVE-000162,2026-09-26T09:57:53,MRC_004,CUST-0025,PROC_A,card,US,64162,USD,2026-09-26,PAY-150162,posted
INT-LIVE-000163,2026-09-26T09:58:10,MRC_001,CUST-0101,PROC_A,card,US,22296,GBP,2026-09-26,PAY-150163,posted
INT-LIVE-000164,2026-09-26T09:58:20,MRC_002,CUST-0262,PROC_B,wallet,US,45635,USD,2026-09-26,PAY-150164,posted
INT-LIVE-000165,2026-09-26T09:58:31,MRC_005,CUST-0253,PROC_B,card,US,15954,USD,2026-09-26,PAY-150165,posted
INT-LIVE-000166,2026-09-26T09:58:57,MRC_002,CUST-0292,PROC_C,ach,US,35228,USD,2026-09-26,PAY-150166,posted
INT-LIVE-000167,2026-09-26T09:59:18,MRC_001,CUST-0170,PROC_A,wire,US,32172,USD,2026-09-26,PAY-150167,posted
INT-LIVE-000168,2026-09-26T09:59:36,MRC_005,CUST-0379,PROC_C,wire,US,3117,USD,2026-09-26,PAY-150168,posted
INT-LIVE-000169,2026-09-26T10:00:00,MRC_001,CUST-0318,PROC_C,wire,DE,18359,EUR,2026-09-26,PAY-150169,posted
INT-LIVE-000170,2026-09-26T10:00:08,MRC_002,CUST-0237,PROC_B,card,GB,35743,GBP,2026-09-26,PAY-150170,posted
INT-LIVE-000171,2026-09-26T10:00:37,MRC_001,CUST-0286,PROC_A,ach,GB,13802,GBP,2026-09-26,PAY-150171,posted
INT-LIVE-000172,2026-09-26T10:00:45,MRC_005,CUST-0263,PROC_B,wire,US,7352,USD,2026-09-26,PAY-150172,posted
INT-LIVE-000173,2026-09-26T10:01:09,MRC_004,CUST-0379,PROC_B,ach,CA,11937,GBP,2026-09-26,PAY-150173,posted
INT-LIVE-000174,2026-09-26T10:01:21,MRC_005,CUST-0102,PROC_A,card,CA,1870,USD,2026-09-26,PAY-150174,posted
INT-LIVE-000175,2026-09-26T10:01:41,MRC_001,CUST-0059,PROC_A,card,US,61964,GBP,2026-09-26,PAY-150175,posted
INT-LIVE-000176,2026-09-26T10:02:08,MRC_005,CUST-0117,PROC_B,wire,CA,5849,USD,2026-09-26,PAY-150176,posted
INT-LIVE-000177,2026-09-26T10:02:39,MRC_003,CUST-0353,PROC_C,ach,DE,5774,USD,2026-09-26,PAY-150177,posted
INT-LIVE-000178,2026-09-26T10:03:11,MRC_002,CUST-0066,PROC_A,wire,GB,9730,USD,2026-09-26,PAY-150178,posted
INT-LIVE-000179,2026-09-26T10:03:21,MRC_003,CUST-0199,PROC_C,ach,US,58888,USD,2026-09-26,PAY-150179,posted
INT-LIVE-000180,2026-09-26T10:03:54,MRC_002,CUST-0061,PROC_A,wire,US,8492,EUR,2026-09-26,PAY-150180,posted
INT-LIVE-000181,2026-09-26T10:04:08,MRC_005,CUST-0156,PROC_A,card,GB,9996,USD,2026-09-26,PAY-150181,posted
INT-LIVE-000182,2026-09-26T10:04:33,MRC_004,CUST-0259,PROC_C,card,GB,10804,USD,2026-09-26,PAY-150182,posted
INT-LIVE-000183,2026-09-26T10:04:49,MRC_001,CUST-0218,PROC_B,ach,US,12134,EUR,2026-09-26,PAY-150183,posted
INT-LIVE-000184,2026-09-26T10:05:06,MRC_004,CUST-0336,PROC_C,ach,CA,8154,USD,2026-09-26,PAY-150184,posted
INT-LIVE-000185,2026-09-26T10:05:33,MRC_005,CUST-0183,PROC_A,ach,US,24058,USD,2026-09-26,PAY-150185,posted
INT-LIVE-000186,2026-09-26T10:05:59,MRC_005,CUST-0199,PROC_B,wire,GB,21342,EUR,2026-09-26,PAY-150186,posted
INT-LIVE-000187,2026-09-26T10:06:09,MRC_001,CUST-0094,PROC_B,wire,US,5527,USD,2026-09-26,PAY-150187,posted
INT-LIVE-000188,2026-09-26T10:06:30,MRC_004,CUST-0369,PROC_A,ach,GB,9099,GBP,2026-09-26,PAY-150188,posted
INT-LIVE-000189,2026-09-26T10:07:02,MRC_002,CUST-0296,PROC_B,wire,US,31103,USD,2026-09-26,PAY-150189,posted
INT-LIVE-000190,2026-09-26T10:07:22,MRC_001,CUST-0226,PROC_C,wire,DE,71698,EUR,2026-09-26,PAY-150190,posted
INT-LIVE-000191,2026-09-26T10:07:38,MRC_003,CUST-0082,PROC_A,ach,GB,4667,USD,2026-09-26,PAY-150191,posted
INT-LIVE-000192,2026-09-26T10:08:04,MRC_004,CUST-0393,PROC_C,wire,CA,1567,USD,2026-09-26,PAY-150192,posted
INT-LIVE-000193,2026-09-26T10:08:17,MRC_002,CUST-0188,PROC_C,wire,DE,9982,USD,2026-09-26,PAY-150193,posted
INT-LIVE-000194,2026-09-26T10:08:32,MRC_003,CUST-0036,PROC_A,wallet,DE,5062,EUR,2026-09-26,PAY-150194,posted
INT-LIVE-000195,2026-09-26T10:08:55,MRC_003,CUST-0121,PROC_C,card,US,2396,USD,2026-09-26,PAY-150195,posted
INT-LIVE-000196,2026-09-26T10:09:03,MRC_002,CUST-0341,PROC_B,wire,US,71501,EUR,2026-09-26,PAY-150196,posted
INT-LIVE-000197,2026-09-26T10:09:17,MRC_004,CUST-0068,PROC_C,ach,US,6155,USD,2026-09-26,PAY-150197,posted
INT-LIVE-000198,2026-09-26T10:09:50,MRC_002,CUST-0302,PROC_B,wallet,GB,7644,EUR,2026-09-26,PAY-150198,posted
INT-LIVE-000199,2026-09-26T10:10:19,MRC_001,CUST-0261,PROC_C,wallet,CA,3633,USD,2026-09-26,PAY-150199,posted
INT-LIVE-000200,2026-09-26T10:10:48,MRC_003,CUST-0056,PROC_A,card,US,31704,USD,2026-09-26,PAY-150200,posted
INT-LIVE-000201,2026-09-26T10:11:16,MRC_004,CUST-0268,PROC_A,wallet,US,6445,USD,2026-09-26,PAY-150201,posted
INT-LIVE-000202,2026-09-26T10:11:40,MRC_003,CUST-0201,PROC_A,wire,GB,29515,USD,2026-09-26,PAY-150202,posted
INT-LIVE-000203,2026-09-26T10:12:06,MRC_005,CUST-0172,PROC_A,wire,US,9036,USD,2026-09-26,PAY-150203,posted
INT-LIVE-000204,2026-09-26T10:12:21,MRC_003,CUST-0063,PROC_C,card,GB,11826,USD,2026-09-26,PAY-150204,posted
INT-LIVE-000205,2026-09-26T10:12:46,MRC_001,CUST-0114,PROC_A,card,US,54172,GBP,2026-09-26,PAY-150205,posted
INT-LIVE-000206,2026-09-26T10:13:10,MRC_002,CUST-0215,PROC_A,ach,US,39801,EUR,2026-09-26,PAY-150206,posted
INT-LIVE-000207,2026-09-26T10:13:44,MRC_003,CUST-0134,PROC_B,wallet,CA,8044,USD,2026-09-26,PAY-150207,posted
INT-LIVE-000208,2026-09-26T10:14:04,MRC_001,CUST-0215,PROC_C,wallet,DE,3138,USD,2026-09-26,PAY-150208,posted
INT-LIVE-000209,2026-09-26T10:14:20,MRC_004,CUST-0056,PROC_B,card,US,5173,EUR,2026-09-26,PAY-150209,posted
INT-LIVE-000210,2026-09-26T10:14:42,MRC_005,CUST-0165,PROC_B,card,DE,7713,USD,2026-09-26,PAY-150210,posted
INT-LIVE-000211,2026-09-26T10:15:06,MRC_001,CUST-0030,PROC_A,ach,US,11940,USD,2026-09-26,PAY-150211,posted
INT-LIVE-000212,2026-09-26T10:15:17,MRC_003,CUST-0062,PROC_B,wire,US,8253,GBP,2026-09-26,PAY-150212,posted
INT-LIVE-000213,2026-09-26T10:15:47,MRC_002,CUST-0327,PROC_C,wallet,CA,9084,GBP,2026-09-26,PAY-150213,posted
INT-LIVE-000214,2026-09-26T10:16:04,MRC_004,CUST-0005,PROC_A,ach,US,30889,EUR,2026-09-26,PAY-150214,posted
INT-LIVE-000215,2026-09-26T10:16:35,MRC_005,CUST-0084,PROC_B,ach,US,1178,USD,2026-09-26,PAY-150215,posted
INT-LIVE-000216,2026-09-26T10:16:47,MRC_001,CUST-0148,PROC_C,card,GB,19801,USD,2026-09-26,PAY-150216,posted
INT-LIVE-000217,2026-09-26T10:17:21,MRC_002,CUST-0310,PROC_C,wallet,US,13313,USD,2026-09-26,PAY-150217,posted
INT-LIVE-000218,2026-09-26T10:17:55,MRC_002,CUST-0080,PROC_B,ach,DE,9034,USD,2026-09-26,PAY-150218,posted
INT-LIVE-000219,2026-09-26T10:18:24,MRC_005,CUST-0390,PROC_C,wire,GB,4455,EUR,2026-09-26,PAY-150219,posted
INT-LIVE-000220,2026-09-26T10:18:41,MRC_002,CUST-0225,PROC_B,wire,US,33385,EUR,2026-09-26,PAY-150220,posted
INT-LIVE-000221,2026-09-26T10:18:52,MRC_002,CUST-0349,PROC_B,card,DE,8419,GBP,2026-09-26,PAY-150221,posted
INT-LIVE-000222,2026-09-26T10:19:25,MRC_005,CUST-0388,PROC_B,card,DE,6123,GBP,2026-09-26,PAY-150222,posted
INT-LIVE-000223,2026-09-26T10:19:41,MRC_003,CUST-0008,PROC_A,ach,DE,14034,USD,2026-09-26,PAY-150223,posted
INT-LIVE-000224,2026-09-26T10:20:09,MRC_003,CUST-0259,PROC_B,card,US,5624,GBP,2026-09-26,PAY-150224,posted
INT-LIVE-000225,2026-09-26T10:20:28,MRC_003,CUST-0382,PROC_A,wire,US,2050,USD,2026-09-26,PAY-150225,posted
INT-LIVE-000226,2026-09-26T10:20:48,MRC_001,CUST-0003,PROC_C,wire,DE,6422,GBP,2026-09-26,PAY-150226,posted
INT-LIVE-000227,2026-09-26T10:21:10,MRC_004,CUST-0009,PROC_B,wallet,US,17537,USD,2026-09-26,PAY-150227,posted
INT-LIVE-000228,2026-09-26T10:21:39,MRC_004,CUST-0004,PROC_C,wallet,GB,29832,GBP,2026-09-26,PAY-150228,posted
INT-LIVE-000229,2026-09-26T10:21:57,MRC_005,CUST-0151,PROC_A,wallet,US,27692,USD,2026-09-26,PAY-150229,posted
INT-LIVE-000230,2026-09-26T10:22:05,MRC_004,CUST-0225,PROC_C,card,DE,12389,USD,2026-09-26,PAY-150230,posted
INT-LIVE-000231,2026-09-26T10:22:36,MRC_002,CUST-0038,PROC_B,ach,US,45888,EUR,2026-09-26,PAY-150231,posted
INT-LIVE-000232,2026-09-26T10:22:58,MRC_005,CUST-0021,PROC_B,ach,DE,8273,USD,2026-09-26,PAY-150232,posted
INT-LIVE-000233,2026-09-26T10:23:10,MRC_005,CUST-0375,PROC_A,wire,US,28255,USD,2026-09-26,PAY-150233,posted
INT-LIVE-000234,2026-09-26T10:23:36,MRC_001,CUST-0091,PROC_C,card,DE,7795,EUR,2026-09-26,PAY-150234,posted
INT-LIVE-000235,2026-09-26T10:24:05,MRC_005,CUST-0392,PROC_B,wallet,US,42000,GBP,2026-09-26,PAY-150235,posted
INT-LIVE-000236,2026-09-26T10:24:18,MRC_004,CUST-0022,PROC_C,wallet,GB,20700,USD,2026-09-26,PAY-150236,posted
INT-LIVE-000237,2026-09-26T10:24:41,MRC_001,CUST-0371,PROC_B,wallet,US,1952,USD,2026-09-26,PAY-150237,posted
INT-LIVE-000238,2026-09-26T10:24:59,MRC_002,CUST-0174,PROC_C,wallet,US,30751,USD,2026-09-26,PAY-150238,posted
INT-LIVE-000239,2026-09-26T10:25:24,MRC_002,CUST-0239,PROC_B,ach,DE,22374,USD,2026-09-26,PAY-150239,posted
INT-LIVE-000240,2026-09-26T10:25:50,MRC_004,CUST-0084,PROC_C,wire,CA,10138,GBP,2026-09-26,PAY-150240,posted
INT-LIVE-000241,2026-09-26T10:26:15,MRC_004,CUST-0010,PROC_A,wallet,CA,3167,EUR,2026-09-26,PAY-150241,posted
INT-LIVE-000242,2026-09-26T10:26:44,MRC_001,CUST-0025,PROC_C,wallet,US,34213,EUR,2026-09-26,PAY-150242,posted
INT-LIVE-000243,2026-09-26T10:26:59,MRC_005,CUST-0258,PROC_A,card,US,5662,USD,2026-09-26,PAY-150243,posted
INT-LIVE-000244,2026-09-26T10:27:11,MRC_004,CUST-0360,PROC_B,card,US,5223,EUR,2026-09-26,PAY-150244,posted
INT-LIVE-000245,2026-09-26T10:27:21,MRC_001,CUST-0355,PROC_A,ach,US,5922,USD,2026-09-26,PAY-150245,posted
INT-LIVE-000246,2026-09-26T10:27:30,MRC_003,CUST-0160,PROC_C,wallet,US,22979,USD,2026-09-26,PAY-150246,posted
INT-LIVE-000247,2026-09-26T10:27:43,MRC_001,CUST-0109,PROC_C,wire,GB,18009,EUR,2026-09-26,PAY-150247,posted
INT-LIVE-000248,2026-09-26T10:28:11,MRC_005,CUST-0117,PROC_C,card,GB,22520,USD,2026-09-26,PAY-150248,posted
INT-LIVE-000249,2026-09-26T10:28:46,MRC_002,CUST-0042,PROC_A,card,CA,3937,USD,2026-09-26,PAY-150249,posted
INT-LIVE-000250,2026-09-26T10:29:11,MRC_001,CUST-0346,PROC_C,wallet,US,42661,GBP,2026-09-26,PAY-150250,posted
INT-LIVE-000251,2026-09-26T10:29:45,MRC_003,CUST-0018,PROC_A,wallet,US,13626,USD,2026-09-26,PAY-150251,posted
INT-LIVE-000252,2026-09-26T10:29:54,MRC_004,CUST-0312,PROC_B,wire,CA,17637,USD,2026-09-26,PAY-150252,posted
INT-LIVE-000253,2026-09-26T10:30:05,MRC_003,CUST-0279,PROC_A,ach,US,9311,USD,2026-09-26,PAY-150253,posted
INT-LIVE-000254,2026-09-26T10:30:27,MRC_001,CUST-0270,PROC_B,card,CA,8162,EUR,2026-09-26,PAY-150254,posted
INT-LIVE-000255,2026-09-26T10:30:38,MRC_004,CUST-0197,PROC_B,card,US,10467,USD,2026-09-26,PAY-150255,posted
INT-LIVE-000256,2026-09-26T10:30:47,MRC_005,CUST-0259,PROC_A,wallet,US,39390,USD,2026-09-26,PAY-150256,posted
INT-LIVE-000257,2026-09-26T10:30:57,MRC_002,CUST-0135,PROC_B,ach,US,13926,USD,2026-09-26,PAY-150257,posted
INT-LIVE-000258,2026-09-26T10:31:16,MRC_002,CUST-0164,PROC_C,ach,US,4002,USD,2026-09-26,PAY-150258,posted
INT-LIVE-000259,2026-09-26T10:31:36,MRC_002,CUST-0099,PROC_C,wire,US,7878,EUR,2026-09-26,PAY-150259,posted
INT-LIVE-000260,2026-09-26T10:32:02,MRC_001,CUST-0239,PROC_A,wire,DE,5244,USD,2026-09-26,PAY-150260,posted
INT-LIVE-000261,2026-09-26T10:32:26,MRC_005,CUST-0042,PROC_A,ach,US,9007,USD,2026-09-26,PAY-150261,posted
INT-LIVE-000262,2026-09-26T10:32:37,MRC_002,CUST-0101,PROC_C,card,US,3327,USD,2026-09-26,PAY-150262,posted
INT-LIVE-000263,2026-09-26T10:32:50,MRC_001,CUST-0245,PROC_A,ach,US,8151,USD,2026-09-26,PAY-150263,posted
INT-LIVE-000264,2026-09-26T10:33:21,MRC_002,CUST-0236,PROC_A,ach,US,16212,USD,2026-09-26,PAY-150264,posted
INT-LIVE-000265,2026-09-26T10:33:29,MRC_001,CUST-0080,PROC_C,card,CA,13110,USD,2026-09-26,PAY-150265,posted
INT-LIVE-000266,2026-09-26T10:33:47,MRC_001,CUST-0353,PROC_B,wire,GB,6140,USD,2026-09-26,PAY-150266,posted
INT-LIVE-000267,2026-09-26T10:34:22,MRC_003,CUST-0266,PROC_A,wire,DE,19465,USD,2026-09-26,PAY-150267,posted
INT-LIVE-000268,2026-09-26T10:34:47,MRC_004,CUST-0038,PROC_C,wire,DE,7698,USD,2026-09-26,PAY-150268,posted
INT-LIVE-000269,2026-09-26T10:35:14,MRC_002,CUST-0374,PROC_A,card,CA,34429,USD,2026-09-26,PAY-150269,posted
INT-LIVE-000270,2026-09-26T10:35:42,MRC_001,CUST-0395,PROC_A,wallet,US,12459,USD,2026-09-26,PAY-150270,posted
INT-LIVE-000271,2026-09-26T10:35:56,MRC_003,CUST-0348,PROC_B,wire,CA,33805,USD,2026-09-26,PAY-150271,posted
INT-LIVE-000272,2026-09-26T10:36:28,MRC_003,CUST-0304,PROC_A,card,GB,16222,EUR,2026-09-26,PAY-150272,posted
INT-LIVE-000273,2026-09-26T10:36:49,MRC_005,CUST-0253,PROC_C,wire,US,6243,EUR,2026-09-26,PAY-150273,posted
INT-LIVE-000274,2026-09-26T10:37:21,MRC_003,CUST-0041,PROC_B,wallet,DE,3724,GBP,2026-09-26,PAY-150274,posted
INT-LIVE-000275,2026-09-26T10:37:49,MRC_003,CUST-0079,PROC_A,ach,GB,17989,USD,2026-09-26,PAY-150275,posted
INT-LIVE-000276,2026-09-26T10:38:04,MRC_005,CUST-0030,PROC_A,ach,DE,3899,USD,2026-09-26,PAY-150276,posted
INT-LIVE-000277,2026-09-26T10:38:21,MRC_003,CUST-0051,PROC_C,ach,US,42324,USD,2026-09-26,PAY-150277,posted
INT-LIVE-000278,2026-09-26T10:38:35,MRC_002,CUST-0047,PROC_B,ach,US,6630,USD,2026-09-26,PAY-150278,posted
INT-LIVE-000279,2026-09-26T10:38:48,MRC_002,CUST-0029,PROC_A,wallet,CA,4114,USD,2026-09-26,PAY-150279,posted
INT-LIVE-000280,2026-09-26T10:39:04,MRC_004,CUST-0397,PROC_B,card,CA,5043,GBP,2026-09-26,PAY-150280,posted
INT-LIVE-000281,2026-09-26T10:39:32,MRC_002,CUST-0225,PROC_B,wallet,US,50841,USD,2026-09-26,PAY-150281,posted
INT-LIVE-000282,2026-09-26T10:40:05,MRC_004,CUST-0116,PROC_B,wire,CA,10673,USD,2026-09-26,PAY-150282,posted
INT-LIVE-000283,2026-09-26T10:40:26,MRC_003,CUST-0220,PROC_A,ach,CA,41092,USD,2026-09-26,PAY-150283,posted
INT-LIVE-000284,2026-09-26T10:40:44,MRC_002,CUST-0093,PROC_C,ach,CA,3947,USD,2026-09-26,PAY-150284,posted
INT-LIVE-000285,2026-09-26T10:41:10,MRC_003,CUST-0045,PROC_B,ach,US,44424,USD,2026-09-26,PAY-150285,posted
INT-LIVE-000286,2026-09-26T10:41:38,MRC_005,CUST-0114,PROC_B,wallet,DE,5675,USD,2026-09-26,PAY-150286,posted
INT-LIVE-000287,2026-09-26T10:42:13,MRC_005,CUST-0221,PROC_B,ach,US,18376,USD,2026-09-26,PAY-150287,posted
INT-LIVE-000288,2026-09-26T10:42:40,MRC_003,CUST-0049,PROC_B,wallet,US,5999,EUR,2026-09-26,PAY-150288,posted
INT-LIVE-000289,2026-09-26T10:43:03,MRC_005,CUST-0214,PROC_B,wire,US,7082,EUR,2026-09-26,PAY-150289,posted
INT-LIVE-000290,2026-09-26T10:43:32,MRC_003,CUST-0200,PROC_B,ach,CA,3977,EUR,2026-09-26,PAY-150290,posted
INT-LIVE-000291,2026-09-26T10:43:57,MRC_001,CUST-0281,PROC_A,card,GB,9317,USD,2026-09-26,PAY-150291,posted
INT-LIVE-000292,2026-09-26T10:44:06,MRC_002,CUST-0285,PROC_A,ach,CA,21065,EUR,2026-09-26,PAY-150292,posted
INT-LIVE-000293,2026-09-26T10:44:21,MRC_001,CUST-0075,PROC_B,ach,CA,65501,USD,2026-09-26,PAY-150293,posted
INT-LIVE-000294,2026-09-26T10:44:34,MRC_004,CUST-0144,PROC_C,card,DE,9400,USD,2026-09-26,PAY-150294,posted
INT-LIVE-000295,2026-09-26T10:45:07,MRC_005,CUST-0391,PROC_B,ach,GB,30349,USD,2026-09-26,PAY-150295,posted
INT-LIVE-000296,2026-09-26T10:45:40,MRC_001,CUST-0399,PROC_B,card,DE,2877,EUR,2026-09-26,PAY-150296,posted
INT-LIVE-000297,2026-09-26T10:46:02,MRC_005,CUST-0036,PROC_C,wire,US,2504,USD,2026-09-26,PAY-150297,posted
INT-LIVE-000298,2026-09-26T10:46:19,MRC_003,CUST-0374,PROC_C,card,DE,54855,USD,2026-09-26,PAY-150298,posted
INT-LIVE-000299,2026-09-26T10:46:45,MRC_001,CUST-0151,PROC_B,wire,CA,52518,USD,2026-09-26,PAY-150299,posted
INT-LIVE-000300,2026-09-26T10:46:59,MRC_002,CUST-0036,PROC_B,wire,US,5333,USD,2026-09-26,PAY-150300,posted
INT-LIVE-000301,2026-09-26T10:47:07,MRC_001,CUST-0043,PROC_C,wallet,GB,6376,USD,2026-09-26,PAY-150301,posted
INT-LIVE-000302,2026-09-26T10:47:20,MRC_001,CUST-0057,PROC_A,wire,US,28533,GBP,2026-09-26,PAY-150302,posted
INT-LIVE-000303,2026-09-26T10:47:53,MRC_003,CUST-0005,PROC_C,wallet,GB,2805,USD,2026-09-26,PAY-150303,posted
INT-LIVE-000304,2026-09-26T10:48:11,MRC_001,CUST-0189,PROC_C,wallet,US,3729,USD,2026-09-26,PAY-150304,posted
INT-LIVE-000305,2026-09-26T10:48:43,MRC_005,CUST-0333,PROC_A,wallet,US,31299,USD,2026-09-26,PAY-150305,posted
INT-LIVE-000306,2026-09-26T10:48:51,MRC_003,CUST-0268,PROC_A,card,DE,9711,EUR,2026-09-26,PAY-150306,posted
INT-LIVE-000307,2026-09-26T10:49:05,MRC_001,CUST-0037,PROC_B,wallet,US,7552,USD,2026-09-26,PAY-150307,posted
INT-LIVE-000308,2026-09-26T10:49:18,MRC_001,CUST-0349,PROC_B,wallet,CA,10961,USD,2026-09-26,PAY-150308,posted
INT-LIVE-000309,2026-09-26T10:49:53,MRC_005,CUST-0195,PROC_B,card,CA,10118,USD,2026-09-26,PAY-150309,posted
INT-LIVE-000310,2026-09-26T10:50:20,MRC_002,CUST-0164,PROC_A,card,GB,10435,EUR,2026-09-26,PAY-150310,posted
INT-LIVE-000311,2026-09-26T10:50:47,MRC_002,CUST-0314,PROC_B,card,DE,6639,USD,2026-09-26,PAY-150311,posted
INT-LIVE-000312,2026-09-26T10:51:10,MRC_001,CUST-0229,PROC_A,ach,US,6592,GBP,2026-09-26,PAY-150312,posted
INT-LIVE-000313,2026-09-26T10:51:36,MRC_003,CUST-0395,PROC_C,wire,DE,5073,EUR,2026-09-26,PAY-150313,posted
INT-LIVE-000314,2026-09-26T10:52:06,MRC_002,CUST-0180,PROC_A,wallet,GB,15434,USD,2026-09-26,PAY-150314,posted
INT-LIVE-000315,2026-09-26T10:52:17,MRC_003,CUST-0090,PROC_A,wire,CA,2205,USD,2026-09-26,PAY-150315,posted
INT-LIVE-000316,2026-09-26T10:52:46,MRC_001,CUST-0006,PROC_B,wire,US,22564,USD,2026-09-26,PAY-150316,posted
INT-LIVE-000317,2026-09-26T10:53:09,MRC_002,CUST-0002,PROC_B,wallet,DE,5202,GBP,2026-09-26,PAY-150317,posted
INT-LIVE-000318,2026-09-26T10:53:44,MRC_002,CUST-0033,PROC_B,wire,US,4055,USD,2026-09-26,PAY-150318,posted
INT-LIVE-000319,2026-09-26T10:54:17,MRC_004,CUST-0141,PROC_C,card,CA,31193,USD,2026-09-26,PAY-150319,posted
INT-LIVE-000320,2026-09-26T10:54:33,MRC_004,CUST-0166,PROC_A,wire,DE,12542,USD,2026-09-26,PAY-150320,posted
INT-LIVE-000321,2026-09-26T10:54:54,MRC_002,CUST-0229,PROC_A,wallet,US,58611,USD,2026-09-26,PAY-150321,posted
INT-LIVE-000322,2026-09-26T10:55:25,MRC_002,CUST-0157,PROC_A,wire,US,7211,USD,2026-09-26,PAY-150322,posted
INT-LIVE-000323,2026-09-26T10:55:36,MRC_001,CUST-0358,PROC_A,ach,GB,19480,EUR,2026-09-26,PAY-150323,posted
INT-LIVE-000324,2026-09-26T10:56:05,MRC_004,CUST-0331,PROC_C,wire,US,12537,USD,2026-09-26,PAY-150324,posted
INT-LIVE-000325,2026-09-26T10:56:28,MRC_005,CUST-0267,PROC_A,wallet,GB,21849,USD,2026-09-26,PAY-150325,posted
INT-LIVE-000326,2026-09-26T10:56:51,MRC_003,CUST-0078,PROC_C,ach,US,6226,USD,2026-09-26,PAY-150326,posted
INT-LIVE-000327,2026-09-26T10:57:25,MRC_001,CUST-0215,PROC_B,wire,GB,35529,EUR,2026-09-26,PAY-150327,posted
INT-LIVE-000328,2026-09-26T10:57:36,MRC_001,CUST-0030,PROC_A,wire,CA,48047,EUR,2026-09-26,PAY-150328,posted
INT-LIVE-000329,2026-09-26T10:58:10,MRC_003,CUST-0334,PROC_C,wallet,DE,25091,USD,2026-09-26,PAY-150329,posted
INT-LIVE-000330,2026-09-26T10:58:40,MRC_001,CUST-0202,PROC_C,card,GB,2844,USD,2026-09-26,PAY-150330,posted
INT-LIVE-000331,2026-09-26T10:58:56,MRC_002,CUST-0252,PROC_C,ach,US,3970,GBP,2026-09-26,PAY-150331,posted
INT-LIVE-000332,2026-09-26T10:59:23,MRC_004,CUST-0006,PROC_B,wallet,US,7173,USD,2026-09-26,PAY-150332,posted
INT-LIVE-000333,2026-09-26T10:59:46,MRC_003,CUST-0021,PROC_B,ach,GB,53173,USD,2026-09-26,PAY-150333,posted
INT-LIVE-000334,2026-09-26T10:59:57,MRC_001,CUST-0258,PROC_A,card,GB,23117,USD,2026-09-26,PAY-150334,posted
INT-LIVE-000335,2026-09-26T11:00:29,MRC_002,CUST-0206,PROC_A,ach,CA,5246,GBP,2026-09-26,PAY-150335,posted
INT-LIVE-000336,2026-09-26T11:00:49,MRC_005,CUST-0101,PROC_B,wire,US,9055,USD,2026-09-26,PAY-150336,posted
INT-LIVE-000337,2026-09-26T11:00:57,MRC_004,CUST-0133,PROC_C,wallet,US,8752,USD,2026-09-26,PAY-150337,posted
INT-LIVE-000338,2026-09-26T11:01:05,MRC_002,CUST-0378,PROC_B,ach,CA,2604,USD,2026-09-26,PAY-150338,posted
INT-LIVE-000339,2026-09-26T11:01:36,MRC_001,CUST-0312,PROC_B,ach,US,17566,USD,2026-09-26,PAY-150339,posted
INT-LIVE-000340,2026-09-26T11:02:10,MRC_005,CUST-0114,PROC_C,wire,GB,15140,USD,2026-09-26,PAY-150340,posted
INT-LIVE-000341,2026-09-26T11:02:37,MRC_004,CUST-0301,PROC_A,card,US,29134,GBP,2026-09-26,PAY-150341,posted
INT-LIVE-000342,2026-09-26T11:03:12,MRC_002,CUST-0044,PROC_C,ach,US,4482,USD,2026-09-26,PAY-150342,posted
INT-LIVE-000343,2026-09-26T11:03:20,MRC_004,CUST-0319,PROC_C,ach,US,15863,USD,2026-09-26,PAY-150343,posted
INT-LIVE-000344,2026-09-26T11:03:28,MRC_004,CUST-0198,PROC_A,card,US,14383,USD,2026-09-26,PAY-150344,posted
INT-LIVE-000345,2026-09-26T11:03:43,MRC_005,CUST-0219,PROC_A,wire,CA,44120,USD,2026-09-26,PAY-150345,posted
INT-LIVE-000346,2026-09-26T11:04:04,MRC_005,CUST-0097,PROC_B,wire,US,6610,USD,2026-09-26,PAY-150346,posted
INT-LIVE-000347,2026-09-26T11:04:33,MRC_005,CUST-0219,PROC_C,card,US,27786,USD,2026-09-26,PAY-150347,posted
INT-LIVE-000348,2026-09-26T11:04:49,MRC_004,CUST-0221,PROC_C,ach,US,58169,USD,2026-09-26,PAY-150348,posted
INT-LIVE-000349,2026-09-26T11:04:57,MRC_002,CUST-0148,PROC_A,ach,CA,18607,GBP,2026-09-26,PAY-150349,posted
INT-LIVE-000350,2026-09-26T11:05:06,MRC_004,CUST-0298,PROC_A,wire,DE,24013,USD,2026-09-26,PAY-150350,posted
INT-LIVE-000351,2026-09-26T11:05:34,MRC_005,CUST-0311,PROC_A,card,DE,42649,USD,2026-09-26,PAY-150351,posted
INT-LIVE-000352,2026-09-26T11:06:07,MRC_004,CUST-0176,PROC_B,wire,US,47084,USD,2026-09-26,PAY-150352,posted
INT-LIVE-000353,2026-09-26T11:06:16,MRC_001,CUST-0390,PROC_B,card,US,13158,USD,2026-09-26,PAY-150353,posted
INT-LIVE-000354,2026-09-26T11:06:36,MRC_002,CUST-0229,PROC_B,wire,GB,45279,GBP,2026-09-26,PAY-150354,posted
INT-LIVE-000355,2026-09-26T11:06:55,MRC_005,CUST-0100,PROC_A,ach,US,16729,EUR,2026-09-26,PAY-150355,posted
INT-LIVE-000356,2026-09-26T11:07:06,MRC_003,CUST-0319,PROC_A,card,US,28207,EUR,2026-09-26,PAY-150356,posted
INT-LIVE-000357,2026-09-26T11:07:33,MRC_004,CUST-0236,PROC_A,ach,DE,2660,USD,2026-09-26,PAY-150357,posted
INT-LIVE-000358,2026-09-26T11:07:45,MRC_004,CUST-0200,PROC_A,wallet,CA,2649,GBP,2026-09-26,PAY-150358,posted
INT-LIVE-000359,2026-09-26T11:08:13,MRC_004,CUST-0173,PROC_B,ach,DE,3227,USD,2026-09-26,PAY-150359,posted
INT-LIVE-000360,2026-09-26T11:08:28,MRC_002,CUST-0048,PROC_A,wallet,CA,14531,USD,2026-09-26,PAY-150360,posted
INT-LIVE-000361,2026-09-26T11:08:56,MRC_004,CUST-0082,PROC_A,wallet,US,9182,USD,2026-09-26,PAY-150361,posted
INT-LIVE-000362,2026-09-26T11:09:26,MRC_003,CUST-0226,PROC_A,ach,US,20240,USD,2026-09-26,PAY-150362,posted
INT-LIVE-000363,2026-09-26T11:09:46,MRC_004,CUST-0379,PROC_B,ach,US,13815,USD,2026-09-26,PAY-150363,posted
INT-LIVE-000364,2026-09-26T11:10:06,MRC_001,CUST-0085,PROC_C,wallet,US,10772,GBP,2026-09-26,PAY-150364,posted
INT-LIVE-000365,2026-09-26T11:10:25,MRC_004,CUST-0130,PROC_C,ach,US,60895,USD,2026-09-26,PAY-150365,posted
INT-LIVE-000366,2026-09-26T11:10:47,MRC_004,CUST-0191,PROC_A,ach,US,9698,USD,2026-09-26,PAY-150366,posted
INT-LIVE-000367,2026-09-26T11:10:58,MRC_001,CUST-0393,PROC_A,wire,US,2295,EUR,2026-09-26,PAY-150367,posted
INT-LIVE-000368,2026-09-26T11:11:11,MRC_003,CUST-0352,PROC_B,ach,US,5758,USD,2026-09-26,PAY-150368,posted
INT-LIVE-000369,2026-09-26T11:11:43,MRC_004,CUST-0361,PROC_B,wallet,US,23352,USD,2026-09-26,PAY-150369,posted
INT-LIVE-000370,2026-09-26T11:11:52,MRC_001,CUST-0048,PROC_A,wallet,US,13574,USD,2026-09-26,PAY-150370,posted
INT-LIVE-000371,2026-09-26T11:12:25,MRC_003,CUST-0276,PROC_B,ach,CA,43396,USD,2026-09-26,PAY-150371,posted
INT-LIVE-000372,2026-09-26T11:12:44,MRC_005,CUST-0080,PROC_B,wire,US,88270,EUR,2026-09-26,PAY-150372,posted
INT-LIVE-000373,2026-09-26T11:13:10,MRC_002,CUST-0023,PROC_B,card,DE,8976,USD,2026-09-26,PAY-150373,posted
INT-LIVE-000374,2026-09-26T11:13:34,MRC_003,CUST-0199,PROC_B,card,DE,5730,EUR,2026-09-26,PAY-150374,posted
INT-LIVE-000375,2026-09-26T11:13:44,MRC_001,CUST-0163,PROC_B,wallet,US,7174,USD,2026-09-26,PAY-150375,posted
INT-LIVE-000376,2026-09-26T11:14:00,MRC_005,CUST-0030,PROC_B,card,CA,11428,USD,2026-09-26,PAY-150376,posted
INT-LIVE-000377,2026-09-26T11:14:23,MRC_003,CUST-0365,PROC_A,wire,US,37252,USD,2026-09-26,PAY-150377,posted
INT-LIVE-000378,2026-09-26T11:14:52,MRC_003,CUST-0141,PROC_C,wallet,US,9918,EUR,2026-09-26,PAY-150378,posted
INT-LIVE-000379,2026-09-26T11:15:17,MRC_005,CUST-0282,PROC_B,card,CA,5747,USD,2026-09-26,PAY-150379,posted
INT-LIVE-000380,2026-09-26T11:15:35,MRC_001,CUST-0350,PROC_C,wallet,GB,13240,GBP,2026-09-26,PAY-150380,posted
INT-LIVE-000381,2026-09-26T11:15:52,MRC_003,CUST-0336,PROC_C,ach,CA,6412,USD,2026-09-26,PAY-150381,posted
INT-LIVE-000382,2026-09-26T11:16:01,MRC_003,CUST-0369,PROC_B,ach,US,24095,USD,2026-09-26,PAY-150382,posted
INT-LIVE-000383,2026-09-26T11:16:27,MRC_003,CUST-0168,PROC_B,wallet,GB,13561,USD,2026-09-26,PAY-150383,posted
INT-LIVE-000384,2026-09-26T11:16:38,MRC_003,CUST-0164,PROC_C,ach,DE,5609,USD,2026-09-26,PAY-150384,posted
INT-LIVE-000385,2026-09-26T11:16:51,MRC_005,CUST-0382,PROC_A,wallet,GB,1784,GBP,2026-09-26,PAY-150385,posted
INT-LIVE-000386,2026-09-26T11:17:19,MRC_004,CUST-0141,PROC_C,wire,GB,2735,USD,2026-09-26,PAY-150386,posted
INT-LIVE-000387,2026-09-26T11:17:42,MRC_005,CUST-0321,PROC_B,card,US,10542,USD,2026-09-26,PAY-150387,posted
INT-LIVE-000388,2026-09-26T11:18:17,MRC_004,CUST-0124,PROC_B,card,US,3478,EUR,2026-09-26,PAY-150388,posted
INT-LIVE-000389,2026-09-26T11:18:37,MRC_003,CUST-0148,PROC_C,ach,DE,2557,USD,2026-09-26,PAY-150389,posted
INT-LIVE-000390,2026-09-26T11:19:07,MRC_003,CUST-0050,PROC_B,ach,CA,25855,USD,2026-09-26,PAY-150390,posted
INT-LIVE-000391,2026-09-26T11:19:39,MRC_001,CUST-0093,PROC_B,wire,US,6866,USD,2026-09-26,PAY-150391,posted
INT-LIVE-000392,2026-09-26T11:20:00,MRC_001,CUST-0052,PROC_A,wire,US,10168,GBP,2026-09-26,PAY-150392,posted
INT-LIVE-000393,2026-09-26T11:20:08,MRC_001,CUST-0106,PROC_B,card,US,4466,USD,2026-09-26,PAY-150393,posted
INT-LIVE-000394,2026-09-26T11:20:30,MRC_005,CUST-0041,PROC_C,card,CA,19640,USD,2026-09-26,PAY-150394,posted
INT-LIVE-000395,2026-09-26T11:20:47,MRC_002,CUST-0017,PROC_A,wallet,US,11970,USD,2026-09-26,PAY-150395,posted
INT-LIVE-000396,2026-09-26T11:21:13,MRC_003,CUST-0378,PROC_A,wallet,US,7529,USD,2026-09-26,PAY-150396,posted
INT-LIVE-000397,2026-09-26T11:21:30,MRC_005,CUST-0149,PROC_A,ach,US,36682,USD,2026-09-26,PAY-150397,posted
INT-LIVE-000398,2026-09-26T11:21:51,MRC_001,CUST-0021,PROC_A,card,US,6870,USD,2026-09-26,PAY-150398,posted
INT-LIVE-000399,2026-09-26T11:22:22,MRC_005,CUST-0199,PROC_C,ach,DE,10976,EUR,2026-09-26,PAY-150399,posted
INT-LIVE-000400,2026-09-26T11:22:54,MRC_004,CUST-0169,PROC_C,wallet,US,25130,GBP,2026-09-26,PAY-150400,posted
INT-LIVE-000401,2026-09-26T11:23:12,MRC_003,CUST-0287,PROC_B,card,US,12589,USD,2026-09-26,PAY-150401,posted
INT-LIVE-000402,2026-09-26T11:23:22,MRC_002,CUST-0284,PROC_B,card,CA,13203,USD,2026-09-26,PAY-150402,posted
INT-LIVE-000403,2026-09-26T11:23:35,MRC_004,CUST-0190,PROC_A,ach,US,5638,GBP,2026-09-26,PAY-150403,posted
INT-LIVE-000404,2026-09-26T11:24:03,MRC_004,CUST-0264,PROC_C,card,DE,13911,EUR,2026-09-26,PAY-150404,posted
INT-LIVE-000405,2026-09-26T11:24:13,MRC_003,CUST-0279,PROC_A,wallet,US,45286,EUR,2026-09-26,PAY-150405,posted
INT-LIVE-000406,2026-09-26T11:24:41,MRC_003,CUST-0213,PROC_C,wire,US,16010,USD,2026-09-26,PAY-150406,posted
INT-LIVE-000407,2026-09-26T11:25:11,MRC_003,CUST-0111,PROC_A,wire,GB,50489,USD,2026-09-26,PAY-150407,posted
INT-LIVE-000408,2026-09-26T11:25:19,MRC_005,CUST-0228,PROC_A,card,US,12705,USD,2026-09-26,PAY-150408,posted
INT-LIVE-000409,2026-09-26T11:25:39,MRC_002,CUST-0172,PROC_B,wallet,DE,6129,USD,2026-09-26,PAY-150409,posted
INT-LIVE-000410,2026-09-26T11:26:10,MRC_004,CUST-0298,PROC_B,wire,US,7492,USD,2026-09-26,PAY-150410,posted
INT-LIVE-000411,2026-09-26T11:26:19,MRC_005,CUST-0295,PROC_A,ach,US,1928,EUR,2026-09-26,PAY-150411,posted
INT-LIVE-000412,2026-09-26T11:26:54,MRC_005,CUST-0281,PROC_A,wallet,US,8297,EUR,2026-09-26,PAY-150412,posted
INT-LIVE-000413,2026-09-26T11:27:27,MRC_001,CUST-0350,PROC_C,wire,GB,29745,USD,2026-09-26,PAY-150413,posted
INT-LIVE-000414,2026-09-26T11:27:56,MRC_001,CUST-0067,PROC_C,ach,US,7084,USD,2026-09-26,PAY-150414,posted
INT-LIVE-000415,2026-09-26T11:28:27,MRC_003,CUST-0111,PROC_A,wire,GB,23934,USD,2026-09-26,PAY-150415,posted
INT-LIVE-000416,2026-09-26T11:28:37,MRC_002,CUST-0137,PROC_C,wallet,GB,31825,EUR,2026-09-26,PAY-150416,posted
INT-LIVE-000417,2026-09-26T11:29:04,MRC_001,CUST-0011,PROC_A,ach,CA,29999,USD,2026-09-26,PAY-150417,posted
INT-LIVE-000418,2026-09-26T11:29:21,MRC_005,CUST-0265,PROC_C,wallet,CA,44935,USD,2026-09-26,PAY-150418,posted
INT-LIVE-000419,2026-09-26T11:29:48,MRC_001,CUST-0346,PROC_B,wire,US,7035,USD,2026-09-26,PAY-150419,posted
INT-LIVE-000420,2026-09-26T11:29:59,MRC_005,CUST-0346,PROC_B,card,US,13799,USD,2026-09-26,PAY-150420,posted
INT-LIVE-000421,2026-09-26T11:30:25,MRC_004,CUST-0086,PROC_B,wire,DE,17309,GBP,2026-09-26,PAY-150421,posted
INT-LIVE-000422,2026-09-26T11:30:39,MRC_001,CUST-0371,PROC_A,wire,US,16528,USD,2026-09-26,PAY-150422,posted
INT-LIVE-000423,2026-09-26T11:30:57,MRC_002,CUST-0154,PROC_B,wire,DE,35746,GBP,2026-09-26,PAY-150423,posted
INT-LIVE-000424,2026-09-26T11:31:05,MRC_005,CUST-0393,PROC_C,wallet,GB,7782,USD,2026-09-26,PAY-150424,posted
INT-LIVE-000425,2026-09-26T11:31:22,MRC_004,CUST-0050,PROC_A,card,DE,29958,USD,2026-09-26,PAY-150425,posted
INT-LIVE-000426,2026-09-26T11:31:57,MRC_003,CUST-0145,PROC_B,card,US,3928,EUR,2026-09-26,PAY-150426,posted
INT-LIVE-000427,2026-09-26T11:32:25,MRC_004,CUST-0161,PROC_A,card,GB,4938,USD,2026-09-26,PAY-150427,posted
INT-LIVE-000428,2026-09-26T11:32:54,MRC_003,CUST-0167,PROC_C,wallet,US,7463,GBP,2026-09-26,PAY-150428,posted
INT-LIVE-000429,2026-09-26T11:33:16,MRC_003,CUST-0327,PROC_B,ach,GB,9688,USD,2026-09-26,PAY-150429,posted
INT-LIVE-000430,2026-09-26T11:33:38,MRC_003,CUST-0092,PROC_B,ach,DE,3891,USD,2026-09-26,PAY-150430,posted
INT-LIVE-000431,2026-09-26T11:34:02,MRC_002,CUST-0294,PROC_A,card,DE,33648,USD,2026-09-26,PAY-150431,posted
INT-LIVE-000432,2026-09-26T11:34:16,MRC_003,CUST-0110,PROC_A,ach,DE,7305,EUR,2026-09-26,PAY-150432,posted
INT-LIVE-000433,2026-09-26T11:34:30,MRC_003,CUST-0054,PROC_B,card,US,15801,USD,2026-09-26,PAY-150433,posted
INT-LIVE-000434,2026-09-26T11:35:04,MRC_002,CUST-0253,PROC_B,card,US,3184,USD,2026-09-26,PAY-150434,posted
INT-LIVE-000435,2026-09-26T11:35:21,MRC_005,CUST-0199,PROC_B,wallet,GB,6906,USD,2026-09-26,PAY-150435,posted
INT-LIVE-000436,2026-09-26T11:35:48,MRC_001,CUST-0266,PROC_A,ach,DE,9284,USD,2026-09-26,PAY-150436,posted
INT-LIVE-000437,2026-09-26T11:36:02,MRC_005,CUST-0256,PROC_B,wallet,US,25317,EUR,2026-09-26,PAY-150437,posted
INT-LIVE-000438,2026-09-26T11:36:12,MRC_005,CUST-0347,PROC_B,ach,US,46499,USD,2026-09-26,PAY-150438,posted
INT-LIVE-000439,2026-09-26T11:36:23,MRC_005,CUST-0342,PROC_B,card,US,29706,GBP,2026-09-26,PAY-150439,posted
INT-LIVE-000440,2026-09-26T11:36:57,MRC_004,CUST-0182,PROC_B,wallet,DE,7927,USD,2026-09-26,PAY-150440,posted
INT-LIVE-000441,2026-09-26T11:37:18,MRC_002,CUST-0286,PROC_A,card,CA,16169,USD,2026-09-26,PAY-150441,posted
INT-LIVE-000442,2026-09-26T11:37:45,MRC_001,CUST-0097,PROC_C,card,US,9780,USD,2026-09-26,PAY-150442,posted
INT-LIVE-000443,2026-09-26T11:38:04,MRC_004,CUST-0130,PROC_B,ach,US,4541,USD,2026-09-26,PAY-150443,posted
INT-LIVE-000444,2026-09-26T11:38:17,MRC_001,CUST-0215,PROC_C,ach,CA,30900,USD,2026-09-26,PAY-150444,posted
INT-LIVE-000445,2026-09-26T11:38:45,MRC_001,CUST-0229,PROC_A,ach,DE,131113,EUR,2026-09-26,PAY-150445,posted
INT-LIVE-000446,2026-09-26T11:39:16,MRC_003,CUST-0030,PROC_B,wallet,CA,17403,USD,2026-09-26,PAY-150446,posted
INT-LIVE-000447,2026-09-26T11:39:24,MRC_002,CUST-0381,PROC_B,wire,US,38296,USD,2026-09-26,PAY-150447,posted
INT-LIVE-000448,2026-09-26T11:39:46,MRC_003,CUST-0353,PROC_B,ach,CA,5290,USD,2026-09-26,PAY-150448,posted
INT-LIVE-000449,2026-09-26T11:40:07,MRC_002,CUST-0366,PROC_B,card,GB,16310,USD,2026-09-26,PAY-150449,posted
INT-LIVE-000450,2026-09-26T11:40:40,MRC_002,CUST-0325,PROC_A,card,US,2162,USD,2026-09-26,PAY-150450,posted
INT-LIVE-000451,2026-09-26T11:41:12,MRC_001,CUST-0076,PROC_A,wallet,US,4511,USD,2026-09-26,PAY-150451,posted
INT-LIVE-000452,2026-09-26T11:41:43,MRC_003,CUST-0369,PROC_B,ach,GB,42173,EUR,2026-09-26,PAY-150452,posted
INT-LIVE-000453,2026-09-26T11:42:07,MRC_004,CUST-0153,PROC_B,wallet,GB,1499,USD,2026-09-26,PAY-150453,posted
INT-LIVE-000454,2026-09-26T11:42:37,MRC_003,CUST-0281,PROC_C,card,US,30203,EUR,2026-09-26,PAY-150454,posted
INT-LIVE-000455,2026-09-26T11:42:45,MRC_002,CUST-0382,PROC_A,wire,US,12651,USD,2026-09-26,PAY-150455,posted
INT-LIVE-000456,2026-09-26T11:42:59,MRC_001,CUST-0009,PROC_B,wire,GB,33069,USD,2026-09-26,PAY-150456,posted
INT-LIVE-000457,2026-09-26T11:43:14,MRC_001,CUST-0013,PROC_B,card,US,5723,USD,2026-09-26,PAY-150457,posted
INT-LIVE-000458,2026-09-26T11:43:32,MRC_003,CUST-0254,PROC_A,card,DE,6991,EUR,2026-09-26,PAY-150458,posted
INT-LIVE-000459,2026-09-26T11:43:59,MRC_003,CUST-0144,PROC_C,wallet,US,23539,GBP,2026-09-26,PAY-150459,posted
INT-LIVE-000460,2026-09-26T11:44:07,MRC_001,CUST-0216,PROC_C,card,US,26780,EUR,2026-09-26,PAY-150460,posted
INT-LIVE-000461,2026-09-26T11:44:42,MRC_003,CUST-0123,PROC_B,wire,DE,19803,USD,2026-09-26,PAY-150461,posted
INT-LIVE-000462,2026-09-26T11:45:12,MRC_005,CUST-0156,PROC_B,ach,US,566,USD,2026-09-26,PAY-150462,posted
INT-LIVE-000463,2026-09-26T11:45:32,MRC_002,CUST-0166,PROC_B,ach,US,25372,USD,2026-09-26,PAY-150463,posted
INT-LIVE-000464,2026-09-26T11:45:59,MRC_003,CUST-0144,PROC_B,wire,DE,4936,USD,2026-09-26,PAY-150464,posted
INT-LIVE-000465,2026-09-26T11:46:07,MRC_002,CUST-0142,PROC_C,wallet,US,12832,USD,2026-09-26,PAY-150465,posted
INT-LIVE-000466,2026-09-26T11:46:15,MRC_001,CUST-0353,PROC_B,ach,CA,11379,GBP,2026-09-26,PAY-150466,posted
INT-LIVE-000467,2026-09-26T11:46:28,MRC_001,CUST-0270,PROC_B,wallet,CA,1316,USD,2026-09-26,PAY-150467,posted
INT-LIVE-000468,2026-09-26T11:46:53,MRC_001,CUST-0347,PROC_C,wire,GB,16847,USD,2026-09-26,PAY-150468,posted
INT-LIVE-000469,2026-09-26T11:47:14,MRC_003,CUST-0039,PROC_B,wallet,US,15526,USD,2026-09-26,PAY-150469,posted
INT-LIVE-000470,2026-09-26T11:47:42,MRC_005,CUST-0219,PROC_A,wire,US,7218,EUR,2026-09-26,PAY-150470,posted
INT-LIVE-000471,2026-09-26T11:47:59,MRC_003,CUST-0117,PROC_C,card,CA,27355,USD,2026-09-26,PAY-150471,posted
INT-LIVE-000472,2026-09-26T11:48:25,MRC_004,CUST-0027,PROC_B,card,US,9778,EUR,2026-09-26,PAY-150472,posted
INT-LIVE-000473,2026-09-26T11:48:55,MRC_004,CUST-0302,PROC_B,ach,GB,31628,EUR,2026-09-26,PAY-150473,posted
INT-LIVE-000474,2026-09-26T11:49:26,MRC_004,CUST-0008,PROC_B,wire,US,9843,USD,2026-09-26,PAY-150474,posted
INT-LIVE-000475,2026-09-26T11:49:56,MRC_005,CUST-0029,PROC_C,ach,DE,25774,USD,2026-09-26,PAY-150475,posted
INT-LIVE-000476,2026-09-26T11:50:09,MRC_005,CUST-0019,PROC_A,ach,DE,3590,EUR,2026-09-26,PAY-150476,posted
INT-LIVE-000477,2026-09-26T11:50:19,MRC_005,CUST-0222,PROC_B,card,GB,28551,USD,2026-09-26,PAY-150477,posted
INT-LIVE-000478,2026-09-26T11:50:51,MRC_001,CUST-0105,PROC_B,ach,US,2915,GBP,2026-09-26,PAY-150478,posted
INT-LIVE-000479,2026-09-26T11:51:14,MRC_003,CUST-0072,PROC_A,card,GB,2214,USD,2026-09-26,PAY-150479,posted
INT-LIVE-000480,2026-09-26T11:51:25,MRC_003,CUST-0132,PROC_B,wallet,US,5265,USD,2026-09-26,PAY-150480,posted
INT-LIVE-000481,2026-09-26T11:51:35,MRC_004,CUST-0046,PROC_B,ach,CA,2534,USD,2026-09-26,PAY-150481,posted
INT-LIVE-000482,2026-09-26T11:52:09,MRC_003,CUST-0363,PROC_C,wallet,CA,5270,EUR,2026-09-26,PAY-150482,posted
INT-LIVE-000483,2026-09-26T11:52:20,MRC_003,CUST-0255,PROC_A,ach,US,14055,EUR,2026-09-26,PAY-150483,posted
INT-LIVE-000484,2026-09-26T11:52:31,MRC_004,CUST-0273,PROC_B,ach,US,6750,EUR,2026-09-26,PAY-150484,posted
INT-LIVE-000485,2026-09-26T11:52:54,MRC_001,CUST-0172,PROC_C,wire,DE,13664,EUR,2026-09-26,PAY-150485,posted
INT-LIVE-000486,2026-09-26T11:53:13,MRC_004,CUST-0213,PROC_C,card,US,13346,USD,2026-09-26,PAY-150486,posted
INT-LIVE-000487,2026-09-26T11:53:35,MRC_001,CUST-0180,PROC_B,ach,CA,5361,USD,2026-09-26,PAY-150487,posted
INT-LIVE-000488,2026-09-26T11:54:00,MRC_004,CUST-0031,PROC_B,card,GB,5591,USD,2026-09-26,PAY-150488,posted
INT-LIVE-000489,2026-09-26T11:54:13,MRC_003,CUST-0151,PROC_C,card,DE,3688,EUR,2026-09-26,PAY-150489,posted
INT-LIVE-000490,2026-09-26T11:54:45,MRC_001,CUST-0191,PROC_A,card,US,56560,USD,2026-09-26,PAY-150490,posted
INT-LIVE-000491,2026-09-26T11:55:11,MRC_004,CUST-0353,PROC_A,wallet,US,36609,GBP,2026-09-26,PAY-150491,posted
INT-LIVE-000492,2026-09-26T11:55:46,MRC_005,CUST-0257,PROC_C,card,US,10566,GBP,2026-09-26,PAY-150492,posted
INT-LIVE-000493,2026-09-26T11:56:01,MRC_003,CUST-0388,PROC_B,wallet,US,5712,USD,2026-09-26,PAY-150493,posted
INT-LIVE-000494,2026-09-26T11:56:35,MRC_003,CUST-0044,PROC_A,wallet,US,8098,USD,2026-09-26,PAY-150494,posted
INT-LIVE-000495,2026-09-26T11:57:04,MRC_002,CUST-0207,PROC_C,card,GB,4172,USD,2026-09-26,PAY-150495,posted
INT-LIVE-000496,2026-09-26T11:57:13,MRC_003,CUST-0092,PROC_B,card,US,1784,USD,2026-09-26,PAY-150496,posted
INT-LIVE-000497,2026-09-26T11:57:28,MRC_004,CUST-0034,PROC_B,card,US,4127,USD,2026-09-26,PAY-150497,posted
INT-LIVE-000498,2026-09-26T11:57:56,MRC_001,CUST-0386,PROC_B,ach,CA,18619,GBP,2026-09-26,PAY-150498,posted
INT-LIVE-000499,2026-09-26T11:58:27,MRC_001,CUST-0172,PROC_B,ach,CA,40340,USD,2026-09-26,PAY-150499,posted
INT-LIVE-000500,2026-09-26T11:58:56,MRC_003,CUST-0068,PROC_B,wire,US,15975,GBP,2026-09-26,PAY-150500,posted
INT-LIVE-000501,2026-09-26T11:59:07,MRC_003,CUST-0127,PROC_C,ach,CA,11155,EUR,2026-09-26,PAY-150501,posted
INT-LIVE-000502,2026-09-26T11:59:40,MRC_002,CUST-0143,PROC_B,wire,US,53530,GBP,2026-09-26,PAY-150502,posted
INT-LIVE-000503,2026-09-26T12:00:10,MRC_002,CUST-0011,PROC_B,ach,CA,28485,USD,2026-09-26,PAY-150503,posted
INT-LIVE-000504,2026-09-26T12:00:33,MRC_004,CUST-0064,PROC_B,wire,CA,11593,USD,2026-09-26,PAY-150504,posted
INT-LIVE-000505,2026-09-26T12:01:00,MRC_003,CUST-0078,PROC_A,wire,DE,15037,USD,2026-09-26,PAY-150505,posted
INT-LIVE-000506,2026-09-26T12:01:32,MRC_001,CUST-0323,PROC_B,wallet,US,3338,USD,2026-09-26,PAY-150506,posted
INT-LIVE-000507,2026-09-26T12:01:50,MRC_005,CUST-0223,PROC_A,ach,GB,32860,USD,2026-09-26,PAY-150507,posted
INT-LIVE-000508,2026-09-26T12:02:03,MRC_004,CUST-0321,PROC_B,wire,US,5871,USD,2026-09-26,PAY-150508,posted
INT-LIVE-000509,2026-09-26T12:02:35,MRC_003,CUST-0236,PROC_A,ach,CA,23781,USD,2026-09-26,PAY-150509,posted
INT-LIVE-000510,2026-09-26T12:03:04,MRC_001,CUST-0197,PROC_C,wire,GB,30496,GBP,2026-09-26,PAY-150510,posted
INT-LIVE-000511,2026-09-26T12:03:25,MRC_004,CUST-0229,PROC_B,wire,US,12532,USD,2026-09-26,PAY-150511,posted
INT-LIVE-000512,2026-09-26T12:03:55,MRC_004,CUST-0255,PROC_A,card,US,5245,USD,2026-09-26,PAY-150512,posted
INT-LIVE-000513,2026-09-26T12:04:30,MRC_002,CUST-0143,PROC_B,card,US,27320,USD,2026-09-26,PAY-150513,posted
INT-LIVE-000514,2026-09-26T12:04:46,MRC_003,CUST-0262,PROC_B,wire,US,13816,USD,2026-09-26,PAY-150514,posted
INT-LIVE-000515,2026-09-26T12:04:55,MRC_001,CUST-0148,PROC_B,card,US,19003,USD,2026-09-26,PAY-150515,posted
INT-LIVE-000516,2026-09-26T12:05:29,MRC_002,CUST-0389,PROC_C,wire,US,8039,USD,2026-09-26,PAY-150516,posted
INT-LIVE-000517,2026-09-26T12:05:54,MRC_002,CUST-0337,PROC_A,wallet,US,14862,USD,2026-09-26,PAY-150517,posted
INT-LIVE-000518,2026-09-26T12:06:09,MRC_001,CUST-0172,PROC_A,wire,US,23391,USD,2026-09-26,PAY-150518,posted
INT-LIVE-000519,2026-09-26T12:06:17,MRC_004,CUST-0098,PROC_A,wallet,GB,63200,USD,2026-09-26,PAY-150519,posted
INT-LIVE-000520,2026-09-26T12:06:32,MRC_002,CUST-0015,PROC_C,wallet,US,8227,USD,2026-09-26,PAY-150520,posted
INT-LIVE-000521,2026-09-26T12:06:48,MRC_003,CUST-0314,PROC_B,card,CA,5920,USD,2026-09-26,PAY-150521,posted
INT-LIVE-000522,2026-09-26T12:07:06,MRC_002,CUST-0287,PROC_A,wallet,US,2257,USD,2026-09-26,PAY-150522,posted
INT-LIVE-000523,2026-09-26T12:07:41,MRC_001,CUST-0177,PROC_C,wire,GB,4745,USD,2026-09-26,PAY-150523,posted
INT-LIVE-000524,2026-09-26T12:07:51,MRC_003,CUST-0152,PROC_C,ach,US,2805,GBP,2026-09-26,PAY-150524,posted
INT-LIVE-000525,2026-09-26T12:08:23,MRC_001,CUST-0177,PROC_B,ach,GB,10016,USD,2026-09-26,PAY-150525,posted
INT-LIVE-000526,2026-09-26T12:08:52,MRC_004,CUST-0186,PROC_B,card,US,16946,GBP,2026-09-26,PAY-150526,posted
INT-LIVE-000527,2026-09-26T12:09:27,MRC_003,CUST-0045,PROC_B,wallet,US,7687,EUR,2026-09-26,PAY-150527,posted
INT-LIVE-000528,2026-09-26T12:09:47,MRC_002,CUST-0322,PROC_B,wallet,US,17606,USD,2026-09-26,PAY-150528,posted
INT-LIVE-000529,2026-09-26T12:10:11,MRC_001,CUST-0182,PROC_B,wire,US,2172,USD,2026-09-26,PAY-150529,posted
INT-LIVE-000530,2026-09-26T12:10:25,MRC_002,CUST-0273,PROC_A,wallet,US,7141,EUR,2026-09-26,PAY-150530,posted
INT-LIVE-000531,2026-09-26T12:10:47,MRC_001,CUST-0399,PROC_C,wallet,CA,13719,USD,2026-09-26,PAY-150531,posted
INT-LIVE-000532,2026-09-26T12:11:14,MRC_003,CUST-0190,PROC_B,ach,GB,4270,EUR,2026-09-26,PAY-150532,posted
INT-LIVE-000533,2026-09-26T12:11:36,MRC_001,CUST-0006,PROC_A,wallet,US,4305,USD,2026-09-26,PAY-150533,posted
INT-LIVE-000534,2026-09-26T12:12:09,MRC_003,CUST-0170,PROC_C,ach,CA,38626,USD,2026-09-26,PAY-150534,posted
INT-LIVE-000535,2026-09-26T12:12:33,MRC_005,CUST-0155,PROC_B,wire,DE,2661,USD,2026-09-26,PAY-150535,posted
INT-LIVE-000536,2026-09-26T12:12:58,MRC_004,CUST-0278,PROC_B,wire,US,1933,GBP,2026-09-26,PAY-150536,posted
INT-LIVE-000537,2026-09-26T12:13:17,MRC_003,CUST-0004,PROC_B,card,GB,13340,USD,2026-09-26,PAY-150537,posted
INT-LIVE-000538,2026-09-26T12:13:44,MRC_005,CUST-0033,PROC_B,wallet,US,29488,USD,2026-09-26,PAY-150538,posted
INT-LIVE-000539,2026-09-26T12:14:05,MRC_002,CUST-0025,PROC_B,wallet,DE,23675,USD,2026-09-26,PAY-150539,posted
INT-LIVE-000540,2026-09-26T12:14:27,MRC_002,CUST-0096,PROC_B,wire,GB,2482,EUR,2026-09-26,PAY-150540,posted
INT-LIVE-000541,2026-09-26T12:14:54,MRC_002,CUST-0089,PROC_C,wallet,US,15422,GBP,2026-09-26,PAY-150541,posted
INT-LIVE-000542,2026-09-26T12:15:18,MRC_002,CUST-0260,PROC_C,wallet,GB,4188,USD,2026-09-26,PAY-150542,posted
INT-LIVE-000543,2026-09-26T12:15:41,MRC_002,CUST-0094,PROC_B,wallet,GB,46795,USD,2026-09-26,PAY-150543,posted
INT-LIVE-000544,2026-09-26T12:15:58,MRC_002,CUST-0196,PROC_B,card,DE,3433,USD,2026-09-26,PAY-150544,posted
INT-LIVE-000545,2026-09-26T12:16:33,MRC_003,CUST-0013,PROC_C,card,US,10597,USD,2026-09-26,PAY-150545,posted
INT-LIVE-000546,2026-09-26T12:16:46,MRC_004,CUST-0313,PROC_A,wallet,DE,6884,USD,2026-09-26,PAY-150546,posted
INT-LIVE-000547,2026-09-26T12:17:16,MRC_003,CUST-0302,PROC_B,wallet,US,24795,USD,2026-09-26,PAY-150547,posted
INT-LIVE-000548,2026-09-26T12:17:43,MRC_004,CUST-0262,PROC_B,wallet,DE,27025,USD,2026-09-26,PAY-150548,posted
INT-LIVE-000549,2026-09-26T12:17:58,MRC_003,CUST-0002,PROC_B,wire,GB,12368,USD,2026-09-26,PAY-150549,posted
INT-LIVE-000550,2026-09-26T12:18:31,MRC_004,CUST-0287,PROC_B,card,US,2022,USD,2026-09-26,PAY-150550,posted
INT-LIVE-000551,2026-09-26T12:18:48,MRC_002,CUST-0016,PROC_B,card,DE,2222,USD,2026-09-26,PAY-150551,posted
INT-LIVE-000552,2026-09-26T12:19:11,MRC_004,CUST-0039,PROC_B,ach,US,14993,GBP,2026-09-26,PAY-150552,posted
INT-LIVE-000553,2026-09-26T12:19:27,MRC_003,CUST-0144,PROC_A,ach,US,6463,GBP,2026-09-26,PAY-150553,posted
INT-LIVE-000554,2026-09-26T12:20:02,MRC_001,CUST-0362,PROC_A,wire,CA,14815,USD,2026-09-26,PAY-150554,posted
INT-LIVE-000555,2026-09-26T12:20:26,MRC_004,CUST-0297,PROC_B,wire,GB,2306,USD,2026-09-26,PAY-150555,posted
INT-LIVE-000556,2026-09-26T12:20:59,MRC_003,CUST-0384,PROC_A,wallet,US,8900,GBP,2026-09-26,PAY-150556,posted
INT-LIVE-000557,2026-09-26T12:21:14,MRC_003,CUST-0001,PROC_A,ach,US,5463,GBP,2026-09-26,PAY-150557,posted
INT-LIVE-000558,2026-09-26T12:21:23,MRC_005,CUST-0111,PROC_B,wallet,GB,6950,GBP,2026-09-26,PAY-150558,posted
INT-LIVE-000559,2026-09-26T12:21:37,MRC_002,CUST-0140,PROC_A,card,DE,33151,USD,2026-09-26,PAY-150559,posted
INT-LIVE-000560,2026-09-26T12:22:11,MRC_004,CUST-0049,PROC_C,wire,GB,13316,USD,2026-09-26,PAY-150560,posted
INT-LIVE-000561,2026-09-26T12:22:29,MRC_003,CUST-0107,PROC_B,wire,DE,2671,EUR,2026-09-26,PAY-150561,posted
INT-LIVE-000562,2026-09-26T12:22:38,MRC_005,CUST-0239,PROC_B,wire,US,5555,GBP,2026-09-26,PAY-150562,posted
INT-LIVE-000563,2026-09-26T12:23:05,MRC_002,CUST-0398,PROC_B,wallet,GB,6654,USD,2026-09-26,PAY-150563,posted
INT-LIVE-000564,2026-09-26T12:23:39,MRC_004,CUST-0206,PROC_C,wallet,GB,17233,USD,2026-09-26,PAY-150564,posted
INT-LIVE-000565,2026-09-26T12:23:51,MRC_003,CUST-0246,PROC_B,wire,GB,1226,GBP,2026-09-26,PAY-150565,posted
INT-LIVE-000566,2026-09-26T12:24:17,MRC_002,CUST-0066,PROC_B,ach,US,12553,USD,2026-09-26,PAY-150566,posted
INT-LIVE-000567,2026-09-26T12:24:39,MRC_005,CUST-0317,PROC_B,card,CA,3980,GBP,2026-09-26,PAY-150567,posted
INT-LIVE-000568,2026-09-26T12:24:51,MRC_005,CUST-0232,PROC_B,wallet,GB,26907,USD,2026-09-26,PAY-150568,posted
INT-LIVE-000569,2026-09-26T12:25:04,MRC_002,CUST-0319,PROC_C,wire,DE,2376,USD,2026-09-26,PAY-150569,posted
INT-LIVE-000570,2026-09-26T12:25:20,MRC_003,CUST-0334,PROC_B,card,DE,3096,GBP,2026-09-26,PAY-150570,posted
INT-LIVE-000571,2026-09-26T12:25:49,MRC_003,CUST-0242,PROC_C,card,US,53734,USD,2026-09-26,PAY-150571,posted
INT-LIVE-000572,2026-09-26T12:26:24,MRC_005,CUST-0302,PROC_B,wallet,GB,12320,USD,2026-09-26,PAY-150572,posted
INT-LIVE-000573,2026-09-26T12:26:41,MRC_001,CUST-0323,PROC_C,wire,CA,82665,GBP,2026-09-26,PAY-150573,posted
INT-LIVE-000574,2026-09-26T12:27:10,MRC_002,CUST-0160,PROC_A,wallet,US,60688,EUR,2026-09-26,PAY-150574,posted
INT-LIVE-000575,2026-09-26T12:27:38,MRC_002,CUST-0274,PROC_C,card,CA,3109,GBP,2026-09-26,PAY-150575,posted
INT-LIVE-000576,2026-09-26T12:28:01,MRC_001,CUST-0127,PROC_A,card,US,8994,EUR,2026-09-26,PAY-150576,posted
INT-LIVE-000577,2026-09-26T12:28:12,MRC_005,CUST-0216,PROC_B,ach,US,16479,GBP,2026-09-26,PAY-150577,posted
INT-LIVE-000578,2026-09-26T12:28:21,MRC_003,CUST-0146,PROC_B,wire,US,12327,EUR,2026-09-26,PAY-150578,posted
INT-LIVE-000579,2026-09-26T12:28:30,MRC_002,CUST-0087,PROC_B,ach,US,133101,USD,2026-09-26,PAY-150579,posted
INT-LIVE-000580,2026-09-26T12:29:01,MRC_003,CUST-0085,PROC_B,ach,US,17812,USD,2026-09-26,PAY-150580,posted
INT-LIVE-000581,2026-09-26T12:29:13,MRC_003,CUST-0168,PROC_A,wire,GB,4012,USD,2026-09-26,PAY-150581,posted
INT-LIVE-000582,2026-09-26T12:29:30,MRC_005,CUST-0164,PROC_A,wallet,GB,14962,USD,2026-09-26,PAY-150582,posted
INT-LIVE-000583,2026-09-26T12:29:59,MRC_001,CUST-0076,PROC_A,card,DE,1447,USD,2026-09-26,PAY-150583,posted
INT-LIVE-000584,2026-09-26T12:30:34,MRC_004,CUST-0350,PROC_B,card,CA,18117,USD,2026-09-26,PAY-150584,posted
INT-LIVE-000585,2026-09-26T12:30:44,MRC_005,CUST-0195,PROC_B,wire,US,28946,USD,2026-09-26,PAY-150585,posted
INT-LIVE-000586,2026-09-26T12:31:14,MRC_001,CUST-0056,PROC_C,card,US,7263,GBP,2026-09-26,PAY-150586,posted
INT-LIVE-000587,2026-09-26T12:31:44,MRC_001,CUST-0335,PROC_B,wire,DE,8975,EUR,2026-09-26,PAY-150587,posted
INT-LIVE-000588,2026-09-26T12:31:52,MRC_002,CUST-0208,PROC_B,card,US,11395,USD,2026-09-26,PAY-150588,posted
INT-LIVE-000589,2026-09-26T12:32:03,MRC_003,CUST-0195,PROC_B,wire,CA,3288,GBP,2026-09-26,PAY-150589,posted
INT-LIVE-000590,2026-09-26T12:32:34,MRC_001,CUST-0175,PROC_C,wire,DE,8616,USD,2026-09-26,PAY-150590,posted
INT-LIVE-000591,2026-09-26T12:33:03,MRC_002,CUST-0120,PROC_B,ach,US,17136,USD,2026-09-26,PAY-150591,posted
INT-LIVE-000592,2026-09-26T12:33:20,MRC_004,CUST-0101,PROC_B,card,US,13420,USD,2026-09-26,PAY-150592,posted
INT-LIVE-000593,2026-09-26T12:33:41,MRC_001,CUST-0189,PROC_B,wire,US,8907,EUR,2026-09-26,PAY-150593,posted
INT-LIVE-000594,2026-09-26T12:33:50,MRC_002,CUST-0381,PROC_B,wallet,US,5344,EUR,2026-09-26,PAY-150594,posted
INT-LIVE-000595,2026-09-26T12:34:16,MRC_004,CUST-0109,PROC_A,wire,US,1749,EUR,2026-09-26,PAY-150595,posted
INT-LIVE-000596,2026-09-26T12:34:46,MRC_001,CUST-0216,PROC_C,wallet,US,12310,GBP,2026-09-26,PAY-150596,posted
INT-LIVE-000597,2026-09-26T12:34:54,MRC_001,CUST-0035,PROC_B,wire,DE,40806,USD,2026-09-26,PAY-150597,posted
INT-LIVE-000598,2026-09-26T12:35:03,MRC_001,CUST-0112,PROC_A,wallet,CA,7084,USD,2026-09-26,PAY-150598,posted
INT-LIVE-000599,2026-09-26T12:35:31,MRC_003,CUST-0127,PROC_C,wallet,CA,19097,USD,2026-09-26,PAY-150599,posted
INT-LIVE-000600,2026-09-26T12:35:53,MRC_004,CUST-0382,PROC_A,wire,CA,9106,USD,2026-09-26,PAY-150600,posted
INT-LIVE-000601,2026-09-26T12:36:03,MRC_002,CUST-0286,PROC_B,wire,US,3876,USD,2026-09-26,PAY-150601,posted
INT-LIVE-000602,2026-09-26T12:36:23,MRC_003,CUST-0347,PROC_C,card,DE,29387,USD,2026-09-26,PAY-150602,posted
INT-LIVE-000603,2026-09-26T12:36:42,MRC_004,CUST-0336,PROC_A,card,US,8792,EUR,2026-09-26,PAY-150603,posted
INT-LIVE-000604,2026-09-26T12:36:53,MRC_003,CUST-0177,PROC_B,card,DE,7464,USD,2026-09-26,PAY-150604,posted
INT-LIVE-000605,2026-09-26T12:37:08,MRC_005,CUST-0020,PROC_B,wallet,CA,11979,GBP,2026-09-26,PAY-150605,posted
INT-LIVE-000606,2026-09-26T12:37:21,MRC_002,CUST-0094,PROC_C,card,GB,25465,USD,2026-09-26,PAY-150606,posted
INT-LIVE-000607,2026-09-26T12:37:55,MRC_001,CUST-0235,PROC_B,wallet,GB,23481,EUR,2026-09-26,PAY-150607,posted
INT-LIVE-000608,2026-09-26T12:38:16,MRC_004,CUST-0172,PROC_B,card,CA,5829,EUR,2026-09-26,PAY-150608,posted
INT-LIVE-000609,2026-09-26T12:38:47,MRC_001,CUST-0243,PROC_B,wire,GB,3854,USD,2026-09-26,PAY-150609,posted
INT-LIVE-000610,2026-09-26T12:38:55,MRC_005,CUST-0087,PROC_A,ach,CA,13082,GBP,2026-09-26,PAY-150610,posted
INT-LIVE-000611,2026-09-26T12:39:05,MRC_001,CUST-0107,PROC_B,ach,GB,39113,GBP,2026-09-26,PAY-150611,posted
INT-LIVE-000612,2026-09-26T12:39:40,MRC_004,CUST-0099,PROC_C,wallet,GB,7147,EUR,2026-09-26,PAY-150612,posted
INT-LIVE-000613,2026-09-26T12:39:59,MRC_002,CUST-0324,PROC_B,wire,DE,3592,USD,2026-09-26,PAY-150613,posted
INT-LIVE-000614,2026-09-26T12:40:10,MRC_001,CUST-0322,PROC_B,wallet,US,1736,USD,2026-09-26,PAY-150614,posted
INT-LIVE-000615,2026-09-26T12:40:29,MRC_005,CUST-0107,PROC_B,ach,US,19496,USD,2026-09-26,PAY-150615,posted
INT-LIVE-000616,2026-09-26T12:40:50,MRC_002,CUST-0249,PROC_A,wire,US,30230,GBP,2026-09-26,PAY-150616,posted
INT-LIVE-000617,2026-09-26T12:41:07,MRC_003,CUST-0315,PROC_B,card,US,18626,USD,2026-09-26,PAY-150617,posted
INT-LIVE-000618,2026-09-26T12:41:28,MRC_003,CUST-0128,PROC_A,ach,DE,6463,EUR,2026-09-26,PAY-150618,posted
INT-LIVE-000619,2026-09-26T12:41:42,MRC_005,CUST-0103,PROC_C,card,CA,6595,USD,2026-09-26,PAY-150619,posted
INT-LIVE-000620,2026-09-26T12:41:58,MRC_004,CUST-0051,PROC_B,wallet,US,30375,USD,2026-09-26,PAY-150620,posted
INT-LIVE-000621,2026-09-26T12:42:09,MRC_005,CUST-0138,PROC_B,wire,CA,5176,USD,2026-09-26,PAY-150621,posted
INT-LIVE-000622,2026-09-26T12:42:28,MRC_005,CUST-0146,PROC_B,wallet,CA,27706,USD,2026-09-26,PAY-150622,posted
INT-LIVE-000623,2026-09-26T12:42:41,MRC_004,CUST-0255,PROC_A,card,US,6044,USD,2026-09-26,PAY-150623,posted
INT-LIVE-000624,2026-09-26T12:43:09,MRC_003,CUST-0328,PROC_B,ach,US,13380,EUR,2026-09-26,PAY-150624,posted
INT-LIVE-000625,2026-09-26T12:43:31,MRC_003,CUST-0092,PROC_B,ach,US,31411,USD,2026-09-26,PAY-150625,posted
INT-LIVE-000626,2026-09-26T12:43:45,MRC_002,CUST-0084,PROC_C,wallet,DE,15508,EUR,2026-09-26,PAY-150626,posted
INT-LIVE-000627,2026-09-26T12:43:58,MRC_004,CUST-0023,PROC_A,ach,GB,32971,GBP,2026-09-26,PAY-150627,posted
INT-LIVE-000628,2026-09-26T12:44:24,MRC_004,CUST-0213,PROC_B,wire,DE,18138,EUR,2026-09-26,PAY-150628,posted
INT-LIVE-000629,2026-09-26T12:44:59,MRC_003,CUST-0209,PROC_B,card,GB,21287,EUR,2026-09-26,PAY-150629,posted
INT-LIVE-000630,2026-09-26T12:45:07,MRC_001,CUST-0190,PROC_C,card,US,41813,USD,2026-09-26,PAY-150630,posted
INT-LIVE-000631,2026-09-26T12:45:24,MRC_005,CUST-0221,PROC_A,ach,US,5922,GBP,2026-09-26,PAY-150631,posted
INT-LIVE-000632,2026-09-26T12:45:44,MRC_003,CUST-0250,PROC_B,wallet,DE,4202,USD,2026-09-26,PAY-150632,posted
INT-LIVE-000633,2026-09-26T12:46:00,MRC_001,CUST-0091,PROC_C,wire,GB,13973,GBP,2026-09-26,PAY-150633,posted
INT-LIVE-000634,2026-09-26T12:46:14,MRC_004,CUST-0351,PROC_B,ach,GB,38357,USD,2026-09-26,PAY-150634,posted
INT-LIVE-000635,2026-09-26T12:46:37,MRC_004,CUST-0227,PROC_B,wallet,DE,6045,USD,2026-09-26,PAY-150635,posted
INT-LIVE-000636,2026-09-26T12:47:00,MRC_001,CUST-0114,PROC_C,wallet,DE,40607,USD,2026-09-26,PAY-150636,posted
INT-LIVE-000637,2026-09-26T12:47:35,MRC_004,CUST-0004,PROC_B,wire,US,30512,USD,2026-09-26,PAY-150637,posted
INT-LIVE-000638,2026-09-26T12:48:01,MRC_001,CUST-0159,PROC_B,wire,CA,40937,USD,2026-09-26,PAY-150638,posted
INT-LIVE-000639,2026-09-26T12:48:17,MRC_004,CUST-0072,PROC_C,card,US,17534,USD,2026-09-26,PAY-150639,posted
INT-LIVE-000640,2026-09-26T12:48:40,MRC_002,CUST-0386,PROC_B,wire,GB,17414,USD,2026-09-26,PAY-150640,posted
INT-LIVE-000641,2026-09-26T12:49:00,MRC_001,CUST-0238,PROC_B,card,CA,4090,USD,2026-09-26,PAY-150641,posted
INT-LIVE-000642,2026-09-26T12:49:25,MRC_004,CUST-0381,PROC_B,ach,CA,8698,USD,2026-09-26,PAY-150642,posted
INT-LIVE-000643,2026-09-26T12:49:45,MRC_002,CUST-0296,PROC_B,ach,US,5768,EUR,2026-09-26,PAY-150643,posted
INT-LIVE-000644,2026-09-26T12:50:03,MRC_002,CUST-0384,PROC_A,wallet,US,5921,EUR,2026-09-26,PAY-150644,posted
INT-LIVE-000645,2026-09-26T12:50:11,MRC_003,CUST-0124,PROC_C,wire,US,19758,USD,2026-09-26,PAY-150645,posted
INT-LIVE-000646,2026-09-26T12:50:39,MRC_001,CUST-0239,PROC_C,wallet,US,29791,EUR,2026-09-26,PAY-150646,posted
INT-LIVE-000647,2026-09-26T12:51:02,MRC_001,CUST-0289,PROC_C,wire,US,4451,USD,2026-09-26,PAY-150647,posted
INT-LIVE-000648,2026-09-26T12:51:36,MRC_003,CUST-0141,PROC_C,ach,US,9915,USD,2026-09-26,PAY-150648,posted
INT-LIVE-000649,2026-09-26T12:51:45,MRC_001,CUST-0031,PROC_B,wallet,US,11112,GBP,2026-09-26,PAY-150649,posted
INT-LIVE-000650,2026-09-26T12:52:14,MRC_003,CUST-0332,PROC_C,wire,GB,21323,USD,2026-09-26,PAY-150650,posted
INT-LIVE-000651,2026-09-26T12:52:49,MRC_003,CUST-0023,PROC_C,wallet,CA,13803,GBP,2026-09-26,PAY-150651,posted
INT-LIVE-000652,2026-09-26T12:53:08,MRC_002,CUST-0215,PROC_A,card,DE,49645,USD,2026-09-26,PAY-150652,posted
INT-LIVE-000653,2026-09-26T12:53:23,MRC_004,CUST-0008,PROC_B,card,US,13566,USD,2026-09-26,PAY-150653,posted
INT-LIVE-000654,2026-09-26T12:53:44,MRC_001,CUST-0370,PROC_B,ach,DE,12684,USD,2026-09-26,PAY-150654,posted
INT-LIVE-000655,2026-09-26T12:53:59,MRC_002,CUST-0143,PROC_A,card,CA,1305,USD,2026-09-26,PAY-150655,posted
INT-LIVE-000656,2026-09-26T12:54:09,MRC_003,CUST-0400,PROC_B,card,DE,10033,GBP,2026-09-26,PAY-150656,posted
INT-LIVE-000657,2026-09-26T12:54:28,MRC_005,CUST-0285,PROC_B,ach,US,153804,USD,2026-09-26,PAY-150657,posted
INT-LIVE-000658,2026-09-26T12:54:59,MRC_001,CUST-0234,PROC_C,ach,US,3495,USD,2026-09-26,PAY-150658,posted
INT-LIVE-000659,2026-09-26T12:55:07,MRC_003,CUST-0152,PROC_B,card,DE,3306,GBP,2026-09-26,PAY-150659,posted
INT-LIVE-000660,2026-09-26T12:55:32,MRC_004,CUST-0397,PROC_B,wire,CA,26882,USD,2026-09-26,PAY-150660,posted
INT-LIVE-000661,2026-09-26T12:56:06,MRC_005,CUST-0264,PROC_B,card,US,5744,USD,2026-09-26,PAY-150661,posted
INT-LIVE-000662,2026-09-26T12:56:32,MRC_002,CUST-0077,PROC_B,wire,GB,10836,USD,2026-09-26,PAY-150662,posted
INT-LIVE-000663,2026-09-26T12:56:48,MRC_003,CUST-0075,PROC_A,ach,US,33464,GBP,2026-09-26,PAY-150663,posted
INT-LIVE-000664,2026-09-26T12:57:03,MRC_002,CUST-0338,PROC_A,wire,DE,2555,EUR,2026-09-26,PAY-150664,posted
INT-LIVE-000665,2026-09-26T12:57:20,MRC_003,CUST-0042,PROC_C,wire,US,10741,EUR,2026-09-26,PAY-150665,posted
INT-LIVE-000666,2026-09-26T12:57:53,MRC_005,CUST-0257,PROC_C,wire,US,11585,USD,2026-09-26,PAY-150666,posted
INT-LIVE-000667,2026-09-26T12:58:01,MRC_004,CUST-0126,PROC_C,wallet,DE,2047,USD,2026-09-26,PAY-150667,posted
INT-LIVE-000668,2026-09-26T12:58:16,MRC_002,CUST-0083,PROC_A,wire,US,9733,USD,2026-09-26,PAY-150668,posted
INT-LIVE-000669,2026-09-26T12:58:45,MRC_004,CUST-0179,PROC_B,card,US,3354,EUR,2026-09-26,PAY-150669,posted
INT-LIVE-000670,2026-09-26T12:59:17,MRC_002,CUST-0144,PROC_B,card,US,21571,USD,2026-09-26,PAY-150670,posted
INT-LIVE-000671,2026-09-26T12:59:25,MRC_005,CUST-0200,PROC_B,card,US,34213,GBP,2026-09-26,PAY-150671,posted
INT-LIVE-000672,2026-09-26T12:59:34,MRC_004,CUST-0049,PROC_B,wallet,GB,3341,EUR,2026-09-26,PAY-150672,posted
INT-LIVE-000673,2026-09-26T13:00:00,MRC_002,CUST-0156,PROC_B,ach,US,32717,GBP,2026-09-26,PAY-150673,posted
INT-LIVE-000674,2026-09-26T13:00:11,MRC_003,CUST-0101,PROC_A,wallet,US,22920,USD,2026-09-26,PAY-150674,posted
INT-LIVE-000675,2026-09-26T13:00:34,MRC_001,CUST-0176,PROC_B,wallet,US,4114,USD,2026-09-26,PAY-150675,posted
INT-LIVE-000676,2026-09-26T13:00:49,MRC_003,CUST-0038,PROC_B,wire,US,3871,USD,2026-09-26,PAY-150676,posted
INT-LIVE-000677,2026-09-26T13:01:23,MRC_005,CUST-0353,PROC_C,card,CA,7611,USD,2026-09-26,PAY-150677,posted
INT-LIVE-000678,2026-09-26T13:01:38,MRC_004,CUST-0354,PROC_B,wallet,DE,5040,USD,2026-09-26,PAY-150678,posted
INT-LIVE-000679,2026-09-26T13:02:01,MRC_001,CUST-0313,PROC_B,wire,CA,37749,USD,2026-09-26,PAY-150679,posted
INT-LIVE-000680,2026-09-26T13:02:33,MRC_004,CUST-0165,PROC_B,wire,CA,16593,USD,2026-09-26,PAY-150680,posted
INT-LIVE-000681,2026-09-26T13:02:47,MRC_003,CUST-0274,PROC_C,wallet,GB,19760,USD,2026-09-26,PAY-150681,posted
INT-LIVE-000682,2026-09-26T13:02:58,MRC_004,CUST-0087,PROC_C,card,US,3189,USD,2026-09-26,PAY-150682,posted
INT-LIVE-000683,2026-09-26T13:03:17,MRC_005,CUST-0241,PROC_A,wallet,CA,2511,USD,2026-09-26,PAY-150683,posted
INT-LIVE-000684,2026-09-26T13:03:48,MRC_001,CUST-0128,PROC_B,card,US,2187,GBP,2026-09-26,PAY-150684,posted
INT-LIVE-000685,2026-09-26T13:04:15,MRC_002,CUST-0189,PROC_B,card,US,19915,USD,2026-09-26,PAY-150685,posted
INT-LIVE-000686,2026-09-26T13:04:37,MRC_004,CUST-0307,PROC_A,wallet,US,1234,USD,2026-09-26,PAY-150686,posted
INT-LIVE-000687,2026-09-26T13:04:47,MRC_002,CUST-0029,PROC_A,wallet,US,6976,USD,2026-09-26,PAY-150687,posted
INT-LIVE-000688,2026-09-26T13:05:06,MRC_004,CUST-0056,PROC_B,wallet,CA,41940,USD,2026-09-26,PAY-150688,posted
INT-LIVE-000689,2026-09-26T13:05:24,MRC_003,CUST-0102,PROC_B,card,DE,3712,USD,2026-09-26,PAY-150689,posted
INT-LIVE-000690,2026-09-26T13:05:50,MRC_003,CUST-0320,PROC_B,wallet,US,10647,USD,2026-09-26,PAY-150690,posted
INT-LIVE-000691,2026-09-26T13:06:00,MRC_002,CUST-0277,PROC_C,wallet,US,7867,USD,2026-09-26,PAY-150691,posted
INT-LIVE-000692,2026-09-26T13:06:25,MRC_001,CUST-0020,PROC_A,ach,US,4258,USD,2026-09-26,PAY-150692,posted
INT-LIVE-000693,2026-09-26T13:06:42,MRC_002,CUST-0349,PROC_B,wallet,US,30934,GBP,2026-09-26,PAY-150693,posted
INT-LIVE-000694,2026-09-26T13:07:08,MRC_004,CUST-0200,PROC_A,ach,US,2595,USD,2026-09-26,PAY-150694,posted
INT-LIVE-000695,2026-09-26T13:07:23,MRC_002,CUST-0165,PROC_B,ach,US,21260,EUR,2026-09-26,PAY-150695,posted
INT-LIVE-000696,2026-09-26T13:07:48,MRC_005,CUST-0210,PROC_A,ach,CA,19610,EUR,2026-09-26,PAY-150696,posted
INT-LIVE-000697,2026-09-26T13:08:09,MRC_003,CUST-0364,PROC_A,wire,CA,2809,EUR,2026-09-26,PAY-150697,posted
INT-LIVE-000698,2026-09-26T13:08:28,MRC_004,CUST-0019,PROC_B,wallet,US,141037,EUR,2026-09-26,PAY-150698,posted
INT-LIVE-000699,2026-09-26T13:08:44,MRC_004,CUST-0211,PROC_B,wallet,US,59408,USD,2026-09-26,PAY-150699,posted
INT-LIVE-000700,2026-09-26T13:09:03,MRC_003,CUST-0328,PROC_B,ach,DE,4552,USD,2026-09-26,PAY-150700,posted
INT-LIVE-000701,2026-09-26T13:09:12,MRC_004,CUST-0198,PROC_B,ach,DE,6417,USD,2026-09-26,PAY-150701,posted
INT-LIVE-000702,2026-09-26T13:09:20,MRC_002,CUST-0109,PROC_C,card,US,6641,USD,2026-09-26,PAY-150702,posted
INT-LIVE-000703,2026-09-26T13:09:49,MRC_003,CUST-0185,PROC_C,ach,US,15236,EUR,2026-09-26,PAY-150703,posted
INT-LIVE-000704,2026-09-26T13:10:06,MRC_005,CUST-0379,PROC_C,wallet,CA,20301,USD,2026-09-26,PAY-150704,posted
INT-LIVE-000705,2026-09-26T13:10:19,MRC_003,CUST-0192,PROC_B,wire,US,8015,EUR,2026-09-26,PAY-150705,posted
INT-LIVE-000706,2026-09-26T13:10:29,MRC_005,CUST-0058,PROC_B,wallet,CA,880,USD,2026-09-26,PAY-150706,posted
INT-LIVE-000707,2026-09-26T13:11:03,MRC_005,CUST-0258,PROC_B,card,CA,7006,USD,2026-09-26,PAY-150707,posted
INT-LIVE-000708,2026-09-26T13:11:37,MRC_001,CUST-0044,PROC_B,card,US,1194,GBP,2026-09-26,PAY-150708,posted
INT-LIVE-000709,2026-09-26T13:11:48,MRC_001,CUST-0146,PROC_B,wire,GB,16905,USD,2026-09-26,PAY-150709,posted
INT-LIVE-000710,2026-09-26T13:12:06,MRC_001,CUST-0099,PROC_B,wire,DE,3018,EUR,2026-09-26,PAY-150710,posted
INT-LIVE-000711,2026-09-26T13:12:36,MRC_001,CUST-0083,PROC_B,card,US,43931,USD,2026-09-26,PAY-150711,posted
INT-LIVE-000712,2026-09-26T13:13:10,MRC_004,CUST-0098,PROC_C,wire,DE,4889,USD,2026-09-26,PAY-150712,posted
INT-LIVE-000713,2026-09-26T13:13:27,MRC_001,CUST-0198,PROC_B,card,GB,10615,USD,2026-09-26,PAY-150713,posted
INT-LIVE-000714,2026-09-26T13:13:58,MRC_003,CUST-0029,PROC_B,wire,CA,41993,GBP,2026-09-26,PAY-150714,posted
INT-LIVE-000715,2026-09-26T13:14:17,MRC_004,CUST-0164,PROC_B,ach,US,9116,USD,2026-09-26,PAY-150715,posted
INT-LIVE-000716,2026-09-26T13:14:49,MRC_004,CUST-0201,PROC_B,wire,US,9663,GBP,2026-09-26,PAY-150716,posted
INT-LIVE-000717,2026-09-26T13:15:23,MRC_001,CUST-0068,PROC_B,ach,US,2744,GBP,2026-09-26,PAY-150717,posted
INT-LIVE-000718,2026-09-26T13:15:57,MRC_005,CUST-0026,PROC_B,ach,US,14238,USD,2026-09-26,PAY-150718,posted
INT-LIVE-000719,2026-09-26T13:16:05,MRC_005,CUST-0107,PROC_B,card,DE,24433,USD,2026-09-26,PAY-150719,posted
INT-LIVE-000720,2026-09-26T13:16:39,MRC_003,CUST-0261,PROC_C,wire,CA,35277,USD,2026-09-26,PAY-150720,posted
INT-LIVE-000721,2026-09-26T13:17:11,MRC_002,CUST-0344,PROC_B,wire,DE,13003,GBP,2026-09-26,PAY-150721,posted
INT-LIVE-000722,2026-09-26T13:17:42,MRC_003,CUST-0117,PROC_B,wallet,DE,26528,GBP,2026-09-26,PAY-150722,posted
INT-LIVE-000723,2026-09-26T13:18:17,MRC_004,CUST-0232,PROC_A,wallet,US,1397,USD,2026-09-26,PAY-150723,posted
INT-LIVE-000724,2026-09-26T13:18:43,MRC_004,CUST-0368,PROC_A,wire,CA,8671,GBP,2026-09-26,PAY-150724,posted
INT-LIVE-000725,2026-09-26T13:19:13,MRC_004,CUST-0265,PROC_A,wire,US,62974,GBP,2026-09-26,PAY-150725,posted
INT-LIVE-000726,2026-09-26T13:19:26,MRC_003,CUST-0315,PROC_B,wire,GB,8088,USD,2026-09-26,PAY-150726,posted
INT-LIVE-000727,2026-09-26T13:19:38,MRC_003,CUST-0016,PROC_B,wallet,DE,2648,USD,2026-09-26,PAY-150727,posted
INT-LIVE-000728,2026-09-26T13:19:57,MRC_001,CUST-0390,PROC_B,card,DE,20132,EUR,2026-09-26,PAY-150728,posted
INT-LIVE-000729,2026-09-26T13:20:06,MRC_004,CUST-0283,PROC_B,ach,US,1806,EUR,2026-09-26,PAY-150729,posted
INT-LIVE-000730,2026-09-26T13:20:27,MRC_003,CUST-0303,PROC_B,ach,CA,13789,EUR,2026-09-26,PAY-150730,posted
INT-LIVE-000731,2026-09-26T13:20:44,MRC_003,CUST-0059,PROC_B,wallet,US,19740,GBP,2026-09-26,PAY-150731,posted
INT-LIVE-000732,2026-09-26T13:21:06,MRC_004,CUST-0200,PROC_B,wallet,DE,16171,GBP,2026-09-26,PAY-150732,posted
INT-LIVE-000733,2026-09-26T13:21:36,MRC_003,CUST-0285,PROC_A,ach,US,3815,USD,2026-09-26,PAY-150733,posted
INT-LIVE-000734,2026-09-26T13:22:09,MRC_005,CUST-0036,PROC_B,ach,DE,28458,USD,2026-09-26,PAY-150734,posted
INT-LIVE-000735,2026-09-26T13:22:42,MRC_003,CUST-0253,PROC_B,wallet,US,3544,USD,2026-09-26,PAY-150735,posted
INT-LIVE-000736,2026-09-26T13:23:08,MRC_005,CUST-0376,PROC_B,wire,US,25038,USD,2026-09-26,PAY-150736,posted
INT-LIVE-000737,2026-09-26T13:23:43,MRC_001,CUST-0077,PROC_B,wallet,CA,8956,USD,2026-09-26,PAY-150737,posted
INT-LIVE-000738,2026-09-26T13:24:18,MRC_001,CUST-0122,PROC_C,wire,DE,4147,USD,2026-09-26,PAY-150738,posted
INT-LIVE-000739,2026-09-26T13:24:30,MRC_001,CUST-0032,PROC_A,card,US,52901,GBP,2026-09-26,PAY-150739,posted
INT-LIVE-000740,2026-09-26T13:24:45,MRC_003,CUST-0136,PROC_A,card,US,33299,USD,2026-09-26,PAY-150740,posted
INT-LIVE-000741,2026-09-26T13:24:57,MRC_001,CUST-0202,PROC_A,ach,DE,59528,USD,2026-09-26,PAY-150741,posted
INT-LIVE-000742,2026-09-26T13:25:29,MRC_005,CUST-0205,PROC_B,ach,GB,4568,GBP,2026-09-26,PAY-150742,posted
INT-LIVE-000743,2026-09-26T13:25:57,MRC_005,CUST-0052,PROC_B,wire,US,12383,USD,2026-09-26,PAY-150743,posted
INT-LIVE-000744,2026-09-26T13:26:16,MRC_001,CUST-0222,PROC_B,card,DE,6972,EUR,2026-09-26,PAY-150744,posted
INT-LIVE-000745,2026-09-26T13:26:38,MRC_003,CUST-0194,PROC_B,wire,CA,32508,USD,2026-09-26,PAY-150745,posted
INT-LIVE-000746,2026-09-26T13:26:59,MRC_005,CUST-0189,PROC_A,wire,DE,19759,USD,2026-09-26,PAY-150746,posted
INT-LIVE-000747,2026-09-26T13:27:07,MRC_001,CUST-0325,PROC_B,wallet,US,7519,EUR,2026-09-26,PAY-150747,posted
INT-LIVE-000748,2026-09-26T13:27:30,MRC_004,CUST-0056,PROC_B,wallet,US,10810,USD,2026-09-26,PAY-150748,posted
INT-LIVE-000749,2026-09-26T13:27:53,MRC_005,CUST-0333,PROC_B,ach,CA,20378,GBP,2026-09-26,PAY-150749,posted
INT-LIVE-000750,2026-09-26T13:28:18,MRC_004,CUST-0168,PROC_C,wallet,CA,11326,EUR,2026-09-26,PAY-150750,posted
INT-LIVE-000751,2026-09-26T13:28:28,MRC_003,CUST-0396,PROC_B,card,GB,63010,USD,2026-09-26,PAY-150751,posted
INT-LIVE-000752,2026-09-26T13:28:46,MRC_001,CUST-0276,PROC_B,wire,GB,11158,USD,2026-09-26,PAY-150752,posted
INT-LIVE-000753,2026-09-26T13:29:11,MRC_005,CUST-0029,PROC_B,ach,US,7030,USD,2026-09-26,PAY-150753,posted
INT-LIVE-000754,2026-09-26T13:29:25,MRC_002,CUST-0064,PROC_B,wire,CA,32189,GBP,2026-09-26,PAY-150754,posted
INT-LIVE-000755,2026-09-26T13:29:35,MRC_001,CUST-0166,PROC_A,ach,GB,7337,USD,2026-09-26,PAY-150755,posted
INT-LIVE-000756,2026-09-26T13:30:06,MRC_004,CUST-0023,PROC_A,wallet,US,25767,USD,2026-09-26,PAY-150756,posted
INT-LIVE-000757,2026-09-26T13:30:39,MRC_004,CUST-0195,PROC_A,wallet,CA,11668,GBP,2026-09-26,PAY-150757,posted
INT-LIVE-000758,2026-09-26T13:30:48,MRC_005,CUST-0151,PROC_B,wire,US,14712,USD,2026-09-26,PAY-150758,posted
INT-LIVE-000759,2026-09-26T13:31:15,MRC_002,CUST-0317,PROC_C,card,CA,24942,USD,2026-09-26,PAY-150759,posted
INT-LIVE-000760,2026-09-26T13:31:48,MRC_003,CUST-0198,PROC_A,wallet,US,8144,USD,2026-09-26,PAY-150760,posted
INT-LIVE-000761,2026-09-26T13:32:06,MRC_001,CUST-0272,PROC_B,wire,US,4642,USD,2026-09-26,PAY-150761,posted
INT-LIVE-000762,2026-09-26T13:32:39,MRC_002,CUST-0305,PROC_A,wire,CA,3291,USD,2026-09-26,PAY-150762,posted
INT-LIVE-000763,2026-09-26T13:33:13,MRC_001,CUST-0161,PROC_C,wire,CA,6700,GBP,2026-09-26,PAY-150763,posted
INT-LIVE-000764,2026-09-26T13:33:26,MRC_005,CUST-0325,PROC_B,wallet,CA,6756,USD,2026-09-26,PAY-150764,posted
INT-LIVE-000765,2026-09-26T13:33:48,MRC_005,CUST-0332,PROC_C,wire,DE,8810,USD,2026-09-26,PAY-150765,posted
INT-LIVE-000766,2026-09-26T13:34:02,MRC_005,CUST-0187,PROC_B,card,GB,8606,EUR,2026-09-26,PAY-150766,posted
INT-LIVE-000767,2026-09-26T13:34:26,MRC_002,CUST-0374,PROC_B,wire,CA,19227,USD,2026-09-26,PAY-150767,posted
INT-LIVE-000768,2026-09-26T13:34:44,MRC_003,CUST-0253,PROC_B,wire,GB,10284,USD,2026-09-26,PAY-150768,posted
INT-LIVE-000769,2026-09-26T13:35:01,MRC_002,CUST-0272,PROC_A,card,US,19490,EUR,2026-09-26,PAY-150769,posted
INT-LIVE-000770,2026-09-26T13:35:21,MRC_005,CUST-0238,PROC_B,ach,US,7298,EUR,2026-09-26,PAY-150770,posted
INT-LIVE-000771,2026-09-26T13:35:39,MRC_001,CUST-0230,PROC_C,ach,GB,22621,GBP,2026-09-26,PAY-150771,posted
INT-LIVE-000772,2026-09-26T13:36:10,MRC_005,CUST-0270,PROC_A,wallet,DE,5024,USD,2026-09-26,PAY-150772,posted
INT-LIVE-000773,2026-09-26T13:36:19,MRC_001,CUST-0165,PROC_B,wire,GB,162330,USD,2026-09-26,PAY-150773,posted
INT-LIVE-000774,2026-09-26T13:36:54,MRC_004,CUST-0366,PROC_B,ach,US,9462,USD,2026-09-26,PAY-150774,posted
INT-LIVE-000775,2026-09-26T13:37:19,MRC_003,CUST-0067,PROC_C,ach,CA,21833,USD,2026-09-26,PAY-150775,posted
INT-LIVE-000776,2026-09-26T13:37:32,MRC_004,CUST-0350,PROC_C,ach,US,6702,USD,2026-09-26,PAY-150776,posted
INT-LIVE-000777,2026-09-26T13:37:59,MRC_002,CUST-0163,PROC_A,wire,US,5993,EUR,2026-09-26,PAY-150777,posted
INT-LIVE-000778,2026-09-26T13:38:29,MRC_001,CUST-0380,PROC_C,card,US,2604,USD,2026-09-26,PAY-150778,posted
INT-LIVE-000779,2026-09-26T13:38:47,MRC_002,CUST-0166,PROC_B,wire,US,13928,GBP,2026-09-26,PAY-150779,posted
INT-LIVE-000780,2026-09-26T13:39:07,MRC_005,CUST-0105,PROC_C,ach,CA,76415,GBP,2026-09-26,PAY-150780,posted
INT-LIVE-000781,2026-09-26T13:39:22,MRC_002,CUST-0276,PROC_B,wallet,US,22266,USD,2026-09-26,PAY-150781,posted
INT-LIVE-000782,2026-09-26T13:39:30,MRC_001,CUST-0098,PROC_B,ach,US,20130,EUR,2026-09-26,PAY-150782,posted
INT-LIVE-000783,2026-09-26T13:39:40,MRC_004,CUST-0197,PROC_B,ach,US,29009,EUR,2026-09-26,PAY-150783,posted
INT-LIVE-000784,2026-09-26T13:40:00,MRC_005,CUST-0065,PROC_B,wallet,DE,9675,GBP,2026-09-26,PAY-150784,posted
INT-LIVE-000785,2026-09-26T13:40:22,MRC_004,CUST-0193,PROC_B,wire,US,19280,USD,2026-09-26,PAY-150785,posted
INT-LIVE-000786,2026-09-26T13:40:51,MRC_003,CUST-0351,PROC_B,ach,US,29190,EUR,2026-09-26,PAY-150786,posted
INT-LIVE-000787,2026-09-26T13:41:02,MRC_002,CUST-0045,PROC_A,card,US,5918,USD,2026-09-26,PAY-150787,posted
INT-LIVE-000788,2026-09-26T13:41:10,MRC_002,CUST-0156,PROC_A,wire,US,5184,USD,2026-09-26,PAY-150788,posted
INT-LIVE-000789,2026-09-26T13:41:27,MRC_003,CUST-0159,PROC_B,card,US,10174,USD,2026-09-26,PAY-150789,posted
INT-LIVE-000790,2026-09-26T13:42:00,MRC_003,CUST-0179,PROC_B,wire,DE,11707,EUR,2026-09-26,PAY-150790,posted
INT-LIVE-000791,2026-09-26T13:42:35,MRC_005,CUST-0348,PROC_C,ach,GB,8555,USD,2026-09-26,PAY-150791,posted
INT-LIVE-000792,2026-09-26T13:43:06,MRC_001,CUST-0345,PROC_C,card,US,7948,EUR,2026-09-26,PAY-150792,posted
INT-LIVE-000793,2026-09-26T13:43:32,MRC_005,CUST-0219,PROC_A,wire,US,35803,USD,2026-09-26,PAY-150793,posted
INT-LIVE-000794,2026-09-26T13:44:05,MRC_003,CUST-0215,PROC_B,wire,GB,6047,EUR,2026-09-26,PAY-150794,posted
INT-LIVE-000795,2026-09-26T13:44:29,MRC_003,CUST-0359,PROC_C,wire,US,13264,EUR,2026-09-26,PAY-150795,posted
INT-LIVE-000796,2026-09-26T13:45:02,MRC_001,CUST-0270,PROC_A,wallet,US,81571,USD,2026-09-26,PAY-150796,posted
INT-LIVE-000797,2026-09-26T13:45:14,MRC_003,CUST-0396,PROC_B,wallet,US,30824,USD,2026-09-26,PAY-150797,posted
INT-LIVE-000798,2026-09-26T13:45:26,MRC_005,CUST-0198,PROC_B,wallet,US,14510,USD,2026-09-26,PAY-150798,posted
INT-LIVE-000799,2026-09-26T13:45:54,MRC_004,CUST-0177,PROC_C,wallet,CA,8287,USD,2026-09-26,PAY-150799,posted
INT-LIVE-000800,2026-09-26T13:46:16,MRC_003,CUST-0042,PROC_B,wallet,CA,10517,EUR,2026-09-26,PAY-150800,posted
INT-LIVE-000801,2026-09-26T13:46:33,MRC_004,CUST-0351,PROC_C,ach,CA,7846,EUR,2026-09-26,PAY-150801,posted
INT-LIVE-000802,2026-09-26T13:46:55,MRC_003,CUST-0314,PROC_B,ach,DE,14592,GBP,2026-09-26,PAY-150802,posted
INT-LIVE-000803,2026-09-26T13:47:03,MRC_005,CUST-0351,PROC_B,ach,US,15887,USD,2026-09-26,PAY-150803,posted
INT-LIVE-000804,2026-09-26T13:47:38,MRC_005,CUST-0177,PROC_B,card,US,30994,USD,2026-09-26,PAY-150804,posted
INT-LIVE-000805,2026-09-26T13:48:11,MRC_004,CUST-0123,PROC_B,wire,GB,12244,EUR,2026-09-26,PAY-150805,posted
INT-LIVE-000806,2026-09-26T13:48:42,MRC_002,CUST-0352,PROC_A,wallet,CA,3594,GBP,2026-09-26,PAY-150806,posted
INT-LIVE-000807,2026-09-26T13:49:16,MRC_002,CUST-0159,PROC_A,wire,CA,16838,USD,2026-09-26,PAY-150807,posted
INT-LIVE-000808,2026-09-26T13:49:25,MRC_005,CUST-0314,PROC_A,ach,DE,2370,GBP,2026-09-26,PAY-150808,posted
INT-LIVE-000809,2026-09-26T13:50:00,MRC_002,CUST-0001,PROC_B,wallet,DE,12408,EUR,2026-09-26,PAY-150809,posted
INT-LIVE-000810,2026-09-26T13:50:21,MRC_002,CUST-0124,PROC_B,wire,DE,23035,EUR,2026-09-26,PAY-150810,posted
INT-LIVE-000811,2026-09-26T13:50:34,MRC_003,CUST-0022,PROC_C,wire,US,5953,GBP,2026-09-26,PAY-150811,posted
INT-LIVE-000812,2026-09-26T13:50:43,MRC_002,CUST-0223,PROC_B,ach,GB,12930,GBP,2026-09-26,PAY-150812,posted
INT-LIVE-000813,2026-09-26T13:51:06,MRC_003,CUST-0051,PROC_C,card,US,33481,USD,2026-09-26,PAY-150813,posted
INT-LIVE-000814,2026-09-26T13:51:33,MRC_003,CUST-0143,PROC_A,wallet,GB,1967,EUR,2026-09-26,PAY-150814,posted
INT-LIVE-000815,2026-09-26T13:52:06,MRC_002,CUST-0345,PROC_A,wallet,US,38716,EUR,2026-09-26,PAY-150815,posted
INT-LIVE-000816,2026-09-26T13:52:38,MRC_005,CUST-0108,PROC_B,card,US,5208,USD,2026-09-26,PAY-150816,posted
INT-LIVE-000817,2026-09-26T13:53:11,MRC_003,CUST-0169,PROC_B,ach,US,14423,EUR,2026-09-26,PAY-150817,posted
INT-LIVE-000818,2026-09-26T13:53:25,MRC_004,CUST-0167,PROC_B,card,US,5604,USD,2026-09-26,PAY-150818,posted
INT-LIVE-000819,2026-09-26T13:53:37,MRC_004,CUST-0279,PROC_C,ach,GB,7241,USD,2026-09-26,PAY-150819,posted
INT-LIVE-000820,2026-09-26T13:53:51,MRC_004,CUST-0221,PROC_A,wallet,CA,4029,USD,2026-09-26,PAY-150820,posted
INT-LIVE-000821,2026-09-26T13:54:07,MRC_001,CUST-0017,PROC_B,wallet,CA,25973,USD,2026-09-26,PAY-150821,posted
INT-LIVE-000822,2026-09-26T13:54:33,MRC_005,CUST-0173,PROC_B,card,US,1818,USD,2026-09-26,PAY-150822,posted
INT-LIVE-000823,2026-09-26T13:54:42,MRC_005,CUST-0139,PROC_C,wallet,GB,13466,USD,2026-09-26,PAY-150823,posted
INT-LIVE-000824,2026-09-26T13:54:51,MRC_001,CUST-0028,PROC_A,wallet,GB,11392,USD,2026-09-26,PAY-150824,posted
INT-LIVE-000825,2026-09-26T13:55:04,MRC_001,CUST-0149,PROC_B,card,US,4242,USD,2026-09-26,PAY-150825,posted
INT-LIVE-000826,2026-09-26T13:55:37,MRC_004,CUST-0363,PROC_B,wallet,US,43695,USD,2026-09-26,PAY-150826,posted
INT-LIVE-000827,2026-09-26T13:56:01,MRC_005,CUST-0145,PROC_B,ach,US,4982,USD,2026-09-26,PAY-150827,posted
INT-LIVE-000828,2026-09-26T13:56:11,MRC_004,CUST-0058,PROC_C,wire,US,75512,USD,2026-09-26,PAY-150828,posted
INT-LIVE-000829,2026-09-26T13:56:26,MRC_003,CUST-0115,PROC_A,wire,GB,9916,USD,2026-09-26,PAY-150829,posted
INT-LIVE-000830,2026-09-26T13:56:38,MRC_005,CUST-0368,PROC_B,card,US,16671,USD,2026-09-26,PAY-150830,posted
INT-LIVE-000831,2026-09-26T13:56:50,MRC_005,CUST-0046,PROC_B,wallet,US,4257,USD,2026-09-26,PAY-150831,posted
INT-LIVE-000832,2026-09-26T13:57:09,MRC_002,CUST-0267,PROC_B,wallet,DE,24349,EUR,2026-09-26,PAY-150832,posted
INT-LIVE-000833,2026-09-26T13:57:21,MRC_003,CUST-0326,PROC_B,card,US,5578,USD,2026-09-26,PAY-150833,posted
INT-LIVE-000834,2026-09-26T13:57:55,MRC_003,CUST-0394,PROC_B,card,CA,2652,USD,2026-09-26,PAY-150834,posted
INT-LIVE-000835,2026-09-26T13:58:13,MRC_004,CUST-0228,PROC_B,card,DE,8419,USD,2026-09-26,PAY-150835,posted
INT-LIVE-000836,2026-09-26T13:58:43,MRC_003,CUST-0232,PROC_B,wallet,US,5980,USD,2026-09-26,PAY-150836,posted
INT-LIVE-000837,2026-09-26T13:59:03,MRC_001,CUST-0393,PROC_B,ach,US,3917,USD,2026-09-26,PAY-150837,posted
INT-LIVE-000838,2026-09-26T13:59:14,MRC_004,CUST-0369,PROC_B,wallet,US,14637,USD,2026-09-26,PAY-150838,posted
INT-LIVE-000839,2026-09-26T13:59:27,MRC_002,CUST-0286,PROC_B,ach,GB,1188,GBP,2026-09-26,PAY-150839,posted
INT-LIVE-000840,2026-09-26T13:59:46,MRC_003,CUST-0160,PROC_A,wallet,US,53477,USD,2026-09-26,PAY-150840,posted
INT-LIVE-000841,2026-09-26T14:00:09,MRC_001,CUST-0049,PROC_A,wire,DE,1677,USD,2026-09-26,PAY-150841,posted
INT-LIVE-000842,2026-09-26T14:00:27,MRC_004,CUST-0351,PROC_C,card,CA,5345,USD,2026-09-26,PAY-150842,posted
INT-LIVE-000843,2026-09-26T14:00:55,MRC_001,CUST-0256,PROC_A,wire,DE,25408,EUR,2026-09-26,PAY-150843,posted
INT-LIVE-000844,2026-09-26T14:01:28,MRC_005,CUST-0291,PROC_C,card,US,5222,USD,2026-09-26,PAY-150844,posted
INT-LIVE-000845,2026-09-26T14:01:48,MRC_005,CUST-0003,PROC_B,wire,CA,13410,USD,2026-09-26,PAY-150845,posted
INT-LIVE-000846,2026-09-26T14:01:56,MRC_001,CUST-0073,PROC_B,ach,DE,16361,USD,2026-09-26,PAY-150846,posted
INT-LIVE-000847,2026-09-26T14:02:20,MRC_003,CUST-0340,PROC_C,wallet,US,5858,USD,2026-09-26,PAY-150847,posted
INT-LIVE-000848,2026-09-26T14:02:42,MRC_003,CUST-0294,PROC_B,ach,US,5719,USD,2026-09-26,PAY-150848,posted
INT-LIVE-000849,2026-09-26T14:02:52,MRC_005,CUST-0044,PROC_C,card,CA,104197,USD,2026-09-26,PAY-150849,posted
INT-LIVE-000850,2026-09-26T14:03:22,MRC_005,CUST-0141,PROC_B,wire,GB,46288,USD,2026-09-26,PAY-150850,posted
INT-LIVE-000851,2026-09-26T14:03:40,MRC_004,CUST-0067,PROC_C,wallet,CA,11503,GBP,2026-09-26,PAY-150851,posted
INT-LIVE-000852,2026-09-26T14:03:58,MRC_001,CUST-0025,PROC_C,ach,US,20273,USD,2026-09-26,PAY-150852,posted
INT-LIVE-000853,2026-09-26T14:04:10,MRC_004,CUST-0384,PROC_B,wallet,US,20587,USD,2026-09-26,PAY-150853,posted
INT-LIVE-000854,2026-09-26T14:04:33,MRC_002,CUST-0343,PROC_B,wire,US,17592,GBP,2026-09-26,PAY-150854,posted
INT-LIVE-000855,2026-09-26T14:04:55,MRC_001,CUST-0178,PROC_A,wire,US,59640,USD,2026-09-26,PAY-150855,posted
INT-LIVE-000856,2026-09-26T14:05:16,MRC_002,CUST-0380,PROC_B,wallet,US,4965,USD,2026-09-26,PAY-150856,posted
INT-LIVE-000857,2026-09-26T14:05:33,MRC_005,CUST-0296,PROC_B,wire,DE,12957,USD,2026-09-26,PAY-150857,posted
INT-LIVE-000858,2026-09-26T14:05:47,MRC_003,CUST-0183,PROC_A,wallet,US,28424,GBP,2026-09-26,PAY-150858,posted
INT-LIVE-000859,2026-09-26T14:06:08,MRC_003,CUST-0335,PROC_A,wallet,GB,5919,USD,2026-09-26,PAY-150859,posted
INT-LIVE-000860,2026-09-26T14:06:41,MRC_005,CUST-0214,PROC_B,wire,US,6292,GBP,2026-09-26,PAY-150860,posted
INT-LIVE-000861,2026-09-26T14:06:59,MRC_004,CUST-0076,PROC_A,ach,US,40357,USD,2026-09-26,PAY-150861,posted
INT-LIVE-000862,2026-09-26T14:07:11,MRC_001,CUST-0115,PROC_B,ach,US,41256,USD,2026-09-26,PAY-150862,posted
INT-LIVE-000863,2026-09-26T14:07:24,MRC_003,CUST-0008,PROC_C,card,US,15303,USD,2026-09-26,PAY-150863,posted
INT-LIVE-000864,2026-09-26T14:07:56,MRC_005,CUST-0393,PROC_B,wire,DE,27023,USD,2026-09-26,PAY-150864,posted
INT-LIVE-000865,2026-09-26T14:08:15,MRC_001,CUST-0007,PROC_B,ach,GB,39163,USD,2026-09-26,PAY-150865,posted
INT-LIVE-000866,2026-09-26T14:08:25,MRC_002,CUST-0360,PROC_A,wallet,DE,55581,EUR,2026-09-26,PAY-150866,posted
INT-LIVE-000867,2026-09-26T14:08:44,MRC_005,CUST-0387,PROC_C,wallet,DE,2468,USD,2026-09-26,PAY-150867,posted
INT-LIVE-000868,2026-09-26T14:08:55,MRC_001,CUST-0389,PROC_B,wire,US,21884,GBP,2026-09-26,PAY-150868,posted
INT-LIVE-000869,2026-09-26T14:09:10,MRC_001,CUST-0082,PROC_B,wallet,US,31687,EUR,2026-09-26,PAY-150869,posted
INT-LIVE-000870,2026-09-26T14:09:45,MRC_004,CUST-0312,PROC_B,wire,GB,9999,EUR,2026-09-26,PAY-150870,posted
INT-LIVE-000871,2026-09-26T14:10:03,MRC_001,CUST-0190,PROC_B,ach,GB,4039,EUR,2026-09-26,PAY-150871,posted
INT-LIVE-000872,2026-09-26T14:10:28,MRC_003,CUST-0367,PROC_B,wallet,DE,26078,USD,2026-09-26,PAY-150872,posted
INT-LIVE-000873,2026-09-26T14:10:50,MRC_002,CUST-0372,PROC_B,ach,US,6728,EUR,2026-09-26,PAY-150873,posted
INT-LIVE-000874,2026-09-26T14:10:58,MRC_002,CUST-0317,PROC_A,ach,US,7083,GBP,2026-09-26,PAY-150874,posted
INT-LIVE-000875,2026-09-26T14:11:20,MRC_004,CUST-0054,PROC_A,card,US,20349,USD,2026-09-26,PAY-150875,posted
INT-LIVE-000876,2026-09-26T14:11:49,MRC_002,CUST-0171,PROC_A,ach,US,23505,EUR,2026-09-26,PAY-150876,posted
INT-LIVE-000877,2026-09-26T14:11:57,MRC_003,CUST-0316,PROC_C,ach,GB,63928,USD,2026-09-26,PAY-150877,posted
INT-LIVE-000878,2026-09-26T14:12:25,MRC_004,CUST-0103,PROC_B,wire,US,125388,GBP,2026-09-26,PAY-150878,posted
INT-LIVE-000879,2026-09-26T14:12:55,MRC_001,CUST-0115,PROC_B,ach,GB,100227,USD,2026-09-26,PAY-150879,posted
INT-LIVE-000880,2026-09-26T14:13:21,MRC_005,CUST-0353,PROC_A,card,US,4153,GBP,2026-09-26,PAY-150880,posted
INT-LIVE-000881,2026-09-26T14:13:53,MRC_002,CUST-0111,PROC_A,wallet,CA,45219,EUR,2026-09-26,PAY-150881,posted
INT-LIVE-000882,2026-09-26T14:14:11,MRC_003,CUST-0282,PROC_B,wallet,GB,154032,USD,2026-09-26,PAY-150882,posted
INT-LIVE-000883,2026-09-26T14:14:31,MRC_001,CUST-0252,PROC_C,wallet,GB,12043,USD,2026-09-26,PAY-150883,posted
INT-LIVE-000884,2026-09-26T14:14:40,MRC_005,CUST-0239,PROC_B,wire,DE,16468,USD,2026-09-26,PAY-150884,posted
INT-LIVE-000885,2026-09-26T14:14:59,MRC_002,CUST-0087,PROC_A,wallet,US,4083,USD,2026-09-26,PAY-150885,posted
INT-LIVE-000886,2026-09-26T14:15:21,MRC_005,CUST-0110,PROC_C,ach,DE,5642,USD,2026-09-26,PAY-150886,posted
INT-LIVE-000887,2026-09-26T14:15:41,MRC_003,CUST-0131,PROC_B,wallet,US,6199,USD,2026-09-26,PAY-150887,posted
INT-LIVE-000888,2026-09-26T14:16:14,MRC_004,CUST-0369,PROC_C,ach,DE,11330,USD,2026-09-26,PAY-150888,posted
INT-LIVE-000889,2026-09-26T14:16:22,MRC_001,CUST-0102,PROC_B,wire,US,16084,EUR,2026-09-26,PAY-150889,posted
INT-LIVE-000890,2026-09-26T14:16:33,MRC_004,CUST-0260,PROC_A,wallet,US,12900,EUR,2026-09-26,PAY-150890,posted
INT-LIVE-000891,2026-09-26T14:16:49,MRC_005,CUST-0285,PROC_B,ach,US,11145,GBP,2026-09-26,PAY-150891,posted
INT-LIVE-000892,2026-09-26T14:16:58,MRC_004,CUST-0090,PROC_B,ach,DE,7725,USD,2026-09-26,PAY-150892,posted
INT-LIVE-000893,2026-09-26T14:17:17,MRC_005,CUST-0314,PROC_B,card,CA,4273,USD,2026-09-26,PAY-150893,posted
INT-LIVE-000894,2026-09-26T14:17:50,MRC_003,CUST-0334,PROC_C,ach,DE,13404,USD,2026-09-26,PAY-150894,posted
INT-LIVE-000895,2026-09-26T14:18:13,MRC_002,CUST-0376,PROC_C,ach,GB,6630,EUR,2026-09-26,PAY-150895,posted
INT-LIVE-000896,2026-09-26T14:18:37,MRC_002,CUST-0344,PROC_C,wallet,DE,19012,USD,2026-09-26,PAY-150896,posted
INT-LIVE-000897,2026-09-26T14:19:06,MRC_001,CUST-0164,PROC_A,wallet,US,29253,USD,2026-09-26,PAY-150897,posted
INT-LIVE-000898,2026-09-26T14:19:32,MRC_001,CUST-0372,PROC_A,wire,GB,77389,EUR,2026-09-26,PAY-150898,posted
INT-LIVE-000899,2026-09-26T14:20:02,MRC_003,CUST-0144,PROC_B,ach,DE,13166,USD,2026-09-26,PAY-150899,posted
INT-LIVE-000900,2026-09-26T14:20:10,MRC_003,CUST-0125,PROC_B,wallet,DE,4617,USD,2026-09-26,PAY-150900,posted
INT-LIVE-000901,2026-09-26T14:20:27,MRC_005,CUST-0226,PROC_B,card,GB,13222,GBP,2026-09-26,PAY-150901,posted
INT-LIVE-000902,2026-09-26T14:20:47,MRC_004,CUST-0369,PROC_B,ach,CA,9737,USD,2026-09-26,PAY-150902,posted
INT-LIVE-000903,2026-09-26T14:21:20,MRC_004,CUST-0391,PROC_B,wire,GB,12343,USD,2026-09-26,PAY-150903,posted
INT-LIVE-000904,2026-09-26T14:21:38,MRC_004,CUST-0155,PROC_C,ach,CA,27922,USD,2026-09-26,PAY-150904,posted
INT-LIVE-000905,2026-09-26T14:22:08,MRC_003,CUST-0387,PROC_B,wire,US,17683,USD,2026-09-26,PAY-150905,posted
INT-LIVE-000906,2026-09-26T14:22:19,MRC_002,CUST-0293,PROC_B,wire,DE,12616,USD,2026-09-26,PAY-150906,posted
INT-LIVE-000907,2026-09-26T14:22:27,MRC_005,CUST-0089,PROC_A,ach,US,15507,GBP,2026-09-26,PAY-150907,posted
INT-LIVE-000908,2026-09-26T14:22:37,MRC_002,CUST-0183,PROC_B,wallet,GB,7791,USD,2026-09-26,PAY-150908,posted
INT-LIVE-000909,2026-09-26T14:23:00,MRC_004,CUST-0111,PROC_A,wallet,DE,3164,GBP,2026-09-26,PAY-150909,posted
INT-LIVE-000910,2026-09-26T14:23:30,MRC_004,CUST-0346,PROC_B,card,CA,18571,USD,2026-09-26,PAY-150910,posted
INT-LIVE-000911,2026-09-26T14:24:00,MRC_001,CUST-0179,PROC_B,ach,US,5520,USD,2026-09-26,PAY-150911,posted
INT-LIVE-000912,2026-09-26T14:24:25,MRC_005,CUST-0204,PROC_B,wallet,US,2489,USD,2026-09-26,PAY-150912,posted
INT-LIVE-000913,2026-09-26T14:24:40,MRC_004,CUST-0131,PROC_A,card,CA,11809,USD,2026-09-26,PAY-150913,posted
INT-LIVE-000914,2026-09-26T14:24:56,MRC_003,CUST-0028,PROC_B,card,US,71291,USD,2026-09-26,PAY-150914,posted
INT-LIVE-000915,2026-09-26T14:25:26,MRC_005,CUST-0310,PROC_B,wallet,GB,4383,USD,2026-09-26,PAY-150915,posted
INT-LIVE-000916,2026-09-26T14:26:01,MRC_005,CUST-0012,PROC_B,wire,GB,40572,USD,2026-09-26,PAY-150916,posted
INT-LIVE-000917,2026-09-26T14:26:33,MRC_002,CUST-0284,PROC_B,ach,US,10589,USD,2026-09-26,PAY-150917,posted
INT-LIVE-000918,2026-09-26T14:27:02,MRC_003,CUST-0012,PROC_C,wallet,US,11117,USD,2026-09-26,PAY-150918,posted
INT-LIVE-000919,2026-09-26T14:27:27,MRC_004,CUST-0089,PROC_B,wallet,CA,9072,EUR,2026-09-26,PAY-150919,posted
INT-LIVE-000920,2026-09-26T14:27:52,MRC_004,CUST-0172,PROC_B,wire,US,3928,EUR,2026-09-26,PAY-150920,posted
INT-LIVE-000921,2026-09-26T14:28:15,MRC_001,CUST-0095,PROC_B,card,CA,7376,USD,2026-09-26,PAY-150921,posted
INT-LIVE-000922,2026-09-26T14:28:39,MRC_003,CUST-0066,PROC_A,ach,CA,22259,GBP,2026-09-26,PAY-150922,posted
INT-LIVE-000923,2026-09-26T14:28:49,MRC_002,CUST-0293,PROC_A,wallet,US,6808,USD,2026-09-26,PAY-150923,posted
INT-LIVE-000924,2026-09-26T14:29:04,MRC_005,CUST-0274,PROC_B,ach,US,76983,USD,2026-09-26,PAY-150924,posted
INT-LIVE-000925,2026-09-26T14:29:24,MRC_003,CUST-0044,PROC_C,ach,DE,13924,GBP,2026-09-26,PAY-150925,posted
INT-LIVE-000926,2026-09-26T14:29:36,MRC_003,CUST-0324,PROC_B,wire,DE,2476,EUR,2026-09-26,PAY-150926,posted
INT-LIVE-000927,2026-09-26T14:30:10,MRC_005,CUST-0191,PROC_B,wallet,CA,8539,GBP,2026-09-26,PAY-150927,posted
INT-LIVE-000928,2026-09-26T14:30:20,MRC_005,CUST-0025,PROC_B,wire,GB,5229,USD,2026-09-26,PAY-150928,posted
INT-LIVE-000929,2026-09-26T14:30:41,MRC_005,CUST-0159,PROC_A,wire,DE,13628,USD,2026-09-26,PAY-150929,posted
INT-LIVE-000930,2026-09-26T14:31:11,MRC_005,CUST-0150,PROC_B,card,CA,19453,USD,2026-09-26,PAY-150930,posted
INT-LIVE-000931,2026-09-26T14:31:46,MRC_002,CUST-0228,PROC_A,wallet,CA,14031,USD,2026-09-26,PAY-150931,posted
INT-LIVE-000932,2026-09-26T14:32:08,MRC_001,CUST-0258,PROC_B,wallet,CA,11467,GBP,2026-09-26,PAY-150932,posted
INT-LIVE-000933,2026-09-26T14:32:17,MRC_001,CUST-0149,PROC_C,ach,US,8361,USD,2026-09-26,PAY-150933,posted
INT-LIVE-000934,2026-09-26T14:32:44,MRC_001,CUST-0238,PROC_C,ach,US,51772,EUR,2026-09-26,PAY-150934,posted
INT-LIVE-000935,2026-09-26T14:33:12,MRC_004,CUST-0391,PROC_C,card,CA,33895,USD,2026-09-26,PAY-150935,posted
INT-LIVE-000936,2026-09-26T14:33:44,MRC_005,CUST-0219,PROC_C,wire,GB,7704,EUR,2026-09-26,PAY-150936,posted
INT-LIVE-000937,2026-09-26T14:34:03,MRC_001,CUST-0320,PROC_A,wire,US,8774,USD,2026-09-26,PAY-150937,posted
INT-LIVE-000938,2026-09-26T14:34:33,MRC_004,CUST-0195,PROC_B,wallet,DE,9556,USD,2026-09-26,PAY-150938,posted
INT-LIVE-000939,2026-09-26T14:35:00,MRC_003,CUST-0012,PROC_C,wire,GB,16467,USD,2026-09-26,PAY-150939,posted
INT-LIVE-000940,2026-09-26T14:35:18,MRC_005,CUST-0256,PROC_B,wallet,CA,5828,USD,2026-09-26,PAY-150940,posted
INT-LIVE-000941,2026-09-26T14:35:28,MRC_003,CUST-0098,PROC_C,wallet,GB,16104,USD,2026-09-26,PAY-150941,posted
INT-LIVE-000942,2026-09-26T14:36:01,MRC_003,CUST-0173,PROC_A,ach,US,19974,USD,2026-09-26,PAY-150942,posted
INT-LIVE-000943,2026-09-26T14:36:22,MRC_002,CUST-0355,PROC_C,ach,US,20168,USD,2026-09-26,PAY-150943,posted
INT-LIVE-000944,2026-09-26T14:36:43,MRC_005,CUST-0322,PROC_B,ach,CA,6435,USD,2026-09-26,PAY-150944,posted
INT-LIVE-000945,2026-09-26T14:37:09,MRC_005,CUST-0384,PROC_B,card,GB,29293,GBP,2026-09-26,PAY-150945,posted
INT-LIVE-000946,2026-09-26T14:37:30,MRC_002,CUST-0107,PROC_A,wire,GB,22304,USD,2026-09-26,PAY-150946,posted
INT-LIVE-000947,2026-09-26T14:37:56,MRC_002,CUST-0357,PROC_B,wallet,US,10939,USD,2026-09-26,PAY-150947,posted
INT-LIVE-000948,2026-09-26T14:38:31,MRC_002,CUST-0392,PROC_C,wallet,US,12421,EUR,2026-09-26,PAY-150948,posted
INT-LIVE-000949,2026-09-26T14:38:57,MRC_005,CUST-0170,PROC_B,card,US,9777,USD,2026-09-26,PAY-150949,posted
INT-LIVE-000950,2026-09-26T14:39:22,MRC_005,CUST-0383,PROC_B,wallet,DE,13589,USD,2026-09-26,PAY-150950,posted
INT-LIVE-000951,2026-09-26T14:39:42,MRC_005,CUST-0177,PROC_B,wallet,US,3844,EUR,2026-09-26,PAY-150951,posted
INT-LIVE-000952,2026-09-26T14:40:10,MRC_005,CUST-0221,PROC_B,card,US,4564,USD,2026-09-26,PAY-150952,posted
INT-LIVE-000953,2026-09-26T14:40:27,MRC_001,CUST-0043,PROC_B,ach,US,3500,USD,2026-09-26,PAY-150953,posted
INT-LIVE-000954,2026-09-26T14:40:59,MRC_001,CUST-0035,PROC_C,wire,US,20494,GBP,2026-09-26,PAY-150954,posted
INT-LIVE-000955,2026-09-26T14:41:32,MRC_001,CUST-0369,PROC_B,wallet,GB,7840,USD,2026-09-26,PAY-150955,posted
INT-LIVE-000956,2026-09-26T14:41:51,MRC_002,CUST-0147,PROC_C,card,US,9948,USD,2026-09-26,PAY-150956,posted
INT-LIVE-000957,2026-09-26T14:42:02,MRC_003,CUST-0190,PROC_B,wire,DE,18155,USD,2026-09-26,PAY-150957,posted
INT-LIVE-000958,2026-09-26T14:42:37,MRC_004,CUST-0044,PROC_B,card,US,7044,USD,2026-09-26,PAY-150958,posted
INT-LIVE-000959,2026-09-26T14:43:00,MRC_003,CUST-0326,PROC_B,wire,CA,7363,USD,2026-09-26,PAY-150959,posted
INT-LIVE-000960,2026-09-26T14:43:15,MRC_003,CUST-0078,PROC_B,wallet,US,6204,GBP,2026-09-26,PAY-150960,posted
INT-LIVE-000961,2026-09-26T14:43:47,MRC_005,CUST-0106,PROC_B,wallet,US,7588,USD,2026-09-26,PAY-150961,posted
INT-LIVE-000962,2026-09-26T14:43:56,MRC_004,CUST-0066,PROC_B,card,US,27786,USD,2026-09-26,PAY-150962,posted
INT-LIVE-000963,2026-09-26T14:44:31,MRC_003,CUST-0258,PROC_B,wallet,US,9571,USD,2026-09-26,PAY-150963,posted
INT-LIVE-000964,2026-09-26T14:44:46,MRC_003,CUST-0012,PROC_B,card,US,14845,USD,2026-09-26,PAY-150964,posted
INT-LIVE-000965,2026-09-26T14:44:58,MRC_003,CUST-0281,PROC_B,wire,US,6924,USD,2026-09-26,PAY-150965,posted
INT-LIVE-000966,2026-09-26T14:45:21,MRC_001,CUST-0246,PROC_B,wallet,US,4723,USD,2026-09-26,PAY-150966,posted
INT-LIVE-000967,2026-09-26T14:45:33,MRC_004,CUST-0201,PROC_B,wallet,GB,43155,USD,2026-09-26,PAY-150967,posted
INT-LIVE-000968,2026-09-26T14:45:45,MRC_002,CUST-0136,PROC_C,card,DE,12141,GBP,2026-09-26,PAY-150968,posted
INT-LIVE-000969,2026-09-26T14:46:10,MRC_002,CUST-0227,PROC_A,wallet,DE,2625,GBP,2026-09-26,PAY-150969,posted
INT-LIVE-000970,2026-09-26T14:46:23,MRC_001,CUST-0136,PROC_B,wallet,CA,36932,USD,2026-09-26,PAY-150970,posted
INT-LIVE-000971,2026-09-26T14:46:41,MRC_002,CUST-0043,PROC_A,card,US,35508,USD,2026-09-26,PAY-150971,posted
INT-LIVE-000972,2026-09-26T14:47:04,MRC_001,CUST-0017,PROC_B,wallet,US,2459,GBP,2026-09-26,PAY-150972,posted
INT-LIVE-000973,2026-09-26T14:47:26,MRC_002,CUST-0232,PROC_B,ach,US,17205,USD,2026-09-26,PAY-150973,posted
INT-LIVE-000974,2026-09-26T14:47:48,MRC_002,CUST-0191,PROC_B,wallet,US,42227,USD,2026-09-26,PAY-150974,posted
INT-LIVE-000975,2026-09-26T14:48:05,MRC_005,CUST-0325,PROC_B,card,US,4044,GBP,2026-09-26,PAY-150975,posted
INT-LIVE-000976,2026-09-26T14:48:19,MRC_004,CUST-0184,PROC_B,card,CA,33476,USD,2026-09-26,PAY-150976,posted
INT-LIVE-000977,2026-09-26T14:48:46,MRC_003,CUST-0202,PROC_A,wallet,US,15909,USD,2026-09-26,PAY-150977,posted
INT-LIVE-000978,2026-09-26T14:49:12,MRC_005,CUST-0096,PROC_B,wire,US,5268,EUR,2026-09-26,PAY-150978,posted
INT-LIVE-000979,2026-09-26T14:49:21,MRC_004,CUST-0010,PROC_B,wire,US,5337,USD,2026-09-26,PAY-150979,posted
INT-LIVE-000980,2026-09-26T14:49:56,MRC_004,CUST-0195,PROC_C,card,DE,8055,USD,2026-09-26,PAY-150980,posted
INT-LIVE-000981,2026-09-26T14:50:18,MRC_002,CUST-0258,PROC_C,wire,GB,6218,EUR,2026-09-26,PAY-150981,posted
INT-LIVE-000982,2026-09-26T14:50:28,MRC_004,CUST-0224,PROC_A,card,GB,3944,EUR,2026-09-26,PAY-150982,posted
INT-LIVE-000983,2026-09-26T14:50:37,MRC_001,CUST-0035,PROC_B,card,DE,7367,EUR,2026-09-26,PAY-150983,posted
INT-LIVE-000984,2026-09-26T14:50:58,MRC_005,CUST-0012,PROC_B,ach,GB,5347,USD,2026-09-26,PAY-150984,posted
INT-LIVE-000985,2026-09-26T14:51:27,MRC_005,CUST-0006,PROC_B,wire,US,7104,USD,2026-09-26,PAY-150985,posted
INT-LIVE-000986,2026-09-26T14:51:49,MRC_004,CUST-0262,PROC_B,card,GB,21095,GBP,2026-09-26,PAY-150986,posted
INT-LIVE-000987,2026-09-26T14:52:13,MRC_005,CUST-0177,PROC_B,wallet,CA,75232,USD,2026-09-26,PAY-150987,posted
INT-LIVE-000988,2026-09-26T14:52:38,MRC_002,CUST-0186,PROC_A,wallet,US,7559,USD,2026-09-26,PAY-150988,posted
INT-LIVE-000989,2026-09-26T14:52:48,MRC_004,CUST-0104,PROC_C,wallet,US,22975,EUR,2026-09-26,PAY-150989,posted
INT-LIVE-000990,2026-09-26T14:53:23,MRC_005,CUST-0279,PROC_A,wire,US,1825,USD,2026-09-26,PAY-150990,posted
INT-LIVE-000991,2026-09-26T14:53:43,MRC_004,CUST-0251,PROC_B,wire,DE,12447,USD,2026-09-26,PAY-150991,posted
INT-LIVE-000992,2026-09-26T14:54:16,MRC_001,CUST-0158,PROC_B,card,US,10466,EUR,2026-09-26,PAY-150992,posted
INT-LIVE-000993,2026-09-26T14:54:33,MRC_003,CUST-0109,PROC_C,ach,GB,5224,USD,2026-09-26,PAY-150993,posted
INT-LIVE-000994,2026-09-26T14:54:44,MRC_005,CUST-0325,PROC_C,ach,CA,34860,EUR,2026-09-26,PAY-150994,posted
INT-LIVE-000995,2026-09-26T14:54:54,MRC_002,CUST-0363,PROC_B,wire,GB,6860,EUR,2026-09-26,PAY-150995,posted
INT-LIVE-000996,2026-09-26T14:55:11,MRC_005,CUST-0127,PROC_C,wallet,GB,43895,EUR,2026-09-26,PAY-150996,posted
INT-LIVE-000997,2026-09-26T14:55:19,MRC_005,CUST-0247,PROC_C,wire,CA,8351,USD,2026-09-26,PAY-150997,posted
INT-LIVE-000998,2026-09-26T14:55:37,MRC_002,CUST-0119,PROC_B,wallet,US,4401,USD,2026-09-26,PAY-150998,posted
INT-LIVE-000999,2026-09-26T14:55:59,MRC_002,CUST-0362,PROC_B,ach,CA,26370,USD,2026-09-26,PAY-150999,posted
INT-LIVE-001000,2026-09-26T14:56:11,MRC_004,CUST-0222,PROC_A,wire,GB,5871,USD,2026-09-26,PAY-151000,posted
INT-LIVE-001001,2026-09-26T14:56:37,MRC_004,CUST-0124,PROC_C,card,US,50679,EUR,2026-09-26,PAY-151001,posted
INT-LIVE-001002,2026-09-26T14:56:57,MRC_004,CUST-0208,PROC_C,wallet,GB,39193,USD,2026-09-26,PAY-151002,posted
INT-LIVE-001003,2026-09-26T14:57:31,MRC_004,CUST-0291,PROC_C,ach,CA,14912,GBP,2026-09-26,PAY-151003,posted
INT-LIVE-001004,2026-09-26T14:57:42,MRC_005,CUST-0189,PROC_C,ach,US,4484,GBP,2026-09-26,PAY-151004,posted
INT-LIVE-001005,2026-09-26T14:57:57,MRC_003,CUST-0372,PROC_B,wire,US,13492,USD,2026-09-26,PAY-151005,posted
INT-LIVE-001006,2026-09-26T14:58:30,MRC_002,CUST-0306,PROC_C,card,US,27799,EUR,2026-09-26,PAY-151006,posted
INT-LIVE-001007,2026-09-26T14:58:57,MRC_001,CUST-0315,PROC_A,wallet,CA,18346,USD,2026-09-26,PAY-151007,posted
INT-LIVE-001008,2026-09-26T14:59:12,MRC_004,CUST-0094,PROC_C,wallet,CA,6655,USD,2026-09-26,PAY-151008,posted
INT-LIVE-001009,2026-09-26T14:59:21,MRC_005,CUST-0196,PROC_B,wallet,CA,6814,EUR,2026-09-26,PAY-151009,posted
INT-LIVE-001010,2026-09-26T14:59:30,MRC_005,CUST-0097,PROC_B,wire,US,8942,GBP,2026-09-26,PAY-151010,posted
INT-LIVE-001011,2026-09-26T14:59:54,MRC_004,CUST-0133,PROC_C,ach,DE,14510,EUR,2026-09-26,PAY-151011,posted
INT-LIVE-001012,2026-09-26T15:00:25,MRC_003,CUST-0084,PROC_C,ach,GB,109276,USD,2026-09-26,PAY-151012,posted
INT-LIVE-001013,2026-09-26T15:01:00,MRC_003,CUST-0172,PROC_A,ach,GB,24360,USD,2026-09-26,PAY-151013,posted
INT-LIVE-001014,2026-09-26T15:01:26,MRC_003,CUST-0373,PROC_A,wire,DE,33714,USD,2026-09-26,PAY-151014,posted
INT-LIVE-001015,2026-09-26T15:01:38,MRC_001,CUST-0350,PROC_C,wire,US,5677,USD,2026-09-26,PAY-151015,posted
INT-LIVE-001016,2026-09-26T15:02:00,MRC_001,CUST-0063,PROC_C,wire,US,6172,USD,2026-09-26,PAY-151016,posted
INT-LIVE-001017,2026-09-26T15:02:26,MRC_003,CUST-0125,PROC_B,wire,US,48908,EUR,2026-09-26,PAY-151017,posted
INT-LIVE-001018,2026-09-26T15:02:39,MRC_005,CUST-0286,PROC_C,wire,DE,6329,EUR,2026-09-26,PAY-151018,posted
INT-LIVE-001019,2026-09-26T15:02:49,MRC_004,CUST-0171,PROC_A,ach,US,2296,GBP,2026-09-26,PAY-151019,posted
INT-LIVE-001020,2026-09-26T15:03:02,MRC_002,CUST-0052,PROC_A,card,CA,39984,USD,2026-09-26,PAY-151020,posted
INT-LIVE-001021,2026-09-26T15:03:29,MRC_004,CUST-0341,PROC_A,wallet,CA,28002,USD,2026-09-26,PAY-151021,posted
INT-LIVE-001022,2026-09-26T15:03:47,MRC_002,CUST-0377,PROC_C,wallet,CA,16873,USD,2026-09-26,PAY-151022,posted
INT-LIVE-001023,2026-09-26T15:04:06,MRC_004,CUST-0140,PROC_C,card,US,5926,USD,2026-09-26,PAY-151023,posted
INT-LIVE-001024,2026-09-26T15:04:41,MRC_001,CUST-0259,PROC_A,wire,CA,26097,USD,2026-09-26,PAY-151024,posted
INT-LIVE-001025,2026-09-26T15:05:16,MRC_004,CUST-0186,PROC_C,card,CA,8864,USD,2026-09-26,PAY-151025,posted
INT-LIVE-001026,2026-09-26T15:05:50,MRC_004,CUST-0378,PROC_B,card,US,5681,GBP,2026-09-26,PAY-151026,posted
INT-LIVE-001027,2026-09-26T15:05:59,MRC_001,CUST-0351,PROC_C,card,CA,21115,GBP,2026-09-26,PAY-151027,posted
INT-LIVE-001028,2026-09-26T15:06:15,MRC_002,CUST-0074,PROC_B,ach,US,30776,USD,2026-09-26,PAY-151028,posted
INT-LIVE-001029,2026-09-26T15:06:41,MRC_005,CUST-0115,PROC_B,ach,GB,71797,USD,2026-09-26,PAY-151029,posted
INT-LIVE-001030,2026-09-26T15:06:53,MRC_002,CUST-0324,PROC_C,card,GB,12445,EUR,2026-09-26,PAY-151030,posted
INT-LIVE-001031,2026-09-26T15:07:10,MRC_005,CUST-0389,PROC_B,ach,US,27499,USD,2026-09-26,PAY-151031,posted
INT-LIVE-001032,2026-09-26T15:07:21,MRC_001,CUST-0346,PROC_C,wallet,US,4658,GBP,2026-09-26,PAY-151032,posted
INT-LIVE-001033,2026-09-26T15:07:52,MRC_001,CUST-0073,PROC_C,wire,US,2763,USD,2026-09-26,PAY-151033,posted
INT-LIVE-001034,2026-09-26T15:08:01,MRC_001,CUST-0088,PROC_B,card,US,18721,USD,2026-09-26,PAY-151034,posted
INT-LIVE-001035,2026-09-26T15:08:28,MRC_003,CUST-0191,PROC_B,wallet,US,30105,GBP,2026-09-26,PAY-151035,posted
INT-LIVE-001036,2026-09-26T15:08:59,MRC_004,CUST-0277,PROC_A,card,GB,15344,USD,2026-09-26,PAY-151036,posted
INT-LIVE-001037,2026-09-26T15:09:28,MRC_002,CUST-0274,PROC_C,ach,CA,3766,EUR,2026-09-26,PAY-151037,posted
INT-LIVE-001038,2026-09-26T15:09:58,MRC_002,CUST-0360,PROC_C,wire,US,4193,USD,2026-09-26,PAY-151038,posted
INT-LIVE-001039,2026-09-26T15:10:19,MRC_004,CUST-0254,PROC_A,wallet,US,54035,USD,2026-09-26,PAY-151039,posted
INT-LIVE-001040,2026-09-26T15:10:50,MRC_003,CUST-0349,PROC_C,ach,US,44755,USD,2026-09-26,PAY-151040,posted
INT-LIVE-001041,2026-09-26T15:11:19,MRC_003,CUST-0042,PROC_C,card,US,10740,USD,2026-09-26,PAY-151041,posted
INT-LIVE-001042,2026-09-26T15:11:39,MRC_005,CUST-0140,PROC_C,wire,CA,5118,EUR,2026-09-26,PAY-151042,posted
INT-LIVE-001043,2026-09-26T15:12:09,MRC_002,CUST-0172,PROC_B,wallet,DE,14251,USD,2026-09-26,PAY-151043,posted
INT-LIVE-001044,2026-09-26T15:12:26,MRC_003,CUST-0392,PROC_B,card,US,14075,USD,2026-09-26,PAY-151044,posted
INT-LIVE-001045,2026-09-26T15:12:46,MRC_001,CUST-0072,PROC_A,wallet,US,24598,USD,2026-09-26,PAY-151045,posted
INT-LIVE-001046,2026-09-26T15:13:03,MRC_004,CUST-0101,PROC_A,wallet,US,9112,USD,2026-09-26,PAY-151046,posted
INT-LIVE-001047,2026-09-26T15:13:16,MRC_005,CUST-0384,PROC_C,card,US,39822,USD,2026-09-26,PAY-151047,posted
INT-LIVE-001048,2026-09-26T15:13:43,MRC_003,CUST-0165,PROC_A,wallet,CA,16576,USD,2026-09-26,PAY-151048,posted
INT-LIVE-001049,2026-09-26T15:13:53,MRC_003,CUST-0057,PROC_C,wire,US,12647,EUR,2026-09-26,PAY-151049,posted
INT-LIVE-001050,2026-09-26T15:14:11,MRC_003,CUST-0331,PROC_A,ach,DE,12114,USD,2026-09-26,PAY-151050,posted
INT-LIVE-001051,2026-09-26T15:14:25,MRC_005,CUST-0202,PROC_C,wallet,US,20462,EUR,2026-09-26,PAY-151051,posted
INT-LIVE-001052,2026-09-26T15:14:43,MRC_004,CUST-0061,PROC_C,wire,DE,2591,USD,2026-09-26,PAY-151052,posted
INT-LIVE-001053,2026-09-26T15:15:05,MRC_004,CUST-0111,PROC_B,card,US,11061,USD,2026-09-26,PAY-151053,posted
INT-LIVE-001054,2026-09-26T15:15:33,MRC_004,CUST-0057,PROC_B,wire,US,30795,EUR,2026-09-26,PAY-151054,posted
INT-LIVE-001055,2026-09-26T15:15:58,MRC_003,CUST-0205,PROC_C,wallet,GB,47253,USD,2026-09-26,PAY-151055,posted
INT-LIVE-001056,2026-09-26T15:16:27,MRC_005,CUST-0153,PROC_C,wire,US,29291,USD,2026-09-26,PAY-151056,posted
INT-LIVE-001057,2026-09-26T15:16:39,MRC_004,CUST-0350,PROC_A,card,US,13190,GBP,2026-09-26,PAY-151057,posted
INT-LIVE-001058,2026-09-26T15:17:14,MRC_002,CUST-0105,PROC_C,ach,GB,2105,USD,2026-09-26,PAY-151058,posted
INT-LIVE-001059,2026-09-26T15:17:42,MRC_003,CUST-0261,PROC_C,card,US,3768,USD,2026-09-26,PAY-151059,posted
INT-LIVE-001060,2026-09-26T15:18:00,MRC_003,CUST-0388,PROC_A,wallet,GB,15337,EUR,2026-09-26,PAY-151060,posted
INT-LIVE-001061,2026-09-26T15:18:18,MRC_002,CUST-0129,PROC_C,ach,US,8980,USD,2026-09-26,PAY-151061,posted
INT-LIVE-001062,2026-09-26T15:18:46,MRC_005,CUST-0111,PROC_A,wire,US,2534,GBP,2026-09-26,PAY-151062,posted
INT-LIVE-001063,2026-09-26T15:19:06,MRC_002,CUST-0399,PROC_B,wire,DE,4236,GBP,2026-09-26,PAY-151063,posted
INT-LIVE-001064,2026-09-26T15:19:29,MRC_005,CUST-0390,PROC_C,ach,US,7737,EUR,2026-09-26,PAY-151064,posted
INT-LIVE-001065,2026-09-26T15:19:46,MRC_004,CUST-0153,PROC_A,wallet,GB,8009,USD,2026-09-26,PAY-151065,posted
INT-LIVE-001066,2026-09-26T15:20:13,MRC_003,CUST-0157,PROC_C,ach,US,2546,USD,2026-09-26,PAY-151066,posted
INT-LIVE-001067,2026-09-26T15:20:38,MRC_005,CUST-0394,PROC_A,card,US,8069,USD,2026-09-26,PAY-151067,posted
INT-LIVE-001068,2026-09-26T15:21:00,MRC_003,CUST-0208,PROC_B,wire,US,8263,USD,2026-09-26,PAY-151068,posted
INT-LIVE-001069,2026-09-26T15:21:15,MRC_004,CUST-0354,PROC_C,card,US,4480,GBP,2026-09-26,PAY-151069,posted
INT-LIVE-001070,2026-09-26T15:21:34,MRC_002,CUST-0108,PROC_A,wire,GB,3051,USD,2026-09-26,PAY-151070,posted
INT-LIVE-001071,2026-09-26T15:21:59,MRC_003,CUST-0055,PROC_B,card,GB,23115,USD,2026-09-26,PAY-151071,posted
INT-LIVE-001072,2026-09-26T15:22:28,MRC_002,CUST-0217,PROC_C,card,US,9019,USD,2026-09-26,PAY-151072,posted
INT-LIVE-001073,2026-09-26T15:22:57,MRC_001,CUST-0321,PROC_C,wallet,GB,10936,USD,2026-09-26,PAY-151073,posted
INT-LIVE-001074,2026-09-26T15:23:25,MRC_005,CUST-0072,PROC_A,ach,US,3555,USD,2026-09-26,PAY-151074,posted
INT-LIVE-001075,2026-09-26T15:23:34,MRC_002,CUST-0079,PROC_A,card,US,10633,USD,2026-09-26,PAY-151075,posted
INT-LIVE-001076,2026-09-26T15:24:08,MRC_004,CUST-0157,PROC_C,wire,US,15123,EUR,2026-09-26,PAY-151076,posted
INT-LIVE-001077,2026-09-26T15:24:19,MRC_003,CUST-0034,PROC_A,wire,US,14073,USD,2026-09-26,PAY-151077,posted
INT-LIVE-001078,2026-09-26T15:24:53,MRC_002,CUST-0128,PROC_C,wire,DE,4349,GBP,2026-09-26,PAY-151078,posted
INT-LIVE-001079,2026-09-26T15:25:28,MRC_001,CUST-0065,PROC_C,ach,US,11014,USD,2026-09-26,PAY-151079,posted
INT-LIVE-001080,2026-09-26T15:25:55,MRC_004,CUST-0131,PROC_B,card,US,36159,USD,2026-09-26,PAY-151080,posted
INT-LIVE-001081,2026-09-26T15:26:22,MRC_005,CUST-0363,PROC_B,wire,GB,21283,USD,2026-09-26,PAY-151081,posted
INT-LIVE-001082,2026-09-26T15:26:52,MRC_003,CUST-0309,PROC_A,wallet,CA,12793,EUR,2026-09-26,PAY-151082,posted
INT-LIVE-001083,2026-09-26T15:27:05,MRC_003,CUST-0109,PROC_C,ach,US,8777,USD,2026-09-26,PAY-151083,posted
INT-LIVE-001084,2026-09-26T15:27:40,MRC_001,CUST-0106,PROC_B,ach,US,9338,USD,2026-09-26,PAY-151084,posted
INT-LIVE-001085,2026-09-26T15:27:50,MRC_002,CUST-0386,PROC_B,ach,US,45218,USD,2026-09-26,PAY-151085,posted
INT-LIVE-001086,2026-09-26T15:28:21,MRC_001,CUST-0005,PROC_C,card,GB,145736,EUR,2026-09-26,PAY-151086,posted
INT-LIVE-001087,2026-09-26T15:28:40,MRC_003,CUST-0050,PROC_B,ach,US,33525,USD,2026-09-26,PAY-151087,posted
INT-LIVE-001088,2026-09-26T15:28:50,MRC_004,CUST-0290,PROC_B,card,US,8636,EUR,2026-09-26,PAY-151088,posted
INT-LIVE-001089,2026-09-26T15:29:23,MRC_003,CUST-0351,PROC_C,card,GB,77403,GBP,2026-09-26,PAY-151089,posted
INT-LIVE-001090,2026-09-26T15:29:53,MRC_002,CUST-0114,PROC_A,wallet,US,26339,USD,2026-09-26,PAY-151090,posted
INT-LIVE-001091,2026-09-26T15:30:18,MRC_001,CUST-0174,PROC_C,ach,DE,19269,USD,2026-09-26,PAY-151091,posted
INT-LIVE-001092,2026-09-26T15:30:42,MRC_001,CUST-0227,PROC_A,wallet,DE,24976,EUR,2026-09-26,PAY-151092,posted
INT-LIVE-001093,2026-09-26T15:31:08,MRC_001,CUST-0271,PROC_B,wire,US,8738,EUR,2026-09-26,PAY-151093,posted
INT-LIVE-001094,2026-09-26T15:31:38,MRC_005,CUST-0056,PROC_C,card,DE,21047,EUR,2026-09-26,PAY-151094,posted
INT-LIVE-001095,2026-09-26T15:31:46,MRC_001,CUST-0174,PROC_A,card,CA,17919,USD,2026-09-26,PAY-151095,posted
INT-LIVE-001096,2026-09-26T15:32:18,MRC_002,CUST-0085,PROC_C,card,DE,33991,EUR,2026-09-26,PAY-151096,posted
INT-LIVE-001097,2026-09-26T15:32:29,MRC_004,CUST-0289,PROC_A,wire,US,3578,GBP,2026-09-26,PAY-151097,posted
INT-LIVE-001098,2026-09-26T15:32:40,MRC_001,CUST-0174,PROC_C,wire,CA,14694,USD,2026-09-26,PAY-151098,posted
INT-LIVE-001099,2026-09-26T15:33:00,MRC_002,CUST-0199,PROC_A,wallet,US,47001,USD,2026-09-26,PAY-151099,posted
INT-LIVE-001100,2026-09-26T15:33:33,MRC_005,CUST-0389,PROC_C,wire,DE,4535,USD,2026-09-26,PAY-151100,posted
INT-LIVE-001101,2026-09-26T15:34:07,MRC_002,CUST-0241,PROC_C,wallet,GB,5512,GBP,2026-09-26,PAY-151101,posted
INT-LIVE-001102,2026-09-26T15:34:38,MRC_005,CUST-0167,PROC_A,ach,CA,15581,USD,2026-09-26,PAY-151102,posted
INT-LIVE-001103,2026-09-26T15:35:11,MRC_004,CUST-0250,PROC_C,wallet,US,76545,USD,2026-09-26,PAY-151103,posted
INT-LIVE-001104,2026-09-26T15:35:29,MRC_003,CUST-0228,PROC_C,ach,DE,11750,USD,2026-09-26,PAY-151104,posted
INT-LIVE-001105,2026-09-26T15:35:48,MRC_002,CUST-0149,PROC_C,wire,US,45065,GBP,2026-09-26,PAY-151105,posted
INT-LIVE-001106,2026-09-26T15:36:19,MRC_004,CUST-0034,PROC_A,card,CA,1502,USD,2026-09-26,PAY-151106,posted
INT-LIVE-001107,2026-09-26T15:36:32,MRC_002,CUST-0012,PROC_A,wire,GB,12210,USD,2026-09-26,PAY-151107,posted
INT-LIVE-001108,2026-09-26T15:37:03,MRC_001,CUST-0249,PROC_C,wire,US,4365,USD,2026-09-26,PAY-151108,posted
INT-LIVE-001109,2026-09-26T15:37:25,MRC_005,CUST-0330,PROC_B,card,DE,39415,USD,2026-09-26,PAY-151109,posted
INT-LIVE-001110,2026-09-26T15:37:44,MRC_004,CUST-0199,PROC_C,ach,GB,18221,USD,2026-09-26,PAY-151110,posted
INT-LIVE-001111,2026-09-26T15:38:15,MRC_004,CUST-0380,PROC_C,wire,GB,6753,USD,2026-09-26,PAY-151111,posted
INT-LIVE-001112,2026-09-26T15:38:35,MRC_002,CUST-0360,PROC_A,wire,US,11843,USD,2026-09-26,PAY-151112,posted
INT-LIVE-001113,2026-09-26T15:38:51,MRC_002,CUST-0104,PROC_C,wire,DE,22459,USD,2026-09-26,PAY-151113,posted
INT-LIVE-001114,2026-09-26T15:39:20,MRC_001,CUST-0045,PROC_A,wallet,US,6478,GBP,2026-09-26,PAY-151114,posted
INT-LIVE-001115,2026-09-26T15:39:31,MRC_005,CUST-0317,PROC_A,ach,CA,16587,USD,2026-09-26,PAY-151115,posted
INT-LIVE-001116,2026-09-26T15:39:48,MRC_004,CUST-0214,PROC_C,card,US,38957,EUR,2026-09-26,PAY-151116,posted
INT-LIVE-001117,2026-09-26T15:40:10,MRC_001,CUST-0286,PROC_C,card,DE,6120,USD,2026-09-26,PAY-151117,posted
INT-LIVE-001118,2026-09-26T15:40:37,MRC_002,CUST-0353,PROC_B,ach,DE,11242,USD,2026-09-26,PAY-151118,posted
INT-LIVE-001119,2026-09-26T15:41:06,MRC_002,CUST-0275,PROC_C,card,GB,17181,EUR,2026-09-26,PAY-151119,posted
INT-LIVE-001120,2026-09-26T15:41:30,MRC_005,CUST-0155,PROC_C,card,GB,7810,GBP,2026-09-26,PAY-151120,posted
INT-LIVE-001121,2026-09-26T15:41:54,MRC_001,CUST-0014,PROC_B,ach,GB,15064,USD,2026-09-26,PAY-151121,posted
INT-LIVE-001122,2026-09-26T15:42:05,MRC_001,CUST-0158,PROC_C,ach,CA,13196,EUR,2026-09-26,PAY-151122,posted
INT-LIVE-001123,2026-09-26T15:42:22,MRC_002,CUST-0208,PROC_C,ach,US,24673,EUR,2026-09-26,PAY-151123,posted
INT-LIVE-001124,2026-09-26T15:42:32,MRC_003,CUST-0239,PROC_C,wire,US,10339,USD,2026-09-26,PAY-151124,posted
INT-LIVE-001125,2026-09-26T15:42:57,MRC_005,CUST-0276,PROC_C,wallet,CA,56531,USD,2026-09-26,PAY-151125,posted
INT-LIVE-001126,2026-09-26T15:43:20,MRC_005,CUST-0273,PROC_C,ach,GB,6876,EUR,2026-09-26,PAY-151126,posted
INT-LIVE-001127,2026-09-26T15:43:55,MRC_002,CUST-0115,PROC_C,card,US,41227,USD,2026-09-26,PAY-151127,posted
INT-LIVE-001128,2026-09-26T15:44:08,MRC_003,CUST-0222,PROC_C,wire,GB,21388,USD,2026-09-26,PAY-151128,posted
INT-LIVE-001129,2026-09-26T15:44:29,MRC_002,CUST-0311,PROC_C,wallet,US,38474,USD,2026-09-26,PAY-151129,posted
INT-LIVE-001130,2026-09-26T15:44:44,MRC_001,CUST-0076,PROC_C,wire,US,7117,USD,2026-09-26,PAY-151130,posted
INT-LIVE-001131,2026-09-26T15:45:18,MRC_004,CUST-0060,PROC_C,ach,US,11280,EUR,2026-09-26,PAY-151131,posted
INT-LIVE-001132,2026-09-26T15:45:47,MRC_005,CUST-0167,PROC_C,wire,US,25272,USD,2026-09-26,PAY-151132,posted
INT-LIVE-001133,2026-09-26T15:46:05,MRC_003,CUST-0343,PROC_A,ach,DE,23013,USD,2026-09-26,PAY-151133,posted
INT-LIVE-001134,2026-09-26T15:46:18,MRC_004,CUST-0261,PROC_B,ach,GB,1083,USD,2026-09-26,PAY-151134,posted
INT-LIVE-001135,2026-09-26T15:46:38,MRC_002,CUST-0030,PROC_B,ach,US,13468,USD,2026-09-26,PAY-151135,posted
INT-LIVE-001136,2026-09-26T15:46:46,MRC_003,CUST-0379,PROC_B,card,US,20939,EUR,2026-09-26,PAY-151136,posted
INT-LIVE-001137,2026-09-26T15:47:21,MRC_004,CUST-0203,PROC_A,wallet,DE,5009,USD,2026-09-26,PAY-151137,posted
INT-LIVE-001138,2026-09-26T15:47:31,MRC_001,CUST-0378,PROC_B,wire,GB,6313,USD,2026-09-26,PAY-151138,posted
INT-LIVE-001139,2026-09-26T15:48:04,MRC_004,CUST-0179,PROC_C,wallet,GB,16539,USD,2026-09-26,PAY-151139,posted
INT-LIVE-001140,2026-09-26T15:48:15,MRC_002,CUST-0396,PROC_B,wire,US,14878,USD,2026-09-26,PAY-151140,posted
INT-LIVE-001141,2026-09-26T15:48:24,MRC_003,CUST-0015,PROC_C,card,US,7557,GBP,2026-09-26,PAY-151141,posted
INT-LIVE-001142,2026-09-26T15:48:32,MRC_005,CUST-0346,PROC_A,wallet,US,22486,USD,2026-09-26,PAY-151142,posted
INT-LIVE-001143,2026-09-26T15:48:46,MRC_002,CUST-0321,PROC_A,ach,US,4942,USD,2026-09-26,PAY-151143,posted
INT-LIVE-001144,2026-09-26T15:49:14,MRC_004,CUST-0220,PROC_C,wallet,GB,6408,USD,2026-09-26,PAY-151144,posted
INT-LIVE-001145,2026-09-26T15:49:49,MRC_001,CUST-0022,PROC_C,ach,US,40836,USD,2026-09-26,PAY-151145,posted
INT-LIVE-001146,2026-09-26T15:50:22,MRC_004,CUST-0264,PROC_C,ach,US,33437,GBP,2026-09-26,PAY-151146,posted
INT-LIVE-001147,2026-09-26T15:50:34,MRC_005,CUST-0128,PROC_A,ach,GB,35489,USD,2026-09-26,PAY-151147,posted
INT-LIVE-001148,2026-09-26T15:51:03,MRC_001,CUST-0240,PROC_C,ach,US,8941,USD,2026-09-26,PAY-151148,posted
INT-LIVE-001149,2026-09-26T15:51:36,MRC_002,CUST-0101,PROC_A,card,US,15734,USD,2026-09-26,PAY-151149,posted
INT-LIVE-001150,2026-09-26T15:52:09,MRC_003,CUST-0323,PROC_C,wallet,US,15880,USD,2026-09-26,PAY-151150,posted
INT-LIVE-001151,2026-09-26T15:52:31,MRC_004,CUST-0202,PROC_C,wire,DE,11530,USD,2026-09-26,PAY-151151,posted
INT-LIVE-001152,2026-09-26T15:52:47,MRC_001,CUST-0155,PROC_B,card,US,189076,USD,2026-09-26,PAY-151152,posted
INT-LIVE-001153,2026-09-26T15:52:57,MRC_004,CUST-0114,PROC_A,wire,CA,78964,USD,2026-09-26,PAY-151153,posted
INT-LIVE-001154,2026-09-26T15:53:10,MRC_001,CUST-0186,PROC_C,ach,DE,22496,USD,2026-09-26,PAY-151154,posted
INT-LIVE-001155,2026-09-26T15:53:23,MRC_005,CUST-0228,PROC_B,wallet,US,46580,GBP,2026-09-26,PAY-151155,posted
INT-LIVE-001156,2026-09-26T15:53:51,MRC_002,CUST-0020,PROC_C,wallet,US,2784,USD,2026-09-26,PAY-151156,posted
INT-LIVE-001157,2026-09-26T15:54:17,MRC_005,CUST-0366,PROC_B,card,GB,17165,USD,2026-09-26,PAY-151157,posted
INT-LIVE-001158,2026-09-26T15:54:50,MRC_002,CUST-0383,PROC_C,wallet,US,14283,EUR,2026-09-26,PAY-151158,posted
INT-LIVE-001159,2026-09-26T15:55:14,MRC_002,CUST-0009,PROC_C,wallet,DE,21612,USD,2026-09-26,PAY-151159,posted
INT-LIVE-001160,2026-09-26T15:55:43,MRC_005,CUST-0204,PROC_C,ach,US,5051,USD,2026-09-26,PAY-151160,posted
INT-LIVE-001161,2026-09-26T15:56:15,MRC_002,CUST-0019,PROC_C,card,US,9847,USD,2026-09-26,PAY-151161,posted
INT-LIVE-001162,2026-09-26T15:56:33,MRC_003,CUST-0116,PROC_C,card,DE,12979,USD,2026-09-26,PAY-151162,posted
INT-LIVE-001163,2026-09-26T15:56:52,MRC_005,CUST-0215,PROC_C,wire,DE,5623,USD,2026-09-26,PAY-151163,posted
INT-LIVE-001164,2026-09-26T15:57:23,MRC_003,CUST-0192,PROC_C,card,US,35276,GBP,2026-09-26,PAY-151164,posted
INT-LIVE-001165,2026-09-26T15:57:42,MRC_004,CUST-0172,PROC_B,ach,US,6472,GBP,2026-09-26,PAY-151165,posted
INT-LIVE-001166,2026-09-26T15:58:03,MRC_005,CUST-0333,PROC_C,wallet,DE,3755,USD,2026-09-26,PAY-151166,posted
INT-LIVE-001167,2026-09-26T15:58:37,MRC_005,CUST-0200,PROC_C,wire,US,3545,USD,2026-09-26,PAY-151167,posted
INT-LIVE-001168,2026-09-26T15:58:45,MRC_005,CUST-0310,PROC_B,card,US,6704,USD,2026-09-26,PAY-151168,posted
INT-LIVE-001169,2026-09-26T15:59:07,MRC_004,CUST-0170,PROC_C,ach,US,7880,EUR,2026-09-26,PAY-151169,posted
INT-LIVE-001170,2026-09-26T15:59:30,MRC_002,CUST-0073,PROC_C,card,CA,8054,GBP,2026-09-26,PAY-151170,posted
INT-LIVE-001171,2026-09-26T16:00:04,MRC_002,CUST-0203,PROC_B,wallet,US,3245,USD,2026-09-26,PAY-151171,posted
INT-LIVE-001172,2026-09-26T16:00:20,MRC_005,CUST-0309,PROC_A,ach,US,11037,USD,2026-09-26,PAY-151172,posted
INT-LIVE-001173,2026-09-26T16:00:44,MRC_002,CUST-0381,PROC_A,wallet,GB,4121,GBP,2026-09-26,PAY-151173,posted
INT-LIVE-001174,2026-09-26T16:00:53,MRC_001,CUST-0150,PROC_A,ach,GB,14044,USD,2026-09-26,PAY-151174,posted
INT-LIVE-001175,2026-09-26T16:01:23,MRC_003,CUST-0036,PROC_B,wallet,US,4579,GBP,2026-09-26,PAY-151175,posted
INT-LIVE-001176,2026-09-26T16:01:58,MRC_003,CUST-0036,PROC_A,wire,US,6824,USD,2026-09-26,PAY-151176,posted
INT-LIVE-001177,2026-09-26T16:02:12,MRC_001,CUST-0126,PROC_C,ach,GB,5981,EUR,2026-09-26,PAY-151177,posted
INT-LIVE-001178,2026-09-26T16:02:21,MRC_005,CUST-0228,PROC_A,wire,US,37675,USD,2026-09-26,PAY-151178,posted
INT-LIVE-001179,2026-09-26T16:02:42,MRC_001,CUST-0002,PROC_B,wire,GB,8955,EUR,2026-09-26,PAY-151179,posted
INT-LIVE-001180,2026-09-26T16:03:10,MRC_005,CUST-0111,PROC_A,card,US,5232,USD,2026-09-26,PAY-151180,posted
INT-LIVE-001181,2026-09-26T16:03:23,MRC_003,CUST-0041,PROC_C,card,GB,3851,USD,2026-09-26,PAY-151181,posted
INT-LIVE-001182,2026-09-26T16:03:31,MRC_001,CUST-0246,PROC_B,wire,US,12317,USD,2026-09-26,PAY-151182,posted
INT-LIVE-001183,2026-09-26T16:04:02,MRC_004,CUST-0398,PROC_C,card,US,22177,EUR,2026-09-26,PAY-151183,posted
INT-LIVE-001184,2026-09-26T16:04:21,MRC_005,CUST-0349,PROC_B,wire,US,4097,USD,2026-09-26,PAY-151184,posted
INT-LIVE-001185,2026-09-26T16:04:42,MRC_002,CUST-0131,PROC_B,card,US,15735,EUR,2026-09-26,PAY-151185,posted
INT-LIVE-001186,2026-09-26T16:05:14,MRC_003,CUST-0244,PROC_C,card,US,13227,USD,2026-09-26,PAY-151186,posted
INT-LIVE-001187,2026-09-26T16:05:36,MRC_001,CUST-0065,PROC_A,ach,GB,16510,USD,2026-09-26,PAY-151187,posted
INT-LIVE-001188,2026-09-26T16:06:02,MRC_005,CUST-0168,PROC_C,wire,US,2399,USD,2026-09-26,PAY-151188,posted
INT-LIVE-001189,2026-09-26T16:06:36,MRC_004,CUST-0400,PROC_A,ach,US,8940,USD,2026-09-26,PAY-151189,posted
INT-LIVE-001190,2026-09-26T16:07:04,MRC_003,CUST-0273,PROC_C,card,GB,5480,USD,2026-09-26,PAY-151190,posted
INT-LIVE-001191,2026-09-26T16:07:33,MRC_005,CUST-0295,PROC_C,card,US,1845,USD,2026-09-26,PAY-151191,posted
INT-LIVE-001192,2026-09-26T16:07:55,MRC_001,CUST-0222,PROC_A,ach,US,9299,USD,2026-09-26,PAY-151192,posted
INT-LIVE-001193,2026-09-26T16:08:14,MRC_002,CUST-0263,PROC_A,wire,GB,11589,USD,2026-09-26,PAY-151193,posted
INT-LIVE-001194,2026-09-26T16:08:39,MRC_001,CUST-0142,PROC_B,wallet,CA,16016,GBP,2026-09-26,PAY-151194,posted
INT-LIVE-001195,2026-09-26T16:09:07,MRC_001,CUST-0081,PROC_C,ach,CA,10825,USD,2026-09-26,PAY-151195,posted
INT-LIVE-001196,2026-09-26T16:09:22,MRC_002,CUST-0368,PROC_A,ach,US,4827,GBP,2026-09-26,PAY-151196,posted
INT-LIVE-001197,2026-09-26T16:09:35,MRC_002,CUST-0073,PROC_C,ach,DE,33371,USD,2026-09-26,PAY-151197,posted
INT-LIVE-001198,2026-09-26T16:09:51,MRC_003,CUST-0018,PROC_C,wallet,CA,10081,GBP,2026-09-26,PAY-151198,posted
INT-LIVE-001199,2026-09-26T16:09:59,MRC_004,CUST-0195,PROC_B,card,GB,6226,USD,2026-09-26,PAY-151199,posted
INT-LIVE-001200,2026-09-26T16:10:27,MRC_002,CUST-0251,PROC_C,wallet,US,13577,EUR,2026-09-26,PAY-151200,posted
INT-LIVE-001201,2026-09-26T16:10:48,MRC_004,CUST-0282,PROC_B,wallet,US,9564,EUR,2026-09-26,PAY-151201,posted
INT-LIVE-001202,2026-09-26T16:11:15,MRC_003,CUST-0144,PROC_C,card,GB,15443,USD,2026-09-26,PAY-151202,posted
INT-LIVE-001203,2026-09-26T16:11:30,MRC_001,CUST-0058,PROC_A,card,US,10622,GBP,2026-09-26,PAY-151203,posted
INT-LIVE-001204,2026-09-26T16:11:41,MRC_002,CUST-0371,PROC_A,wallet,US,10040,EUR,2026-09-26,PAY-151204,posted
INT-LIVE-001205,2026-09-26T16:12:05,MRC_005,CUST-0029,PROC_B,card,DE,8491,USD,2026-09-26,PAY-151205,posted
INT-LIVE-001206,2026-09-26T16:12:13,MRC_002,CUST-0247,PROC_C,card,US,32258,USD,2026-09-26,PAY-151206,posted
INT-LIVE-001207,2026-09-26T16:12:43,MRC_004,CUST-0396,PROC_C,wire,US,6661,USD,2026-09-26,PAY-151207,posted
INT-LIVE-001208,2026-09-26T16:12:59,MRC_005,CUST-0032,PROC_C,wire,US,33753,USD,2026-09-26,PAY-151208,posted
INT-LIVE-001209,2026-09-26T16:13:34,MRC_003,CUST-0374,PROC_C,ach,US,24191,USD,2026-09-26,PAY-151209,posted
INT-LIVE-001210,2026-09-26T16:13:53,MRC_002,CUST-0150,PROC_C,wallet,US,17573,GBP,2026-09-26,PAY-151210,posted
INT-LIVE-001211,2026-09-26T16:14:18,MRC_005,CUST-0281,PROC_B,card,US,10902,USD,2026-09-26,PAY-151211,posted
INT-LIVE-001212,2026-09-26T16:14:33,MRC_002,CUST-0057,PROC_C,card,CA,30318,USD,2026-09-26,PAY-151212,posted
INT-LIVE-001213,2026-09-26T16:15:05,MRC_005,CUST-0367,PROC_C,wallet,DE,15781,USD,2026-09-26,PAY-151213,posted
INT-LIVE-001214,2026-09-26T16:15:20,MRC_001,CUST-0126,PROC_A,wire,GB,18997,EUR,2026-09-26,PAY-151214,posted
INT-LIVE-001215,2026-09-26T16:15:37,MRC_002,CUST-0044,PROC_A,wallet,GB,3655,GBP,2026-09-26,PAY-151215,posted
INT-LIVE-001216,2026-09-26T16:16:03,MRC_004,CUST-0246,PROC_C,card,US,28180,USD,2026-09-26,PAY-151216,posted
INT-LIVE-001217,2026-09-26T16:16:37,MRC_005,CUST-0301,PROC_B,card,GB,11066,GBP,2026-09-26,PAY-151217,posted
INT-LIVE-001218,2026-09-26T16:17:01,MRC_001,CUST-0399,PROC_C,wire,DE,8281,GBP,2026-09-26,PAY-151218,posted
INT-LIVE-001219,2026-09-26T16:17:10,MRC_004,CUST-0282,PROC_C,card,DE,27562,USD,2026-09-26,PAY-151219,posted
INT-LIVE-001220,2026-09-26T16:17:21,MRC_002,CUST-0018,PROC_A,wire,US,8243,USD,2026-09-26,PAY-151220,posted
INT-LIVE-001221,2026-09-26T16:17:45,MRC_002,CUST-0120,PROC_B,card,US,6007,USD,2026-09-26,PAY-151221,posted
INT-LIVE-001222,2026-09-26T16:17:55,MRC_001,CUST-0082,PROC_B,ach,US,9594,USD,2026-09-26,PAY-151222,posted
INT-LIVE-001223,2026-09-26T16:18:15,MRC_003,CUST-0326,PROC_B,ach,GB,14075,USD,2026-09-26,PAY-151223,posted
INT-LIVE-001224,2026-09-26T16:18:42,MRC_004,CUST-0287,PROC_C,wallet,US,9744,USD,2026-09-26,PAY-151224,posted
INT-LIVE-001225,2026-09-26T16:19:14,MRC_002,CUST-0367,PROC_B,wire,GB,5340,USD,2026-09-26,PAY-151225,posted
INT-LIVE-001226,2026-09-26T16:19:42,MRC_002,CUST-0224,PROC_B,ach,US,12954,USD,2026-09-26,PAY-151226,posted
INT-LIVE-001227,2026-09-26T16:20:14,MRC_002,CUST-0276,PROC_A,wire,CA,6652,USD,2026-09-26,PAY-151227,posted
INT-LIVE-001228,2026-09-26T16:20:35,MRC_005,CUST-0051,PROC_A,wallet,US,17093,USD,2026-09-26,PAY-151228,posted
INT-LIVE-001229,2026-09-26T16:20:56,MRC_005,CUST-0354,PROC_A,ach,DE,42851,USD,2026-09-26,PAY-151229,posted
INT-LIVE-001230,2026-09-26T16:21:28,MRC_001,CUST-0215,PROC_C,wallet,GB,9134,USD,2026-09-26,PAY-151230,posted
INT-LIVE-001231,2026-09-26T16:21:49,MRC_005,CUST-0222,PROC_C,wallet,US,17770,USD,2026-09-26,PAY-151231,posted
INT-LIVE-001232,2026-09-26T16:22:13,MRC_002,CUST-0293,PROC_C,wallet,US,4630,USD,2026-09-26,PAY-151232,posted
INT-LIVE-001233,2026-09-26T16:22:39,MRC_001,CUST-0219,PROC_A,ach,DE,23244,USD,2026-09-26,PAY-151233,posted
INT-LIVE-001234,2026-09-26T16:22:59,MRC_005,CUST-0008,PROC_A,wallet,US,1052,GBP,2026-09-26,PAY-151234,posted
INT-LIVE-001235,2026-09-26T16:23:15,MRC_003,CUST-0366,PROC_B,wire,US,37878,USD,2026-09-26,PAY-151235,posted
INT-LIVE-001236,2026-09-26T16:23:36,MRC_004,CUST-0076,PROC_A,wire,US,12743,USD,2026-09-26,PAY-151236,posted
INT-LIVE-001237,2026-09-26T16:24:06,MRC_003,CUST-0194,PROC_B,ach,CA,19630,USD,2026-09-26,PAY-151237,posted
INT-LIVE-001238,2026-09-26T16:24:31,MRC_002,CUST-0012,PROC_C,ach,US,25133,USD,2026-09-26,PAY-151238,posted
INT-LIVE-001239,2026-09-26T16:25:00,MRC_001,CUST-0331,PROC_C,card,DE,52448,GBP,2026-09-26,PAY-151239,posted
INT-LIVE-001240,2026-09-26T16:25:14,MRC_002,CUST-0141,PROC_C,wallet,US,6280,USD,2026-09-26,PAY-151240,posted
INT-LIVE-001241,2026-09-26T16:25:40,MRC_005,CUST-0318,PROC_C,wallet,DE,6357,GBP,2026-09-26,PAY-151241,posted
INT-LIVE-001242,2026-09-26T16:25:55,MRC_003,CUST-0056,PROC_C,card,US,7292,GBP,2026-09-26,PAY-151242,posted
INT-LIVE-001243,2026-09-26T16:26:26,MRC_003,CUST-0348,PROC_C,card,US,2575,GBP,2026-09-26,PAY-151243,posted
INT-LIVE-001244,2026-09-26T16:26:48,MRC_001,CUST-0173,PROC_A,wire,US,11024,USD,2026-09-26,PAY-151244,posted
INT-LIVE-001245,2026-09-26T16:27:14,MRC_005,CUST-0353,PROC_C,wallet,CA,5139,USD,2026-09-26,PAY-151245,posted
INT-LIVE-001246,2026-09-26T16:27:47,MRC_001,CUST-0238,PROC_C,wire,GB,55858,EUR,2026-09-26,PAY-151246,posted
INT-LIVE-001247,2026-09-26T16:28:14,MRC_001,CUST-0357,PROC_C,wallet,US,1793,USD,2026-09-26,PAY-151247,posted
INT-LIVE-001248,2026-09-26T16:28:44,MRC_005,CUST-0091,PROC_A,ach,US,12717,USD,2026-09-26,PAY-151248,posted
INT-LIVE-001249,2026-09-26T16:29:07,MRC_005,CUST-0167,PROC_A,wire,GB,3163,USD,2026-09-26,PAY-151249,posted
INT-LIVE-001250,2026-09-26T16:29:33,MRC_002,CUST-0223,PROC_B,ach,US,2012,GBP,2026-09-26,PAY-151250,posted
INT-LIVE-001251,2026-09-26T16:29:48,MRC_001,CUST-0215,PROC_A,wallet,US,10845,GBP,2026-09-26,PAY-151251,posted
INT-LIVE-001252,2026-09-26T16:30:16,MRC_001,CUST-0019,PROC_B,card,DE,7584,EUR,2026-09-26,PAY-151252,posted
INT-LIVE-001253,2026-09-26T16:30:37,MRC_005,CUST-0075,PROC_B,card,US,13422,USD,2026-09-26,PAY-151253,posted
INT-LIVE-001254,2026-09-26T16:30:48,MRC_001,CUST-0296,PROC_A,wire,GB,49038,EUR,2026-09-26,PAY-151254,posted
INT-LIVE-001255,2026-09-26T16:30:56,MRC_005,CUST-0055,PROC_C,card,US,6931,USD,2026-09-26,PAY-151255,posted
INT-LIVE-001256,2026-09-26T16:31:22,MRC_005,CUST-0325,PROC_A,wallet,US,1858,GBP,2026-09-26,PAY-151256,posted
INT-LIVE-001257,2026-09-26T16:31:34,MRC_002,CUST-0271,PROC_A,ach,US,8602,USD,2026-09-26,PAY-151257,posted
INT-LIVE-001258,2026-09-26T16:31:46,MRC_003,CUST-0197,PROC_B,wallet,US,11264,USD,2026-09-26,PAY-151258,posted
INT-LIVE-001259,2026-09-26T16:31:59,MRC_003,CUST-0385,PROC_A,wire,GB,2626,GBP,2026-09-26,PAY-151259,posted
INT-LIVE-001260,2026-09-26T16:32:27,MRC_003,CUST-0241,PROC_C,wire,DE,58176,USD,2026-09-26,PAY-151260,posted
INT-LIVE-001261,2026-09-26T16:32:47,MRC_003,CUST-0026,PROC_C,wire,US,15691,USD,2026-09-26,PAY-151261,posted
INT-LIVE-001262,2026-09-26T16:33:04,MRC_003,CUST-0387,PROC_C,ach,US,2573,USD,2026-09-26,PAY-151262,posted
INT-LIVE-001263,2026-09-26T16:33:19,MRC_004,CUST-0009,PROC_C,ach,GB,11532,EUR,2026-09-26,PAY-151263,posted
INT-LIVE-001264,2026-09-26T16:33:42,MRC_003,CUST-0178,PROC_C,wire,CA,10325,GBP,2026-09-26,PAY-151264,posted
INT-LIVE-001265,2026-09-26T16:34:03,MRC_001,CUST-0205,PROC_C,wire,GB,13701,GBP,2026-09-26,PAY-151265,posted
INT-LIVE-001266,2026-09-26T16:34:16,MRC_004,CUST-0349,PROC_B,wire,US,6713,USD,2026-09-26,PAY-151266,posted
INT-LIVE-001267,2026-09-26T16:34:49,MRC_004,CUST-0070,PROC_C,ach,US,40299,USD,2026-09-26,PAY-151267,posted
INT-LIVE-001268,2026-09-26T16:34:59,MRC_001,CUST-0175,PROC_B,wallet,DE,6279,USD,2026-09-26,PAY-151268,posted
INT-LIVE-001269,2026-09-26T16:35:21,MRC_003,CUST-0248,PROC_C,ach,US,5830,USD,2026-09-26,PAY-151269,posted
INT-LIVE-001270,2026-09-26T16:35:31,MRC_005,CUST-0319,PROC_B,card,GB,22887,USD,2026-09-26,PAY-151270,posted
INT-LIVE-001271,2026-09-26T16:36:05,MRC_005,CUST-0053,PROC_B,wire,CA,7445,GBP,2026-09-26,PAY-151271,posted
INT-LIVE-001272,2026-09-26T16:36:32,MRC_005,CUST-0197,PROC_C,wire,CA,3188,USD,2026-09-26,PAY-151272,posted
INT-LIVE-001273,2026-09-26T16:36:55,MRC_002,CUST-0075,PROC_C,card,CA,7872,EUR,2026-09-26,PAY-151273,posted
INT-LIVE-001274,2026-09-26T16:37:22,MRC_004,CUST-0159,PROC_A,wire,CA,9652,EUR,2026-09-26,PAY-151274,posted
INT-LIVE-001275,2026-09-26T16:37:56,MRC_001,CUST-0172,PROC_C,wire,GB,3828,USD,2026-09-26,PAY-151275,posted
INT-LIVE-001276,2026-09-26T16:38:27,MRC_003,CUST-0349,PROC_A,wire,US,3435,USD,2026-09-26,PAY-151276,posted
INT-LIVE-001277,2026-09-26T16:38:43,MRC_002,CUST-0129,PROC_C,card,US,13145,USD,2026-09-26,PAY-151277,posted
INT-LIVE-001278,2026-09-26T16:39:17,MRC_002,CUST-0283,PROC_A,card,CA,23804,GBP,2026-09-26,PAY-151278,posted
INT-LIVE-001279,2026-09-26T16:39:46,MRC_002,CUST-0370,PROC_B,wire,US,6439,GBP,2026-09-26,PAY-151279,posted
INT-LIVE-001280,2026-09-26T16:40:15,MRC_005,CUST-0268,PROC_C,ach,DE,13324,USD,2026-09-26,PAY-151280,posted
INT-LIVE-001281,2026-09-26T16:40:37,MRC_005,CUST-0020,PROC_A,wire,US,46645,USD,2026-09-26,PAY-151281,posted
INT-LIVE-001282,2026-09-26T16:41:05,MRC_003,CUST-0064,PROC_B,card,US,2614,USD,2026-09-26,PAY-151282,posted
INT-LIVE-001283,2026-09-26T16:41:22,MRC_005,CUST-0117,PROC_B,wire,DE,5791,USD,2026-09-26,PAY-151283,posted
INT-LIVE-001284,2026-09-26T16:41:41,MRC_003,CUST-0202,PROC_B,card,US,3596,USD,2026-09-26,PAY-151284,posted
INT-LIVE-001285,2026-09-26T16:42:10,MRC_002,CUST-0126,PROC_C,wallet,CA,9773,USD,2026-09-26,PAY-151285,posted
INT-LIVE-001286,2026-09-26T16:42:27,MRC_002,CUST-0400,PROC_C,wire,US,7352,USD,2026-09-26,PAY-151286,posted
INT-LIVE-001287,2026-09-26T16:42:45,MRC_003,CUST-0352,PROC_C,card,US,7896,USD,2026-09-26,PAY-151287,posted
INT-LIVE-001288,2026-09-26T16:43:15,MRC_003,CUST-0290,PROC_C,wire,DE,17363,USD,2026-09-26,PAY-151288,posted
INT-LIVE-001289,2026-09-26T16:43:24,MRC_004,CUST-0072,PROC_C,wallet,US,11052,USD,2026-09-26,PAY-151289,posted
INT-LIVE-001290,2026-09-26T16:43:41,MRC_001,CUST-0127,PROC_A,ach,US,28167,EUR,2026-09-26,PAY-151290,posted
INT-LIVE-001291,2026-09-26T16:43:52,MRC_003,CUST-0043,PROC_C,card,CA,60566,GBP,2026-09-26,PAY-151291,posted
INT-LIVE-001292,2026-09-26T16:44:07,MRC_002,CUST-0270,PROC_C,card,US,11263,USD,2026-09-26,PAY-151292,posted
INT-LIVE-001293,2026-09-26T16:44:16,MRC_001,CUST-0127,PROC_B,card,US,8792,EUR,2026-09-26,PAY-151293,posted
INT-LIVE-001294,2026-09-26T16:44:40,MRC_005,CUST-0370,PROC_A,wallet,DE,29891,EUR,2026-09-26,PAY-151294,posted
INT-LIVE-001295,2026-09-26T16:45:08,MRC_004,CUST-0091,PROC_A,wallet,CA,11538,USD,2026-09-26,PAY-151295,posted
INT-LIVE-001296,2026-09-26T16:45:31,MRC_004,CUST-0377,PROC_C,wire,US,8758,USD,2026-09-26,PAY-151296,posted
INT-LIVE-001297,2026-09-26T16:46:06,MRC_001,CUST-0318,PROC_B,wallet,CA,9736,USD,2026-09-26,PAY-151297,posted
INT-LIVE-001298,2026-09-26T16:46:40,MRC_004,CUST-0261,PROC_C,ach,GB,3001,EUR,2026-09-26,PAY-151298,posted
INT-LIVE-001299,2026-09-26T16:46:51,MRC_005,CUST-0034,PROC_A,wallet,US,8245,USD,2026-09-26,PAY-151299,posted
INT-LIVE-001300,2026-09-26T16:47:15,MRC_004,CUST-0197,PROC_B,card,GB,21923,USD,2026-09-26,PAY-151300,posted
INT-LIVE-001301,2026-09-26T16:47:34,MRC_005,CUST-0194,PROC_B,card,DE,283045,USD,2026-09-26,PAY-151301,posted
INT-LIVE-001302,2026-09-26T16:48:05,MRC_001,CUST-0167,PROC_C,wallet,CA,9286,USD,2026-09-26,PAY-151302,posted
INT-LIVE-001303,2026-09-26T16:48:16,MRC_002,CUST-0237,PROC_B,ach,CA,12974,EUR,2026-09-26,PAY-151303,posted
INT-LIVE-001304,2026-09-26T16:48:32,MRC_001,CUST-0006,PROC_C,card,US,22303,USD,2026-09-26,PAY-151304,posted
INT-LIVE-001305,2026-09-26T16:49:03,MRC_005,CUST-0394,PROC_C,card,US,4392,USD,2026-09-26,PAY-151305,posted
INT-LIVE-001306,2026-09-26T16:49:38,MRC_001,CUST-0285,PROC_C,card,US,39149,USD,2026-09-26,PAY-151306,posted
INT-LIVE-001307,2026-09-26T16:50:03,MRC_003,CUST-0393,PROC_C,wire,DE,14547,EUR,2026-09-26,PAY-151307,posted
INT-LIVE-001308,2026-09-26T16:50:35,MRC_005,CUST-0110,PROC_C,wallet,US,10112,EUR,2026-09-26,PAY-151308,posted
INT-LIVE-001309,2026-09-26T16:50:45,MRC_001,CUST-0391,PROC_A,wire,US,25138,USD,2026-09-26,PAY-151309,posted
INT-LIVE-001310,2026-09-26T16:50:54,MRC_004,CUST-0395,PROC_A,ach,US,8666,USD,2026-09-26,PAY-151310,posted
INT-LIVE-001311,2026-09-26T16:51:24,MRC_001,CUST-0223,PROC_B,wire,GB,15028,USD,2026-09-26,PAY-151311,posted
INT-LIVE-001312,2026-09-26T16:51:57,MRC_005,CUST-0333,PROC_C,wire,US,33051,USD,2026-09-26,PAY-151312,posted
INT-LIVE-001313,2026-09-26T16:52:25,MRC_001,CUST-0372,PROC_B,wire,CA,15053,USD,2026-09-26,PAY-151313,posted
INT-LIVE-001314,2026-09-26T16:52:39,MRC_002,CUST-0062,PROC_A,card,GB,73086,USD,2026-09-26,PAY-151314,posted
INT-LIVE-001315,2026-09-26T16:53:05,MRC_005,CUST-0142,PROC_B,ach,CA,18788,USD,2026-09-26,PAY-151315,posted
INT-LIVE-001316,2026-09-26T16:53:14,MRC_003,CUST-0394,PROC_B,ach,US,39838,USD,2026-09-26,PAY-151316,posted
INT-LIVE-001317,2026-09-26T16:53:34,MRC_003,CUST-0102,PROC_B,ach,CA,69598,USD,2026-09-26,PAY-151317,posted
INT-LIVE-001318,2026-09-26T16:53:59,MRC_003,CUST-0240,PROC_A,ach,US,13069,USD,2026-09-26,PAY-151318,posted
INT-LIVE-001319,2026-09-26T16:54:33,MRC_001,CUST-0049,PROC_A,wire,US,10435,USD,2026-09-26,PAY-151319,posted
INT-LIVE-001320,2026-09-26T16:55:01,MRC_001,CUST-0085,PROC_C,wallet,US,17351,USD,2026-09-26,PAY-151320,posted
INT-LIVE-001321,2026-09-26T16:55:17,MRC_005,CUST-0012,PROC_A,ach,DE,9278,GBP,2026-09-26,PAY-151321,posted
INT-LIVE-001322,2026-09-26T16:55:52,MRC_001,CUST-0060,PROC_C,card,US,9011,USD,2026-09-26,PAY-151322,posted
INT-LIVE-001323,2026-09-26T16:56:14,MRC_003,CUST-0227,PROC_C,ach,CA,13873,USD,2026-09-26,PAY-151323,posted
INT-LIVE-001324,2026-09-26T16:56:35,MRC_003,CUST-0235,PROC_C,ach,US,20705,GBP,2026-09-26,PAY-151324,posted
INT-LIVE-001325,2026-09-26T16:56:44,MRC_002,CUST-0042,PROC_B,wallet,DE,19984,USD,2026-09-26,PAY-151325,posted
INT-LIVE-001326,2026-09-26T16:56:56,MRC_001,CUST-0184,PROC_C,card,GB,30939,GBP,2026-09-26,PAY-151326,posted
INT-LIVE-001327,2026-09-26T16:57:15,MRC_003,CUST-0226,PROC_A,wire,US,13225,USD,2026-09-26,PAY-151327,posted
INT-LIVE-001328,2026-09-26T16:57:36,MRC_003,CUST-0258,PROC_A,wallet,CA,8620,USD,2026-09-26,PAY-151328,posted
INT-LIVE-001329,2026-09-26T16:57:55,MRC_003,CUST-0338,PROC_A,wire,DE,3055,USD,2026-09-26,PAY-151329,posted
INT-LIVE-001330,2026-09-26T16:58:10,MRC_002,CUST-0083,PROC_B,ach,DE,13082,USD,2026-09-26,PAY-151330,posted
INT-LIVE-001331,2026-09-26T16:58:37,MRC_004,CUST-0319,PROC_B,ach,US,6259,USD,2026-09-26,PAY-151331,posted
INT-LIVE-001332,2026-09-26T16:59:01,MRC_005,CUST-0032,PROC_B,wire,US,27780,USD,2026-09-26,PAY-151332,posted
INT-LIVE-001333,2026-09-26T16:59:19,MRC_002,CUST-0149,PROC_C,card,US,13514,USD,2026-09-26,PAY-151333,posted
INT-LIVE-001334,2026-09-26T16:59:42,MRC_002,CUST-0283,PROC_B,wallet,US,17051,USD,2026-09-26,PAY-151334,posted
INT-LIVE-001335,2026-09-26T16:59:53,MRC_002,CUST-0358,PROC_A,wallet,US,2044,USD,2026-09-26,PAY-151335,posted
INT-LIVE-001336,2026-09-26T17:00:13,MRC_001,CUST-0227,PROC_A,card,US,123693,USD,2026-09-26,PAY-151336,posted
INT-LIVE-001337,2026-09-26T17:00:23,MRC_005,CUST-0024,PROC_C,wire,GB,1324,USD,2026-09-26,PAY-151337,posted
INT-LIVE-001338,2026-09-26T17:00:40,MRC_003,CUST-0322,PROC_A,wire,DE,16359,USD,2026-09-26,PAY-151338,posted
INT-LIVE-001339,2026-09-26T17:01:06,MRC_003,CUST-0031,PROC_A,card,DE,6186,USD,2026-09-26,PAY-151339,posted
INT-LIVE-001340,2026-09-26T17:01:17,MRC_002,CUST-0240,PROC_A,ach,CA,19313,USD,2026-09-26,PAY-151340,posted
INT-LIVE-001341,2026-09-26T17:01:26,MRC_002,CUST-0388,PROC_C,ach,DE,16906,EUR,2026-09-26,PAY-151341,posted
INT-LIVE-001342,2026-09-26T17:01:40,MRC_003,CUST-0249,PROC_C,ach,CA,9628,USD,2026-09-26,PAY-151342,posted
INT-LIVE-001343,2026-09-26T17:01:52,MRC_001,CUST-0338,PROC_C,card,CA,7319,USD,2026-09-26,PAY-151343,posted
INT-LIVE-001344,2026-09-26T17:02:02,MRC_001,CUST-0307,PROC_C,wire,US,27828,EUR,2026-09-26,PAY-151344,posted
INT-LIVE-001345,2026-09-26T17:02:33,MRC_005,CUST-0098,PROC_B,ach,DE,6886,EUR,2026-09-26,PAY-151345,posted
INT-LIVE-001346,2026-09-26T17:02:46,MRC_003,CUST-0123,PROC_B,ach,US,20471,USD,2026-09-26,PAY-151346,posted
INT-LIVE-001347,2026-09-26T17:02:55,MRC_005,CUST-0188,PROC_B,wallet,US,52667,USD,2026-09-26,PAY-151347,posted
INT-LIVE-001348,2026-09-26T17:03:09,MRC_003,CUST-0102,PROC_B,wallet,CA,60873,EUR,2026-09-26,PAY-151348,posted
INT-LIVE-001349,2026-09-26T17:03:17,MRC_005,CUST-0175,PROC_A,card,GB,6693,EUR,2026-09-26,PAY-151349,posted
INT-LIVE-001350,2026-09-26T17:03:37,MRC_005,CUST-0206,PROC_B,ach,US,36840,USD,2026-09-26,PAY-151350,posted
INT-LIVE-001351,2026-09-26T17:03:56,MRC_001,CUST-0388,PROC_C,ach,CA,9748,USD,2026-09-26,PAY-151351,posted
INT-LIVE-001352,2026-09-26T17:04:16,MRC_001,CUST-0231,PROC_B,wallet,GB,4453,USD,2026-09-26,PAY-151352,posted
INT-LIVE-001353,2026-09-26T17:04:33,MRC_004,CUST-0053,PROC_A,ach,US,3287,USD,2026-09-26,PAY-151353,posted
INT-LIVE-001354,2026-09-26T17:04:48,MRC_004,CUST-0263,PROC_C,ach,US,42467,USD,2026-09-26,PAY-151354,posted
INT-LIVE-001355,2026-09-26T17:05:10,MRC_005,CUST-0135,PROC_A,wire,US,12434,GBP,2026-09-26,PAY-151355,posted
INT-LIVE-001356,2026-09-26T17:05:31,MRC_002,CUST-0065,PROC_C,ach,GB,5939,USD,2026-09-26,PAY-151356,posted
INT-LIVE-001357,2026-09-26T17:06:04,MRC_005,CUST-0202,PROC_C,wire,US,16818,EUR,2026-09-26,PAY-151357,posted
INT-LIVE-001358,2026-09-26T17:06:27,MRC_004,CUST-0121,PROC_A,wallet,GB,58606,USD,2026-09-26,PAY-151358,posted
INT-LIVE-001359,2026-09-26T17:07:00,MRC_001,CUST-0028,PROC_B,ach,CA,5887,EUR,2026-09-26,PAY-151359,posted
INT-LIVE-001360,2026-09-26T17:07:09,MRC_005,CUST-0063,PROC_C,ach,DE,15482,USD,2026-09-26,PAY-151360,posted
INT-LIVE-001361,2026-09-26T17:07:28,MRC_003,CUST-0293,PROC_C,ach,DE,4510,USD,2026-09-26,PAY-151361,posted
INT-LIVE-001362,2026-09-26T17:08:02,MRC_005,CUST-0332,PROC_A,card,GB,18260,USD,2026-09-26,PAY-151362,posted
INT-LIVE-001363,2026-09-26T17:08:19,MRC_004,CUST-0130,PROC_C,wallet,US,61360,USD,2026-09-26,PAY-151363,posted
INT-LIVE-001364,2026-09-26T17:08:44,MRC_003,CUST-0178,PROC_A,wallet,DE,12811,GBP,2026-09-26,PAY-151364,posted
INT-LIVE-001365,2026-09-26T17:09:09,MRC_002,CUST-0085,PROC_C,wire,CA,6057,GBP,2026-09-26,PAY-151365,posted
INT-LIVE-001366,2026-09-26T17:09:17,MRC_004,CUST-0142,PROC_B,ach,US,18604,USD,2026-09-26,PAY-151366,posted
INT-LIVE-001367,2026-09-26T17:09:42,MRC_005,CUST-0164,PROC_A,card,GB,5882,USD,2026-09-26,PAY-151367,posted
INT-LIVE-001368,2026-09-26T17:09:52,MRC_003,CUST-0328,PROC_C,ach,US,4003,USD,2026-09-26,PAY-151368,posted
INT-LIVE-001369,2026-09-26T17:10:00,MRC_001,CUST-0165,PROC_A,card,US,12027,USD,2026-09-26,PAY-151369,posted
INT-LIVE-001370,2026-09-26T17:10:33,MRC_005,CUST-0029,PROC_B,ach,CA,18021,USD,2026-09-26,PAY-151370,posted
INT-LIVE-001371,2026-09-26T17:11:04,MRC_005,CUST-0327,PROC_A,wire,CA,5472,USD,2026-09-26,PAY-151371,posted
INT-LIVE-001372,2026-09-26T17:11:30,MRC_001,CUST-0182,PROC_C,ach,US,21285,USD,2026-09-26,PAY-151372,posted
INT-LIVE-001373,2026-09-26T17:12:02,MRC_002,CUST-0304,PROC_A,ach,CA,5574,USD,2026-09-26,PAY-151373,posted
INT-LIVE-001374,2026-09-26T17:12:35,MRC_005,CUST-0119,PROC_B,card,CA,30199,USD,2026-09-26,PAY-151374,posted
INT-LIVE-001375,2026-09-26T17:12:58,MRC_003,CUST-0377,PROC_B,card,US,2397,USD,2026-09-26,PAY-151375,posted
INT-LIVE-001376,2026-09-26T17:13:30,MRC_003,CUST-0065,PROC_B,card,GB,11274,USD,2026-09-26,PAY-151376,posted
INT-LIVE-001377,2026-09-26T17:13:41,MRC_002,CUST-0171,PROC_B,wire,DE,33964,GBP,2026-09-26,PAY-151377,posted
INT-LIVE-001378,2026-09-26T17:13:59,MRC_001,CUST-0258,PROC_B,wire,CA,5856,GBP,2026-09-26,PAY-151378,posted
INT-LIVE-001379,2026-09-26T17:14:10,MRC_004,CUST-0243,PROC_A,ach,US,15217,USD,2026-09-26,PAY-151379,posted
INT-LIVE-001380,2026-09-26T17:14:22,MRC_001,CUST-0308,PROC_B,card,US,33169,USD,2026-09-26,PAY-151380,posted
INT-LIVE-001381,2026-09-26T17:14:54,MRC_005,CUST-0148,PROC_B,wallet,US,9941,EUR,2026-09-26,PAY-151381,posted
INT-LIVE-001382,2026-09-26T17:15:26,MRC_005,CUST-0352,PROC_A,ach,US,11902,EUR,2026-09-26,PAY-151382,posted
INT-LIVE-001383,2026-09-26T17:15:44,MRC_004,CUST-0207,PROC_B,card,DE,6274,USD,2026-09-26,PAY-151383,posted
INT-LIVE-001384,2026-09-26T17:15:58,MRC_004,CUST-0124,PROC_C,ach,US,20448,USD,2026-09-26,PAY-151384,posted
INT-LIVE-001385,2026-09-26T17:16:20,MRC_003,CUST-0147,PROC_C,wallet,DE,12561,EUR,2026-09-26,PAY-151385,posted
INT-LIVE-001386,2026-09-26T17:16:49,MRC_005,CUST-0131,PROC_C,wire,GB,24679,GBP,2026-09-26,PAY-151386,posted
INT-LIVE-001387,2026-09-26T17:17:15,MRC_005,CUST-0065,PROC_B,wallet,US,12712,USD,2026-09-26,PAY-151387,posted
INT-LIVE-001388,2026-09-26T17:17:23,MRC_004,CUST-0347,PROC_B,card,US,9961,USD,2026-09-26,PAY-151388,posted
INT-LIVE-001389,2026-09-26T17:17:56,MRC_004,CUST-0051,PROC_B,ach,DE,24297,USD,2026-09-26,PAY-151389,posted
INT-LIVE-001390,2026-09-26T17:18:20,MRC_002,CUST-0091,PROC_C,card,GB,24340,EUR,2026-09-26,PAY-151390,posted
INT-LIVE-001391,2026-09-26T17:18:51,MRC_004,CUST-0141,PROC_B,wire,CA,27756,GBP,2026-09-26,PAY-151391,posted
INT-LIVE-001392,2026-09-26T17:19:16,MRC_004,CUST-0362,PROC_C,ach,US,21311,USD,2026-09-26,PAY-151392,posted
INT-LIVE-001393,2026-09-26T17:19:25,MRC_003,CUST-0223,PROC_A,wire,US,8986,USD,2026-09-26,PAY-151393,posted
INT-LIVE-001394,2026-09-26T17:19:51,MRC_002,CUST-0102,PROC_B,wallet,DE,30525,GBP,2026-09-26,PAY-151394,posted
INT-LIVE-001395,2026-09-26T17:20:05,MRC_005,CUST-0303,PROC_C,wallet,CA,16726,GBP,2026-09-26,PAY-151395,posted
INT-LIVE-001396,2026-09-26T17:20:39,MRC_005,CUST-0022,PROC_C,wallet,DE,2408,USD,2026-09-26,PAY-151396,posted
INT-LIVE-001397,2026-09-26T17:20:59,MRC_002,CUST-0021,PROC_B,card,US,2807,USD,2026-09-26,PAY-151397,posted
INT-LIVE-001398,2026-09-26T17:21:10,MRC_004,CUST-0070,PROC_B,wallet,US,28396,USD,2026-09-26,PAY-151398,posted
INT-LIVE-001399,2026-09-26T17:21:21,MRC_005,CUST-0089,PROC_B,ach,GB,45313,USD,2026-09-26,PAY-151399,posted
INT-LIVE-001400,2026-09-26T17:21:33,MRC_004,CUST-0184,PROC_B,card,US,2460,USD,2026-09-26,PAY-151400,posted
INT-LIVE-001401,2026-09-26T17:22:08,MRC_005,CUST-0138,PROC_A,wire,US,4243,EUR,2026-09-26,PAY-151401,posted
INT-LIVE-001402,2026-09-26T17:22:35,MRC_002,CUST-0175,PROC_B,card,US,9689,USD,2026-09-26,PAY-151402,posted
INT-LIVE-001403,2026-09-26T17:22:44,MRC_002,CUST-0186,PROC_C,wire,DE,33653,USD,2026-09-26,PAY-151403,posted
INT-LIVE-001404,2026-09-26T17:23:15,MRC_005,CUST-0356,PROC_C,card,US,7857,USD,2026-09-26,PAY-151404,posted
INT-LIVE-001405,2026-09-26T17:23:39,MRC_001,CUST-0023,PROC_A,wire,US,19475,GBP,2026-09-26,PAY-151405,posted
INT-LIVE-001406,2026-09-26T17:24:04,MRC_003,CUST-0120,PROC_A,wallet,GB,6862,EUR,2026-09-26,PAY-151406,posted
INT-LIVE-001407,2026-09-26T17:24:35,MRC_003,CUST-0287,PROC_B,card,DE,23139,USD,2026-09-26,PAY-151407,posted
INT-LIVE-001408,2026-09-26T17:25:03,MRC_004,CUST-0384,PROC_C,card,US,17273,USD,2026-09-26,PAY-151408,posted
INT-LIVE-001409,2026-09-26T17:25:18,MRC_002,CUST-0338,PROC_A,wire,GB,11312,USD,2026-09-26,PAY-151409,posted
INT-LIVE-001410,2026-09-26T17:25:53,MRC_003,CUST-0384,PROC_C,card,DE,11792,USD,2026-09-26,PAY-151410,posted
INT-LIVE-001411,2026-09-26T17:26:10,MRC_003,CUST-0310,PROC_C,wire,US,35901,GBP,2026-09-26,PAY-151411,posted
INT-LIVE-001412,2026-09-26T17:26:22,MRC_003,CUST-0113,PROC_A,card,US,31985,USD,2026-09-26,PAY-151412,posted
INT-LIVE-001413,2026-09-26T17:26:53,MRC_002,CUST-0256,PROC_B,card,US,9574,USD,2026-09-26,PAY-151413,posted
INT-LIVE-001414,2026-09-26T17:27:02,MRC_001,CUST-0308,PROC_A,ach,US,3170,USD,2026-09-26,PAY-151414,posted
INT-LIVE-001415,2026-09-26T17:27:37,MRC_001,CUST-0390,PROC_C,card,US,60870,GBP,2026-09-26,PAY-151415,posted
INT-LIVE-001416,2026-09-26T17:27:46,MRC_002,CUST-0200,PROC_C,wallet,US,8832,USD,2026-09-26,PAY-151416,posted
INT-LIVE-001417,2026-09-26T17:28:16,MRC_002,CUST-0116,PROC_C,wallet,US,22581,USD,2026-09-26,PAY-151417,posted
INT-LIVE-001418,2026-09-26T17:28:37,MRC_003,CUST-0344,PROC_C,card,GB,2768,EUR,2026-09-26,PAY-151418,posted
INT-LIVE-001419,2026-09-26T17:29:08,MRC_004,CUST-0186,PROC_B,wallet,US,9407,USD,2026-09-26,PAY-151419,posted
INT-LIVE-001420,2026-09-26T17:29:39,MRC_005,CUST-0240,PROC_A,wire,US,2867,USD,2026-09-26,PAY-151420,posted
INT-LIVE-001421,2026-09-26T17:29:57,MRC_003,CUST-0243,PROC_C,wire,DE,12562,USD,2026-09-26,PAY-151421,posted
INT-LIVE-001422,2026-09-26T17:30:05,MRC_001,CUST-0232,PROC_A,ach,US,46748,USD,2026-09-26,PAY-151422,posted
INT-LIVE-001423,2026-09-26T17:30:39,MRC_002,CUST-0148,PROC_C,ach,US,41615,EUR,2026-09-26,PAY-151423,posted
INT-LIVE-001424,2026-09-26T17:31:08,MRC_004,CUST-0312,PROC_C,wire,DE,4317,USD,2026-09-26,PAY-151424,posted
INT-LIVE-001425,2026-09-26T17:31:32,MRC_004,CUST-0349,PROC_B,card,DE,7256,EUR,2026-09-26,PAY-151425,posted
INT-LIVE-001426,2026-09-26T17:32:04,MRC_001,CUST-0277,PROC_C,ach,US,21025,USD,2026-09-26,PAY-151426,posted
INT-LIVE-001427,2026-09-26T17:32:28,MRC_001,CUST-0350,PROC_B,ach,US,20672,USD,2026-09-26,PAY-151427,posted
INT-LIVE-001428,2026-09-26T17:32:40,MRC_004,CUST-0072,PROC_A,wire,US,28265,USD,2026-09-26,PAY-151428,posted
INT-LIVE-001429,2026-09-26T17:33:13,MRC_005,CUST-0280,PROC_C,ach,DE,4465,GBP,2026-09-26,PAY-151429,posted
INT-LIVE-001430,2026-09-26T17:33:39,MRC_003,CUST-0127,PROC_B,wallet,US,10576,USD,2026-09-26,PAY-151430,posted
INT-LIVE-001431,2026-09-26T17:34:14,MRC_005,CUST-0299,PROC_C,wire,US,12514,USD,2026-09-26,PAY-151431,posted
INT-LIVE-001432,2026-09-26T17:34:29,MRC_002,CUST-0307,PROC_C,card,DE,2981,USD,2026-09-26,PAY-151432,posted
INT-LIVE-001433,2026-09-26T17:35:04,MRC_004,CUST-0226,PROC_C,wire,CA,5330,USD,2026-09-26,PAY-151433,posted
INT-LIVE-001434,2026-09-26T17:35:36,MRC_004,CUST-0094,PROC_A,wire,US,5582,USD,2026-09-26,PAY-151434,posted
INT-LIVE-001435,2026-09-26T17:35:50,MRC_004,CUST-0045,PROC_A,wallet,US,35295,GBP,2026-09-26,PAY-151435,posted
INT-LIVE-001436,2026-09-26T17:35:58,MRC_001,CUST-0057,PROC_A,ach,US,18178,USD,2026-09-26,PAY-151436,posted
INT-LIVE-001437,2026-09-26T17:36:31,MRC_002,CUST-0326,PROC_C,ach,GB,11064,EUR,2026-09-26,PAY-151437,posted
INT-LIVE-001438,2026-09-26T17:36:46,MRC_001,CUST-0293,PROC_C,wire,US,13449,GBP,2026-09-26,PAY-151438,posted
INT-LIVE-001439,2026-09-26T17:37:03,MRC_003,CUST-0206,PROC_C,wallet,CA,38467,GBP,2026-09-26,PAY-151439,posted
INT-LIVE-001440,2026-09-26T17:37:19,MRC_003,CUST-0152,PROC_C,wire,GB,27945,USD,2026-09-26,PAY-151440,posted
INT-LIVE-001441,2026-09-26T17:37:41,MRC_005,CUST-0318,PROC_B,card,US,20469,EUR,2026-09-26,PAY-151441,posted
INT-LIVE-001442,2026-09-26T17:38:04,MRC_002,CUST-0088,PROC_C,wallet,US,4336,USD,2026-09-26,PAY-151442,posted
INT-LIVE-001443,2026-09-26T17:38:14,MRC_002,CUST-0214,PROC_C,wire,GB,11177,EUR,2026-09-26,PAY-151443,posted
INT-LIVE-001444,2026-09-26T17:38:35,MRC_001,CUST-0316,PROC_C,wire,US,9623,EUR,2026-09-26,PAY-151444,posted
INT-LIVE-001445,2026-09-26T17:39:10,MRC_003,CUST-0298,PROC_B,card,CA,27110,EUR,2026-09-26,PAY-151445,posted
INT-LIVE-001446,2026-09-26T17:39:39,MRC_004,CUST-0194,PROC_B,ach,DE,13311,EUR,2026-09-26,PAY-151446,posted
INT-LIVE-001447,2026-09-26T17:40:05,MRC_005,CUST-0137,PROC_B,wallet,US,13951,USD,2026-09-26,PAY-151447,posted
INT-LIVE-001448,2026-09-26T17:40:15,MRC_005,CUST-0260,PROC_C,wallet,CA,40270,EUR,2026-09-26,PAY-151448,posted
INT-LIVE-001449,2026-09-26T17:40:35,MRC_004,CUST-0283,PROC_C,wire,US,18476,USD,2026-09-26,PAY-151449,posted
INT-LIVE-001450,2026-09-26T17:40:54,MRC_002,CUST-0292,PROC_C,wallet,CA,12560,EUR,2026-09-26,PAY-151450,posted
INT-LIVE-001451,2026-09-26T17:41:08,MRC_001,CUST-0015,PROC_C,card,US,15011,EUR,2026-09-26,PAY-151451,posted
INT-LIVE-001452,2026-09-26T17:41:40,MRC_004,CUST-0288,PROC_C,wire,US,115625,USD,2026-09-26,PAY-151452,posted
INT-LIVE-001453,2026-09-26T17:41:55,MRC_002,CUST-0210,PROC_B,wire,US,2011,USD,2026-09-26,PAY-151453,posted
INT-LIVE-001454,2026-09-26T17:42:24,MRC_001,CUST-0324,PROC_B,wire,US,15783,EUR,2026-09-26,PAY-151454,posted
INT-LIVE-001455,2026-09-26T17:42:57,MRC_001,CUST-0276,PROC_C,card,CA,11459,USD,2026-09-26,PAY-151455,posted
INT-LIVE-001456,2026-09-26T17:43:10,MRC_005,CUST-0232,PROC_C,wallet,GB,17884,USD,2026-09-26,PAY-151456,posted
INT-LIVE-001457,2026-09-26T17:43:38,MRC_004,CUST-0060,PROC_C,card,DE,4796,USD,2026-09-26,PAY-151457,posted
INT-LIVE-001458,2026-09-26T17:44:01,MRC_004,CUST-0050,PROC_B,ach,US,43762,USD,2026-09-26,PAY-151458,posted
INT-LIVE-001459,2026-09-26T17:44:26,MRC_003,CUST-0135,PROC_A,card,US,2594,GBP,2026-09-26,PAY-151459,posted
INT-LIVE-001460,2026-09-26T17:44:56,MRC_004,CUST-0165,PROC_B,ach,US,8478,EUR,2026-09-26,PAY-151460,posted
INT-LIVE-001461,2026-09-26T17:45:08,MRC_002,CUST-0355,PROC_A,card,US,12710,GBP,2026-09-26,PAY-151461,posted
INT-LIVE-001462,2026-09-26T17:45:25,MRC_004,CUST-0114,PROC_C,wire,US,105926,GBP,2026-09-26,PAY-151462,posted
INT-LIVE-001463,2026-09-26T17:45:53,MRC_002,CUST-0220,PROC_B,card,GB,7439,USD,2026-09-26,PAY-151463,posted
INT-LIVE-001464,2026-09-26T17:46:11,MRC_004,CUST-0197,PROC_A,wire,US,22869,USD,2026-09-26,PAY-151464,posted
INT-LIVE-001465,2026-09-26T17:46:28,MRC_003,CUST-0387,PROC_A,wire,GB,21907,GBP,2026-09-26,PAY-151465,posted
INT-LIVE-001466,2026-09-26T17:46:38,MRC_005,CUST-0378,PROC_C,card,US,15723,GBP,2026-09-26,PAY-151466,posted
INT-LIVE-001467,2026-09-26T17:47:08,MRC_003,CUST-0196,PROC_B,wire,GB,7895,USD,2026-09-26,PAY-151467,posted
INT-LIVE-001468,2026-09-26T17:47:23,MRC_005,CUST-0305,PROC_C,wallet,CA,18368,USD,2026-09-26,PAY-151468,posted
INT-LIVE-001469,2026-09-26T17:47:31,MRC_005,CUST-0023,PROC_C,card,GB,14853,USD,2026-09-26,PAY-151469,posted
INT-LIVE-001470,2026-09-26T17:47:53,MRC_004,CUST-0093,PROC_A,card,US,84437,USD,2026-09-26,PAY-151470,posted
INT-LIVE-001471,2026-09-26T17:48:03,MRC_001,CUST-0212,PROC_B,card,GB,18093,GBP,2026-09-26,PAY-151471,posted
INT-LIVE-001472,2026-09-26T17:48:12,MRC_002,CUST-0251,PROC_A,card,US,25343,USD,2026-09-26,PAY-151472,posted
INT-LIVE-001473,2026-09-26T17:48:43,MRC_002,CUST-0222,PROC_A,wallet,DE,12862,USD,2026-09-26,PAY-151473,posted
INT-LIVE-001474,2026-09-26T17:49:04,MRC_003,CUST-0308,PROC_A,wallet,CA,65020,USD,2026-09-26,PAY-151474,posted
INT-LIVE-001475,2026-09-26T17:49:27,MRC_003,CUST-0044,PROC_B,wallet,GB,20378,GBP,2026-09-26,PAY-151475,posted
INT-LIVE-001476,2026-09-26T17:49:43,MRC_005,CUST-0022,PROC_C,wallet,US,7609,USD,2026-09-26,PAY-151476,posted
INT-LIVE-001477,2026-09-26T17:49:59,MRC_003,CUST-0061,PROC_C,card,US,40890,USD,2026-09-26,PAY-151477,posted
INT-LIVE-001478,2026-09-26T17:50:30,MRC_004,CUST-0387,PROC_B,card,US,17482,USD,2026-09-26,PAY-151478,posted
INT-LIVE-001479,2026-09-26T17:50:44,MRC_001,CUST-0120,PROC_A,wallet,US,3592,USD,2026-09-26,PAY-151479,posted
INT-LIVE-001480,2026-09-26T17:51:12,MRC_004,CUST-0359,PROC_A,wallet,US,8885,EUR,2026-09-26,PAY-151480,posted
INT-LIVE-001481,2026-09-26T17:51:24,MRC_004,CUST-0357,PROC_B,ach,DE,55392,GBP,2026-09-26,PAY-151481,posted
INT-LIVE-001482,2026-09-26T17:51:37,MRC_003,CUST-0283,PROC_A,ach,DE,20988,USD,2026-09-26,PAY-151482,posted
INT-LIVE-001483,2026-09-26T17:52:04,MRC_004,CUST-0249,PROC_B,wallet,US,11868,USD,2026-09-26,PAY-151483,posted
INT-LIVE-001484,2026-09-26T17:52:39,MRC_005,CUST-0108,PROC_B,wallet,US,5582,EUR,2026-09-26,PAY-151484,posted
INT-LIVE-001485,2026-09-26T17:52:55,MRC_005,CUST-0146,PROC_C,wire,US,20020,GBP,2026-09-26,PAY-151485,posted
INT-LIVE-001486,2026-09-26T17:53:08,MRC_004,CUST-0166,PROC_C,wallet,CA,30901,EUR,2026-09-26,PAY-151486,posted
INT-LIVE-001487,2026-09-26T17:53:39,MRC_003,CUST-0321,PROC_C,card,CA,8520,USD,2026-09-26,PAY-151487,posted
INT-LIVE-001488,2026-09-26T17:54:01,MRC_002,CUST-0355,PROC_A,wire,DE,23330,EUR,2026-09-26,PAY-151488,posted
INT-LIVE-001489,2026-09-26T17:54:25,MRC_005,CUST-0037,PROC_C,ach,CA,11901,USD,2026-09-26,PAY-151489,posted
INT-LIVE-001490,2026-09-26T17:54:41,MRC_001,CUST-0364,PROC_C,ach,GB,11911,USD,2026-09-26,PAY-151490,posted
INT-LIVE-001491,2026-09-26T17:55:08,MRC_004,CUST-0221,PROC_B,wire,US,8390,USD,2026-09-26,PAY-151491,posted
INT-LIVE-001492,2026-09-26T17:55:40,MRC_001,CUST-0191,PROC_C,ach,US,4456,GBP,2026-09-26,PAY-151492,posted
INT-LIVE-001493,2026-09-26T17:55:57,MRC_003,CUST-0181,PROC_C,ach,DE,5628,USD,2026-09-26,PAY-151493,posted
INT-LIVE-001494,2026-09-26T17:56:27,MRC_004,CUST-0010,PROC_C,wallet,US,4640,USD,2026-09-26,PAY-151494,posted
INT-LIVE-001495,2026-09-26T17:56:50,MRC_004,CUST-0397,PROC_B,wallet,US,34171,USD,2026-09-26,PAY-151495,posted
INT-LIVE-001496,2026-09-26T17:57:17,MRC_003,CUST-0259,PROC_C,wallet,US,16849,GBP,2026-09-26,PAY-151496,posted
INT-LIVE-001497,2026-09-26T17:57:39,MRC_004,CUST-0281,PROC_C,wire,CA,110781,USD,2026-09-26,PAY-151497,posted
INT-LIVE-001498,2026-09-26T17:57:54,MRC_004,CUST-0124,PROC_B,wire,CA,4132,USD,2026-09-26,PAY-151498,posted
INT-LIVE-001499,2026-09-26T17:58:12,MRC_003,CUST-0366,PROC_C,ach,CA,7103,USD,2026-09-26,PAY-151499,posted
