processor_record_id,received_time,merchant_id,customer_id,processor,channel,country,amount_cents,currency,settlement_date,reference,status
SET-LIVE-000000,2026-09-26T09:01:35,MRC_004,CUST-0247,PROC_C,wallet,US,15519,USD,2026-09-26,PAY-150000,settled
SET-LIVE-000001,2026-09-26T09:32:06,MRC_003,CUST-0301,PROC_A,wallet,US,1497,GBP,2026-09-26,PAY-150001,settled
SET-LIVE-000002,2026-09-26T09:03:30,MRC_004,CUST-0171,PROC_C,ach,GB,35898,EUR,2026-09-26,PAY-150002,settled
SET-LIVE-000003,2026-09-26T09:50:56,MRC_003,CUST-0301,PROC_C,card,DE,8914,GBP,2026-09-27,PAY-150003,settled
SET-LIVE-000004,2026-09-26T09:26:11,MRC_005,CUST-0257,PROC_C,ach,DE,5998,USD,2026-09-26,PAY-150004,settled
SET-LIVE-000005,2026-09-26T09:18:39,MRC_001,CUST-0323,PROC_B,card,CA,30277,USD,2026-09-26,PAY-150005,settled
SET-LIVE-000006,2026-09-26T09:25:08,MRC_004,CUST-0001,PROC_B,wire,CA,8254,GBP,2026-09-26,PAY-150006,settled
SET-LIVE-000007,2026-09-26T09:32:28,MRC_004,CUST-0224,PROC_B,ach,GB,59458,USD,2026-09-27,PAY-150007,settled
SET-LIVE-000008,2026-09-26T09:59:00,MRC_002,CUST-0389,PROC_B,ach,US,20355,GBP,2026-09-26,PAY-150008,settled
SET-LIVE-000009,2026-09-26T09:56:15,MRC_005,CUST-0072,PROC_B,wallet,US,19926,USD,2026-09-26,PAY-150009,settled
SET-LIVE-000010,2026-09-26T09:19:24,MRC_003,CUST-0277,PROC_B,wallet,US,31116,GBP,2026-09-26,PAY-150010,settled
SET-LIVE-000011,2026-09-26T09:46:51,MRC_001,CUST-0265,PROC_C,wallet,DE,5094,USD,2026-09-26,PAY-150011,settled
SET-LIVE-000012,2026-09-26T09:50:12,MRC_003,CUST-0027,PROC_C,wire,US,11226,USD,2026-09-26,PAY-150012,settled
SET-LIVE-000013,2026-09-26T09:30:25,MRC_003,CUST-0085,PROC_C,wallet,CA,43516,USD,2026-09-26,PAY-150013,settled
SET-LIVE-000014,2026-09-26T09:54:43,MRC_001,CUST-0125,PROC_C,wallet,US,16895,USD,2026-09-26,PAY-150014,settled
SET-LIVE-000015,2026-09-26T10:04:11,MRC_004,CUST-0241,PROC_C,wire,GB,4476,EUR,2026-09-26,PAY-150015,settled
SET-LIVE-000016,2026-09-26T09:31:39,MRC_002,CUST-0313,PROC_B,wallet,DE,14107,USD,2026-09-26,PAY-150016,settled
SET-LIVE-000017,2026-09-26T09:55:08,MRC_004,CUST-0373,PROC_B,wire,US,33249,USD,2026-09-26,PAY-150017,settled
SET-LIVE-000018,2026-09-26T09:10:25,MRC_002,CUST-0167,PROC_C,ach,US,23859,USD,2026-09-26,PAY-150018,settled
SET-LIVE-000019,2026-09-26T09:41:47,MRC_001,CUST-0256,PROC_B,card,DE,8195,USD,2026-09-26,PAY-150019,settled
SET-LIVE-000020,2026-09-26T10:03:12,MRC_004,CUST-0323,PROC_C,ach,DE,297567,GBP,2026-09-26,PAY-150020,settled
SET-LIVE-000021,2026-09-26T09:13:32,MRC_005,CUST-0392,PROC_A,ach,GB,17932,USD,2026-09-26,PAY-150021,settled
SET-LIVE-000022,2026-09-26T09:55:01,MRC_004,CUST-0252,PROC_B,wire,CA,19058,USD,2026-09-26,PAY-150022,settled
SET-LIVE-000023,2026-09-26T09:13:22,MRC_003,CUST-0376,PROC_B,wallet,US,13407,USD,2026-09-26,PAY-150023,settled
SET-LIVE-000024,2026-09-26T09:32:38,MRC_005,CUST-0326,PROC_A,wallet,US,5483,USD,2026-09-26,PAY-150024,settled
SET-LIVE-000025,2026-09-26T09:35:04,MRC_004,CUST-0369,PROC_A,ach,GB,10073,GBP,2026-09-26,PAY-150025,settled
SET-LIVE-000026,2026-09-26T09:24:33,MRC_002,CUST-0013,PROC_B,wallet,GB,8298,USD,2026-09-26,PAY-150026,settled
SET-LIVE-000027,2026-09-26T09:28:08,MRC_001,CUST-0162,PROC_B,ach,US,137014,EUR,2026-09-26,PAY-150027,settled
SET-LIVE-000028,2026-09-26T09:36:20,MRC_002,CUST-0182,PROC_C,card,CA,11620,USD,2026-09-26,PAY-150028,settled
SET-LIVE-000029,2026-09-26T09:37:51,MRC_002,CUST-0152,PROC_C,ach,US,5377,USD,2026-09-26,PAY-150029,settled
SET-LIVE-000030,2026-09-26T09:56:22,MRC_004,CUST-0397,PROC_A,wallet,US,25106,USD,2026-09-26,PAY-150030,settled
SET-LIVE-000031,2026-09-26T09:42:33,MRC_005,CUST-0362,PROC_C,card,GB,14185,USD,2026-09-26,PAY-150031,settled
SET-LIVE-000032,2026-09-26T09:20:55,MRC_003,CUST-0071,PROC_A,wire,CA,9165,USD,2026-09-26,PAY-150032,settled
SET-LIVE-000033,2026-09-26T09:50:15,MRC_003,CUST-0393,PROC_C,card,DE,22862,EUR,2026-09-26,PAY-150033,settled
SET-LIVE-000034,2026-09-26T10:01:33,MRC_005,CUST-0311,PROC_A,card,US,30767,GBP,2026-09-26,PAY-150034,settled
SET-LIVE-000035,2026-09-26T09:50:04,MRC_005,CUST-0390,PROC_B,wallet,DE,2533,USD,2026-09-26,PAY-150035,settled
SET-LIVE-000036,2026-09-26T09:19:27,MRC_005,CUST-0339,PROC_B,ach,US,32998,USD,2026-09-26,PAY-150036,settled
SET-LIVE-000037,2026-09-26T10:11:02,MRC_005,CUST-0185,PROC_A,wallet,US,11030,GBP,2026-09-26,PAY-150037,settled
SET-LIVE-000038,2026-09-26T09:55:20,MRC_002,CUST-0077,PROC_B,ach,US,18438,USD,2026-09-26,PAY-150038,settled
SET-LIVE-000039,2026-09-26T10:01:47,MRC_003,CUST-0254,PROC_B,wire,GB,4036,USD,2026-09-27,PAY-150039,settled
SET-LIVE-000040,2026-09-26T09:33:07,MRC_005,CUST-0052,PROC_B,wire,US,5594,USD,2026-09-26,PAY-150040,settled
SET-LIVE-000041,2026-09-26T09:19:37,MRC_005,CUST-0298,PROC_B,wire,US,4851,GBP,2026-09-26,PAY-150041,settled
SET-LIVE-000042,2026-09-26T10:14:01,MRC_002,CUST-0091,PROC_A,wallet,US,21890,USD,2026-09-26,PAY-150042,settled
SET-LIVE-000043,2026-09-26T09:46:15,MRC_005,CUST-0258,PROC_B,card,GB,5953,USD,2026-09-26,PAY-150043,settled
SET-LIVE-000044,2026-09-26T09:38:28,MRC_005,CUST-0007,PROC_B,ach,US,11471,USD,2026-09-26,PAY-150044,settled
SET-LIVE-000045,2026-09-26T09:27:46,MRC_005,CUST-0016,PROC_B,ach,US,11395,USD,2026-09-26,PAY-150045,settled
SET-LIVE-000046,2026-09-26T10:08:10,MRC_003,CUST-0133,PROC_A,card,US,10104,USD,2026-09-26,PAY-150046,settled
SET-LIVE-000047,2026-09-26T10:16:40,MRC_005,CUST-0252,PROC_C,wallet,US,5997,USD,2026-09-26,PAY-150047,settled
SET-LIVE-000048,2026-09-26T09:47:07,MRC_002,CUST-0122,PROC_B,ach,DE,66636,USD,2026-09-26,PAY-150048,settled
SET-LIVE-000049,2026-09-26T09:46:36,MRC_004,CUST-0241,PROC_A,wallet,US,11592,GBP,2026-09-26,PAY-150049,settled
SET-LIVE-000050,2026-09-26T09:27:03,MRC_004,CUST-0178,PROC_A,wire,CA,30450,EUR,2026-09-26,PAY-150050,settled
SET-LIVE-000051,2026-09-26T10:03:31,MRC_003,CUST-0296,PROC_B,card,DE,11475,USD,2026-09-26,PAY-150051,settled
SET-LIVE-000052,2026-09-26T10:14:02,MRC_002,CUST-0332,PROC_C,wallet,DE,15730,EUR,2026-09-26,PAY-150052,settled
SET-LIVE-000053,2026-09-26T09:45:25,MRC_002,CUST-0191,PROC_C,wallet,DE,28881,EUR,2026-09-26,PAY-150053,settled
SET-LIVE-000054,2026-09-26T09:21:38,MRC_005,CUST-0200,PROC_B,wallet,CA,7523,GBP,2026-09-26,PAY-150054,settled
SET-LIVE-000055,2026-09-26T10:04:56,MRC_001,CUST-0332,PROC_B,card,US,18017,USD,2026-09-26,PAY-150055,settled
SET-LIVE-000056,2026-09-26T09:27:14,MRC_001,CUST-0353,PROC_A,ach,CA,5709,EUR,2026-09-26,PAY150056,settled
SET-LIVE-000057,2026-09-26T10:08:38,MRC_002,CUST-0261,PROC_C,card,CA,13754,USD,2026-09-26,PAY-150057,settled
SET-LIVE-000058,2026-09-26T09:27:11,MRC_001,CUST-0238,PROC_B,card,US,15230,USD,2026-09-26,PAY-150058,settled
SET-LIVE-000059,2026-09-26T10:02:36,MRC_004,CUST-0001,PROC_C,card,US,5818,USD,2026-09-26,PAY-150059,settled
SET-LIVE-000060,2026-09-26T10:10:56,MRC_004,CUST-0394,PROC_B,wallet,DE,4091,GBP,2026-09-26,PAY-150060,settled
SET-LIVE-000061,2026-09-26T09:43:23,MRC_002,CUST-0072,PROC_B,wallet,CA,11703,GBP,2026-09-26,PAY-150061,settled
SET-LIVE-000062,2026-09-26T10:13:47,MRC_004,CUST-0026,PROC_C,ach,DE,3234,USD,2026-09-26,PAY-150062,settled
SET-LIVE-000063,2026-09-26T09:54:14,MRC_003,CUST-0028,PROC_C,wallet,US,6411,USD,2026-09-26,PAY-150063,settled
SET-LIVE-000064,2026-09-26T10:00:27,MRC_005,CUST-0118,PROC_B,wallet,CA,3914,USD,2026-09-26,PAY-150064,settled
SET-LIVE-000065,2026-09-26T09:29:45,MRC_005,CUST-0009,PROC_B,wallet,US,15919,USD,2026-09-26,PAY-150065,settled
SET-LIVE-000066,2026-09-26T09:57:04,MRC_001,CUST-0340,PROC_B,card,CA,33271,USD,2026-09-26,PAY-150066,settled
SET-LIVE-000067,2026-09-26T09:45:34,MRC_002,CUST-0145,PROC_B,wire,US,6273,EUR,2026-09-26,PAY-150067,settled
SET-LIVE-000068,2026-09-26T09:48:48,MRC_005,CUST-0380,PROC_A,wallet,GB,6025,USD,2026-09-26,PAY-150068,settled
SET-LIVE-000069,2026-09-26T10:10:13,MRC_001,CUST-0066,PROC_A,ach,CA,10410,USD,2026-09-26,PAY-150069,settled
SET-LIVE-000070,2026-09-26T10:11:29,MRC_004,CUST-0075,PROC_C,wire,US,4379,USD,2026-09-26,PAY-150070,settled
SET-LIVE-000071,2026-09-26T10:22:43,MRC_001,CUST-0147,PROC_C,wallet,US,18728,USD,2026-09-26,PAY-150071,settled
SET-LIVE-000072,2026-09-26T10:24:54,MRC_003,CUST-0137,PROC_C,card,US,8368,USD,2026-09-26,PAY-150072,settled
SET-LIVE-000073,2026-09-26T10:01:06,MRC_005,CUST-0332,PROC_A,card,CA,3336,USD,2026-09-26,PAY-150073,settled
SET-LIVE-000074,2026-09-26T09:42:19,MRC_002,CUST-0220,PROC_A,ach,DE,34285,GBP,2026-09-26,PAY-150074,settled
SET-LIVE-000075,2026-09-26T10:19:43,MRC_005,CUST-0368,PROC_A,wallet,US,96988,USD,2026-09-26,PAY-150075,settled
SET-LIVE-000076,2026-09-26T10:19:07,MRC_003,CUST-0087,PROC_A,wire,CA,19051,USD,2026-09-26,PAY-150076,settled
SET-LIVE-000077,2026-09-26T09:49:42,MRC_004,CUST-0308,PROC_C,wire,CA,55990,USD,2026-09-26,PAY-150077,settled
SET-LIVE-000078,2026-09-26T10:11:00,MRC_004,CUST-0388,PROC_A,wallet,US,23332,EUR,2026-09-26,PAY-150078,settled
SET-LIVE-000079,2026-09-26T10:14:26,MRC_005,CUST-0366,PROC_B,wire,US,6133,EUR,2026-09-26,PAY-150079,settled
SET-LIVE-000080,2026-09-26T10:04:56,MRC_002,CUST-0277,PROC_A,wire,CA,9371,USD,2026-09-26,PAY-150080,settled
SET-LIVE-000081,2026-09-26T09:31:04,MRC_001,CUST-0295,PROC_B,wire,GB,20708,GBP,2026-09-26,PAY-150081,settled
SET-LIVE-000082,2026-09-26T09:43:19,MRC_003,CUST-0212,PROC_B,wallet,CA,22596,USD,2026-09-27,PAY-150082,settled
SET-LIVE-000083,2026-09-26T09:57:27,MRC_001,CUST-0319,PROC_B,wallet,CA,2744,USD,2026-09-26,PAY-150083,settled
SET-LIVE-000084,2026-09-26T10:16:38,MRC_001,CUST-0246,PROC_A,card,DE,18442,USD,2026-09-26,PAY-150084,settled
SET-LIVE-000085,2026-09-26T10:21:59,MRC_005,CUST-0240,PROC_B,wire,GB,15554,GBP,2026-09-26,PAY-150085,settled
SET-LIVE-000086,2026-09-26T10:07:12,MRC_004,CUST-0216,PROC_C,ach,US,1409,GBP,2026-09-26,PAY-150086,settled
SET-LIVE-000087,2026-09-26T10:11:38,MRC_005,CUST-0252,PROC_A,wallet,US,7613,GBP,2026-09-26,PAY-150087,settled
SET-LIVE-000088,2026-09-26T09:41:04,MRC_002,CUST-0245,PROC_C,card,US,23847,USD,2026-09-26,PAY-150088,settled
SET-LIVE-000089,2026-09-26T09:33:20,MRC_005,CUST-0035,PROC_A,wire,US,11744,USD,2026-09-26,PAY-150089,settled
SET-LIVE-000090,2026-09-26T09:36:34,MRC_004,CUST-0062,PROC_A,ach,GB,2058,USD,2026-09-26,PAY-150090,settled
SET-LIVE-000091,2026-09-26T09:51:51,MRC_004,CUST-0358,PROC_A,wire,US,9927,USD,2026-09-26,PAY-150091,settled
SET-LIVE-000092,2026-09-26T10:01:09,MRC_002,CUST-0239,PROC_B,ach,CA,1994,USD,2026-09-26,PAY-150092,settled
SET-LIVE-000093,2026-09-26T09:35:37,MRC_002,CUST-0024,PROC_A,wire,GB,15666,USD,2026-09-26,PAY-150093,settled
SET-LIVE-000094,2026-09-26T09:55:00,MRC_004,CUST-0080,PROC_A,ach,US,11870,USD,2026-09-26,PAY-150094,settled
SET-LIVE-000095,2026-09-26T09:46:15,MRC_004,CUST-0247,PROC_A,wallet,GB,21741,USD,2026-09-26,PAY-150095,settled
SET-LIVE-000096,2026-09-26T10:31:34,MRC_004,CUST-0369,PROC_B,wallet,CA,8283,USD,2026-09-26,PAY-150096,settled
SET-LIVE-000097,2026-09-26T10:22:05,MRC_002,CUST-0386,PROC_C,wire,CA,6048,GBP,2026-09-26,PAY-150097,settled
SET-LIVE-000098,2026-09-26T10:29:15,MRC_005,CUST-0379,PROC_C,card,DE,18402,USD,2026-09-26,PAY-150098,settled
SET-LIVE-000099,2026-09-26T10:19:34,MRC_005,CUST-0098,PROC_B,ach,DE,18630,USD,2026-09-26,PAY-150099,settled
SET-LIVE-000100,2026-09-26T10:06:53,MRC_002,CUST-0197,PROC_C,wallet,DE,42401,USD,2026-09-26,PAY-150100,settled
SET-LIVE-000101,2026-09-26T09:58:12,MRC_002,CUST-0303,PROC_A,card,DE,9088,EUR,2026-09-26,PAY-150101-SETTLED,settled
SET-LIVE-000102,2026-09-26T09:40:31,MRC_005,CUST-0180,PROC_C,wire,DE,28704,USD,2026-09-26,PAY-150102,settled
SET-LIVE-000103,2026-09-26T10:26:44,MRC_005,CUST-0370,PROC_B,wallet,US,26684,USD,2026-09-26,PAY-150103,settled
SET-LIVE-000104,2026-09-26T10:18:56,MRC_003,CUST-0364,PROC_A,ach,US,5956,EUR,2026-09-26,PAY-150104,settled
SET-LIVE-000105,2026-09-26T09:59:19,MRC_002,CUST-0218,PROC_C,wire,CA,38930,USD,2026-09-26,PAY-150105,settled
SET-LIVE-000106,2026-09-26T10:07:39,MRC_002,CUST-0074,PROC_A,ach,GB,1212,USD,2026-09-26,P/150106,settled
SET-LIVE-000107,2026-09-26T09:45:02,MRC_002,CUST-0026,PROC_C,wallet,GB,14255,EUR,2026-09-26,PAY-150107,settled
SET-LIVE-000108,2026-09-26T10:34:34,MRC_005,CUST-0275,PROC_B,card,US,20937,USD,2026-09-26,PAY-150108,settled
SET-LIVE-000109,2026-09-26T10:31:57,MRC_005,CUST-0210,PROC_C,card,US,15742,USD,2026-09-26,PAY-150109,settled
SET-LIVE-000110,2026-09-26T10:31:23,MRC_003,CUST-0380,PROC_B,wallet,US,48327,USD,2026-09-26,PAY-150110,settled
SET-LIVE-000111,2026-09-26T10:12:55,MRC_004,CUST-0186,PROC_A,card,DE,26475,USD,2026-09-26,PAY-150111,settled
SET-LIVE-000112,2026-09-26T10:03:19,MRC_001,CUST-0237,PROC_A,ach,US,14260,USD,2026-09-26,PAY-150112,settled
SET-LIVE-000113,2026-09-26T09:56:35,MRC_004,CUST-0163,PROC_B,wallet,DE,16409,USD,2026-09-26,PAY-150113,settled
SET-LIVE-000114,2026-09-26T09:55:53,MRC_005,CUST-0166,PROC_B,card,GB,14917,USD,2026-09-26,PAY-150114,settled
SET-LIVE-000115,2026-09-26T09:46:18,MRC_001,CUST-0009,PROC_A,ach,US,5715,USD,2026-09-26,PAY-150115,settled
SET-LIVE-000116,2026-09-26T10:13:50,MRC_004,CUST-0135,PROC_C,wallet,DE,10494,USD,2026-09-26,PAY-150116,settled
SET-LIVE-000117,2026-09-26T10:04:18,MRC_005,CUST-0109,PROC_B,ach,US,12876,USD,2026-09-26,PAY-150117,settled
SET-LIVE-000118,2026-09-26T10:36:52,MRC_005,CUST-0400,PROC_A,wire,US,8778,USD,2026-09-26,PAY-150118-SETTLED,settled
SET-LIVE-000119,2026-09-26T10:22:02,MRC_001,CUST-0310,PROC_A,card,US,24750,USD,2026-09-26,PAY-150119,settled
SET-LIVE-000120,2026-09-26T10:00:11,MRC_005,CUST-0237,PROC_C,wallet,DE,11855,EUR,2026-09-26,PAY-150120,settled
SET-LIVE-000121,2026-09-26T09:52:31,MRC_003,CUST-0320,PROC_C,wallet,US,47312,USD,2026-09-26,PAY-150121,settled
SET-LIVE-000122,2026-09-26T09:55:44,MRC_003,CUST-0205,PROC_A,wire,US,18707,EUR,2026-09-26,PAY-150122,settled
SET-LIVE-000123,2026-09-26T09:51:08,MRC_005,CUST-0218,PROC_B,card,CA,5945,USD,2026-09-26,PAY-150123,settled
SET-LIVE-000124,2026-09-26T09:56:33,MRC_003,CUST-0306,PROC_C,wire,US,28468,USD,2026-09-26,PAY-150124,settled
SET-LIVE-000125,2026-09-26T10:26:06,MRC_003,CUST-0078,PROC_C,ach,GB,5611,USD,2026-09-26,PAY-150125,settled
SET-LIVE-000126,2026-09-26T10:25:17,MRC_003,CUST-0393,PROC_C,wallet,DE,17190,USD,2026-09-26,PAY-150126,settled
SET-LIVE-000127,2026-09-26T10:05:32,MRC_001,CUST-0268,PROC_C,wire,GB,21358,USD,2026-09-26,PAY-150127,settled
SET-LIVE-000128,2026-09-26T10:13:45,MRC_002,CUST-0161,PROC_B,ach,US,15992,USD,2026-09-26,PAY-150128,settled
SET-LIVE-000129,2026-09-26T10:19:00,MRC_004,CUST-0272,PROC_C,card,DE,3435,USD,2026-09-26,PAY-150129,settled
SET-LIVE-000130,2026-09-26T10:30:19,MRC_001,CUST-0328,PROC_A,wire,US,4099,USD,2026-09-26,PAY-150130,settled
SET-LIVE-000131,2026-09-26T10:09:36,MRC_001,CUST-0309,PROC_A,card,US,8680,GBP,2026-09-26,PAY-150131,settled
SET-LIVE-000132,2026-09-26T09:54:48,MRC_001,CUST-0202,PROC_C,ach,DE,26022,USD,2026-09-26,PAY-150132,settled
SET-LIVE-000133,2026-09-26T10:40:18,MRC_003,CUST-0121,PROC_A,wallet,US,7694,USD,2026-09-26,PAY-150133,settled
SET-LIVE-000134,2026-09-26T10:06:31,MRC_001,CUST-0345,PROC_B,card,CA,12389,USD,2026-09-26,PAY-150134,settled
SET-LIVE-000135,2026-09-26T10:02:01,MRC_004,CUST-0035,PROC_A,ach,US,16367,USD,2026-09-26,PAY-150135,settled
SET-LIVE-000136,2026-09-26T10:19:09,MRC_001,CUST-0220,PROC_C,card,CA,56212,USD,2026-09-26,PAY-150136,settled
SET-LIVE-000137,2026-09-26T09:56:31,MRC_003,CUST-0061,PROC_A,wire,DE,30084,USD,2026-09-26,PAY-150137,settled
SET-LIVE-000138,2026-09-26T10:22:43,MRC_004,CUST-0166,PROC_C,wallet,DE,13658,USD,2026-09-26,PAY-150138,settled
SET-LIVE-000139,2026-09-26T10:22:06,MRC_001,CUST-0126,PROC_C,wire,DE,6631,USD,2026-09-27,PAY-150139,settled
SET-LIVE-000140,2026-09-26T10:38:41,MRC_005,CUST-0154,PROC_C,ach,US,1512,GBP,2026-09-26,PAY-150140,settled
SET-LIVE-000141,2026-09-26T10:47:07,MRC_002,CUST-0182,PROC_C,card,GB,22053,USD,2026-09-26,PAY-150141,settled
SET-LIVE-000142,2026-09-26T09:58:30,MRC_002,CUST-0336,PROC_C,ach,GB,21808,GBP,2026-09-26,PAY-150142,settled
SET-LIVE-000143,2026-09-26T10:50:57,MRC_005,CUST-0152,PROC_C,card,CA,11966,EUR,2026-09-26,PAY-150143,settled
SET-LIVE-000144,2026-09-26T10:49:19,MRC_003,CUST-0155,PROC_C,wire,US,3623,USD,2026-09-26,PAY-150144,settled
SET-LIVE-000145,2026-09-26T10:13:37,MRC_004,CUST-0160,PROC_A,ach,CA,8528,USD,2026-09-26,PAY-150145,settled
SET-LIVE-000146,2026-09-26T10:22:57,MRC_002,CUST-0360,PROC_B,wire,US,5632,EUR,2026-09-26,PAY-150146,settled
SET-LIVE-000147,2026-09-26T10:20:22,MRC_004,CUST-0276,PROC_C,wallet,US,11573,EUR,2026-09-26,PAY-150147,settled
SET-LIVE-000148,2026-09-26T10:51:47,MRC_004,CUST-0132,PROC_C,wire,GB,10208,USD,2026-09-26,PAY-150148,settled
SET-LIVE-000149,2026-09-26T10:21:16,MRC_001,CUST-0005,PROC_B,wallet,US,43635,EUR,2026-09-26,PAY-150149,settled
SET-LIVE-000150,2026-09-26T10:20:30,MRC_005,CUST-0118,PROC_B,ach,CA,4534,USD,2026-09-26,PAY-150150,settled
SET-LIVE-000151,2026-09-26T09:57:58,MRC_002,CUST-0290,PROC_C,card,US,3316,USD,2026-09-26,PAY-150151,settled
SET-LIVE-000152,2026-09-26T10:30:13,MRC_005,CUST-0360,PROC_B,wallet,US,7423,USD,2026-09-26,PAY-150152,settled
SET-LIVE-000153,2026-09-26T10:43:21,MRC_003,CUST-0065,PROC_A,wire,US,8538,USD,2026-09-26,PAY-150153,settled
SET-LIVE-000154,2026-09-26T10:25:38,MRC_005,CUST-0070,PROC_A,ach,US,30448,USD,2026-09-26,PAY-150154,settled
SET-LIVE-000155,2026-09-26T10:21:46,MRC_001,CUST-0181,PROC_A,card,DE,1492,EUR,2026-09-26,PAY-150155,settled
SET-LIVE-000156,2026-09-26T10:27:00,MRC_003,CUST-0371,PROC_A,wire,US,8967,USD,2026-09-26,PAY-150156,settled
SET-LIVE-000157,2026-09-26T10:35:18,MRC_002,CUST-0162,PROC_A,ach,US,5477,USD,2026-09-26,PAY-150157,settled
SET-LIVE-000158,2026-09-26T10:55:28,MRC_005,CUST-0017,PROC_B,ach,DE,9697,EUR,2026-09-26,PAY-150158,settled
SET-LIVE-000159,2026-09-26T10:30:51,MRC_001,CUST-0310,PROC_C,wire,DE,6599,EUR,2026-09-26,PAY-150159,settled
SET-LIVE-000160,2026-09-26T10:24:23,MRC_003,CUST-0282,PROC_C,ach,DE,21567,USD,2026-09-26,PAY-150160,settled
SET-LIVE-000161,2026-09-26T10:41:42,MRC_005,CUST-0158,PROC_A,wire,DE,9785,USD,2026-09-26,PAY-150161,settled
SET-LIVE-000162,2026-09-26T10:57:53,MRC_004,CUST-0025,PROC_A,card,US,64162,USD,2026-09-26,PAY-150162,settled
SET-LIVE-000163,2026-09-26T10:26:10,MRC_001,CUST-0101,PROC_A,card,US,22296,GBP,2026-09-26,PAY-150163,settled
SET-LIVE-000164,2026-09-26T10:28:20,MRC_002,CUST-0262,PROC_B,wallet,US,45635,USD,2026-09-26,P/150164,settled
SET-LIVE-000165,2026-09-26T10:50:31,MRC_005,CUST-0253,PROC_B,card,US,15954,USD,2026-09-26,PAY-150165,settled
SET-LIVE-000166,2026-09-26T10:32:57,MRC_002,CUST-0292,PROC_C,ach,US,35228,USD,2026-09-26,PAY-150166,settled
SET-LIVE-000167,2026-09-26T10:08:18,MRC_001,CUST-0170,PROC_A,wire,US,32172,USD,2026-09-26,PAY-150167,settled
SET-LIVE-000168,2026-09-26T10:40:36,MRC_005,CUST-0379,PROC_C,wire,US,3117,USD,2026-09-26,PAY-150168,settled
SET-LIVE-000169,2026-09-26T10:03:00,MRC_001,CUST-0318,PROC_C,wire,DE,18359,EUR,2026-09-26,PAY-150169,settled
SET-LIVE-000170,2026-09-26T10:03:08,MRC_002,CUST-0237,PROC_B,card,GB,35743,GBP,2026-09-26,PAY-150170,settled
SET-LIVE-000171,2026-09-26T10:12:37,MRC_001,CUST-0286,PROC_A,ach,GB,13802,GBP,2026-09-26,PAY-150171,settled
SET-LIVE-000172,2026-09-26T10:52:45,MRC_005,CUST-0263,PROC_B,wire,US,7352,USD,2026-09-26,PAY-150172,settled
SET-LIVE-000173,2026-09-26T10:09:09,MRC_004,CUST-0379,PROC_B,ach,CA,11937,GBP,2026-09-26,PAY-150173-SETTLED,settled
SET-LIVE-000174,2026-09-26T10:58:21,MRC_005,CUST-0102,PROC_A,card,CA,1870,USD,2026-09-26,PAY-150174,settled
SET-LIVE-000175,2026-09-26T10:47:41,MRC_001,CUST-0059,PROC_A,card,US,61959,GBP,2026-09-26,PAY-150175,settled
SET-LIVE-000176,2026-09-26T10:55:08,MRC_005,CUST-0117,PROC_B,wire,CA,5849,USD,2026-09-26,PAY-150176,settled
SET-LIVE-000177,2026-09-26T10:47:39,MRC_003,CUST-0353,PROC_C,ach,DE,5774,USD,2026-09-26,PAY-150177,settled
SET-LIVE-000178,2026-09-26T10:47:11,MRC_002,CUST-0066,PROC_A,wire,GB,9730,USD,2026-09-26,PAY-150178,settled
SET-LIVE-000179,2026-09-26T10:54:21,MRC_003,CUST-0199,PROC_C,ach,US,58888,USD,2026-09-26,PAY-150179,settled
SET-LIVE-000180,2026-09-26T10:24:54,MRC_002,CUST-0061,PROC_A,wire,US,8492,EUR,2026-09-26,PAY-150180,settled
SET-LIVE-000181,2026-09-26T11:01:08,MRC_005,CUST-0156,PROC_A,card,GB,9996,USD,2026-09-26,PAY-150181,settled
SET-LIVE-000182,2026-09-26T10:22:33,MRC_004,CUST-0259,PROC_C,card,GB,10804,USD,2026-09-26,PAY-150182,settled
SET-LIVE-000183,2026-09-26T10:43:49,MRC_001,CUST-0218,PROC_B,ach,US,12134,EUR,2026-09-26,PAY-150183,settled
SET-LIVE-000184,2026-09-26T10:30:06,MRC_004,CUST-0336,PROC_C,ach,CA,8154,USD,2026-09-26,PAY-150184,settled
SET-LIVE-000185,2026-09-26T10:35:33,MRC_005,CUST-0183,PROC_A,ach,US,24058,USD,2026-09-26,PAY-150185,settled
SET-LIVE-000186,2026-09-26T10:34:59,MRC_005,CUST-0199,PROC_B,wire,GB,21342,EUR,2026-09-26,PAY-150186,settled
SET-LIVE-000187,2026-09-26T10:35:09,MRC_001,CUST-0094,PROC_B,wire,US,5527,USD,2026-09-26,PAY-150187,settled
SET-LIVE-000188,2026-09-26T11:01:30,MRC_004,CUST-0369,PROC_A,ach,GB,9099,GBP,2026-09-26,PAY-150188,settled
SET-LIVE-000189,2026-09-26T10:57:02,MRC_002,CUST-0296,PROC_B,wire,US,31103,USD,2026-09-26,PAY-150189,settled
SET-LIVE-000190,2026-09-26T10:30:22,MRC_001,CUST-0226,PROC_C,wire,DE,71698,EUR,2026-09-26,PAY-150190,settled
SET-LIVE-000191,2026-09-26T10:59:38,MRC_003,CUST-0082,PROC_A,ach,GB,4667,USD,2026-09-26,PAY-150191,settled
SET-LIVE-000192,2026-09-26T10:27:04,MRC_004,CUST-0393,PROC_C,wire,CA,1567,USD,2026-09-26,PAY-150192,settled
SET-LIVE-000193,2026-09-26T10:10:17,MRC_002,CUST-0188,PROC_C,wire,DE,9982,USD,2026-09-26,P/150193,settled
SET-LIVE-000194,2026-09-26T10:54:32,MRC_003,CUST-0036,PROC_A,wallet,DE,5062,EUR,2026-09-26,PAY-150194,settled
SET-LIVE-000195,2026-09-26T10:50:55,MRC_003,CUST-0121,PROC_C,card,US,2396,USD,2026-09-26,PAY-150195,settled
SET-LIVE-000196,2026-09-26T10:22:03,MRC_002,CUST-0341,PROC_B,wire,US,71501,EUR,2026-09-26,PAY-150196,settled
SET-LIVE-000197,2026-09-26T11:00:17,MRC_004,CUST-0068,PROC_C,ach,US,6155,USD,2026-09-26,PAY-150197,settled
SET-LIVE-000198,2026-09-26T10:33:50,MRC_002,CUST-0302,PROC_B,wallet,GB,7644,EUR,2026-09-26,PAY-150198,settled
SET-LIVE-000199,2026-09-26T10:22:19,MRC_001,CUST-0261,PROC_C,wallet,CA,3633,USD,2026-09-26,PAY-150199,settled
SET-LIVE-000200,2026-09-26T10:33:48,MRC_003,CUST-0056,PROC_A,card,US,31704,USD,2026-09-26,PAY-150200,settled
SET-LIVE-000201,2026-09-26T10:19:16,MRC_004,CUST-0268,PROC_A,wallet,US,6445,USD,2026-09-26,pay-150201,settled
SET-LIVE-000202,2026-09-26T10:39:40,MRC_003,CUST-0201,PROC_A,wire,GB,29515,USD,2026-09-26,PAY-150202-SETTLED,settled
SET-LIVE-000203,2026-09-26T10:45:06,MRC_005,CUST-0172,PROC_A,wire,US,9036,USD,2026-09-26,PAY-150203,settled
SET-LIVE-000204,2026-09-26T10:39:21,MRC_003,CUST-0063,PROC_C,card,GB,11826,USD,2026-09-26,PAY-150204,settled
SET-LIVE-000205,2026-09-26T10:26:46,MRC_001,CUST-0114,PROC_A,card,US,54173,GBP,2026-09-26,PAY-150205,settled
SET-LIVE-000206,2026-09-26T10:40:10,MRC_002,CUST-0215,PROC_A,ach,US,39798,EUR,2026-09-26,PAY-150206,settled
SET-LIVE-000207,2026-09-26T10:38:44,MRC_003,CUST-0134,PROC_B,wallet,CA,8044,USD,2026-09-26,PAY-150207,settled
SET-LIVE-000208,2026-09-26T10:19:04,MRC_001,CUST-0215,PROC_C,wallet,DE,3136,USD,2026-09-26,PAY-150208,settled
SET-LIVE-000209,2026-09-26T10:31:20,MRC_004,CUST-0056,PROC_B,card,US,5173,EUR,2026-09-26,PAY-150209,settled
SET-LIVE-000210,2026-09-26T10:42:42,MRC_005,CUST-0165,PROC_B,card,DE,7713,USD,2026-09-26,PAY-150210,settled
SET-LIVE-000211,2026-09-26T10:21:06,MRC_001,CUST-0030,PROC_A,ach,US,11940,USD,2026-09-26,PAY-150211,settled
SET-LIVE-000212,2026-09-26T10:55:17,MRC_003,CUST-0062,PROC_B,wire,US,8253,GBP,2026-09-26,PAY-150212,settled
SET-LIVE-000213,2026-09-26T10:36:47,MRC_002,CUST-0327,PROC_C,wallet,CA,9084,GBP,2026-09-26,PAY-150213,settled
SET-LIVE-000214,2026-09-26T10:31:04,MRC_004,CUST-0005,PROC_A,ach,US,30889,EUR,2026-09-26,PAY-150214,settled
SET-LIVE-000215,2026-09-26T10:53:35,MRC_005,CUST-0084,PROC_B,ach,US,1178,USD,2026-09-26,PAY-150215,settled
SET-LIVE-000216,2026-09-26T10:24:47,MRC_001,CUST-0148,PROC_C,card,GB,19801,USD,2026-09-26,PAY-150216,settled
SET-LIVE-000217,2026-09-26T10:38:21,MRC_002,CUST-0310,PROC_C,wallet,US,13313,USD,2026-09-26,P/150217,settled
SET-LIVE-000218,2026-09-26T10:32:55,MRC_002,CUST-0080,PROC_B,ach,DE,9034,USD,2026-09-27,PAY-150218,settled
SET-LIVE-000219,2026-09-26T11:03:24,MRC_005,CUST-0390,PROC_C,wire,GB,4455,EUR,2026-09-26,PAY-150219,settled
SET-LIVE-000220,2026-09-26T10:51:41,MRC_002,CUST-0225,PROC_B,wire,US,33385,EUR,2026-09-26,PAY-150220,settled
SET-LIVE-000221,2026-09-26T10:49:52,MRC_002,CUST-0349,PROC_B,card,DE,8419,GBP,2026-09-26,PAY-150221,settled
SET-LIVE-000222,2026-09-26T10:42:25,MRC_005,CUST-0388,PROC_B,card,DE,6123,GBP,2026-09-26,PAY-150222,settled
SET-LIVE-000223,2026-09-26T10:53:41,MRC_003,CUST-0008,PROC_A,ach,DE,14031,USD,2026-09-26,PAY-150223,settled
SET-LIVE-000224,2026-09-26T10:26:09,MRC_003,CUST-0259,PROC_B,card,US,5624,GBP,2026-09-26,PAY-150224,settled
SET-LIVE-000225,2026-09-26T10:33:28,MRC_003,CUST-0382,PROC_A,wire,US,2050,USD,2026-09-26,PAY-150225,settled
SET-LIVE-000226,2026-09-26T10:25:48,MRC_001,CUST-0003,PROC_C,wire,DE,6422,GBP,2026-09-26,PAY-150226,settled
SET-LIVE-000227,2026-09-26T10:22:10,MRC_004,CUST-0009,PROC_B,wallet,US,17537,USD,2026-09-26,PAY-150227,settled
SET-LIVE-000228,2026-09-26T11:13:39,MRC_004,CUST-0004,PROC_C,wallet,GB,29832,GBP,2026-09-26,PAY-150228,settled
SET-LIVE-000229,2026-09-26T10:26:57,MRC_005,CUST-0151,PROC_A,wallet,US,27692,USD,2026-09-26,PAY-150229,settled
SET-LIVE-000230,2026-09-26T10:26:05,MRC_004,CUST-0225,PROC_C,card,DE,12389,USD,2026-09-26,PAY-150230,settled
SET-LIVE-000231,2026-09-26T10:53:36,MRC_002,CUST-0038,PROC_B,ach,US,45887,EUR,2026-09-26,PAY-150231,settled
SET-LIVE-000232,2026-09-26T11:10:58,MRC_005,CUST-0021,PROC_B,ach,DE,8273,USD,2026-09-26,PAY-150232,settled
SET-LIVE-000233,2026-09-26T11:10:10,MRC_005,CUST-0375,PROC_A,wire,US,28255,USD,2026-09-26,PAY-150233,settled
SET-LIVE-000234,2026-09-26T11:12:36,MRC_001,CUST-0091,PROC_C,card,DE,7795,EUR,2026-09-26,PAY-150234,settled
SET-LIVE-000235,2026-09-26T10:32:05,MRC_005,CUST-0392,PROC_B,wallet,US,42000,GBP,2026-09-26,PAY-150235,settled
SET-LIVE-000236,2026-09-26T10:39:18,MRC_004,CUST-0022,PROC_C,wallet,GB,20700,USD,2026-09-26,PAY-150236,settled
SET-LIVE-000237,2026-09-26T11:23:41,MRC_001,CUST-0371,PROC_B,wallet,US,1952,USD,2026-09-26,PAY-150237,settled
SET-LIVE-000238,2026-09-26T10:39:59,MRC_002,CUST-0174,PROC_C,wallet,US,30751,USD,2026-09-26,PAY-150238,settled
SET-LIVE-000239,2026-09-26T10:56:24,MRC_002,CUST-0239,PROC_B,ach,DE,22374,USD,2026-09-26,PAY-150239,settled
SET-LIVE-000240,2026-09-26T10:56:50,MRC_004,CUST-0084,PROC_C,wire,CA,10138,GBP,2026-09-26,PAY-150240,settled
SET-LIVE-000241,2026-09-26T10:57:15,MRC_004,CUST-0010,PROC_A,wallet,CA,3167,EUR,2026-09-26,PAY-150241,settled
SET-LIVE-000242,2026-09-26T10:32:44,MRC_001,CUST-0025,PROC_C,wallet,US,34213,EUR,2026-09-26,PAY-150242,settled
SET-LIVE-000243,2026-09-26T10:52:59,MRC_005,CUST-0258,PROC_A,card,US,5662,USD,2026-09-26,PAY-150243,settled
SET-LIVE-000244,2026-09-26T10:28:11,MRC_004,CUST-0360,PROC_B,card,US,5223,EUR,2026-09-26,PAY-150244,settled
SET-LIVE-000245,2026-09-26T11:22:21,MRC_001,CUST-0355,PROC_A,ach,US,5922,USD,2026-09-26,PAY-150245,settled
SET-LIVE-000246,2026-09-26T11:08:30,MRC_003,CUST-0160,PROC_C,wallet,US,22979,USD,2026-09-26,PAY-150246,settled
SET-LIVE-000247,2026-09-26T10:32:43,MRC_001,CUST-0109,PROC_C,wire,GB,18009,EUR,2026-09-26,PAY-150247,settled
SET-LIVE-000248,2026-09-26T11:26:11,MRC_005,CUST-0117,PROC_C,card,GB,22520,USD,2026-09-26,PAY-150248,settled
SET-LIVE-000249,2026-09-26T11:03:46,MRC_002,CUST-0042,PROC_A,card,CA,3937,USD,2026-09-26,PAY-150249,settled
SET-LIVE-000250,2026-09-26T11:25:11,MRC_001,CUST-0346,PROC_C,wallet,US,42660,GBP,2026-09-26,PAY-150250,settled
SET-LIVE-000251,2026-09-26T10:56:45,MRC_003,CUST-0018,PROC_A,wallet,US,13626,USD,2026-09-26,PAY-150251,settled
SET-LIVE-000252,2026-09-26T10:39:54,MRC_004,CUST-0312,PROC_B,wire,CA,17637,USD,2026-09-26,PAY-150252,settled
SET-LIVE-000253,2026-09-26T11:16:05,MRC_003,CUST-0279,PROC_A,ach,US,9311,USD,2026-09-26,P/150253,settled
SET-LIVE-000254,2026-09-26T11:15:27,MRC_001,CUST-0270,PROC_B,card,CA,8162,EUR,2026-09-26,PAY-150254,settled
SET-LIVE-000255,2026-09-26T10:32:38,MRC_004,CUST-0197,PROC_B,card,US,10467,USD,2026-09-26,PAY-150255,settled
SET-LIVE-000256,2026-09-26T10:51:47,MRC_005,CUST-0259,PROC_A,wallet,US,39390,USD,2026-09-26,PAY-150256,settled
SET-LIVE-000257,2026-09-26T11:19:57,MRC_002,CUST-0135,PROC_B,ach,US,13926,USD,2026-09-26,PAY-150257,settled
SET-LIVE-000258,2026-09-26T10:34:16,MRC_002,CUST-0164,PROC_C,ach,US,4002,USD,2026-09-26,PAY-150258,settled
SET-LIVE-000259,2026-09-26T11:00:36,MRC_002,CUST-0099,PROC_C,wire,US,7878,EUR,2026-09-26,PAY-150259,settled
SET-LIVE-000260,2026-09-26T11:06:02,MRC_001,CUST-0239,PROC_A,wire,DE,5244,USD,2026-09-26,PAY-150260,settled
SET-LIVE-000261,2026-09-26T11:22:26,MRC_005,CUST-0042,PROC_A,ach,US,9007,USD,2026-09-26,PAY-150261,settled
SET-LIVE-000262,2026-09-26T10:41:37,MRC_002,CUST-0101,PROC_C,card,US,3327,USD,2026-09-26,PAY-150262,settled
SET-LIVE-000263,2026-09-26T10:34:50,MRC_001,CUST-0245,PROC_A,ach,US,8151,USD,2026-09-26,PAY-150263,settled
SET-LIVE-000264,2026-09-26T10:35:21,MRC_002,CUST-0236,PROC_A,ach,US,16212,USD,2026-09-26,PAY-150264,settled
SET-LIVE-000265,2026-09-26T10:51:29,MRC_001,CUST-0080,PROC_C,card,CA,13111,USD,2026-09-26,PAY-150265,settled
SET-LIVE-000266,2026-09-26T10:35:47,MRC_001,CUST-0353,PROC_B,wire,GB,6140,USD,2026-09-27,PAY-150266,settled
SET-LIVE-000267,2026-09-26T11:34:22,MRC_003,CUST-0266,PROC_A,wire,DE,19465,USD,2026-09-26,PAY-150267,settled
SET-LIVE-000268,2026-09-26T10:48:47,MRC_004,CUST-0038,PROC_C,wire,DE,7698,USD,2026-09-26,PAY-150268,settled
SET-LIVE-000269,2026-09-26T11:06:14,MRC_002,CUST-0374,PROC_A,card,CA,34429,USD,2026-09-26,PAY-150269,settled
SET-LIVE-000270,2026-09-26T11:31:42,MRC_001,CUST-0395,PROC_A,wallet,US,12459,USD,2026-09-26,PAY-150270,settled
SET-LIVE-000271,2026-09-26T10:45:56,MRC_003,CUST-0348,PROC_B,wire,CA,33805,USD,2026-09-26,pay-150271,settled
SET-LIVE-000272,2026-09-26T11:23:28,MRC_003,CUST-0304,PROC_A,card,GB,16222,EUR,2026-09-26,PAY-150272,settled
SET-LIVE-000273,2026-09-26T11:07:49,MRC_005,CUST-0253,PROC_C,wire,US,6242,EUR,2026-09-26,PAY-150273,settled
SET-LIVE-000274,2026-09-26T11:26:21,MRC_003,CUST-0041,PROC_B,wallet,DE,3724,GBP,2026-09-26,PAY-150274,settled
SET-LIVE-000275,2026-09-26T11:09:49,MRC_003,CUST-0079,PROC_A,ach,GB,17989,USD,2026-09-26,PAY-150275,settled
SET-LIVE-000276,2026-09-26T11:19:04,MRC_005,CUST-0030,PROC_A,ach,DE,3899,USD,2026-09-26,PAY-150276,settled
SET-LIVE-000277,2026-09-26T11:05:21,MRC_003,CUST-0051,PROC_C,ach,US,42324,USD,2026-09-26,PAY-150277,settled
SET-LIVE-000278,2026-09-26T10:53:35,MRC_002,CUST-0047,PROC_B,ach,US,6630,USD,2026-09-26,PAY-150278,settled
SET-LIVE-000279,2026-09-26T11:20:48,MRC_002,CUST-0029,PROC_A,wallet,CA,4114,USD,2026-09-26,PAY-150279,settled
SET-LIVE-000280,2026-09-26T11:28:04,MRC_004,CUST-0397,PROC_B,card,CA,5043,GBP,2026-09-26,PAY-150280,settled
SET-LIVE-000281,2026-09-26T11:11:32,MRC_002,CUST-0225,PROC_B,wallet,US,50841,USD,2026-09-26,PAY-150281,settled
SET-LIVE-000282,2026-09-26T10:55:05,MRC_004,CUST-0116,PROC_B,wire,CA,10673,USD,2026-09-26,PAY-150282,settled
SET-LIVE-000283,2026-09-26T10:50:26,MRC_003,CUST-0220,PROC_A,ach,CA,41092,USD,2026-09-26,PAY-150283,settled
SET-LIVE-000284,2026-09-26T10:55:44,MRC_002,CUST-0093,PROC_C,ach,CA,3947,USD,2026-09-26,PAY-150284,settled
SET-LIVE-000285,2026-09-26T10:41:10,MRC_003,CUST-0045,PROC_B,ach,US,44424,USD,2026-09-26,PAY-150285,settled
SET-LIVE-000286,2026-09-26T11:28:38,MRC_005,CUST-0114,PROC_B,wallet,DE,5675,USD,2026-09-26,PAY-150286,settled
SET-LIVE-000287,2026-09-26T10:47:13,MRC_005,CUST-0221,PROC_B,ach,US,18376,USD,2026-09-26,pay-150287,settled
SET-LIVE-000288,2026-09-26T11:08:40,MRC_003,CUST-0049,PROC_B,wallet,US,5999,EUR,2026-09-26,PAY-150288,settled
SET-LIVE-000289,2026-09-26T11:05:03,MRC_005,CUST-0214,PROC_B,wire,US,7080,EUR,2026-09-26,PAY-150289,settled
SET-LIVE-000290,2026-09-26T11:07:32,MRC_003,CUST-0200,PROC_B,ach,CA,3977,EUR,2026-09-26,PAY-150290,settled
SET-LIVE-000291,2026-09-26T11:30:57,MRC_001,CUST-0281,PROC_A,card,GB,9317,USD,2026-09-26,PAY-150291,settled
SET-LIVE-000292,2026-09-26T11:42:06,MRC_002,CUST-0285,PROC_A,ach,CA,21065,EUR,2026-09-26,PAY-150292,settled
SET-LIVE-000293,2026-09-26T10:59:21,MRC_001,CUST-0075,PROC_B,ach,CA,65501,USD,2026-09-26,PAY-150293,settled
SET-LIVE-000294,2026-09-26T11:12:34,MRC_004,CUST-0144,PROC_C,card,DE,9400,USD,2026-09-26,PAY-150294,settled
SET-LIVE-000295,2026-09-26T11:25:07,MRC_005,CUST-0391,PROC_B,ach,GB,30349,USD,2026-09-26,PAY-150295,settled
SET-LIVE-000296,2026-09-26T11:28:40,MRC_001,CUST-0399,PROC_B,card,DE,2877,EUR,2026-09-26,PAY-150296,settled
SET-LIVE-000297,2026-09-26T11:39:02,MRC_005,CUST-0036,PROC_C,wire,US,2504,USD,2026-09-26,PAY-150297,settled
SET-LIVE-000298,2026-09-26T10:47:19,MRC_003,CUST-0374,PROC_C,card,DE,54855,USD,2026-09-26,PAY-150298,settled
SET-LIVE-000299,2026-09-26T10:53:45,MRC_001,CUST-0151,PROC_B,wire,CA,52518,USD,2026-09-26,PAY-150299,settled
SET-LIVE-000300,2026-09-26T11:45:59,MRC_002,CUST-0036,PROC_B,wire,US,5333,USD,2026-09-26,PAY-150300,settled
SET-LIVE-000301,2026-09-26T10:47:07,MRC_001,CUST-0043,PROC_C,wallet,GB,6376,USD,2026-09-26,PAY-150301,settled
SET-LIVE-000302,2026-09-26T11:17:20,MRC_001,CUST-0057,PROC_A,wire,US,28533,GBP,2026-09-26,PAY-150302,settled
SET-LIVE-000303,2026-09-26T11:25:53,MRC_003,CUST-0005,PROC_C,wallet,GB,2805,USD,2026-09-26,PAY-150303,settled
SET-LIVE-000304,2026-09-26T11:19:11,MRC_001,CUST-0189,PROC_C,wallet,US,3729,USD,2026-09-26,PAY-150304,settled
SET-LIVE-000305,2026-09-26T11:02:43,MRC_005,CUST-0333,PROC_A,wallet,US,31298,USD,2026-09-26,PAY-150305,settled
SET-LIVE-000306,2026-09-26T11:16:51,MRC_003,CUST-0268,PROC_A,card,DE,9712,EUR,2026-09-26,PAY-150306,settled
SET-LIVE-000307,2026-09-26T10:59:05,MRC_001,CUST-0037,PROC_B,wallet,US,7552,USD,2026-09-26,PAY150307,settled
SET-LIVE-000308,2026-09-26T11:33:18,MRC_001,CUST-0349,PROC_B,wallet,CA,10961,USD,2026-09-26,PAY-150308,settled
SET-LIVE-000309,2026-09-26T11:27:53,MRC_005,CUST-0195,PROC_B,card,CA,10118,USD,2026-09-26,PAY-150309,settled
SET-LIVE-000310,2026-09-26T10:57:20,MRC_002,CUST-0164,PROC_A,card,GB,10435,EUR,2026-09-27,PAY-150310,settled
SET-LIVE-000311,2026-09-26T11:06:47,MRC_002,CUST-0314,PROC_B,card,DE,6639,USD,2026-09-26,PAY-150311,settled
SET-LIVE-000312,2026-09-26T11:28:10,MRC_001,CUST-0229,PROC_A,ach,US,6592,GBP,2026-09-26,PAY-150312,settled
SET-LIVE-000313,2026-09-26T11:36:36,MRC_003,CUST-0395,PROC_C,wire,DE,5073,EUR,2026-09-26,PAY-150313,settled
SET-LIVE-000314,2026-09-26T11:03:06,MRC_002,CUST-0180,PROC_A,wallet,GB,15434,USD,2026-09-26,PAY-150314,settled
SET-LIVE-000315,2026-09-26T11:40:17,MRC_003,CUST-0090,PROC_A,wire,CA,2205,USD,2026-09-26,PAY-150315,settled
SET-LIVE-000316,2026-09-26T11:18:46,MRC_001,CUST-0006,PROC_B,wire,US,22564,USD,2026-09-26,PAY-150316,settled
SET-LIVE-000317,2026-09-26T11:27:09,MRC_002,CUST-0002,PROC_B,wallet,DE,5201,GBP,2026-09-26,PAY-150317,settled
SET-LIVE-000318,2026-09-26T11:05:44,MRC_002,CUST-0033,PROC_B,wire,US,4055,USD,2026-09-26,PAY-150318,settled
SET-LIVE-000319,2026-09-26T11:45:17,MRC_004,CUST-0141,PROC_C,card,CA,31193,USD,2026-09-26,PAY-150319,settled
SET-LIVE-000320,2026-09-26T11:28:33,MRC_004,CUST-0166,PROC_A,wire,DE,12542,USD,2026-09-26,PAY-150320,settled
SET-LIVE-000321,2026-09-26T11:01:54,MRC_002,CUST-0229,PROC_A,wallet,US,58611,USD,2026-09-26,PAY-150321,settled
SET-LIVE-000322,2026-09-26T11:12:25,MRC_002,CUST-0157,PROC_A,wire,US,7211,GBP,2026-09-26,PAY-150322,settled
SET-LIVE-000323,2026-09-26T11:19:36,MRC_001,CUST-0358,PROC_A,ach,GB,19480,EUR,2026-09-26,PAY-150323,settled
SET-LIVE-000324,2026-09-26T11:22:05,MRC_004,CUST-0331,PROC_C,wire,US,12537,USD,2026-09-26,PAY-150324,settled
SET-LIVE-000325,2026-09-26T11:13:28,MRC_005,CUST-0267,PROC_A,wallet,GB,21846,USD,2026-09-26,PAY-150325,settled
SET-LIVE-000326,2026-09-26T11:17:51,MRC_003,CUST-0078,PROC_C,ach,US,6226,USD,2026-09-26,PAY-150326,settled
SET-LIVE-000327,2026-09-26T11:26:25,MRC_001,CUST-0215,PROC_B,wire,GB,35529,EUR,2026-09-26,PAY-150327,settled
SET-LIVE-000328,2026-09-26T11:12:36,MRC_001,CUST-0030,PROC_A,wire,CA,48047,EUR,2026-09-27,PAY-150328,settled
SET-LIVE-000329,2026-09-26T11:06:10,MRC_003,CUST-0334,PROC_C,wallet,DE,25086,USD,2026-09-26,PAY-150329,settled
SET-LIVE-000330,2026-09-26T11:43:40,MRC_001,CUST-0202,PROC_C,card,GB,2844,USD,2026-09-26,PAY-150330,settled
SET-LIVE-000331,2026-09-26T11:56:56,MRC_002,CUST-0252,PROC_C,ach,US,3970,GBP,2026-09-26,PAY-150331,settled
SET-LIVE-000332,2026-09-26T11:07:23,MRC_004,CUST-0006,PROC_B,wallet,US,7173,USD,2026-09-26,PAY-150332,settled
SET-LIVE-000333,2026-09-26T11:33:46,MRC_003,CUST-0021,PROC_B,ach,GB,53173,USD,2026-09-26,PAY-150333,settled
SET-LIVE-000334,2026-09-26T11:40:57,MRC_001,CUST-0258,PROC_A,card,GB,23117,USD,2026-09-26,PAY-150334,settled
SET-LIVE-000335,2026-09-26T11:57:29,MRC_002,CUST-0206,PROC_A,ach,CA,5246,GBP,2026-09-26,PAY-150335,settled
SET-LIVE-000336,2026-09-26T11:52:49,MRC_005,CUST-0101,PROC_B,wire,US,9055,USD,2026-09-26,PAY-150336,settled
SET-LIVE-000337,2026-09-26T11:08:57,MRC_004,CUST-0133,PROC_C,wallet,US,8753,USD,2026-09-26,PAY-150337,settled
SET-LIVE-000338,2026-09-26T11:07:05,MRC_002,CUST-0378,PROC_B,ach,CA,2604,USD,2026-09-26,PAY-150338,settled
SET-LIVE-000339,2026-09-26T11:08:36,MRC_001,CUST-0312,PROC_B,ach,US,17566,USD,2026-09-26,PAY-150339,settled
SET-LIVE-000340,2026-09-26T11:22:10,MRC_005,CUST-0114,PROC_C,wire,GB,15140,USD,2026-09-26,PAY-150340,settled
SET-LIVE-000341,2026-09-26T11:43:37,MRC_004,CUST-0301,PROC_A,card,US,29134,USD,2026-09-26,PAY-150341,settled
SET-LIVE-000342,2026-09-26T11:19:12,MRC_002,CUST-0044,PROC_C,ach,US,4482,USD,2026-09-26,PAY-150342,settled
SET-LIVE-000343,2026-09-26T11:23:20,MRC_004,CUST-0319,PROC_C,ach,US,15863,USD,2026-09-26,PAY-150343,settled
SET-LIVE-000344,2026-09-26T11:14:28,MRC_004,CUST-0198,PROC_A,card,US,14383,USD,2026-09-26,P/150344,settled
SET-LIVE-000345,2026-09-26T11:21:43,MRC_005,CUST-0219,PROC_A,wire,CA,44120,USD,2026-09-26,PAY-150345,settled
SET-LIVE-000346,2026-09-26T11:22:04,MRC_005,CUST-0097,PROC_B,wire,US,6610,USD,2026-09-26,PAY-150346,settled
SET-LIVE-000347,2026-09-26T12:00:33,MRC_005,CUST-0219,PROC_C,card,US,27786,USD,2026-09-26,PAY-150347,settled
SET-LIVE-000348,2026-09-26T11:58:49,MRC_004,CUST-0221,PROC_C,ach,US,58169,GBP,2026-09-26,PAY-150348,settled
SET-LIVE-000349,2026-09-26T11:47:57,MRC_002,CUST-0148,PROC_A,ach,CA,18607,GBP,2026-09-26,PAY-150349,settled
SET-LIVE-000350,2026-09-26T11:53:06,MRC_004,CUST-0298,PROC_A,wire,DE,24013,USD,2026-09-27,PAY-150350,settled
SET-LIVE-000351,2026-09-26T11:49:34,MRC_005,CUST-0311,PROC_A,card,DE,42649,USD,2026-09-26,PAY-150351,settled
SET-LIVE-000352,2026-09-26T11:51:07,MRC_004,CUST-0176,PROC_B,wire,US,47084,USD,2026-09-26,PAY-150352,settled
SET-LIVE-000353,2026-09-26T12:06:16,MRC_001,CUST-0390,PROC_B,card,US,13158,USD,2026-09-26,PAY-150353,settled
SET-LIVE-000354,2026-09-26T11:22:36,MRC_002,CUST-0229,PROC_B,wire,GB,45279,GBP,2026-09-26,PAY-150354,settled
SET-LIVE-000355,2026-09-26T11:49:55,MRC_005,CUST-0100,PROC_A,ach,US,16729,EUR,2026-09-26,PAY-150355,settled
SET-LIVE-000356,2026-09-26T11:16:06,MRC_003,CUST-0319,PROC_A,card,US,28207,EUR,2026-09-26,PAY-150356,settled
SET-LIVE-000357,2026-09-26T11:42:33,MRC_004,CUST-0236,PROC_A,ach,DE,2660,USD,2026-09-26,PAY-150357,settled
SET-LIVE-000358,2026-09-26T11:50:45,MRC_004,CUST-0200,PROC_A,wallet,CA,2649,GBP,2026-09-26,PAY-150358,settled
SET-LIVE-000359,2026-09-26T12:08:13,MRC_004,CUST-0173,PROC_B,ach,DE,3227,USD,2026-09-26,PAY-150359,settled
SET-LIVE-000360,2026-09-26T11:45:28,MRC_002,CUST-0048,PROC_A,wallet,CA,14531,USD,2026-09-26,PAY-150360,settled
SET-LIVE-000361,2026-09-26T12:06:56,MRC_004,CUST-0082,PROC_A,wallet,US,9182,USD,2026-09-26,PAY-150361,settled
SET-LIVE-000362,2026-09-26T11:12:26,MRC_003,CUST-0226,PROC_A,ach,US,20240,USD,2026-09-26,PAY-150362,settled
SET-LIVE-000363,2026-09-26T11:52:46,MRC_004,CUST-0379,PROC_B,ach,US,13815,USD,2026-09-26,PAY-150363,settled
SET-LIVE-000364,2026-09-26T11:28:06,MRC_001,CUST-0085,PROC_C,wallet,US,10772,GBP,2026-09-26,PAY-150364,settled
SET-LIVE-000365,2026-09-26T11:46:25,MRC_004,CUST-0130,PROC_C,ach,US,60895,USD,2026-09-26,PAY-150365,settled
SET-LIVE-000366,2026-09-26T11:27:47,MRC_004,CUST-0191,PROC_A,ach,US,9697,USD,2026-09-26,PAY-150366,settled
SET-LIVE-000367,2026-09-26T11:12:58,MRC_001,CUST-0393,PROC_A,wire,US,2295,EUR,2026-09-26,PAY-150367,settled
SET-LIVE-000368,2026-09-26T11:42:11,MRC_003,CUST-0352,PROC_B,ach,US,5758,USD,2026-09-26,PAY-150368,settled
SET-LIVE-000369,2026-09-26T11:59:43,MRC_004,CUST-0361,PROC_B,wallet,US,23352,USD,2026-09-26,PAY-150369,settled
SET-LIVE-000370,2026-09-26T12:06:52,MRC_001,CUST-0048,PROC_A,wallet,US,13574,USD,2026-09-26,PAY-150370,settled
SET-LIVE-000371,2026-09-26T12:04:25,MRC_003,CUST-0276,PROC_B,ach,CA,43396,USD,2026-09-27,PAY-150371,settled
SET-LIVE-000372,2026-09-26T11:50:44,MRC_005,CUST-0080,PROC_B,wire,US,88270,EUR,2026-09-26,PAY-150372,settled
SET-LIVE-000373,2026-09-26T11:37:10,MRC_002,CUST-0023,PROC_B,card,DE,8976,USD,2026-09-27,PAY-150373,settled
SET-LIVE-000374,2026-09-26T11:59:34,MRC_003,CUST-0199,PROC_B,card,DE,5730,EUR,2026-09-26,PAY-150374,settled
SET-LIVE-000375,2026-09-26T11:21:44,MRC_001,CUST-0163,PROC_B,wallet,US,7174,USD,2026-09-26,PAY-150375,settled
SET-LIVE-000376,2026-09-26T12:07:00,MRC_005,CUST-0030,PROC_B,card,CA,11428,USD,2026-09-27,PAY-150376,settled
SET-LIVE-000377,2026-09-26T11:30:23,MRC_003,CUST-0365,PROC_A,wire,US,37252,USD,2026-09-26,PAY-150377,settled
SET-LIVE-000378,2026-09-26T11:47:52,MRC_003,CUST-0141,PROC_C,wallet,US,9918,EUR,2026-09-26,PAY-150378,settled
SET-LIVE-000379,2026-09-26T11:58:17,MRC_005,CUST-0282,PROC_B,card,CA,5747,USD,2026-09-26,PAY-150379,settled
SET-LIVE-000380,2026-09-26T11:40:35,MRC_001,CUST-0350,PROC_C,wallet,GB,13240,GBP,2026-09-26,PAY-150380,settled
SET-LIVE-000381,2026-09-26T11:43:52,MRC_003,CUST-0336,PROC_C,ach,CA,6412,USD,2026-09-26,PAY-150381,settled
SET-LIVE-000382,2026-09-26T11:36:01,MRC_003,CUST-0369,PROC_B,ach,US,24095,USD,2026-09-26,PAY-150382,settled
SET-LIVE-000383,2026-09-26T11:31:27,MRC_003,CUST-0168,PROC_B,wallet,GB,13561,USD,2026-09-26,PAY-150383,settled
SET-LIVE-000384,2026-09-26T11:48:38,MRC_003,CUST-0164,PROC_C,ach,DE,5608,USD,2026-09-26,PAY-150384,settled
SET-LIVE-000385,2026-09-26T11:28:51,MRC_005,CUST-0382,PROC_A,wallet,GB,1784,USD,2026-09-26,PAY-150385,settled
SET-LIVE-000386,2026-09-26T12:08:19,MRC_004,CUST-0141,PROC_C,wire,GB,2735,USD,2026-09-26,PAY-150386,settled
SET-LIVE-000387,2026-09-26T11:20:42,MRC_005,CUST-0321,PROC_B,card,US,10542,USD,2026-09-26,PAY-150387,settled
SET-LIVE-000388,2026-09-26T11:47:17,MRC_004,CUST-0124,PROC_B,card,US,3478,EUR,2026-09-26,PAY-150388,settled
SET-LIVE-000389,2026-09-26T11:46:37,MRC_003,CUST-0148,PROC_C,ach,DE,2557,USD,2026-09-26,PAY-150389,settled
SET-LIVE-000390,2026-09-26T11:44:07,MRC_003,CUST-0050,PROC_B,ach,CA,25855,USD,2026-09-26,PAY-150390,settled
SET-LIVE-000391,2026-09-26T11:44:39,MRC_001,CUST-0093,PROC_B,wire,US,6866,USD,2026-09-26,PAY-150391,settled
SET-LIVE-000392,2026-09-26T11:32:00,MRC_001,CUST-0052,PROC_A,wire,US,10168,GBP,2026-09-26,PAY-150392,settled
SET-LIVE-000393,2026-09-26T12:01:08,MRC_001,CUST-0106,PROC_B,card,US,4466,USD,2026-09-26,PAY-150393,settled
SET-LIVE-000394,2026-09-26T12:10:30,MRC_005,CUST-0041,PROC_C,card,CA,19640,USD,2026-09-26,PAY-150394,settled
SET-LIVE-000395,2026-09-26T11:37:47,MRC_002,CUST-0017,PROC_A,wallet,US,11970,USD,2026-09-27,PAY-150395,settled
SET-LIVE-000396,2026-09-26T11:48:13,MRC_003,CUST-0378,PROC_A,wallet,US,7529,USD,2026-09-26,PAY-150396,settled
SET-LIVE-000397,2026-09-26T11:33:30,MRC_005,CUST-0149,PROC_A,ach,US,36682,USD,2026-09-27,PAY-150397,settled
SET-LIVE-000398,2026-09-26T11:30:51,MRC_001,CUST-0021,PROC_A,card,US,6870,USD,2026-09-26,PAY-150398,settled
SET-LIVE-000399,2026-09-26T11:35:22,MRC_005,CUST-0199,PROC_C,ach,DE,10976,EUR,2026-09-26,PAY-150399,settled
SET-LIVE-000400,2026-09-26T12:19:54,MRC_004,CUST-0169,PROC_C,wallet,US,25130,EUR,2026-09-26,PAY-150400,settled
SET-LIVE-000401,2026-09-26T11:24:12,MRC_003,CUST-0287,PROC_B,card,US,12586,USD,2026-09-26,PAY-150401,settled
SET-LIVE-000402,2026-09-26T11:42:22,MRC_002,CUST-0284,PROC_B,card,CA,13200,USD,2026-09-26,PAY-150402,settled
SET-LIVE-000403,2026-09-26T12:06:35,MRC_004,CUST-0190,PROC_A,ach,US,5638,GBP,2026-09-26,PAY-150403,settled
SET-LIVE-000404,2026-09-26T11:43:03,MRC_004,CUST-0264,PROC_C,card,DE,13911,EUR,2026-09-26,PAY-150404,settled
SET-LIVE-000405,2026-09-26T12:14:13,MRC_003,CUST-0279,PROC_A,wallet,US,45286,EUR,2026-09-26,PAY-150405,settled
SET-LIVE-000406,2026-09-26T12:20:41,MRC_003,CUST-0213,PROC_C,wire,US,16010,USD,2026-09-26,PAY-150406,settled
SET-LIVE-000407,2026-09-26T11:41:11,MRC_003,CUST-0111,PROC_A,wire,GB,50489,USD,2026-09-26,PAY-150407,settled
SET-LIVE-000408,2026-09-26T11:48:19,MRC_005,CUST-0228,PROC_A,card,US,12705,USD,2026-09-26,PAY-150408,settled
SET-LIVE-000409,2026-09-26T12:17:39,MRC_002,CUST-0172,PROC_B,wallet,DE,6126,USD,2026-09-26,PAY-150409,settled
SET-LIVE-000410,2026-09-26T12:10:10,MRC_004,CUST-0298,PROC_B,wire,US,7489,USD,2026-09-26,PAY-150410,settled
SET-LIVE-000411,2026-09-26T12:05:19,MRC_005,CUST-0295,PROC_A,ach,US,1928,EUR,2026-09-26,PAY-150411,settled
SET-LIVE-000412,2026-09-26T11:42:54,MRC_005,CUST-0281,PROC_A,wallet,US,8297,EUR,2026-09-26,PAY-150412,settled
SET-LIVE-000413,2026-09-26T11:36:27,MRC_001,CUST-0350,PROC_C,wire,GB,29745,USD,2026-09-26,PAY-150413,settled
SET-LIVE-000414,2026-09-26T12:06:56,MRC_001,CUST-0067,PROC_C,ach,US,7084,USD,2026-09-28,PAY-150414,settled
SET-LIVE-000415,2026-09-26T12:05:27,MRC_003,CUST-0111,PROC_A,wire,GB,23934,USD,2026-09-26,PAY-150415,settled
SET-LIVE-000416,2026-09-26T11:47:37,MRC_002,CUST-0137,PROC_C,wallet,GB,31825,EUR,2026-09-26,PAY-150416,settled
SET-LIVE-000417,2026-09-26T12:15:04,MRC_001,CUST-0011,PROC_A,ach,CA,29999,USD,2026-09-26,PAY-150417,settled
SET-LIVE-000418,2026-09-26T12:09:21,MRC_005,CUST-0265,PROC_C,wallet,CA,44935,USD,2026-09-26,PAY-150418,settled
SET-LIVE-000419,2026-09-26T12:00:48,MRC_001,CUST-0346,PROC_B,wire,US,7032,USD,2026-09-26,PAY-150419,settled
SET-LIVE-000420,2026-09-26T12:26:59,MRC_005,CUST-0346,PROC_B,card,US,13796,USD,2026-09-26,PAY-150420,settled
SET-LIVE-000421,2026-09-26T11:59:25,MRC_004,CUST-0086,PROC_B,wire,DE,17306,GBP,2026-09-26,PAY-150421,settled
SET-LIVE-000422,2026-09-26T12:29:39,MRC_001,CUST-0371,PROC_A,wire,US,16528,USD,2026-09-26,PAY-150422,settled
SET-LIVE-000423,2026-09-26T12:26:57,MRC_002,CUST-0154,PROC_B,wire,DE,35743,GBP,2026-09-26,PAY-150423,settled
SET-LIVE-000424,2026-09-26T11:31:05,MRC_005,CUST-0393,PROC_C,wallet,GB,7782,USD,2026-09-26,PAY-150424,settled
SET-LIVE-000425,2026-09-26T12:31:22,MRC_004,CUST-0050,PROC_A,card,DE,29958,USD,2026-09-27,PAY-150425,settled
SET-LIVE-000426,2026-09-26T11:53:57,MRC_003,CUST-0145,PROC_B,card,US,3925,EUR,2026-09-26,PAY-150426,settled
SET-LIVE-000427,2026-09-26T12:16:25,MRC_004,CUST-0161,PROC_A,card,GB,4938,USD,2026-09-26,P/150427,settled
SET-LIVE-000428,2026-09-26T12:08:54,MRC_003,CUST-0167,PROC_C,wallet,US,7463,GBP,2026-09-26,pay-150428,settled
SET-LIVE-000429,2026-09-26T12:26:16,MRC_003,CUST-0327,PROC_B,ach,GB,9685,USD,2026-09-26,PAY-150429,settled
SET-LIVE-000430,2026-09-26T11:33:38,MRC_003,CUST-0092,PROC_B,ach,DE,3888,USD,2026-09-26,PAY-150430,settled
SET-LIVE-000431,2026-09-26T12:02:02,MRC_002,CUST-0294,PROC_A,card,DE,33648,USD,2026-09-26,PAY-150431,settled
SET-LIVE-000432,2026-09-26T12:31:16,MRC_003,CUST-0110,PROC_A,ach,DE,7305,EUR,2026-09-26,PAY-150432,settled
SET-LIVE-000433,2026-09-26T11:44:30,MRC_003,CUST-0054,PROC_B,card,US,15798,USD,2026-09-26,PAY-150433,settled
SET-LIVE-000434,2026-09-26T12:23:04,MRC_002,CUST-0253,PROC_B,card,US,3181,USD,2026-09-26,PAY-150434,settled
SET-LIVE-000435,2026-09-26T11:43:21,MRC_005,CUST-0199,PROC_B,wallet,GB,6906,USD,2026-09-28,PAY-150435,settled
SET-LIVE-000436,2026-09-26T12:17:48,MRC_001,CUST-0266,PROC_A,ach,DE,9284,USD,2026-09-26,PAY-150436,settled
SET-LIVE-000437,2026-09-26T11:45:02,MRC_005,CUST-0256,PROC_B,wallet,US,25317,EUR,2026-09-26,PAY-150437,settled
SET-LIVE-000438,2026-09-26T12:29:12,MRC_005,CUST-0347,PROC_B,ach,US,46496,USD,2026-09-26,PAY-150438,settled
SET-LIVE-000439,2026-09-26T12:21:23,MRC_005,CUST-0342,PROC_B,card,US,29706,GBP,2026-09-26,PAY-150439,settled
SET-LIVE-000440,2026-09-26T12:18:57,MRC_004,CUST-0182,PROC_B,wallet,DE,7924,USD,2026-09-26,PAY-150440,settled
SET-LIVE-000441,2026-09-26T11:42:18,MRC_002,CUST-0286,PROC_A,card,CA,16169,USD,2026-09-26,PAY-150441,settled
SET-LIVE-000442,2026-09-26T11:56:45,MRC_001,CUST-0097,PROC_C,card,US,9780,USD,2026-09-26,PAY-150442,settled
SET-LIVE-000443,2026-09-26T11:53:04,MRC_004,CUST-0130,PROC_B,ach,US,4538,USD,2026-09-26,PAY-150443,settled
SET-LIVE-000444,2026-09-26T12:22:17,MRC_001,CUST-0215,PROC_C,ach,CA,32150,USD,2026-09-26,PAY-150444,settled
SET-LIVE-000445,2026-09-26T12:14:45,MRC_001,CUST-0229,PROC_A,ach,DE,131113,EUR,2026-09-26,PAY-150445,settled
SET-LIVE-000446,2026-09-26T11:49:16,MRC_003,CUST-0030,PROC_B,wallet,CA,17403,GBP,2026-09-26,PAY-150446,settled
SET-LIVE-000447,2026-09-26T12:24:24,MRC_002,CUST-0381,PROC_B,wire,US,38296,USD,2026-09-26,PAY-150447,settled
SET-LIVE-000448,2026-09-26T11:42:46,MRC_003,CUST-0353,PROC_B,ach,CA,6540,USD,2026-09-26,PAY-150448,settled
SET-LIVE-000449,2026-09-26T11:47:07,MRC_002,CUST-0366,PROC_B,card,GB,16310,GBP,2026-09-26,PAY-150449,settled
SET-LIVE-000450,2026-09-26T11:57:40,MRC_002,CUST-0325,PROC_A,card,US,2163,USD,2026-09-26,PAY-150450,settled
SET-LIVE-000451,2026-09-26T12:10:12,MRC_001,CUST-0076,PROC_A,wallet,US,4511,USD,2026-09-26,PAY-150451,settled
SET-LIVE-000452,2026-09-26T12:28:43,MRC_003,CUST-0369,PROC_B,ach,GB,42170,EUR,2026-09-26,PAY-150452,settled
SET-LIVE-000453,2026-09-26T12:34:07,MRC_004,CUST-0153,PROC_B,wallet,GB,1496,USD,2026-09-26,PAY-150453,settled
SET-LIVE-000454,2026-09-26T12:26:37,MRC_003,CUST-0281,PROC_C,card,US,30303,EUR,2026-09-26,PAY-150454,settled
SET-LIVE-000455,2026-09-26T12:03:45,MRC_002,CUST-0382,PROC_A,wire,US,12651,USD,2026-09-26,PAY-150455,settled
SET-LIVE-000456,2026-09-26T11:43:59,MRC_001,CUST-0009,PROC_B,wire,GB,33066,USD,2026-09-26,PAY-150456,settled
SET-LIVE-000457,2026-09-26T12:20:14,MRC_001,CUST-0013,PROC_B,card,US,5720,USD,2026-09-26,PAY-150457,settled
SET-LIVE-000458,2026-09-26T11:52:32,MRC_003,CUST-0254,PROC_A,card,DE,6991,EUR,2026-09-26,PAY-150458,settled
SET-LIVE-000459,2026-09-26T12:25:59,MRC_003,CUST-0144,PROC_C,wallet,US,23539,GBP,2026-09-26,PAY-150459,settled
SET-LIVE-000460,2026-09-26T12:26:07,MRC_001,CUST-0216,PROC_C,card,US,26780,EUR,2026-09-26,PAY-150460,settled
SET-LIVE-000461,2026-09-26T12:01:42,MRC_003,CUST-0123,PROC_B,wire,DE,19800,USD,2026-09-26,PAY-150461,settled
SET-LIVE-000462,2026-09-26T12:43:12,MRC_005,CUST-0156,PROC_B,ach,US,563,USD,2026-09-26,PAY-150462,settled
SET-LIVE-000463,2026-09-26T11:57:32,MRC_002,CUST-0166,PROC_B,ach,US,25369,USD,2026-09-26,PAY-150463,settled
SET-LIVE-000464,2026-09-26T11:58:59,MRC_003,CUST-0144,PROC_B,wire,DE,4933,USD,2026-09-26,PAY-150464,settled
SET-LIVE-000465,2026-09-26T12:30:07,MRC_002,CUST-0142,PROC_C,wallet,US,12832,USD,2026-09-26,PAY-150465-SETTLED,settled
SET-LIVE-000466,2026-09-26T11:59:15,MRC_001,CUST-0353,PROC_B,ach,CA,11376,GBP,2026-09-26,PAY-150466,settled
SET-LIVE-000467,2026-09-26T12:01:28,MRC_001,CUST-0270,PROC_B,wallet,CA,1313,USD,2026-09-26,PAY-150467,settled
SET-LIVE-000468,2026-09-26T12:36:53,MRC_001,CUST-0347,PROC_C,wire,GB,16847,USD,2026-09-26,PAY-150468,settled
SET-LIVE-000469,2026-09-26T11:56:14,MRC_003,CUST-0039,PROC_B,wallet,US,15526,USD,2026-09-26,PAY-150469,settled
SET-LIVE-000470,2026-09-26T12:27:42,MRC_005,CUST-0219,PROC_A,wire,US,7218,EUR,2026-09-26,PAY-150470,settled
SET-LIVE-000471,2026-09-26T12:13:59,MRC_003,CUST-0117,PROC_C,card,CA,27355,USD,2026-09-26,PAY-150471,settled
SET-LIVE-000472,2026-09-26T12:06:25,MRC_004,CUST-0027,PROC_B,card,US,9778,EUR,2026-09-26,PAY-150472,settled
SET-LIVE-000473,2026-09-26T12:12:55,MRC_004,CUST-0302,PROC_B,ach,GB,31628,EUR,2026-09-26,PAY-150473,settled
SET-LIVE-000474,2026-09-26T12:31:26,MRC_004,CUST-0008,PROC_B,wire,US,9843,USD,2026-09-26,PAY-150474,settled
SET-LIVE-000475,2026-09-26T12:37:56,MRC_005,CUST-0029,PROC_C,ach,DE,25774,USD,2026-09-26,PAY-150475,settled
SET-LIVE-000476,2026-09-26T11:51:09,MRC_005,CUST-0019,PROC_A,ach,DE,3590,EUR,2026-09-26,PAY-150476,settled
SET-LIVE-000477,2026-09-26T12:03:19,MRC_005,CUST-0222,PROC_B,card,GB,28551,USD,2026-09-26,PAY-150477,settled
SET-LIVE-000478,2026-09-26T12:05:51,MRC_001,CUST-0105,PROC_B,ach,US,2912,GBP,2026-09-26,PAY-150478,settled
SET-LIVE-000479,2026-09-26T12:31:14,MRC_003,CUST-0072,PROC_A,card,GB,2214,USD,2026-09-26,PAY-150479,settled
SET-LIVE-000480,2026-09-26T12:11:25,MRC_003,CUST-0132,PROC_B,wallet,US,5262,USD,2026-09-26,PAY-150480,settled
SET-LIVE-000481,2026-09-26T12:00:35,MRC_004,CUST-0046,PROC_B,ach,CA,2531,USD,2026-09-26,PAY-150481,settled
SET-LIVE-000482,2026-09-26T12:21:09,MRC_003,CUST-0363,PROC_C,wallet,CA,5270,EUR,2026-09-26,PAY-150482,settled
SET-LIVE-000483,2026-09-26T12:50:20,MRC_003,CUST-0255,PROC_A,ach,US,14055,EUR,2026-09-26,PAY-150483,settled
SET-LIVE-000484,2026-09-26T12:42:31,MRC_004,CUST-0273,PROC_B,ach,US,6747,EUR,2026-09-26,PAY-150484,settled
SET-LIVE-000485,2026-09-26T12:09:54,MRC_001,CUST-0172,PROC_C,wire,DE,13664,EUR,2026-09-26,PAY-150485,settled
SET-LIVE-000486,2026-09-26T11:54:13,MRC_004,CUST-0213,PROC_C,card,US,13346,USD,2026-09-26,PAY-150486,settled
SET-LIVE-000487,2026-09-26T12:10:35,MRC_001,CUST-0180,PROC_B,ach,CA,5358,USD,2026-09-26,PAY-150487,settled
SET-LIVE-000488,2026-09-26T12:49:00,MRC_004,CUST-0031,PROC_B,card,GB,5591,USD,2026-09-26,PAY-150488,settled
SET-LIVE-000489,2026-09-26T12:17:13,MRC_003,CUST-0151,PROC_C,card,DE,3688,EUR,2026-09-26,PAY-150489,settled
SET-LIVE-000490,2026-09-26T12:13:45,MRC_001,CUST-0191,PROC_A,card,US,56560,USD,2026-09-26,PAY-150490,settled
SET-LIVE-000491,2026-09-26T12:28:11,MRC_004,CUST-0353,PROC_A,wallet,US,36609,GBP,2026-09-26,PAY-150491,settled
SET-LIVE-000492,2026-09-26T12:08:46,MRC_005,CUST-0257,PROC_C,card,US,10566,GBP,2026-09-26,PAY-150492,settled
SET-LIVE-000493,2026-09-26T12:21:01,MRC_003,CUST-0388,PROC_B,wallet,US,5712,USD,2026-09-26,PAY-150493,settled
SET-LIVE-000494,2026-09-26T11:59:35,MRC_003,CUST-0044,PROC_A,wallet,US,8098,USD,2026-09-26,PAY-150494,settled
SET-LIVE-000495,2026-09-26T12:13:04,MRC_002,CUST-0207,PROC_C,card,GB,4172,USD,2026-09-26,PAY-150495,settled
SET-LIVE-000496,2026-09-26T12:47:13,MRC_003,CUST-0092,PROC_B,card,US,1834,USD,2026-09-26,PAY-150496,settled
SET-LIVE-000497,2026-09-26T12:52:28,MRC_004,CUST-0034,PROC_B,card,US,4124,USD,2026-09-26,PAY-150497,settled
SET-LIVE-000498,2026-09-26T12:33:56,MRC_001,CUST-0386,PROC_B,ach,CA,18616,GBP,2026-09-26,PAY-150498,settled
SET-LIVE-000499,2026-09-26T12:40:27,MRC_001,CUST-0172,PROC_B,ach,CA,40341,USD,2026-09-26,PAY-150499,settled
SET-LIVE-000500,2026-09-26T12:01:56,MRC_003,CUST-0068,PROC_B,wire,US,15972,GBP,2026-09-26,PAY-150500,settled
SET-LIVE-000501,2026-09-26T12:01:07,MRC_003,CUST-0127,PROC_C,ach,CA,11155,EUR,2026-09-26,PAY-150501,settled
SET-LIVE-000502,2026-09-26T12:50:40,MRC_002,CUST-0143,PROC_B,wire,US,53530,GBP,2026-09-26,PAY-150502,settled
SET-LIVE-000503,2026-09-26T12:41:10,MRC_002,CUST-0011,PROC_B,ach,CA,28482,USD,2026-09-26,PAY-150503,settled
SET-LIVE-000504,2026-09-26T12:54:33,MRC_004,CUST-0064,PROC_B,wire,CA,11592,USD,2026-09-26,PAY-150504,settled
SET-LIVE-000505,2026-09-26T12:24:00,MRC_003,CUST-0078,PROC_A,wire,DE,15037,USD,2026-09-26,PAY-150505,settled
SET-LIVE-000506,2026-09-26T12:56:32,MRC_001,CUST-0323,PROC_B,wallet,US,3337,USD,2026-09-26,PAY-150506,settled
SET-LIVE-000507,2026-09-26T12:59:50,MRC_005,CUST-0223,PROC_A,ach,GB,32860,USD,2026-09-26,PAY-150507,settled
SET-LIVE-000508,2026-09-26T12:33:03,MRC_004,CUST-0321,PROC_B,wire,US,5871,USD,2026-09-26,PAY-150508,settled
SET-LIVE-000509,2026-09-26T12:28:35,MRC_003,CUST-0236,PROC_A,ach,CA,23781,USD,2026-09-26,PAY-150509,settled
SET-LIVE-000510,2026-09-26T12:11:04,MRC_001,CUST-0197,PROC_C,wire,GB,30496,GBP,2026-09-26,PAY-150510,settled
SET-LIVE-000511,2026-09-26T13:02:25,MRC_004,CUST-0229,PROC_B,wire,US,12529,USD,2026-09-26,PAY-150511,settled
SET-LIVE-000512,2026-09-26T12:35:55,MRC_004,CUST-0255,PROC_A,card,US,5245,USD,2026-09-26,PAY-150512,settled
SET-LIVE-000513,2026-09-26T12:08:30,MRC_002,CUST-0143,PROC_B,card,US,27317,USD,2026-09-26,PAY-150513,settled
SET-LIVE-000514,2026-09-26T12:05:46,MRC_003,CUST-0262,PROC_B,wire,US,13816,USD,2026-09-26,PAY-150514,settled
SET-LIVE-000515,2026-09-26T13:02:55,MRC_001,CUST-0148,PROC_B,card,US,19000,USD,2026-09-26,PAY-150515,settled
SET-LIVE-000516,2026-09-26T12:22:29,MRC_002,CUST-0389,PROC_C,wire,US,8039,USD,2026-09-26,PAY-150516,settled
SET-LIVE-000517,2026-09-26T12:26:54,MRC_002,CUST-0337,PROC_A,wallet,US,14862,USD,2026-09-26,PAY-150517,settled
SET-LIVE-000518,2026-09-26T13:05:09,MRC_001,CUST-0172,PROC_A,wire,US,23391,USD,2026-09-27,PAY-150518,settled
SET-LIVE-000519,2026-09-26T12:16:17,MRC_004,CUST-0098,PROC_A,wallet,GB,63200,USD,2026-09-26,PAY150519,settled
SET-LIVE-000520,2026-09-26T12:53:32,MRC_002,CUST-0015,PROC_C,wallet,US,8227,USD,2026-09-26,PAY-150520,settled
SET-LIVE-000521,2026-09-26T12:17:48,MRC_003,CUST-0314,PROC_B,card,CA,5920,USD,2026-09-26,PAY-150521,settled
SET-LIVE-000522,2026-09-26T12:44:06,MRC_002,CUST-0287,PROC_A,wallet,US,2257,USD,2026-09-26,PAY-150522,settled
SET-LIVE-000523,2026-09-26T12:10:41,MRC_001,CUST-0177,PROC_C,wire,GB,4745,USD,2026-09-26,PAY-150523,settled
SET-LIVE-000524,2026-09-26T12:40:51,MRC_003,CUST-0152,PROC_C,ach,US,2805,GBP,2026-09-26,PAY-150524,settled
SET-LIVE-000525,2026-09-26T12:19:23,MRC_001,CUST-0177,PROC_B,ach,GB,10013,USD,2026-09-26,PAY-150525,settled
SET-LIVE-000526,2026-09-26T12:56:52,MRC_004,CUST-0186,PROC_B,card,US,16946,GBP,2026-09-26,PAY-150526,settled
SET-LIVE-000527,2026-09-26T12:10:27,MRC_003,CUST-0045,PROC_B,wallet,US,7684,EUR,2026-09-26,PAY-150527,settled
SET-LIVE-000528,2026-09-26T12:54:47,MRC_002,CUST-0322,PROC_B,wallet,US,17603,USD,2026-09-26,PAY-150528,settled
SET-LIVE-000529,2026-09-26T13:01:11,MRC_001,CUST-0182,PROC_B,wire,US,2172,USD,2026-09-26,PAY-150529,settled
SET-LIVE-000530,2026-09-26T12:16:25,MRC_002,CUST-0273,PROC_A,wallet,US,7141,EUR,2026-09-26,PAY-150530,settled
SET-LIVE-000531,2026-09-26T12:33:47,MRC_001,CUST-0399,PROC_C,wallet,CA,13719,USD,2026-09-26,PAY-150531,settled
SET-LIVE-000532,2026-09-26T12:13:14,MRC_003,CUST-0190,PROC_B,ach,GB,4267,EUR,2026-09-26,PAY-150532,settled
SET-LIVE-000533,2026-09-26T13:02:36,MRC_001,CUST-0006,PROC_A,wallet,US,4305,USD,2026-09-26,PAY-150533,settled
SET-LIVE-000534,2026-09-26T12:51:09,MRC_003,CUST-0170,PROC_C,ach,CA,38626,USD,2026-09-26,PAY-150534,settled
SET-LIVE-000535,2026-09-26T12:24:33,MRC_005,CUST-0155,PROC_B,wire,DE,2658,USD,2026-09-26,PAY-150535,settled
SET-LIVE-000536,2026-09-26T12:56:58,MRC_004,CUST-0278,PROC_B,wire,US,1930,GBP,2026-09-26,PAY-150536,settled
SET-LIVE-000537,2026-09-26T12:44:17,MRC_003,CUST-0004,PROC_B,card,GB,13337,USD,2026-09-26,PAY-150537,settled
SET-LIVE-000538,2026-09-26T13:11:44,MRC_005,CUST-0033,PROC_B,wallet,US,29485,USD,2026-09-26,PAY-150538,settled
SET-LIVE-000539,2026-09-26T12:40:05,MRC_002,CUST-0025,PROC_B,wallet,DE,23675,USD,2026-09-26,PAY-150539,settled
SET-LIVE-000540,2026-09-26T13:11:27,MRC_002,CUST-0096,PROC_B,wire,GB,2479,EUR,2026-09-26,PAY-150540,settled
SET-LIVE-000541,2026-09-26T13:07:54,MRC_002,CUST-0089,PROC_C,wallet,US,15422,GBP,2026-09-28,PAY-150541,settled
SET-LIVE-000542,2026-09-26T12:34:18,MRC_002,CUST-0260,PROC_C,wallet,GB,4188,USD,2026-09-26,PAY-150542,settled
SET-LIVE-000543,2026-09-26T12:16:41,MRC_002,CUST-0094,PROC_B,wallet,GB,46795,USD,2026-09-26,PAY-150543,settled
SET-LIVE-000544,2026-09-26T12:28:58,MRC_002,CUST-0196,PROC_B,card,DE,3433,USD,2026-09-27,PAY-150544,settled
SET-LIVE-000545,2026-09-26T13:08:33,MRC_003,CUST-0013,PROC_C,card,US,10597,USD,2026-09-26,pay-150545,settled
SET-LIVE-000546,2026-09-26T12:23:46,MRC_004,CUST-0313,PROC_A,wallet,DE,6884,USD,2026-09-26,PAY-150546,settled
SET-LIVE-000547,2026-09-26T13:05:16,MRC_003,CUST-0302,PROC_B,wallet,US,24795,EUR,2026-09-26,PAY-150547,settled
SET-LIVE-000548,2026-09-26T13:11:43,MRC_004,CUST-0262,PROC_B,wallet,DE,27022,USD,2026-09-26,PAY-150548,settled
SET-LIVE-000549,2026-09-26T13:13:58,MRC_003,CUST-0002,PROC_B,wire,GB,12368,USD,2026-09-26,PAY-150549,settled
SET-LIVE-000550,2026-09-26T13:06:31,MRC_004,CUST-0287,PROC_B,card,US,2019,USD,2026-09-26,PAY-150550,settled
SET-LIVE-000551,2026-09-26T12:40:48,MRC_002,CUST-0016,PROC_B,card,DE,2222,USD,2026-09-26,PAY-150551,settled
SET-LIVE-000552,2026-09-26T12:51:11,MRC_004,CUST-0039,PROC_B,ach,US,14990,GBP,2026-09-26,PAY-150552,settled
SET-LIVE-000553,2026-09-26T12:38:27,MRC_003,CUST-0144,PROC_A,ach,US,6463,GBP,2026-09-26,PAY-150553,settled
SET-LIVE-000554,2026-09-26T12:51:02,MRC_001,CUST-0362,PROC_A,wire,CA,14815,USD,2026-09-26,PAY-150554,settled
SET-LIVE-000555,2026-09-26T13:02:26,MRC_004,CUST-0297,PROC_B,wire,GB,2303,USD,2026-09-26,PAY-150555,settled
SET-LIVE-000556,2026-09-26T13:02:59,MRC_003,CUST-0384,PROC_A,wallet,US,8900,GBP,2026-09-26,PAY-150556,settled
SET-LIVE-000557,2026-09-26T13:19:14,MRC_003,CUST-0001,PROC_A,ach,US,5463,GBP,2026-09-26,pay-150557,settled
SET-LIVE-000558,2026-09-26T12:56:23,MRC_005,CUST-0111,PROC_B,wallet,GB,6947,GBP,2026-09-26,PAY-150558,settled
SET-LIVE-000559,2026-09-26T13:04:37,MRC_002,CUST-0140,PROC_A,card,DE,33151,USD,2026-09-27,PAY-150559,settled
SET-LIVE-000560,2026-09-26T13:14:11,MRC_004,CUST-0049,PROC_C,wire,GB,13316,USD,2026-09-26,PAY-150560,settled
SET-LIVE-000561,2026-09-26T12:22:29,MRC_003,CUST-0107,PROC_B,wire,DE,2668,EUR,2026-09-26,PAY-150561,settled
SET-LIVE-000562,2026-09-26T12:51:38,MRC_005,CUST-0239,PROC_B,wire,US,5552,GBP,2026-09-26,PAY-150562,settled
SET-LIVE-000563,2026-09-26T13:20:05,MRC_002,CUST-0398,PROC_B,wallet,GB,6654,USD,2026-09-26,PAY-150563,settled
SET-LIVE-000564,2026-09-26T13:19:39,MRC_004,CUST-0206,PROC_C,wallet,GB,17233,USD,2026-09-26,PAY-150564,settled
SET-LIVE-000565,2026-09-26T12:28:51,MRC_003,CUST-0246,PROC_B,wire,GB,1223,GBP,2026-09-26,PAY-150565,settled
SET-LIVE-000566,2026-09-26T13:18:17,MRC_002,CUST-0066,PROC_B,ach,US,12550,USD,2026-09-26,PAY-150566,settled
SET-LIVE-000567,2026-09-26T12:36:39,MRC_005,CUST-0317,PROC_B,card,CA,3980,GBP,2026-09-26,PAY-150567,settled
SET-LIVE-000568,2026-09-26T13:05:51,MRC_005,CUST-0232,PROC_B,wallet,GB,26904,USD,2026-09-26,PAY-150568,settled
SET-LIVE-000569,2026-09-26T12:47:04,MRC_002,CUST-0319,PROC_C,wire,DE,2376,USD,2026-09-26,P/150569,settled
SET-LIVE-000570,2026-09-26T12:50:20,MRC_003,CUST-0334,PROC_B,card,DE,3093,GBP,2026-09-26,PAY-150570,settled
SET-LIVE-000571,2026-09-26T12:47:49,MRC_003,CUST-0242,PROC_C,card,US,54984,USD,2026-09-26,PAY-150571,settled
SET-LIVE-000572,2026-09-26T12:31:24,MRC_005,CUST-0302,PROC_B,wallet,GB,12317,USD,2026-09-26,PAY-150572,settled
SET-LIVE-000573,2026-09-26T13:22:41,MRC_001,CUST-0323,PROC_C,wire,CA,82665,GBP,2026-09-26,PAY-150573,settled
SET-LIVE-000574,2026-09-26T12:36:10,MRC_002,CUST-0160,PROC_A,wallet,US,60688,EUR,2026-09-26,PAY-150574,settled
SET-LIVE-000575,2026-09-26T12:58:38,MRC_002,CUST-0274,PROC_C,card,CA,3109,GBP,2026-09-26,PAY-150575,settled
SET-LIVE-000576,2026-09-26T13:25:01,MRC_001,CUST-0127,PROC_A,card,US,8994,EUR,2026-09-26,PAY-150576,settled
SET-LIVE-000577,2026-09-26T13:20:12,MRC_005,CUST-0216,PROC_B,ach,US,16476,GBP,2026-09-26,PAY-150577,settled
SET-LIVE-000578,2026-09-26T13:09:21,MRC_003,CUST-0146,PROC_B,wire,US,12327,EUR,2026-09-26,PAY-150578,settled
SET-LIVE-000579,2026-09-26T12:33:30,MRC_002,CUST-0087,PROC_B,ach,US,133098,USD,2026-09-26,PAY-150579,settled
SET-LIVE-000580,2026-09-26T12:52:01,MRC_003,CUST-0085,PROC_B,ach,US,17809,USD,2026-09-26,PAY-150580,settled
SET-LIVE-000581,2026-09-26T12:40:13,MRC_003,CUST-0168,PROC_A,wire,GB,4012,USD,2026-09-26,PAY-150581,settled
SET-LIVE-000582,2026-09-26T13:19:30,MRC_005,CUST-0164,PROC_A,wallet,GB,14962,USD,2026-09-26,PAY-150582,settled
SET-LIVE-000583,2026-09-26T13:08:59,MRC_001,CUST-0076,PROC_A,card,DE,1447,USD,2026-09-26,PAY-150583,settled
SET-LIVE-000584,2026-09-26T13:19:34,MRC_004,CUST-0350,PROC_B,card,CA,18114,USD,2026-09-26,PAY-150584,settled
SET-LIVE-000585,2026-09-26T12:35:44,MRC_005,CUST-0195,PROC_B,wire,US,28943,USD,2026-09-26,PAY-150585,settled
SET-LIVE-000586,2026-09-26T12:31:14,MRC_001,CUST-0056,PROC_C,card,US,7263,GBP,2026-09-26,PAY-150586,settled
SET-LIVE-000587,2026-09-26T12:34:44,MRC_001,CUST-0335,PROC_B,wire,DE,8975,EUR,2026-09-26,PAY-150587,settled
SET-LIVE-000588,2026-09-26T12:40:52,MRC_002,CUST-0208,PROC_B,card,US,11395,USD,2026-09-26,PAY-150588,settled
SET-LIVE-000589,2026-09-26T12:34:03,MRC_003,CUST-0195,PROC_B,wire,CA,3289,GBP,2026-09-26,PAY-150589,settled
SET-LIVE-000590,2026-09-26T12:39:34,MRC_001,CUST-0175,PROC_C,wire,DE,8616,USD,2026-09-26,PAY-150590,settled
SET-LIVE-000591,2026-09-26T13:08:03,MRC_002,CUST-0120,PROC_B,ach,US,17133,USD,2026-09-26,PAY-150591,settled
SET-LIVE-000592,2026-09-26T13:28:20,MRC_004,CUST-0101,PROC_B,card,US,13420,USD,2026-09-27,PAY-150592,settled
SET-LIVE-000593,2026-09-26T12:36:41,MRC_001,CUST-0189,PROC_B,wire,US,8904,EUR,2026-09-26,PAY-150593,settled
SET-LIVE-000594,2026-09-26T12:56:50,MRC_002,CUST-0381,PROC_B,wallet,US,5345,EUR,2026-09-26,PAY-150594,settled
SET-LIVE-000595,2026-09-26T13:00:16,MRC_004,CUST-0109,PROC_A,wire,US,1749,EUR,2026-09-26,PAY-150595,settled
SET-LIVE-000596,2026-09-26T13:19:46,MRC_001,CUST-0216,PROC_C,wallet,US,12310,GBP,2026-09-26,PAY-150596,settled
SET-LIVE-000597,2026-09-26T13:15:54,MRC_001,CUST-0035,PROC_B,wire,DE,40803,USD,2026-09-26,PAY-150597,settled
SET-LIVE-000598,2026-09-26T13:02:03,MRC_001,CUST-0112,PROC_A,wallet,CA,7084,USD,2026-09-26,PAY-150598,settled
SET-LIVE-000599,2026-09-26T12:39:31,MRC_003,CUST-0127,PROC_C,wallet,CA,19097,USD,2026-09-26,PAY-150599,settled
SET-LIVE-000600,2026-09-26T13:17:53,MRC_004,CUST-0382,PROC_A,wire,CA,9381,USD,2026-09-26,PAY-150600,settled
SET-LIVE-000601,2026-09-26T12:46:03,MRC_002,CUST-0286,PROC_B,wire,US,3876,USD,2026-09-26,PAY-150601,settled
SET-LIVE-000602,2026-09-26T12:51:23,MRC_003,CUST-0347,PROC_C,card,DE,29387,USD,2026-09-26,PAY-150602,settled
SET-LIVE-000603,2026-09-26T13:32:42,MRC_004,CUST-0336,PROC_A,card,US,8792,GBP,2026-09-26,PAY-150603,settled
SET-LIVE-000604,2026-09-26T13:10:53,MRC_003,CUST-0177,PROC_B,card,DE,7464,USD,2026-09-26,PAY-150604,settled
SET-LIVE-000605,2026-09-26T13:25:08,MRC_005,CUST-0020,PROC_B,wallet,CA,11976,GBP,2026-09-26,PAY-150605,settled
SET-LIVE-000606,2026-09-26T13:14:21,MRC_002,CUST-0094,PROC_C,card,GB,25465,USD,2026-09-26,PAY-150606,settled
SET-LIVE-000607,2026-09-26T13:34:55,MRC_001,CUST-0235,PROC_B,wallet,GB,23478,EUR,2026-09-26,PAY-150607,settled
SET-LIVE-000608,2026-09-26T13:33:16,MRC_004,CUST-0172,PROC_B,card,CA,5829,EUR,2026-09-26,PAY-150608,settled
SET-LIVE-000609,2026-09-26T13:21:47,MRC_001,CUST-0243,PROC_B,wire,GB,3851,USD,2026-09-26,PAY-150609,settled
SET-LIVE-000610,2026-09-26T13:38:55,MRC_005,CUST-0087,PROC_A,ach,CA,13082,GBP,2026-09-26,PAY-150610,settled
SET-LIVE-000611,2026-09-26T12:49:05,MRC_001,CUST-0107,PROC_B,ach,GB,39110,GBP,2026-09-26,PAY-150611,settled
SET-LIVE-000612,2026-09-26T13:28:40,MRC_004,CUST-0099,PROC_C,wallet,GB,7147,EUR,2026-09-26,PAY-150612,settled
SET-LIVE-000613,2026-09-26T13:28:59,MRC_002,CUST-0324,PROC_B,wire,DE,3589,USD,2026-09-26,PAY-150613,settled
SET-LIVE-000614,2026-09-26T12:42:10,MRC_001,CUST-0322,PROC_B,wallet,US,1733,USD,2026-09-26,PAY-150614,settled
SET-LIVE-000615,2026-09-26T12:56:29,MRC_005,CUST-0107,PROC_B,ach,US,19496,USD,2026-09-26,PAY-150615,settled
SET-LIVE-000616,2026-09-26T13:14:50,MRC_002,CUST-0249,PROC_A,wire,US,30230,GBP,2026-09-26,PAY-150616,settled
SET-LIVE-000617,2026-09-26T13:02:07,MRC_003,CUST-0315,PROC_B,card,US,18626,USD,2026-09-26,PAY-150617,settled
SET-LIVE-000618,2026-09-26T13:39:28,MRC_003,CUST-0128,PROC_A,ach,DE,6463,EUR,2026-09-26,PAY-150618,settled
SET-LIVE-000619,2026-09-26T13:22:42,MRC_005,CUST-0103,PROC_C,card,CA,6595,USD,2026-09-26,PAY-150619,settled
SET-LIVE-000620,2026-09-26T12:56:58,MRC_004,CUST-0051,PROC_B,wallet,US,30375,USD,2026-09-26,PAY-150620,settled
SET-LIVE-000621,2026-09-26T13:04:09,MRC_005,CUST-0138,PROC_B,wire,CA,5176,USD,2026-09-26,PAY-150621,settled
SET-LIVE-000622,2026-09-26T12:43:28,MRC_005,CUST-0146,PROC_B,wallet,CA,27703,USD,2026-09-26,PAY-150622,settled
SET-LIVE-000623,2026-09-26T13:21:41,MRC_004,CUST-0255,PROC_A,card,US,6044,USD,2026-09-26,PAY-150623,settled
SET-LIVE-000624,2026-09-26T12:58:09,MRC_003,CUST-0328,PROC_B,ach,US,13377,EUR,2026-09-26,PAY-150624,settled
SET-LIVE-000625,2026-09-26T13:18:31,MRC_003,CUST-0092,PROC_B,ach,US,31411,USD,2026-09-26,PAY-150625,settled
SET-LIVE-000626,2026-09-26T13:25:45,MRC_002,CUST-0084,PROC_C,wallet,DE,15558,EUR,2026-09-26,PAY-150626,settled
SET-LIVE-000627,2026-09-26T12:47:58,MRC_004,CUST-0023,PROC_A,ach,GB,32971,GBP,2026-09-27,PAY-150627,settled
SET-LIVE-000628,2026-09-26T13:37:24,MRC_004,CUST-0213,PROC_B,wire,DE,18135,EUR,2026-09-26,PAY-150628,settled
SET-LIVE-000629,2026-09-26T13:12:59,MRC_003,CUST-0209,PROC_B,card,GB,21284,EUR,2026-09-26,PAY-150629,settled
SET-LIVE-000630,2026-09-26T13:13:07,MRC_001,CUST-0190,PROC_C,card,US,41813,USD,2026-09-26,PAY-150630,settled
SET-LIVE-000631,2026-09-26T13:19:24,MRC_005,CUST-0221,PROC_A,ach,US,5922,EUR,2026-09-26,PAY-150631,settled
SET-LIVE-000632,2026-09-26T13:13:44,MRC_003,CUST-0250,PROC_B,wallet,DE,4199,USD,2026-09-26,PAY-150632,settled
SET-LIVE-000633,2026-09-26T13:22:00,MRC_001,CUST-0091,PROC_C,wire,GB,13973,GBP,2026-09-26,PAY-150633,settled
SET-LIVE-000634,2026-09-26T12:54:14,MRC_004,CUST-0351,PROC_B,ach,GB,38357,USD,2026-09-26,PAY-150634,settled
SET-LIVE-000635,2026-09-26T13:19:37,MRC_004,CUST-0227,PROC_B,wallet,DE,6042,USD,2026-09-26,PAY-150635,settled
SET-LIVE-000636,2026-09-26T12:53:00,MRC_001,CUST-0114,PROC_C,wallet,DE,40607,USD,2026-09-26,PAY-150636,settled
SET-LIVE-000637,2026-09-26T13:17:35,MRC_004,CUST-0004,PROC_B,wire,US,30512,USD,2026-09-26,PAY-150637,settled
SET-LIVE-000638,2026-09-26T13:13:01,MRC_001,CUST-0159,PROC_B,wire,CA,40934,USD,2026-09-26,PAY-150638,settled
SET-LIVE-000639,2026-09-26T13:21:17,MRC_004,CUST-0072,PROC_C,card,US,17534,USD,2026-09-27,PAY-150639,settled
SET-LIVE-000640,2026-09-26T13:30:40,MRC_002,CUST-0386,PROC_B,wire,GB,17414,USD,2026-09-26,PAY-150640,settled
SET-LIVE-000641,2026-09-26T13:33:00,MRC_001,CUST-0238,PROC_B,card,CA,4087,USD,2026-09-26,PAY-150641,settled
SET-LIVE-000642,2026-09-26T13:29:25,MRC_004,CUST-0381,PROC_B,ach,CA,8695,USD,2026-09-26,PAY-150642,settled
SET-LIVE-000643,2026-09-26T13:32:45,MRC_002,CUST-0296,PROC_B,ach,US,5765,EUR,2026-09-26,PAY-150643,settled
SET-LIVE-000644,2026-09-26T12:51:03,MRC_002,CUST-0384,PROC_A,wallet,US,5921,EUR,2026-09-26,PAY-150644,settled
SET-LIVE-000645,2026-09-26T13:16:11,MRC_003,CUST-0124,PROC_C,wire,US,22258,USD,2026-09-26,PAY-150645,settled
SET-LIVE-000646,2026-09-26T13:40:39,MRC_001,CUST-0239,PROC_C,wallet,US,29791,EUR,2026-09-26,PAY-150646,settled
SET-LIVE-000647,2026-09-26T13:33:02,MRC_001,CUST-0289,PROC_C,wire,US,4451,USD,2026-09-26,PAY-150647,settled
SET-LIVE-000648,2026-09-26T13:04:36,MRC_003,CUST-0141,PROC_C,ach,US,9915,USD,2026-09-27,PAY-150648,settled
SET-LIVE-000649,2026-09-26T12:58:45,MRC_001,CUST-0031,PROC_B,wallet,US,11112,GBP,2026-09-26,PAY-150649,settled
SET-LIVE-000650,2026-09-26T13:28:14,MRC_003,CUST-0332,PROC_C,wire,GB,21323,USD,2026-09-26,PAY-150650,settled
SET-LIVE-000651,2026-09-26T13:28:49,MRC_003,CUST-0023,PROC_C,wallet,CA,13803,GBP,2026-09-26,PAY-150651,settled
SET-LIVE-000652,2026-09-26T12:55:08,MRC_002,CUST-0215,PROC_A,card,DE,49645,USD,2026-09-26,PAY-150652,settled
SET-LIVE-000653,2026-09-26T13:00:23,MRC_004,CUST-0008,PROC_B,card,US,13566,USD,2026-09-26,PAY-150653,settled
SET-LIVE-000654,2026-09-26T13:29:44,MRC_001,CUST-0370,PROC_B,ach,DE,12681,USD,2026-09-26,PAY-150654,settled
SET-LIVE-000655,2026-09-26T13:36:59,MRC_002,CUST-0143,PROC_A,card,CA,1305,USD,2026-09-26,PAY-150655,settled
SET-LIVE-000656,2026-09-26T13:39:09,MRC_003,CUST-0400,PROC_B,card,DE,10033,GBP,2026-09-26,PAY-150656,settled
SET-LIVE-000657,2026-09-26T12:55:28,MRC_005,CUST-0285,PROC_B,ach,US,153801,USD,2026-09-26,PAY-150657,settled
SET-LIVE-000658,2026-09-26T13:21:59,MRC_001,CUST-0234,PROC_C,ach,US,3495,USD,2026-09-26,PAY-150658,settled
SET-LIVE-000659,2026-09-26T13:17:07,MRC_003,CUST-0152,PROC_B,card,DE,3303,GBP,2026-09-26,PAY-150659,settled
SET-LIVE-000660,2026-09-26T13:06:32,MRC_004,CUST-0397,PROC_B,wire,CA,26882,USD,2026-09-28,PAY-150660,settled
SET-LIVE-000661,2026-09-26T13:14:06,MRC_005,CUST-0264,PROC_B,card,US,5741,USD,2026-09-26,PAY-150661,settled
SET-LIVE-000662,2026-09-26T13:23:32,MRC_002,CUST-0077,PROC_B,wire,GB,10836,USD,2026-09-26,PAY-150662,settled
SET-LIVE-000663,2026-09-26T13:16:48,MRC_003,CUST-0075,PROC_A,ach,US,33464,GBP,2026-09-26,PAY-150663,settled
SET-LIVE-000664,2026-09-26T13:43:03,MRC_002,CUST-0338,PROC_A,wire,DE,2555,EUR,2026-09-26,PAY-150664,settled
SET-LIVE-000665,2026-09-26T13:28:20,MRC_003,CUST-0042,PROC_C,wire,US,10741,EUR,2026-09-26,P/150665,settled
SET-LIVE-000666,2026-09-26T13:47:53,MRC_005,CUST-0257,PROC_C,wire,US,11585,USD,2026-09-26,PAY-150666,settled
SET-LIVE-000667,2026-09-26T13:40:01,MRC_004,CUST-0126,PROC_C,wallet,DE,2047,USD,2026-09-26,PAY-150667,settled
SET-LIVE-000668,2026-09-26T13:07:16,MRC_002,CUST-0083,PROC_A,wire,US,9733,USD,2026-09-26,PAY-150668,settled
SET-LIVE-000669,2026-09-26T13:58:45,MRC_004,CUST-0179,PROC_B,card,US,3351,EUR,2026-09-26,PAY-150669,settled
SET-LIVE-000670,2026-09-26T13:25:17,MRC_002,CUST-0144,PROC_B,card,US,21571,USD,2026-09-26,PAY-150670,settled
SET-LIVE-000671,2026-09-26T13:43:25,MRC_005,CUST-0200,PROC_B,card,US,34210,GBP,2026-09-26,PAY-150671,settled
SET-LIVE-000672,2026-09-26T13:57:34,MRC_004,CUST-0049,PROC_B,wallet,GB,3341,EUR,2026-09-26,PAY-150672,settled
SET-LIVE-000673,2026-09-26T13:14:00,MRC_002,CUST-0156,PROC_B,ach,US,32714,GBP,2026-09-26,PAY-150673,settled
SET-LIVE-000674,2026-09-26T13:57:11,MRC_003,CUST-0101,PROC_A,wallet,US,22920,USD,2026-09-26,PAY-150674,settled
SET-LIVE-000675,2026-09-26T13:17:34,MRC_001,CUST-0176,PROC_B,wallet,US,4114,USD,2026-09-26,PAY-150675,settled
SET-LIVE-000676,2026-09-26T13:42:49,MRC_003,CUST-0038,PROC_B,wire,US,3868,USD,2026-09-26,PAY-150676,settled
SET-LIVE-000677,2026-09-26T14:01:23,MRC_005,CUST-0353,PROC_C,card,CA,7611,USD,2026-09-26,PAY-150677,settled
SET-LIVE-000678,2026-09-26T13:33:38,MRC_004,CUST-0354,PROC_B,wallet,DE,5040,USD,2026-09-26,PAY-150678,settled
SET-LIVE-000679,2026-09-26T13:19:01,MRC_001,CUST-0313,PROC_B,wire,CA,37749,USD,2026-09-26,PAY-150679,settled
SET-LIVE-000680,2026-09-26T13:52:33,MRC_004,CUST-0165,PROC_B,wire,CA,16590,USD,2026-09-26,PAY-150680,settled
SET-LIVE-000681,2026-09-26T13:03:47,MRC_003,CUST-0274,PROC_C,wallet,GB,19760,USD,2026-09-26,PAY-150681,settled
SET-LIVE-000682,2026-09-26T13:56:58,MRC_004,CUST-0087,PROC_C,card,US,3189,USD,2026-09-26,PAY-150682,settled
SET-LIVE-000683,2026-09-26T13:17:17,MRC_005,CUST-0241,PROC_A,wallet,CA,2511,USD,2026-09-26,PAY-150683,settled
SET-LIVE-000684,2026-09-26T13:25:48,MRC_001,CUST-0128,PROC_B,card,US,2184,GBP,2026-09-26,PAY-150684,settled
SET-LIVE-000685,2026-09-26T13:34:15,MRC_002,CUST-0189,PROC_B,card,US,19912,USD,2026-09-26,PAY-150685,settled
SET-LIVE-000686,2026-09-26T14:04:37,MRC_004,CUST-0307,PROC_A,wallet,US,1234,USD,2026-09-26,PAY-150686,settled
SET-LIVE-000687,2026-09-26T13:34:47,MRC_002,CUST-0029,PROC_A,wallet,US,6976,USD,2026-09-26,PAY-150687,settled
SET-LIVE-000688,2026-09-26T13:19:06,MRC_004,CUST-0056,PROC_B,wallet,CA,41937,USD,2026-09-26,PAY-150688,settled
SET-LIVE-000689,2026-09-26T13:36:24,MRC_003,CUST-0102,PROC_B,card,DE,3709,USD,2026-09-26,PAY-150689,settled
SET-LIVE-000690,2026-09-26T13:52:50,MRC_003,CUST-0320,PROC_B,wallet,US,10644,USD,2026-09-26,PAY-150690,settled
SET-LIVE-000691,2026-09-26T13:45:00,MRC_002,CUST-0277,PROC_C,wallet,US,8142,USD,2026-09-26,PAY-150691,settled
SET-LIVE-000692,2026-09-26T13:24:25,MRC_001,CUST-0020,PROC_A,ach,US,4258,USD,2026-09-26,PAY-150692,settled
SET-LIVE-000693,2026-09-26T13:35:42,MRC_002,CUST-0349,PROC_B,wallet,US,30934,GBP,2026-09-26,PAY-150693,settled
SET-LIVE-000694,2026-09-26T13:23:08,MRC_004,CUST-0200,PROC_A,ach,US,2595,USD,2026-09-26,PAY-150694,settled
SET-LIVE-000695,2026-09-26T13:41:23,MRC_002,CUST-0165,PROC_B,ach,US,21260,EUR,2026-09-26,PAY-150695,settled
SET-LIVE-000696,2026-09-26T13:41:48,MRC_005,CUST-0210,PROC_A,ach,CA,22110,EUR,2026-09-26,PAY-150696,settled
SET-LIVE-000697,2026-09-26T13:17:09,MRC_003,CUST-0364,PROC_A,wire,CA,4059,EUR,2026-09-26,PAY-150697,settled
SET-LIVE-000698,2026-09-26T13:35:28,MRC_004,CUST-0019,PROC_B,wallet,US,141034,EUR,2026-09-26,PAY-150698,settled
SET-LIVE-000699,2026-09-26T13:52:44,MRC_004,CUST-0211,PROC_B,wallet,US,59408,USD,2026-09-26,PAY-150699,settled
SET-LIVE-000700,2026-09-26T14:02:03,MRC_003,CUST-0328,PROC_B,ach,DE,4552,USD,2026-09-26,PAY150700,settled
SET-LIVE-000701,2026-09-26T13:39:12,MRC_004,CUST-0198,PROC_B,ach,DE,6414,USD,2026-09-26,PAY-150701,settled
SET-LIVE-000702,2026-09-26T14:02:20,MRC_002,CUST-0109,PROC_C,card,US,6741,USD,2026-09-26,PAY-150702,settled
SET-LIVE-000703,2026-09-26T13:21:49,MRC_003,CUST-0185,PROC_C,ach,US,15236,EUR,2026-09-26,PAY-150703,settled
SET-LIVE-000704,2026-09-26T14:05:06,MRC_005,CUST-0379,PROC_C,wallet,CA,20301,USD,2026-09-26,PAY-150704,settled
SET-LIVE-000705,2026-09-26T13:27:19,MRC_003,CUST-0192,PROC_B,wire,US,8012,EUR,2026-09-26,PAY-150705,settled
SET-LIVE-000706,2026-09-26T13:28:29,MRC_005,CUST-0058,PROC_B,wallet,CA,877,USD,2026-09-26,PAY-150706,settled
SET-LIVE-000707,2026-09-26T13:16:03,MRC_005,CUST-0258,PROC_B,card,CA,7006,USD,2026-09-26,PAY-150707,settled
SET-LIVE-000708,2026-09-26T13:53:37,MRC_001,CUST-0044,PROC_B,card,US,1191,GBP,2026-09-26,PAY-150708,settled
SET-LIVE-000709,2026-09-26T13:35:48,MRC_001,CUST-0146,PROC_B,wire,GB,16902,USD,2026-09-26,PAY-150709,settled
SET-LIVE-000710,2026-09-26T13:30:06,MRC_001,CUST-0099,PROC_B,wire,DE,3015,EUR,2026-09-26,PAY-150710,settled
SET-LIVE-000711,2026-09-26T13:12:36,MRC_001,CUST-0083,PROC_B,card,US,43928,USD,2026-09-26,PAY-150711,settled
SET-LIVE-000712,2026-09-26T13:38:10,MRC_004,CUST-0098,PROC_C,wire,DE,4889,USD,2026-09-26,PAY-150712,settled
SET-LIVE-000713,2026-09-26T13:32:27,MRC_001,CUST-0198,PROC_B,card,GB,10612,USD,2026-09-26,PAY-150713,settled
SET-LIVE-000714,2026-09-26T13:32:58,MRC_003,CUST-0029,PROC_B,wire,CA,41990,GBP,2026-09-26,PAY-150714,settled
SET-LIVE-000715,2026-09-26T14:11:17,MRC_004,CUST-0164,PROC_B,ach,US,9116,USD,2026-09-26,PAY-150715,settled
SET-LIVE-000716,2026-09-26T14:11:49,MRC_004,CUST-0201,PROC_B,wire,US,9663,GBP,2026-09-26,PAY-150716-SETTLED,settled
SET-LIVE-000717,2026-09-26T13:34:23,MRC_001,CUST-0068,PROC_B,ach,US,2741,GBP,2026-09-26,PAY-150717,settled
SET-LIVE-000718,2026-09-26T13:43:57,MRC_005,CUST-0026,PROC_B,ach,US,14235,USD,2026-09-26,PAY-150718,settled
SET-LIVE-000719,2026-09-26T13:43:05,MRC_005,CUST-0107,PROC_B,card,DE,24433,USD,2026-09-26,PAY-150719,settled
SET-LIVE-000720,2026-09-26T13:47:39,MRC_003,CUST-0261,PROC_C,wire,CA,35277,USD,2026-09-26,PAY-150720,settled
SET-LIVE-000721,2026-09-26T13:38:11,MRC_002,CUST-0344,PROC_B,wire,DE,13000,GBP,2026-09-26,PAY-150721,settled
SET-LIVE-000722,2026-09-26T13:59:42,MRC_003,CUST-0117,PROC_B,wallet,DE,26525,GBP,2026-09-26,PAY-150722,settled
SET-LIVE-000723,2026-09-26T14:15:17,MRC_004,CUST-0232,PROC_A,wallet,US,1397,USD,2026-09-26,PAY-150723,settled
SET-LIVE-000724,2026-09-26T13:34:43,MRC_004,CUST-0368,PROC_A,wire,CA,8671,GBP,2026-09-26,PAY-150724,settled
SET-LIVE-000725,2026-09-26T13:32:13,MRC_004,CUST-0265,PROC_A,wire,US,62975,GBP,2026-09-26,PAY-150725,settled
SET-LIVE-000726,2026-09-26T13:55:26,MRC_003,CUST-0315,PROC_B,wire,GB,8085,USD,2026-09-26,PAY-150726,settled
SET-LIVE-000727,2026-09-26T13:48:38,MRC_003,CUST-0016,PROC_B,wallet,DE,2645,USD,2026-09-26,PAY-150727,settled
SET-LIVE-000728,2026-09-26T14:08:57,MRC_001,CUST-0390,PROC_B,card,DE,20129,EUR,2026-09-26,PAY-150728,settled
SET-LIVE-000729,2026-09-26T13:47:06,MRC_004,CUST-0283,PROC_B,ach,US,1803,EUR,2026-09-26,PAY-150729,settled
SET-LIVE-000730,2026-09-26T14:09:27,MRC_003,CUST-0303,PROC_B,ach,CA,13786,EUR,2026-09-26,PAY-150730,settled
SET-LIVE-000731,2026-09-26T14:05:44,MRC_003,CUST-0059,PROC_B,wallet,US,19740,GBP,2026-09-26,PAY-150731,settled
SET-LIVE-000732,2026-09-26T13:39:06,MRC_004,CUST-0200,PROC_B,wallet,DE,16171,GBP,2026-09-26,PAY-150732,settled
SET-LIVE-000733,2026-09-26T13:56:36,MRC_003,CUST-0285,PROC_A,ach,US,3815,USD,2026-09-26,PAY-150733,settled
SET-LIVE-000734,2026-09-26T13:35:09,MRC_005,CUST-0036,PROC_B,ach,DE,28455,USD,2026-09-26,PAY-150734,settled
SET-LIVE-000735,2026-09-26T13:33:42,MRC_003,CUST-0253,PROC_B,wallet,US,3544,USD,2026-09-26,PAY-150735,settled
SET-LIVE-000736,2026-09-26T13:24:08,MRC_005,CUST-0376,PROC_B,wire,US,25035,USD,2026-09-26,PAY-150736,settled
SET-LIVE-000737,2026-09-26T13:43:43,MRC_001,CUST-0077,PROC_B,wallet,CA,8953,USD,2026-09-26,PAY-150737,settled
SET-LIVE-000738,2026-09-26T13:26:18,MRC_001,CUST-0122,PROC_C,wire,DE,4147,USD,2026-09-26,PAY-150738,settled
SET-LIVE-000739,2026-09-26T13:52:30,MRC_001,CUST-0032,PROC_A,card,US,52901,GBP,2026-09-26,PAY-150739,settled
SET-LIVE-000740,2026-09-26T13:50:45,MRC_003,CUST-0136,PROC_A,card,US,33299,USD,2026-09-26,PAY-150740,settled
SET-LIVE-000741,2026-09-26T13:52:57,MRC_001,CUST-0202,PROC_A,ach,DE,59528,USD,2026-09-26,PAY-150741,settled
SET-LIVE-000742,2026-09-26T14:09:29,MRC_005,CUST-0205,PROC_B,ach,GB,4565,GBP,2026-09-26,PAY-150742,settled
SET-LIVE-000743,2026-09-26T14:03:57,MRC_005,CUST-0052,PROC_B,wire,US,12383,USD,2026-09-26,PAY-150743,settled
SET-LIVE-000744,2026-09-26T13:38:16,MRC_001,CUST-0222,PROC_B,card,DE,6972,EUR,2026-09-26,PAY-150744,settled
SET-LIVE-000745,2026-09-26T13:39:38,MRC_003,CUST-0194,PROC_B,wire,CA,32505,USD,2026-09-26,PAY-150745,settled
SET-LIVE-000746,2026-09-26T14:25:59,MRC_005,CUST-0189,PROC_A,wire,DE,19759,USD,2026-09-26,PAY-150746,settled
SET-LIVE-000747,2026-09-26T13:27:07,MRC_001,CUST-0325,PROC_B,wallet,US,7516,EUR,2026-09-26,PAY-150747,settled
SET-LIVE-000748,2026-09-26T13:32:30,MRC_004,CUST-0056,PROC_B,wallet,US,10807,USD,2026-09-26,PAY-150748,settled
SET-LIVE-000749,2026-09-26T13:29:53,MRC_005,CUST-0333,PROC_B,ach,CA,20375,GBP,2026-09-26,PAY-150749,settled
SET-LIVE-000750,2026-09-26T13:59:18,MRC_004,CUST-0168,PROC_C,wallet,CA,11601,EUR,2026-09-26,PAY-150750,settled
SET-LIVE-000751,2026-09-26T14:14:28,MRC_003,CUST-0396,PROC_B,card,GB,63007,USD,2026-09-26,PAY-150751,settled
SET-LIVE-000752,2026-09-26T14:02:46,MRC_001,CUST-0276,PROC_B,wire,GB,11155,USD,2026-09-26,PAY-150752,settled
SET-LIVE-000753,2026-09-26T14:02:11,MRC_005,CUST-0029,PROC_B,ach,US,7027,USD,2026-09-26,PAY-150753,settled
SET-LIVE-000754,2026-09-26T14:02:25,MRC_002,CUST-0064,PROC_B,wire,CA,32186,GBP,2026-09-26,PAY-150754,settled
SET-LIVE-000755,2026-09-26T13:47:35,MRC_001,CUST-0166,PROC_A,ach,GB,7338,USD,2026-09-26,PAY-150755,settled
SET-LIVE-000756,2026-09-26T14:21:06,MRC_004,CUST-0023,PROC_A,wallet,US,25767,USD,2026-09-26,PAY-150756,settled
SET-LIVE-000757,2026-09-26T13:58:39,MRC_004,CUST-0195,PROC_A,wallet,CA,11668,GBP,2026-09-26,PAY-150757,settled
SET-LIVE-000758,2026-09-26T14:02:48,MRC_005,CUST-0151,PROC_B,wire,US,14709,USD,2026-09-26,PAY-150758,settled
SET-LIVE-000759,2026-09-26T13:59:15,MRC_002,CUST-0317,PROC_C,card,CA,24992,USD,2026-09-26,PAY-150759,settled
SET-LIVE-000760,2026-09-26T14:01:48,MRC_003,CUST-0198,PROC_A,wallet,US,8144,USD,2026-09-26,PAY-150760,settled
SET-LIVE-000761,2026-09-26T13:51:06,MRC_001,CUST-0272,PROC_B,wire,US,4642,USD,2026-09-26,PAY-150761,settled
SET-LIVE-000762,2026-09-26T14:29:39,MRC_002,CUST-0305,PROC_A,wire,CA,3291,USD,2026-09-26,PAY-150762,settled
SET-LIVE-000763,2026-09-26T14:02:13,MRC_001,CUST-0161,PROC_C,wire,CA,6700,GBP,2026-09-26,PAY-150763,settled
SET-LIVE-000764,2026-09-26T13:59:26,MRC_005,CUST-0325,PROC_B,wallet,CA,6753,USD,2026-09-26,PAY-150764,settled
SET-LIVE-000765,2026-09-26T13:37:48,MRC_005,CUST-0332,PROC_C,wire,DE,8810,USD,2026-09-26,PAY-150765,settled
SET-LIVE-000766,2026-09-26T14:26:02,MRC_005,CUST-0187,PROC_B,card,GB,8603,EUR,2026-09-26,PAY-150766,settled
SET-LIVE-000767,2026-09-26T14:00:26,MRC_002,CUST-0374,PROC_B,wire,CA,19224,USD,2026-09-26,PAY-150767,settled
SET-LIVE-000768,2026-09-26T13:59:44,MRC_003,CUST-0253,PROC_B,wire,GB,10284,USD,2026-09-26,PAY-150768,settled
SET-LIVE-000769,2026-09-26T14:21:01,MRC_002,CUST-0272,PROC_A,card,US,19490,EUR,2026-09-26,PAY-150769,settled
SET-LIVE-000770,2026-09-26T14:20:21,MRC_005,CUST-0238,PROC_B,ach,US,7295,EUR,2026-09-26,PAY-150770,settled
SET-LIVE-000771,2026-09-26T14:16:39,MRC_001,CUST-0230,PROC_C,ach,GB,22621,USD,2026-09-26,PAY-150771,settled
SET-LIVE-000772,2026-09-26T13:53:10,MRC_005,CUST-0270,PROC_A,wallet,DE,5024,USD,2026-09-26,PAY-150772,settled
SET-LIVE-000773,2026-09-26T14:05:19,MRC_001,CUST-0165,PROC_B,wire,GB,162327,USD,2026-09-26,PAY-150773,settled
SET-LIVE-000774,2026-09-26T13:47:54,MRC_004,CUST-0366,PROC_B,ach,US,9459,USD,2026-09-26,PAY-150774,settled
SET-LIVE-000775,2026-09-26T13:41:19,MRC_003,CUST-0067,PROC_C,ach,CA,21833,USD,2026-09-26,PAY-150775,settled
SET-LIVE-000776,2026-09-26T14:04:32,MRC_004,CUST-0350,PROC_C,ach,US,6702,USD,2026-09-26,PAY-150776,settled
SET-LIVE-000777,2026-09-26T14:16:59,MRC_002,CUST-0163,PROC_A,wire,US,5994,EUR,2026-09-26,PAY-150777,settled
SET-LIVE-000778,2026-09-26T14:15:29,MRC_001,CUST-0380,PROC_C,card,US,2604,USD,2026-09-26,PAY-150778,settled
SET-LIVE-000779,2026-09-26T14:22:47,MRC_002,CUST-0166,PROC_B,wire,US,13925,GBP,2026-09-26,PAY-150779,settled
SET-LIVE-000780,2026-09-26T14:31:07,MRC_005,CUST-0105,PROC_C,ach,CA,76515,GBP,2026-09-26,PAY-150780,settled
SET-LIVE-000781,2026-09-26T14:36:22,MRC_002,CUST-0276,PROC_B,wallet,US,22266,USD,2026-09-26,PAY-150781,settled
SET-LIVE-000782,2026-09-26T13:58:30,MRC_001,CUST-0098,PROC_B,ach,US,20127,EUR,2026-09-26,PAY-150782,settled
SET-LIVE-000783,2026-09-26T13:46:40,MRC_004,CUST-0197,PROC_B,ach,US,29006,EUR,2026-09-26,PAY-150783,settled
SET-LIVE-000784,2026-09-26T13:54:00,MRC_005,CUST-0065,PROC_B,wallet,DE,9672,GBP,2026-09-26,PAY-150784,settled
SET-LIVE-000785,2026-09-26T13:46:22,MRC_004,CUST-0193,PROC_B,wire,US,19277,USD,2026-09-26,PAY-150785,settled
SET-LIVE-000786,2026-09-26T14:39:51,MRC_003,CUST-0351,PROC_B,ach,US,29187,EUR,2026-09-26,PAY-150786,settled
SET-LIVE-000787,2026-09-26T13:53:02,MRC_002,CUST-0045,PROC_A,card,US,5918,USD,2026-09-27,PAY-150787,settled
SET-LIVE-000788,2026-09-26T14:35:10,MRC_002,CUST-0156,PROC_A,wire,US,5184,USD,2026-09-26,PAY-150788,settled
SET-LIVE-000789,2026-09-26T14:40:27,MRC_003,CUST-0159,PROC_B,card,US,10173,USD,2026-09-26,PAY-150789,settled
SET-LIVE-000790,2026-09-26T13:46:00,MRC_003,CUST-0179,PROC_B,wire,DE,11704,EUR,2026-09-26,PAY-150790,settled
SET-LIVE-000791,2026-09-26T14:26:35,MRC_005,CUST-0348,PROC_C,ach,GB,8555,USD,2026-09-26,PAY-150791,settled
SET-LIVE-000792,2026-09-26T14:22:06,MRC_001,CUST-0345,PROC_C,card,US,7948,EUR,2026-09-26,PAY-150792,settled
SET-LIVE-000793,2026-09-26T14:40:32,MRC_005,CUST-0219,PROC_A,wire,US,35803,USD,2026-09-26,PAY-150793,settled
SET-LIVE-000794,2026-09-26T14:10:05,MRC_003,CUST-0215,PROC_B,wire,GB,6047,EUR,2026-09-27,PAY-150794,settled
SET-LIVE-000795,2026-09-26T13:51:29,MRC_003,CUST-0359,PROC_C,wire,US,13264,EUR,2026-09-26,PAY-150795,settled
SET-LIVE-000796,2026-09-26T14:11:02,MRC_001,CUST-0270,PROC_A,wallet,US,81571,USD,2026-09-26,PAY-150796,settled
SET-LIVE-000797,2026-09-26T14:44:14,MRC_003,CUST-0396,PROC_B,wallet,US,30821,USD,2026-09-26,PAY-150797,settled
SET-LIVE-000798,2026-09-26T13:57:26,MRC_005,CUST-0198,PROC_B,wallet,US,14507,USD,2026-09-26,PAY-150798,settled
SET-LIVE-000799,2026-09-26T14:41:54,MRC_004,CUST-0177,PROC_C,wallet,CA,8287,USD,2026-09-26,PAY-150799,settled
SET-LIVE-000800,2026-09-26T14:26:16,MRC_003,CUST-0042,PROC_B,wallet,CA,10514,EUR,2026-09-26,PAY-150800,settled
SET-LIVE-000801,2026-09-26T14:19:33,MRC_004,CUST-0351,PROC_C,ach,CA,7845,EUR,2026-09-26,PAY-150801,settled
SET-LIVE-000802,2026-09-26T14:32:55,MRC_003,CUST-0314,PROC_B,ach,DE,14589,GBP,2026-09-26,PAY-150802,settled
SET-LIVE-000803,2026-09-26T14:30:03,MRC_005,CUST-0351,PROC_B,ach,US,15884,USD,2026-09-26,PAY-150803,settled
SET-LIVE-000804,2026-09-26T14:14:38,MRC_005,CUST-0177,PROC_B,card,US,30994,USD,2026-09-26,PAY-150804,settled
SET-LIVE-000805,2026-09-26T13:48:11,MRC_004,CUST-0123,PROC_B,wire,GB,12241,EUR,2026-09-26,PAY-150805,settled
SET-LIVE-000806,2026-09-26T14:16:42,MRC_002,CUST-0352,PROC_A,wallet,CA,3593,GBP,2026-09-26,PAY-150806,settled
SET-LIVE-000807,2026-09-26T14:33:16,MRC_002,CUST-0159,PROC_A,wire,CA,16888,USD,2026-09-26,PAY-150807,settled
SET-LIVE-000808,2026-09-26T13:53:25,MRC_005,CUST-0314,PROC_A,ach,DE,3620,GBP,2026-09-26,PAY-150808,settled
SET-LIVE-000809,2026-09-26T14:27:00,MRC_002,CUST-0001,PROC_B,wallet,DE,12408,EUR,2026-09-26,pay-150809,settled
SET-LIVE-000810,2026-09-26T14:17:21,MRC_002,CUST-0124,PROC_B,wire,DE,23032,EUR,2026-09-26,PAY-150810,settled
SET-LIVE-000811,2026-09-26T14:02:34,MRC_003,CUST-0022,PROC_C,wire,US,5953,GBP,2026-09-27,PAY-150811,settled
SET-LIVE-000812,2026-09-26T14:33:43,MRC_002,CUST-0223,PROC_B,ach,GB,12927,GBP,2026-09-26,PAY-150812,settled
SET-LIVE-000813,2026-09-26T14:18:06,MRC_003,CUST-0051,PROC_C,card,US,33481,USD,2026-09-26,PAY-150813,settled
SET-LIVE-000814,2026-09-26T14:05:33,MRC_003,CUST-0143,PROC_A,wallet,GB,1967,EUR,2026-09-26,PAY-150814,settled
SET-LIVE-000815,2026-09-26T14:27:06,MRC_002,CUST-0345,PROC_A,wallet,US,38716,EUR,2026-09-26,PAY-150815,settled
SET-LIVE-000816,2026-09-26T14:10:38,MRC_005,CUST-0108,PROC_B,card,US,5205,USD,2026-09-26,PAY-150816,settled
SET-LIVE-000817,2026-09-26T14:09:11,MRC_003,CUST-0169,PROC_B,ach,US,14423,EUR,2026-09-26,PAY-150817,settled
SET-LIVE-000818,2026-09-26T14:26:25,MRC_004,CUST-0167,PROC_B,card,US,5604,USD,2026-09-26,PAY-150818,settled
SET-LIVE-000819,2026-09-26T14:07:37,MRC_004,CUST-0279,PROC_C,ach,GB,7241,USD,2026-09-26,PAY-150819,settled
SET-LIVE-000820,2026-09-26T14:50:51,MRC_004,CUST-0221,PROC_A,wallet,CA,4029,USD,2026-09-26,PAY-150820,settled
SET-LIVE-000821,2026-09-26T14:42:07,MRC_001,CUST-0017,PROC_B,wallet,CA,25973,USD,2026-09-26,PAY-150821,settled
SET-LIVE-000822,2026-09-26T14:31:33,MRC_005,CUST-0173,PROC_B,card,US,1818,USD,2026-09-26,PAY-150822,settled
SET-LIVE-000823,2026-09-26T14:15:42,MRC_005,CUST-0139,PROC_C,wallet,GB,13466,GBP,2026-09-26,PAY-150823,settled
SET-LIVE-000824,2026-09-26T14:38:51,MRC_001,CUST-0028,PROC_A,wallet,GB,11392,USD,2026-09-26,PAY-150824,settled
SET-LIVE-000825,2026-09-26T14:47:04,MRC_001,CUST-0149,PROC_B,card,US,4242,USD,2026-09-26,PAY-150825,settled
SET-LIVE-000826,2026-09-26T14:39:37,MRC_004,CUST-0363,PROC_B,wallet,US,43692,USD,2026-09-26,PAY-150826,settled
SET-LIVE-000827,2026-09-26T14:26:01,MRC_005,CUST-0145,PROC_B,ach,US,4979,USD,2026-09-26,PAY-150827,settled
SET-LIVE-000828,2026-09-26T14:14:11,MRC_004,CUST-0058,PROC_C,wire,US,75512,USD,2026-09-26,PAY-150828,settled
SET-LIVE-000829,2026-09-26T14:30:26,MRC_003,CUST-0115,PROC_A,wire,GB,9916,USD,2026-09-26,PAY-150829,settled
SET-LIVE-000830,2026-09-26T14:13:38,MRC_005,CUST-0368,PROC_B,card,US,16668,USD,2026-09-26,PAY-150830,settled
SET-LIVE-000831,2026-09-26T14:09:50,MRC_005,CUST-0046,PROC_B,wallet,US,4257,USD,2026-09-26,PAY-150831,settled
SET-LIVE-000832,2026-09-26T13:59:09,MRC_002,CUST-0267,PROC_B,wallet,DE,24346,EUR,2026-09-26,PAY-150832,settled
SET-LIVE-000833,2026-09-26T13:58:21,MRC_003,CUST-0326,PROC_B,card,US,5575,USD,2026-09-26,PAY-150833,settled
SET-LIVE-000834,2026-09-26T14:47:55,MRC_003,CUST-0394,PROC_B,card,CA,2653,USD,2026-09-26,PAY-150834,settled
SET-LIVE-000835,2026-09-26T14:11:13,MRC_004,CUST-0228,PROC_B,card,DE,8416,USD,2026-09-26,PAY-150835,settled
SET-LIVE-000836,2026-09-26T14:34:43,MRC_003,CUST-0232,PROC_B,wallet,US,5977,USD,2026-09-26,PAY-150836,settled
SET-LIVE-000837,2026-09-26T14:56:03,MRC_001,CUST-0393,PROC_B,ach,US,3914,USD,2026-09-26,PAY-150837,settled
SET-LIVE-000838,2026-09-26T14:14:14,MRC_004,CUST-0369,PROC_B,wallet,US,14634,USD,2026-09-26,PAY-150838,settled
SET-LIVE-000839,2026-09-26T14:26:27,MRC_002,CUST-0286,PROC_B,ach,GB,1185,GBP,2026-09-26,PAY-150839,settled
SET-LIVE-000840,2026-09-26T14:47:46,MRC_003,CUST-0160,PROC_A,wallet,US,53477,USD,2026-09-26,PAY-150840,settled
SET-LIVE-000841,2026-09-26T14:26:09,MRC_001,CUST-0049,PROC_A,wire,DE,1677,USD,2026-09-26,pay-150841,settled
SET-LIVE-000842,2026-09-26T14:18:27,MRC_004,CUST-0351,PROC_C,card,CA,5345,USD,2026-09-26,PAY-150842,settled
SET-LIVE-000843,2026-09-26T14:16:55,MRC_001,CUST-0256,PROC_A,wire,DE,25408,EUR,2026-09-26,pay-150843,settled
SET-LIVE-000844,2026-09-26T14:53:28,MRC_005,CUST-0291,PROC_C,card,US,5497,USD,2026-09-26,PAY-150844,settled
SET-LIVE-000845,2026-09-26T14:51:48,MRC_005,CUST-0003,PROC_B,wire,CA,13407,USD,2026-09-26,PAY-150845,settled
SET-LIVE-000846,2026-09-26T14:23:56,MRC_001,CUST-0073,PROC_B,ach,DE,16358,USD,2026-09-26,PAY-150846,settled
SET-LIVE-000847,2026-09-26T14:20:20,MRC_003,CUST-0340,PROC_C,wallet,US,5858,USD,2026-09-26,PAY-150847,settled
SET-LIVE-000848,2026-09-26T14:38:42,MRC_003,CUST-0294,PROC_B,ach,US,5716,USD,2026-09-26,PAY-150848,settled
SET-LIVE-000849,2026-09-26T14:59:52,MRC_005,CUST-0044,PROC_C,card,CA,104197,USD,2026-09-26,PAY-150849,settled
SET-LIVE-000850,2026-09-26T15:02:22,MRC_005,CUST-0141,PROC_B,wire,GB,46288,USD,2026-09-26,PAY-150850,settled
SET-LIVE-000851,2026-09-26T14:41:40,MRC_004,CUST-0067,PROC_C,wallet,CA,11503,GBP,2026-09-26,PAY-150851,settled
SET-LIVE-000852,2026-09-26T14:37:58,MRC_001,CUST-0025,PROC_C,ach,US,20273,USD,2026-09-26,PAY-150852,settled
SET-LIVE-000853,2026-09-26T14:10:10,MRC_004,CUST-0384,PROC_B,wallet,US,20584,USD,2026-09-26,PAY-150853,settled
SET-LIVE-000854,2026-09-26T14:33:33,MRC_002,CUST-0343,PROC_B,wire,US,17589,GBP,2026-09-26,PAY-150854,settled
SET-LIVE-000855,2026-09-26T14:50:55,MRC_001,CUST-0178,PROC_A,wire,US,59640,USD,2026-09-26,PAY-150855,settled
SET-LIVE-000856,2026-09-26T14:51:16,MRC_002,CUST-0380,PROC_B,wallet,US,4965,USD,2026-09-26,PAY-150856,settled
SET-LIVE-000857,2026-09-26T15:04:33,MRC_005,CUST-0296,PROC_B,wire,DE,12954,USD,2026-09-26,PAY-150857,settled
SET-LIVE-000858,2026-09-26T14:47:47,MRC_003,CUST-0183,PROC_A,wallet,US,28424,GBP,2026-09-26,PAY-150858,settled
SET-LIVE-000859,2026-09-26T15:00:08,MRC_003,CUST-0335,PROC_A,wallet,GB,5919,USD,2026-09-26,PAY-150859,settled
SET-LIVE-000860,2026-09-26T14:30:41,MRC_005,CUST-0214,PROC_B,wire,US,8792,GBP,2026-09-26,PAY-150860,settled
SET-LIVE-000861,2026-09-26T14:08:59,MRC_004,CUST-0076,PROC_A,ach,US,40357,USD,2026-09-27,PAY-150861,settled
SET-LIVE-000862,2026-09-26T14:25:11,MRC_001,CUST-0115,PROC_B,ach,US,41253,USD,2026-09-26,PAY-150862,settled
SET-LIVE-000863,2026-09-26T14:26:24,MRC_003,CUST-0008,PROC_C,card,US,15303,USD,2026-09-26,PAY-150863,settled
SET-LIVE-000864,2026-09-26T14:28:56,MRC_005,CUST-0393,PROC_B,wire,DE,27020,USD,2026-09-26,PAY-150864,settled
SET-LIVE-000865,2026-09-26T15:05:15,MRC_001,CUST-0007,PROC_B,ach,GB,39160,USD,2026-09-26,PAY-150865,settled
SET-LIVE-000866,2026-09-26T14:28:25,MRC_002,CUST-0360,PROC_A,wallet,DE,55856,EUR,2026-09-26,PAY-150866,settled
SET-LIVE-000867,2026-09-26T14:11:44,MRC_005,CUST-0387,PROC_C,wallet,DE,2468,USD,2026-09-26,PAY-150867,settled
SET-LIVE-000868,2026-09-26T14:28:55,MRC_001,CUST-0389,PROC_B,wire,US,21881,GBP,2026-09-26,PAY-150868,settled
SET-LIVE-000869,2026-09-26T14:57:10,MRC_001,CUST-0082,PROC_B,wallet,US,31684,EUR,2026-09-26,PAY-150869,settled
SET-LIVE-000870,2026-09-26T15:04:45,MRC_004,CUST-0312,PROC_B,wire,GB,9996,EUR,2026-09-26,PAY-150870,settled
SET-LIVE-000871,2026-09-26T15:09:03,MRC_001,CUST-0190,PROC_B,ach,GB,4036,EUR,2026-09-26,PAY-150871,settled
SET-LIVE-000872,2026-09-26T15:04:28,MRC_003,CUST-0367,PROC_B,wallet,DE,26075,USD,2026-09-26,PAY-150872,settled
SET-LIVE-000873,2026-09-26T14:47:50,MRC_002,CUST-0372,PROC_B,ach,US,6725,EUR,2026-09-26,PAY-150873,settled
SET-LIVE-000874,2026-09-26T15:03:58,MRC_002,CUST-0317,PROC_A,ach,US,7083,GBP,2026-09-26,PAY-150874,settled
SET-LIVE-000875,2026-09-26T14:11:20,MRC_004,CUST-0054,PROC_A,card,US,20349,USD,2026-09-26,PAY-150875,settled
SET-LIVE-000876,2026-09-26T14:48:49,MRC_002,CUST-0171,PROC_A,ach,US,23506,EUR,2026-09-26,PAY-150876,settled
SET-LIVE-000877,2026-09-26T14:31:57,MRC_003,CUST-0316,PROC_C,ach,GB,63928,USD,2026-09-26,PAY-150877,settled
SET-LIVE-000878,2026-09-26T14:34:25,MRC_004,CUST-0103,PROC_B,wire,US,125388,GBP,2026-09-26,PAY-150878,settled
SET-LIVE-000879,2026-09-26T14:31:55,MRC_001,CUST-0115,PROC_B,ach,GB,100224,USD,2026-09-26,PAY-150879,settled
SET-LIVE-000880,2026-09-26T14:20:21,MRC_005,CUST-0353,PROC_A,card,US,4428,GBP,2026-09-26,PAY-150880,settled
SET-LIVE-000881,2026-09-26T15:02:53,MRC_002,CUST-0111,PROC_A,wallet,CA,45219,EUR,2026-09-26,PAY-150881,settled
SET-LIVE-000882,2026-09-26T14:47:11,MRC_003,CUST-0282,PROC_B,wallet,GB,154032,USD,2026-09-26,PAY-150882,settled
SET-LIVE-000883,2026-09-26T14:30:31,MRC_001,CUST-0252,PROC_C,wallet,GB,12043,USD,2026-09-26,PAY-150883,settled
SET-LIVE-000884,2026-09-26T14:36:40,MRC_005,CUST-0239,PROC_B,wire,DE,16743,USD,2026-09-26,PAY-150884,settled
SET-LIVE-000885,2026-09-26T14:23:59,MRC_002,CUST-0087,PROC_A,wallet,US,4083,USD,2026-09-26,PAY-150885,settled
SET-LIVE-000886,2026-09-26T14:57:21,MRC_005,CUST-0110,PROC_C,ach,DE,5642,USD,2026-09-26,PAY-150886,settled
SET-LIVE-000887,2026-09-26T14:50:41,MRC_003,CUST-0131,PROC_B,wallet,US,6196,USD,2026-09-26,PAY-150887,settled
SET-LIVE-000888,2026-09-26T14:33:14,MRC_004,CUST-0369,PROC_C,ach,DE,11330,USD,2026-09-26,PAY-150888,settled
SET-LIVE-000889,2026-09-26T14:38:22,MRC_001,CUST-0102,PROC_B,wire,US,16081,EUR,2026-09-26,PAY-150889,settled
SET-LIVE-000890,2026-09-26T14:55:33,MRC_004,CUST-0260,PROC_A,wallet,US,12900,EUR,2026-09-26,PAY-150890,settled
SET-LIVE-000891,2026-09-26T14:35:49,MRC_005,CUST-0285,PROC_B,ach,US,11142,GBP,2026-09-26,PAY-150891,settled
SET-LIVE-000892,2026-09-26T14:52:58,MRC_004,CUST-0090,PROC_B,ach,DE,7722,USD,2026-09-26,PAY-150892,settled
SET-LIVE-000893,2026-09-26T14:34:17,MRC_005,CUST-0314,PROC_B,card,CA,4270,USD,2026-09-26,PAY-150893,settled
SET-LIVE-000894,2026-09-26T14:38:50,MRC_003,CUST-0334,PROC_C,ach,DE,13404,USD,2026-09-26,PAY-150894,settled
SET-LIVE-000895,2026-09-26T14:42:13,MRC_002,CUST-0376,PROC_C,ach,GB,6630,EUR,2026-09-26,PAY-150895,settled
SET-LIVE-000896,2026-09-26T15:18:37,MRC_002,CUST-0344,PROC_C,wallet,DE,19012,USD,2026-09-26,PAY-150896,settled
SET-LIVE-000897,2026-09-26T14:20:06,MRC_001,CUST-0164,PROC_A,wallet,US,29253,USD,2026-09-26,PAY-150897,settled
SET-LIVE-000898,2026-09-26T15:13:32,MRC_001,CUST-0372,PROC_A,wire,GB,77389,EUR,2026-09-26,PAY-150898,settled
SET-LIVE-000899,2026-09-26T14:53:02,MRC_003,CUST-0144,PROC_B,ach,DE,13166,USD,2026-09-26,PAY-150899,settled
SET-LIVE-000900,2026-09-26T15:00:10,MRC_003,CUST-0125,PROC_B,wallet,DE,4617,USD,2026-09-26,PAY-150900,settled
SET-LIVE-000901,2026-09-26T15:10:27,MRC_005,CUST-0226,PROC_B,card,GB,13219,GBP,2026-09-26,PAY-150901,settled
SET-LIVE-000902,2026-09-26T14:49:47,MRC_004,CUST-0369,PROC_B,ach,CA,9737,USD,2026-09-26,PAY-150902,settled
SET-LIVE-000903,2026-09-26T14:35:20,MRC_004,CUST-0391,PROC_B,wire,GB,12340,USD,2026-09-26,PAY-150903,settled
SET-LIVE-000904,2026-09-26T15:02:38,MRC_004,CUST-0155,PROC_C,ach,CA,27922,USD,2026-09-26,PAY-150904,settled
SET-LIVE-000905,2026-09-26T14:50:08,MRC_003,CUST-0387,PROC_B,wire,US,17680,USD,2026-09-26,PAY-150905,settled
SET-LIVE-000906,2026-09-26T14:35:19,MRC_002,CUST-0293,PROC_B,wire,DE,12616,USD,2026-09-26,PAY-150906,settled
SET-LIVE-000907,2026-09-26T14:32:27,MRC_005,CUST-0089,PROC_A,ach,US,15507,GBP,2026-09-26,PAY-150907,settled
SET-LIVE-000908,2026-09-26T14:59:37,MRC_002,CUST-0183,PROC_B,wallet,GB,7788,USD,2026-09-26,PAY-150908,settled
SET-LIVE-000909,2026-09-26T14:48:00,MRC_004,CUST-0111,PROC_A,wallet,DE,3164,GBP,2026-09-26,PAY-150909,settled
SET-LIVE-000910,2026-09-26T15:02:30,MRC_004,CUST-0346,PROC_B,card,CA,18568,USD,2026-09-26,PAY-150910,settled
SET-LIVE-000911,2026-09-26T14:38:00,MRC_001,CUST-0179,PROC_B,ach,US,5520,USD,2026-09-27,PAY-150911,settled
SET-LIVE-000912,2026-09-26T14:47:25,MRC_005,CUST-0204,PROC_B,wallet,US,3739,USD,2026-09-26,PAY-150912,settled
SET-LIVE-000913,2026-09-26T15:21:40,MRC_004,CUST-0131,PROC_A,card,CA,11809,USD,2026-09-26,PAY-150913,settled
SET-LIVE-000914,2026-09-26T15:17:56,MRC_003,CUST-0028,PROC_B,card,US,71291,USD,2026-09-26,PAY-150914,settled
SET-LIVE-000915,2026-09-26T15:17:26,MRC_005,CUST-0310,PROC_B,wallet,GB,4380,USD,2026-09-26,PAY-150915,settled
SET-LIVE-000916,2026-09-26T15:11:01,MRC_005,CUST-0012,PROC_B,wire,GB,40569,USD,2026-09-26,PAY-150916,settled
SET-LIVE-000917,2026-09-26T14:40:33,MRC_002,CUST-0284,PROC_B,ach,US,10589,USD,2026-09-26,PAY-150917,settled
SET-LIVE-000918,2026-09-26T14:39:02,MRC_003,CUST-0012,PROC_C,wallet,US,11117,USD,2026-09-26,PAY-150918,settled
SET-LIVE-000919,2026-09-26T14:32:27,MRC_004,CUST-0089,PROC_B,wallet,CA,9072,EUR,2026-09-26,PAY-150919,settled
SET-LIVE-000920,2026-09-26T14:39:52,MRC_004,CUST-0172,PROC_B,wire,US,3928,EUR,2026-09-26,PAY-150920-SETTLED,settled
SET-LIVE-000921,2026-09-26T15:26:15,MRC_001,CUST-0095,PROC_B,card,CA,7373,USD,2026-09-26,PAY-150921,settled
SET-LIVE-000922,2026-09-26T15:04:39,MRC_003,CUST-0066,PROC_A,ach,CA,22259,GBP,2026-09-26,PAY-150922,settled
SET-LIVE-000923,2026-09-26T15:21:49,MRC_002,CUST-0293,PROC_A,wallet,US,6808,USD,2026-09-26,PAY-150923,settled
SET-LIVE-000924,2026-09-26T14:38:04,MRC_005,CUST-0274,PROC_B,ach,US,76980,USD,2026-09-26,PAY-150924,settled
SET-LIVE-000925,2026-09-26T14:44:24,MRC_003,CUST-0044,PROC_C,ach,DE,13924,GBP,2026-09-26,PAY-150925,settled
SET-LIVE-000926,2026-09-26T14:54:36,MRC_003,CUST-0324,PROC_B,wire,DE,2473,EUR,2026-09-26,PAY-150926,settled
SET-LIVE-000927,2026-09-26T14:39:10,MRC_005,CUST-0191,PROC_B,wallet,CA,8536,GBP,2026-09-26,PAY-150927,settled
SET-LIVE-000928,2026-09-26T15:04:20,MRC_005,CUST-0025,PROC_B,wire,GB,5229,USD,2026-09-26,PAY-150928,settled
SET-LIVE-000929,2026-09-26T15:07:41,MRC_005,CUST-0159,PROC_A,wire,DE,13628,USD,2026-09-26,PAY-150929,settled
SET-LIVE-000930,2026-09-26T15:17:11,MRC_005,CUST-0150,PROC_B,card,CA,19450,USD,2026-09-26,PAY-150930,settled
SET-LIVE-000931,2026-09-26T15:08:46,MRC_002,CUST-0228,PROC_A,wallet,CA,14031,USD,2026-09-26,PAY-150931,settled
SET-LIVE-000932,2026-09-26T14:59:08,MRC_001,CUST-0258,PROC_B,wallet,CA,11467,GBP,2026-09-26,PAY-150932,settled
SET-LIVE-000933,2026-09-26T15:26:17,MRC_001,CUST-0149,PROC_C,ach,US,8361,USD,2026-09-26,PAY-150933,settled
SET-LIVE-000934,2026-09-26T14:54:44,MRC_001,CUST-0238,PROC_C,ach,US,51772,EUR,2026-09-26,PAY-150934,settled
SET-LIVE-000935,2026-09-26T14:39:12,MRC_004,CUST-0391,PROC_C,card,CA,36395,USD,2026-09-26,PAY-150935,settled
SET-LIVE-000936,2026-09-26T14:41:44,MRC_005,CUST-0219,PROC_C,wire,GB,7704,EUR,2026-09-26,PAY-150936,settled
SET-LIVE-000937,2026-09-26T15:24:03,MRC_001,CUST-0320,PROC_A,wire,US,8774,USD,2026-09-27,PAY-150937,settled
SET-LIVE-000938,2026-09-26T15:02:33,MRC_004,CUST-0195,PROC_B,wallet,DE,9553,USD,2026-09-26,PAY-150938,settled
SET-LIVE-000939,2026-09-26T15:22:00,MRC_003,CUST-0012,PROC_C,wire,GB,16467,USD,2026-09-26,PAY150939,settled
SET-LIVE-000940,2026-09-26T14:46:18,MRC_005,CUST-0256,PROC_B,wallet,CA,5828,USD,2026-09-26,PAY-150940-SETTLED,settled
SET-LIVE-000941,2026-09-26T15:28:28,MRC_003,CUST-0098,PROC_C,wallet,GB,16104,USD,2026-09-26,PAY-150941,settled
SET-LIVE-000942,2026-09-26T14:48:01,MRC_003,CUST-0173,PROC_A,ach,US,19974,USD,2026-09-26,P/150942,settled
SET-LIVE-000943,2026-09-26T14:49:22,MRC_002,CUST-0355,PROC_C,ach,US,20168,USD,2026-09-26,PAY-150943,settled
SET-LIVE-000944,2026-09-26T14:40:43,MRC_005,CUST-0322,PROC_B,ach,CA,6432,USD,2026-09-26,PAY-150944,settled
SET-LIVE-000945,2026-09-26T14:57:09,MRC_005,CUST-0384,PROC_B,card,GB,29290,GBP,2026-09-26,PAY-150945,settled
SET-LIVE-000946,2026-09-26T14:53:30,MRC_002,CUST-0107,PROC_A,wire,GB,22304,USD,2026-09-26,PAY-150946,settled
SET-LIVE-000947,2026-09-26T15:37:56,MRC_002,CUST-0357,PROC_B,wallet,US,10936,USD,2026-09-26,PAY-150947,settled
SET-LIVE-000948,2026-09-26T15:12:31,MRC_002,CUST-0392,PROC_C,wallet,US,12421,EUR,2026-09-26,PAY-150948,settled
SET-LIVE-000949,2026-09-26T15:06:57,MRC_005,CUST-0170,PROC_B,card,US,9774,USD,2026-09-26,PAY-150949,settled
SET-LIVE-000950,2026-09-26T15:10:22,MRC_005,CUST-0383,PROC_B,wallet,DE,13586,USD,2026-09-26,PAY-150950,settled
SET-LIVE-000951,2026-09-26T15:15:42,MRC_005,CUST-0177,PROC_B,wallet,US,3844,EUR,2026-09-26,PAY-150951,settled
SET-LIVE-000952,2026-09-26T15:24:10,MRC_005,CUST-0221,PROC_B,card,US,4564,USD,2026-09-26,PAY-150952,settled
SET-LIVE-000953,2026-09-26T15:35:27,MRC_001,CUST-0043,PROC_B,ach,US,3500,EUR,2026-09-26,PAY-150953,settled
SET-LIVE-000954,2026-09-26T15:03:59,MRC_001,CUST-0035,PROC_C,wire,US,20494,GBP,2026-09-26,PAY-150954,settled
SET-LIVE-000955,2026-09-26T15:05:32,MRC_001,CUST-0369,PROC_B,wallet,GB,7837,USD,2026-09-26,PAY-150955,settled
SET-LIVE-000956,2026-09-26T14:53:51,MRC_002,CUST-0147,PROC_C,card,US,9948,USD,2026-09-28,PAY-150956,settled
SET-LIVE-000957,2026-09-26T15:34:02,MRC_003,CUST-0190,PROC_B,wire,DE,18152,USD,2026-09-26,PAY-150957,settled
SET-LIVE-000958,2026-09-26T14:54:37,MRC_004,CUST-0044,PROC_B,card,US,7041,USD,2026-09-26,PAY-150958,settled
SET-LIVE-000959,2026-09-26T14:55:00,MRC_003,CUST-0326,PROC_B,wire,CA,7360,USD,2026-09-26,PAY-150959,settled
SET-LIVE-000960,2026-09-26T14:46:15,MRC_003,CUST-0078,PROC_B,wallet,US,6201,GBP,2026-09-26,PAY-150960,settled
SET-LIVE-000961,2026-09-26T14:44:47,MRC_005,CUST-0106,PROC_B,wallet,US,7585,USD,2026-09-26,PAY-150961,settled
SET-LIVE-000962,2026-09-26T15:22:56,MRC_004,CUST-0066,PROC_B,card,US,27783,USD,2026-09-26,PAY-150962,settled
SET-LIVE-000963,2026-09-26T15:35:31,MRC_003,CUST-0258,PROC_B,wallet,US,9568,USD,2026-09-26,PAY-150963,settled
SET-LIVE-000964,2026-09-26T15:05:46,MRC_003,CUST-0012,PROC_B,card,US,14845,USD,2026-09-26,PAY-150964,settled
SET-LIVE-000965,2026-09-26T15:38:58,MRC_003,CUST-0281,PROC_B,wire,US,6924,USD,2026-09-26,PAY-150965,settled
SET-LIVE-000966,2026-09-26T15:04:21,MRC_001,CUST-0246,PROC_B,wallet,US,4720,USD,2026-09-26,PAY-150966,settled
SET-LIVE-000967,2026-09-26T15:24:33,MRC_004,CUST-0201,PROC_B,wallet,GB,43152,USD,2026-09-26,PAY-150967,settled
SET-LIVE-000968,2026-09-26T15:09:45,MRC_002,CUST-0136,PROC_C,card,DE,12141,GBP,2026-09-26,PAY-150968,settled
SET-LIVE-000969,2026-09-26T15:32:10,MRC_002,CUST-0227,PROC_A,wallet,DE,2625,GBP,2026-09-26,PAY-150969,settled
SET-LIVE-000970,2026-09-26T15:19:23,MRC_001,CUST-0136,PROC_B,wallet,CA,36932,USD,2026-09-26,PAY-150970,settled
SET-LIVE-000971,2026-09-26T15:18:41,MRC_002,CUST-0043,PROC_A,card,US,35508,USD,2026-09-26,PAY-150971,settled
SET-LIVE-000972,2026-09-26T15:12:04,MRC_001,CUST-0017,PROC_B,wallet,US,2459,GBP,2026-09-26,PAY-150972,settled
SET-LIVE-000973,2026-09-26T14:59:26,MRC_002,CUST-0232,PROC_B,ach,US,17202,USD,2026-09-26,PAY-150973,settled
SET-LIVE-000974,2026-09-26T15:38:48,MRC_002,CUST-0191,PROC_B,wallet,US,42227,USD,2026-09-26,PAY-150974,settled
SET-LIVE-000975,2026-09-26T15:28:05,MRC_005,CUST-0325,PROC_B,card,US,4044,GBP,2026-09-26,PAY-150975,settled
SET-LIVE-000976,2026-09-26T15:32:19,MRC_004,CUST-0184,PROC_B,card,CA,33476,USD,2026-09-26,PAY-150976,settled
SET-LIVE-000977,2026-09-26T15:33:46,MRC_003,CUST-0202,PROC_A,wallet,US,15909,USD,2026-09-26,PAY-150977,settled
SET-LIVE-000978,2026-09-26T15:15:12,MRC_005,CUST-0096,PROC_B,wire,US,5268,EUR,2026-09-26,PAY-150978,settled
SET-LIVE-000979,2026-09-26T15:06:21,MRC_004,CUST-0010,PROC_B,wire,US,5334,USD,2026-09-26,PAY-150979,settled
SET-LIVE-000980,2026-09-26T15:49:56,MRC_004,CUST-0195,PROC_C,card,DE,9305,USD,2026-09-26,PAY-150980,settled
SET-LIVE-000981,2026-09-26T15:42:18,MRC_002,CUST-0258,PROC_C,wire,GB,6218,EUR,2026-09-26,PAY-150981,settled
SET-LIVE-000982,2026-09-26T15:25:28,MRC_004,CUST-0224,PROC_A,card,GB,3944,EUR,2026-09-26,PAY-150982-SETTLED,settled
SET-LIVE-000983,2026-09-26T15:23:37,MRC_001,CUST-0035,PROC_B,card,DE,7367,EUR,2026-09-26,PAY-150983,settled
SET-LIVE-000984,2026-09-26T14:55:58,MRC_005,CUST-0012,PROC_B,ach,GB,5347,USD,2026-09-26,PAY-150984,settled
SET-LIVE-000985,2026-09-26T15:03:27,MRC_005,CUST-0006,PROC_B,wire,US,7104,USD,2026-09-26,PAY-150985,settled
SET-LIVE-000986,2026-09-26T14:58:49,MRC_004,CUST-0262,PROC_B,card,GB,21092,GBP,2026-09-26,PAY-150986,settled
SET-LIVE-000987,2026-09-26T15:23:13,MRC_005,CUST-0177,PROC_B,wallet,CA,75229,USD,2026-09-26,PAY-150987,settled
SET-LIVE-000988,2026-09-26T15:52:38,MRC_002,CUST-0186,PROC_A,wallet,US,7559,USD,2026-09-26,PAY-150988,settled
SET-LIVE-000989,2026-09-26T15:00:48,MRC_004,CUST-0104,PROC_C,wallet,US,22974,EUR,2026-09-26,PAY-150989,settled
SET-LIVE-000990,2026-09-26T15:39:23,MRC_005,CUST-0279,PROC_A,wire,US,1825,USD,2026-09-26,PAY-150990,settled
SET-LIVE-000991,2026-09-26T15:25:43,MRC_004,CUST-0251,PROC_B,wire,DE,12444,USD,2026-09-26,PAY-150991,settled
SET-LIVE-000992,2026-09-26T15:04:16,MRC_001,CUST-0158,PROC_B,card,US,10463,EUR,2026-09-26,PAY-150992,settled
SET-LIVE-000993,2026-09-26T15:50:33,MRC_003,CUST-0109,PROC_C,ach,GB,5224,USD,2026-09-26,PAY-150993,settled
SET-LIVE-000994,2026-09-26T14:54:44,MRC_005,CUST-0325,PROC_C,ach,CA,34860,EUR,2026-09-26,PAY-150994,settled
SET-LIVE-000995,2026-09-26T15:39:54,MRC_002,CUST-0363,PROC_B,wire,GB,6860,EUR,2026-09-26,PAY-150995,settled
SET-LIVE-000996,2026-09-26T15:06:11,MRC_005,CUST-0127,PROC_C,wallet,GB,43895,EUR,2026-09-26,PAY-150996,settled
SET-LIVE-000997,2026-09-26T15:48:19,MRC_005,CUST-0247,PROC_C,wire,CA,8351,USD,2026-09-26,PAY-150997,settled
SET-LIVE-000998,2026-09-26T15:31:37,MRC_002,CUST-0119,PROC_B,wallet,US,4398,USD,2026-09-26,PAY-150998,settled
SET-LIVE-000999,2026-09-26T15:53:59,MRC_002,CUST-0362,PROC_B,ach,CA,26367,USD,2026-09-26,PAY-150999,settled
SET-LIVE-001000,2026-09-26T15:29:11,MRC_004,CUST-0222,PROC_A,wire,GB,5871,EUR,2026-09-26,PAY-151000,settled
SET-LIVE-001001,2026-09-26T14:59:37,MRC_004,CUST-0124,PROC_C,card,US,50679,EUR,2026-09-26,PAY-151001,settled
SET-LIVE-001002,2026-09-26T15:10:57,MRC_004,CUST-0208,PROC_C,wallet,GB,39193,USD,2026-09-26,PAY-151002,settled
SET-LIVE-001003,2026-09-26T15:36:31,MRC_004,CUST-0291,PROC_C,ach,CA,14912,GBP,2026-09-26,PAY-151003,settled
SET-LIVE-001004,2026-09-26T15:24:42,MRC_005,CUST-0189,PROC_C,ach,US,4484,GBP,2026-09-27,PAY-151004,settled
SET-LIVE-001005,2026-09-26T15:26:57,MRC_003,CUST-0372,PROC_B,wire,US,13492,USD,2026-09-26,PAY-151005,settled
SET-LIVE-001006,2026-09-26T15:56:30,MRC_002,CUST-0306,PROC_C,card,US,27799,EUR,2026-09-27,PAY-151006,settled
SET-LIVE-001007,2026-09-26T15:22:57,MRC_001,CUST-0315,PROC_A,wallet,CA,18346,USD,2026-09-26,PAY-151007,settled
SET-LIVE-001008,2026-09-26T15:24:12,MRC_004,CUST-0094,PROC_C,wallet,CA,6655,USD,2026-09-27,PAY-151008,settled
SET-LIVE-001009,2026-09-26T15:33:21,MRC_005,CUST-0196,PROC_B,wallet,CA,6814,EUR,2026-09-26,PAY-151009,settled
SET-LIVE-001010,2026-09-26T15:37:30,MRC_005,CUST-0097,PROC_B,wire,US,8942,GBP,2026-09-26,PAY-151010,settled
SET-LIVE-001011,2026-09-26T15:43:54,MRC_004,CUST-0133,PROC_C,ach,DE,14510,EUR,2026-09-26,PAY-151011,settled
SET-LIVE-001012,2026-09-26T15:11:25,MRC_003,CUST-0084,PROC_C,ach,GB,109276,USD,2026-09-26,PAY-151012,settled
SET-LIVE-001013,2026-09-26T15:26:00,MRC_003,CUST-0172,PROC_A,ach,GB,25610,USD,2026-09-26,PAY-151013,settled
SET-LIVE-001014,2026-09-26T15:29:26,MRC_003,CUST-0373,PROC_A,wire,DE,33714,USD,2026-09-26,PAY-151014,settled
SET-LIVE-001015,2026-09-26T15:30:38,MRC_001,CUST-0350,PROC_C,wire,US,5677,USD,2026-09-27,PAY-151015,settled
SET-LIVE-001016,2026-09-26T15:11:00,MRC_001,CUST-0063,PROC_C,wire,US,6172,USD,2026-09-27,PAY-151016,settled
SET-LIVE-001017,2026-09-26T15:25:26,MRC_003,CUST-0125,PROC_B,wire,US,48908,EUR,2026-09-26,PAY-151017,settled
SET-LIVE-001018,2026-09-26T15:47:39,MRC_005,CUST-0286,PROC_C,wire,DE,8829,EUR,2026-09-26,PAY-151018,settled
SET-LIVE-001019,2026-09-26T15:51:49,MRC_004,CUST-0171,PROC_A,ach,US,2296,GBP,2026-09-26,PAY-151019,settled
SET-LIVE-001020,2026-09-26T15:16:02,MRC_002,CUST-0052,PROC_A,card,CA,39984,USD,2026-09-26,PAY-151020,settled
SET-LIVE-001021,2026-09-26T15:20:29,MRC_004,CUST-0341,PROC_A,wallet,CA,28002,USD,2026-09-26,PAY-151021,settled
SET-LIVE-001022,2026-09-26T15:42:47,MRC_002,CUST-0377,PROC_C,wallet,CA,16873,USD,2026-09-26,PAY-151022,settled
SET-LIVE-001023,2026-09-26T15:48:06,MRC_004,CUST-0140,PROC_C,card,US,5926,USD,2026-09-26,PAY-151023,settled
SET-LIVE-001024,2026-09-26T15:56:41,MRC_001,CUST-0259,PROC_A,wire,CA,26097,USD,2026-09-26,PAY-151024,settled
SET-LIVE-001025,2026-09-26T15:39:16,MRC_004,CUST-0186,PROC_C,card,CA,8865,USD,2026-09-26,PAY-151025,settled
SET-LIVE-001026,2026-09-26T15:51:50,MRC_004,CUST-0378,PROC_B,card,US,5681,GBP,2026-09-26,PAY-151026,settled
SET-LIVE-001027,2026-09-26T15:23:59,MRC_001,CUST-0351,PROC_C,card,CA,21110,GBP,2026-09-26,PAY-151027,settled
SET-LIVE-001028,2026-09-26T15:17:15,MRC_002,CUST-0074,PROC_B,ach,US,30776,USD,2026-09-26,PAY-151028,settled
SET-LIVE-001029,2026-09-26T16:06:41,MRC_005,CUST-0115,PROC_B,ach,GB,71797,USD,2026-09-26,PAY-151029,settled
SET-LIVE-001030,2026-09-26T15:35:53,MRC_002,CUST-0324,PROC_C,card,GB,12445,EUR,2026-09-27,PAY-151030,settled
SET-LIVE-001031,2026-09-26T15:32:10,MRC_005,CUST-0389,PROC_B,ach,US,27499,USD,2026-09-26,PAY-151031,settled
SET-LIVE-001032,2026-09-26T15:11:21,MRC_001,CUST-0346,PROC_C,wallet,US,4658,GBP,2026-09-26,PAY-151032,settled
SET-LIVE-001033,2026-09-26T16:07:52,MRC_001,CUST-0073,PROC_C,wire,US,2758,USD,2026-09-26,PAY-151033,settled
SET-LIVE-001034,2026-09-26T15:25:01,MRC_001,CUST-0088,PROC_B,card,US,18721,USD,2026-09-26,PAY-151034,settled
SET-LIVE-001035,2026-09-26T15:29:28,MRC_003,CUST-0191,PROC_B,wallet,US,30105,GBP,2026-09-26,PAY-151035,settled
SET-LIVE-001036,2026-09-26T15:52:59,MRC_004,CUST-0277,PROC_A,card,GB,15394,USD,2026-09-26,PAY-151036,settled
SET-LIVE-001037,2026-09-26T15:34:28,MRC_002,CUST-0274,PROC_C,ach,CA,3766,EUR,2026-09-27,PAY-151037,settled
SET-LIVE-001038,2026-09-26T15:49:58,MRC_002,CUST-0360,PROC_C,wire,US,4193,USD,2026-09-26,PAY-151038,settled
SET-LIVE-001039,2026-09-26T15:32:19,MRC_004,CUST-0254,PROC_A,wallet,US,54035,USD,2026-09-26,PAY-151039,settled
SET-LIVE-001040,2026-09-26T16:06:50,MRC_003,CUST-0349,PROC_C,ach,US,44755,USD,2026-09-27,PAY-151040,settled
SET-LIVE-001041,2026-09-26T15:21:19,MRC_003,CUST-0042,PROC_C,card,US,10740,USD,2026-09-26,PAY-151041,settled
SET-LIVE-001042,2026-09-26T15:40:39,MRC_005,CUST-0140,PROC_C,wire,CA,5118,EUR,2026-09-27,PAY-151042,settled
SET-LIVE-001043,2026-09-26T15:32:09,MRC_002,CUST-0172,PROC_B,wallet,DE,14251,USD,2026-09-26,PAY-151043,settled
SET-LIVE-001044,2026-09-26T15:56:26,MRC_003,CUST-0392,PROC_B,card,US,14075,USD,2026-09-26,PAY-151044,settled
SET-LIVE-001045,2026-09-26T15:17:46,MRC_001,CUST-0072,PROC_A,wallet,US,24598,USD,2026-09-26,PAY-151045,settled
SET-LIVE-001046,2026-09-26T15:33:03,MRC_004,CUST-0101,PROC_A,wallet,US,9112,USD,2026-09-26,PAY-151046,settled
SET-LIVE-001047,2026-09-26T15:22:16,MRC_005,CUST-0384,PROC_C,card,US,39822,USD,2026-09-27,PAY-151047,settled
SET-LIVE-001048,2026-09-26T15:36:43,MRC_003,CUST-0165,PROC_A,wallet,CA,16576,USD,2026-09-26,PAY-151048,settled
SET-LIVE-001049,2026-09-26T15:37:53,MRC_003,CUST-0057,PROC_C,wire,US,12647,EUR,2026-09-26,PAY-151049,settled
SET-LIVE-001050,2026-09-26T16:11:11,MRC_003,CUST-0331,PROC_A,ach,DE,12109,USD,2026-09-26,PAY-151050,settled
SET-LIVE-001051,2026-09-26T15:57:25,MRC_005,CUST-0202,PROC_C,wallet,US,20462,EUR,2026-09-27,PAY-151051,settled
SET-LIVE-001052,2026-09-26T15:48:43,MRC_004,CUST-0061,PROC_C,wire,DE,2591,USD,2026-09-27,PAY-151052,settled
SET-LIVE-001053,2026-09-26T15:23:05,MRC_004,CUST-0111,PROC_B,card,US,12311,USD,2026-09-26,PAY-151053,settled
SET-LIVE-001054,2026-09-26T16:05:33,MRC_004,CUST-0057,PROC_B,wire,US,30794,EUR,2026-09-26,PAY-151054,settled
SET-LIVE-001055,2026-09-26T15:23:58,MRC_003,CUST-0205,PROC_C,wallet,GB,47253,USD,2026-09-27,PAY-151055,settled
SET-LIVE-001056,2026-09-26T15:39:27,MRC_005,CUST-0153,PROC_C,wire,US,29291,USD,2026-09-27,PAY-151056,settled
SET-LIVE-001057,2026-09-26T15:35:39,MRC_004,CUST-0350,PROC_A,card,US,13190,GBP,2026-09-26,PAY-151057,settled
SET-LIVE-001058,2026-09-26T15:27:14,MRC_002,CUST-0105,PROC_C,ach,GB,2105,USD,2026-09-27,PAY-151058,settled
SET-LIVE-001059,2026-09-26T16:14:42,MRC_003,CUST-0261,PROC_C,card,US,3768,USD,2026-09-27,PAY-151059,settled
SET-LIVE-001060,2026-09-26T15:30:00,MRC_003,CUST-0388,PROC_A,wallet,GB,15337,EUR,2026-09-26,PAY-151060,settled
SET-LIVE-001061,2026-09-26T15:48:18,MRC_002,CUST-0129,PROC_C,ach,US,8980,USD,2026-09-26,PAY-151061,settled
SET-LIVE-001062,2026-09-26T15:29:46,MRC_005,CUST-0111,PROC_A,wire,US,2534,GBP,2026-09-26,PAY-151062,settled
SET-LIVE-001063,2026-09-26T15:39:06,MRC_002,CUST-0399,PROC_B,wire,DE,4236,GBP,2026-09-26,PAY-151063,settled
SET-LIVE-001064,2026-09-26T15:45:29,MRC_005,CUST-0390,PROC_C,ach,US,7737,EUR,2026-09-26,PAY-151064,settled
SET-LIVE-001065,2026-09-26T15:29:46,MRC_004,CUST-0153,PROC_A,wallet,GB,8009,USD,2026-09-26,PAY-151065,settled
SET-LIVE-001066,2026-09-26T15:36:13,MRC_003,CUST-0157,PROC_C,ach,US,2546,USD,2026-09-26,PAY-151066,settled
SET-LIVE-001067,2026-09-26T16:16:38,MRC_005,CUST-0394,PROC_A,card,US,8069,USD,2026-09-26,PAY-151067,settled
SET-LIVE-001068,2026-09-26T16:02:00,MRC_003,CUST-0208,PROC_B,wire,US,8263,USD,2026-09-26,PAY-151068,settled
SET-LIVE-001069,2026-09-26T16:10:15,MRC_004,CUST-0354,PROC_C,card,US,4480,GBP,2026-09-27,PAY-151069,settled
SET-LIVE-001070,2026-09-26T16:00:34,MRC_002,CUST-0108,PROC_A,wire,GB,3050,USD,2026-09-26,PAY-151070,settled
SET-LIVE-001071,2026-09-26T16:03:59,MRC_003,CUST-0055,PROC_B,card,GB,23115,USD,2026-09-26,PAY-151071,settled
SET-LIVE-001072,2026-09-26T15:29:28,MRC_002,CUST-0217,PROC_C,card,US,9019,USD,2026-09-27,PAY-151072,settled
SET-LIVE-001073,2026-09-26T16:05:57,MRC_001,CUST-0321,PROC_C,wallet,GB,10936,USD,2026-09-27,PAY-151073,settled
SET-LIVE-001074,2026-09-26T16:10:25,MRC_005,CUST-0072,PROC_A,ach,US,3555,USD,2026-09-26,PAY-151074,settled
SET-LIVE-001075,2026-09-26T16:04:34,MRC_002,CUST-0079,PROC_A,card,US,10633,USD,2026-09-26,PAY-151075,settled
SET-LIVE-001076,2026-09-26T15:36:08,MRC_004,CUST-0157,PROC_C,wire,US,15123,EUR,2026-09-27,PAY-151076,settled
SET-LIVE-001077,2026-09-26T15:59:19,MRC_003,CUST-0034,PROC_A,wire,US,14073,USD,2026-09-26,PAY-151077,settled
SET-LIVE-001078,2026-09-26T15:28:53,MRC_002,CUST-0128,PROC_C,wire,DE,4349,GBP,2026-09-26,PAY-151078,settled
SET-LIVE-001079,2026-09-26T15:44:28,MRC_001,CUST-0065,PROC_C,ach,US,11014,USD,2026-09-27,PAY-151079,settled
SET-LIVE-001080,2026-09-26T16:25:55,MRC_004,CUST-0131,PROC_B,card,US,36159,USD,2026-09-26,P/151080,settled
SET-LIVE-001081,2026-09-26T15:54:22,MRC_005,CUST-0363,PROC_B,wire,GB,21558,USD,2026-09-26,PAY-151081,settled
SET-LIVE-001082,2026-09-26T15:45:52,MRC_003,CUST-0309,PROC_A,wallet,CA,12793,EUR,2026-09-26,PAY-151082,settled
SET-LIVE-001083,2026-09-26T16:22:05,MRC_003,CUST-0109,PROC_C,ach,US,8777,USD,2026-09-27,PAY-151083,settled
SET-LIVE-001084,2026-09-26T16:27:40,MRC_001,CUST-0106,PROC_B,ach,US,9338,USD,2026-09-26,PAY-151084,settled
SET-LIVE-001085,2026-09-26T16:25:50,MRC_002,CUST-0386,PROC_B,ach,US,45218,USD,2026-09-26,PAY-151085,settled
SET-LIVE-001086,2026-09-26T15:37:21,MRC_001,CUST-0005,PROC_C,card,GB,145736,EUR,2026-09-26,PAY-151086,settled
SET-LIVE-001087,2026-09-26T16:05:40,MRC_003,CUST-0050,PROC_B,ach,US,33525,USD,2026-09-26,PAY-151087,settled
SET-LIVE-001088,2026-09-26T16:02:50,MRC_004,CUST-0290,PROC_B,card,US,8636,EUR,2026-09-26,PAY-151088,settled
SET-LIVE-001089,2026-09-26T16:18:23,MRC_003,CUST-0351,PROC_C,card,GB,77403,GBP,2026-09-26,PAY-151089,settled
SET-LIVE-001090,2026-09-26T15:33:53,MRC_002,CUST-0114,PROC_A,wallet,US,26339,USD,2026-09-26,PAY-151090,settled
SET-LIVE-001091,2026-09-26T15:31:18,MRC_001,CUST-0174,PROC_C,ach,DE,19269,USD,2026-09-26,PAY-151091,settled
SET-LIVE-001092,2026-09-26T15:59:42,MRC_001,CUST-0227,PROC_A,wallet,DE,24976,EUR,2026-09-26,PAY-151092,settled
SET-LIVE-001093,2026-09-26T15:53:08,MRC_001,CUST-0271,PROC_B,wire,US,8738,EUR,2026-09-26,PAY-151093,settled
SET-LIVE-001094,2026-09-26T16:10:38,MRC_005,CUST-0056,PROC_C,card,DE,21047,EUR,2026-09-27,PAY-151094,settled
SET-LIVE-001095,2026-09-26T16:23:46,MRC_001,CUST-0174,PROC_A,card,CA,17919,EUR,2026-09-26,PAY-151095,settled
SET-LIVE-001096,2026-09-26T15:53:18,MRC_002,CUST-0085,PROC_C,card,DE,33989,EUR,2026-09-26,PAY-151096,settled
SET-LIVE-001097,2026-09-26T15:48:29,MRC_004,CUST-0289,PROC_A,wire,US,3578,GBP,2026-09-26,PAY-151097,settled
SET-LIVE-001098,2026-09-26T16:28:40,MRC_001,CUST-0174,PROC_C,wire,CA,14694,USD,2026-09-26,PAY-151098,settled
SET-LIVE-001099,2026-09-26T15:39:00,MRC_002,CUST-0199,PROC_A,wallet,US,47001,USD,2026-09-26,PAY-151099,settled
SET-LIVE-001100,2026-09-26T16:17:33,MRC_005,CUST-0389,PROC_C,wire,DE,4535,USD,2026-09-27,PAY-151100,settled
SET-LIVE-001101,2026-09-26T16:33:07,MRC_002,CUST-0241,PROC_C,wallet,GB,5512,GBP,2026-09-27,PAY-151101,settled
SET-LIVE-001102,2026-09-26T15:48:38,MRC_005,CUST-0167,PROC_A,ach,CA,15581,USD,2026-09-26,PAY-151102,settled
SET-LIVE-001103,2026-09-26T16:19:11,MRC_004,CUST-0250,PROC_C,wallet,US,76545,USD,2026-09-27,PAY-151103,settled
SET-LIVE-001104,2026-09-26T15:51:29,MRC_003,CUST-0228,PROC_C,ach,DE,11750,USD,2026-09-26,PAY-151104,settled
SET-LIVE-001105,2026-09-26T16:22:48,MRC_002,CUST-0149,PROC_C,wire,US,45062,GBP,2026-09-26,PAY-151105,settled
SET-LIVE-001106,2026-09-26T16:19:19,MRC_004,CUST-0034,PROC_A,card,CA,1499,USD,2026-09-26,PAY-151106,settled
SET-LIVE-001107,2026-09-26T15:37:32,MRC_002,CUST-0012,PROC_A,wire,GB,12210,USD,2026-09-26,PAY-151107,settled
SET-LIVE-001108,2026-09-26T16:25:03,MRC_001,CUST-0249,PROC_C,wire,US,4365,USD,2026-09-27,PAY-151108,settled
SET-LIVE-001109,2026-09-26T16:15:25,MRC_005,CUST-0330,PROC_B,card,DE,39415,USD,2026-09-26,PAY-151109,settled
SET-LIVE-001110,2026-09-26T15:39:44,MRC_004,CUST-0199,PROC_C,ach,GB,18219,USD,2026-09-26,PAY-151110,settled
SET-LIVE-001111,2026-09-26T15:45:15,MRC_004,CUST-0380,PROC_C,wire,GB,6753,USD,2026-09-27,PAY-151111,settled
SET-LIVE-001112,2026-09-26T15:40:35,MRC_002,CUST-0360,PROC_A,wire,US,11843,USD,2026-09-26,PAY-151112,settled
SET-LIVE-001113,2026-09-26T15:55:51,MRC_002,CUST-0104,PROC_C,wire,DE,22459,EUR,2026-09-26,PAY-151113,settled
SET-LIVE-001114,2026-09-26T16:39:20,MRC_001,CUST-0045,PROC_A,wallet,US,6478,GBP,2026-09-26,PAY-151114,settled
SET-LIVE-001115,2026-09-26T15:44:31,MRC_005,CUST-0317,PROC_A,ach,CA,16587,USD,2026-09-26,PAY-151115,settled
SET-LIVE-001116,2026-09-26T16:25:48,MRC_004,CUST-0214,PROC_C,card,US,38956,EUR,2026-09-26,PAY-151116,settled
SET-LIVE-001117,2026-09-26T16:31:10,MRC_001,CUST-0286,PROC_C,card,DE,6120,USD,2026-09-27,PAY-151117,settled
SET-LIVE-001118,2026-09-26T15:42:37,MRC_002,CUST-0353,PROC_B,ach,DE,11517,USD,2026-09-26,PAY-151118,settled
SET-LIVE-001119,2026-09-26T16:00:06,MRC_002,CUST-0275,PROC_C,card,GB,17181,EUR,2026-09-27,PAY-151119,settled
SET-LIVE-001120,2026-09-26T15:45:30,MRC_005,CUST-0155,PROC_C,card,GB,7810,GBP,2026-09-26,PAY-151120,settled
SET-LIVE-001121,2026-09-26T15:43:54,MRC_001,CUST-0014,PROC_B,ach,GB,15064,USD,2026-09-26,PAY-151121,settled
SET-LIVE-001122,2026-09-26T16:42:05,MRC_001,CUST-0158,PROC_C,ach,CA,13196,EUR,2026-09-27,PAY-151122,settled
SET-LIVE-001123,2026-09-26T15:59:22,MRC_002,CUST-0208,PROC_C,ach,US,24673,EUR,2026-09-26,PAY-151123,settled
SET-LIVE-001124,2026-09-26T16:03:32,MRC_003,CUST-0239,PROC_C,wire,US,10339,USD,2026-09-27,PAY-151124,settled
SET-LIVE-001125,2026-09-26T16:35:57,MRC_005,CUST-0276,PROC_C,wallet,CA,56531,USD,2026-09-27,PAY-151125,settled
SET-LIVE-001126,2026-09-26T15:43:20,MRC_005,CUST-0273,PROC_C,ach,GB,6876,EUR,2026-09-27,PAY-151126,settled
SET-LIVE-001127,2026-09-26T15:44:55,MRC_002,CUST-0115,PROC_C,card,US,41227,USD,2026-09-27,PAY-151127,settled
SET-LIVE-001128,2026-09-26T16:11:08,MRC_003,CUST-0222,PROC_C,wire,GB,21388,USD,2026-09-27,PAY-151128,settled
SET-LIVE-001129,2026-09-26T16:25:29,MRC_002,CUST-0311,PROC_C,wallet,US,38474,USD,2026-09-27,PAY-151129,settled
SET-LIVE-001130,2026-09-26T16:18:44,MRC_001,CUST-0076,PROC_C,wire,US,7117,USD,2026-09-27,PAY-151130,settled
SET-LIVE-001131,2026-09-26T15:46:18,MRC_004,CUST-0060,PROC_C,ach,US,11280,EUR,2026-09-27,PAY-151131,settled
SET-LIVE-001132,2026-09-26T16:33:47,MRC_005,CUST-0167,PROC_C,wire,US,25272,USD,2026-09-26,PAY-151132,settled
SET-LIVE-001133,2026-09-26T16:46:05,MRC_003,CUST-0343,PROC_A,ach,DE,23012,USD,2026-09-26,PAY-151133,settled
SET-LIVE-001134,2026-09-26T16:30:18,MRC_004,CUST-0261,PROC_B,ach,GB,1083,USD,2026-09-26,PAY-151134,settled
SET-LIVE-001135,2026-09-26T16:22:38,MRC_002,CUST-0030,PROC_B,ach,US,13468,USD,2026-09-26,PAY-151135,settled
SET-LIVE-001136,2026-09-26T16:00:46,MRC_003,CUST-0379,PROC_B,card,US,20938,EUR,2026-09-26,PAY-151136,settled
SET-LIVE-001137,2026-09-26T16:06:21,MRC_004,CUST-0203,PROC_A,wallet,DE,5009,USD,2026-09-26,PAY-151137,settled
SET-LIVE-001138,2026-09-26T16:28:31,MRC_001,CUST-0378,PROC_B,wire,GB,6313,GBP,2026-09-26,PAY-151138,settled
SET-LIVE-001139,2026-09-26T16:02:04,MRC_004,CUST-0179,PROC_C,wallet,GB,16539,USD,2026-09-26,PAY-151139,settled
SET-LIVE-001140,2026-09-26T16:41:15,MRC_002,CUST-0396,PROC_B,wire,US,14878,USD,2026-09-26,pay-151140,settled
SET-LIVE-001141,2026-09-26T16:13:24,MRC_003,CUST-0015,PROC_C,card,US,7557,GBP,2026-09-27,PAY-151141,settled
SET-LIVE-001142,2026-09-26T16:36:32,MRC_005,CUST-0346,PROC_A,wallet,US,22486,USD,2026-09-26,PAY-151142,settled
SET-LIVE-001143,2026-09-26T16:37:46,MRC_002,CUST-0321,PROC_A,ach,US,4937,USD,2026-09-26,PAY-151143,settled
SET-LIVE-001144,2026-09-26T16:37:14,MRC_004,CUST-0220,PROC_C,wallet,GB,6408,USD,2026-09-27,PAY-151144,settled
SET-LIVE-001145,2026-09-26T16:30:49,MRC_001,CUST-0022,PROC_C,ach,US,40836,USD,2026-09-26,PAY-151145,settled
SET-LIVE-001146,2026-09-26T16:45:22,MRC_004,CUST-0264,PROC_C,ach,US,33432,GBP,2026-09-26,PAY-151146,settled
SET-LIVE-001147,2026-09-26T15:52:34,MRC_005,CUST-0128,PROC_A,ach,GB,35489,USD,2026-09-26,PAY-151147,settled
SET-LIVE-001148,2026-09-26T16:11:03,MRC_001,CUST-0240,PROC_C,ach,US,8939,USD,2026-09-26,PAY-151148,settled
SET-LIVE-001149,2026-09-26T16:36:36,MRC_002,CUST-0101,PROC_A,card,US,15734,USD,2026-09-26,PAY-151149,settled
SET-LIVE-001150,2026-09-26T16:15:09,MRC_003,CUST-0323,PROC_C,wallet,US,15880,USD,2026-09-26,PAY-151150,settled
SET-LIVE-001151,2026-09-26T16:45:31,MRC_004,CUST-0202,PROC_C,wire,DE,11530,USD,2026-09-27,PAY-151151,settled
SET-LIVE-001152,2026-09-26T16:17:47,MRC_001,CUST-0155,PROC_B,card,US,189074,USD,2026-09-26,PAY-151152,settled
SET-LIVE-001153,2026-09-26T16:23:57,MRC_004,CUST-0114,PROC_A,wire,CA,78964,USD,2026-09-26,PAY-151153,settled
SET-LIVE-001154,2026-09-26T16:37:10,MRC_001,CUST-0186,PROC_C,ach,DE,22493,USD,2026-09-26,PAY-151154,settled
SET-LIVE-001155,2026-09-26T16:45:23,MRC_005,CUST-0228,PROC_B,wallet,US,46580,GBP,2026-09-26,PAY-151155,settled
SET-LIVE-001156,2026-09-26T16:12:51,MRC_002,CUST-0020,PROC_C,wallet,US,2784,USD,2026-09-27,PAY-151156,settled
SET-LIVE-001157,2026-09-26T16:53:17,MRC_005,CUST-0366,PROC_B,card,GB,17440,USD,2026-09-26,PAY-151157,settled
SET-LIVE-001158,2026-09-26T15:59:50,MRC_002,CUST-0383,PROC_C,wallet,US,14283,EUR,2026-09-27,PAY-151158,settled
SET-LIVE-001159,2026-09-26T16:23:14,MRC_002,CUST-0009,PROC_C,wallet,DE,21612,USD,2026-09-27,PAY-151159,settled
SET-LIVE-001160,2026-09-26T16:24:43,MRC_005,CUST-0204,PROC_C,ach,US,5048,USD,2026-09-26,PAY-151160,settled
SET-LIVE-001161,2026-09-26T16:23:15,MRC_002,CUST-0019,PROC_C,card,US,9847,USD,2026-09-27,PAY-151161,settled
SET-LIVE-001162,2026-09-26T16:12:33,MRC_003,CUST-0116,PROC_C,card,DE,12979,USD,2026-09-26,PAY-151162,settled
SET-LIVE-001163,2026-09-26T15:56:52,MRC_005,CUST-0215,PROC_C,wire,DE,5623,USD,2026-09-26,pay-151163,settled
SET-LIVE-001164,2026-09-26T16:19:23,MRC_003,CUST-0192,PROC_C,card,US,35276,GBP,2026-09-27,PAY-151164,settled
SET-LIVE-001165,2026-09-26T16:30:42,MRC_004,CUST-0172,PROC_B,ach,US,6470,GBP,2026-09-26,PAY-151165,settled
SET-LIVE-001166,2026-09-26T16:46:03,MRC_005,CUST-0333,PROC_C,wallet,DE,3755,USD,2026-09-26,PAY-151166,settled
SET-LIVE-001167,2026-09-26T16:23:37,MRC_005,CUST-0200,PROC_C,wire,US,3545,USD,2026-09-26,PAY-151167,settled
SET-LIVE-001168,2026-09-26T16:55:45,MRC_005,CUST-0310,PROC_B,card,US,6704,USD,2026-09-26,PAY-151168,settled
SET-LIVE-001169,2026-09-26T16:10:07,MRC_004,CUST-0170,PROC_C,ach,US,7880,EUR,2026-09-27,PAY-151169,settled
SET-LIVE-001170,2026-09-26T16:16:30,MRC_002,CUST-0073,PROC_C,card,CA,8054,GBP,2026-09-26,PAY-151170-SETTLED,settled
SET-LIVE-001171,2026-09-26T16:33:04,MRC_002,CUST-0203,PROC_B,wallet,US,3245,USD,2026-09-26,PAY-151171,settled
SET-LIVE-001172,2026-09-26T16:09:20,MRC_005,CUST-0309,PROC_A,ach,US,11034,USD,2026-09-26,PAY-151172,settled
SET-LIVE-001173,2026-09-26T16:46:44,MRC_002,CUST-0381,PROC_A,wallet,GB,4122,GBP,2026-09-26,PAY-151173,settled
SET-LIVE-001174,2026-09-26T16:00:53,MRC_001,CUST-0150,PROC_A,ach,GB,14044,USD,2026-09-26,PAY-151174,settled
SET-LIVE-001175,2026-09-26T16:56:23,MRC_003,CUST-0036,PROC_B,wallet,US,4579,GBP,2026-09-26,PAY-151175,settled
SET-LIVE-001176,2026-09-26T16:21:58,MRC_003,CUST-0036,PROC_A,wire,US,6824,USD,2026-09-26,PAY-151176,settled
SET-LIVE-001177,2026-09-26T16:52:12,MRC_001,CUST-0126,PROC_C,ach,GB,5981,EUR,2026-09-26,PAY-151177,settled
SET-LIVE-001178,2026-09-26T16:19:21,MRC_005,CUST-0228,PROC_A,wire,US,37675,USD,2026-09-26,PAY-151178,settled
SET-LIVE-001179,2026-09-26T16:46:42,MRC_001,CUST-0002,PROC_B,wire,GB,11455,EUR,2026-09-26,PAY-151179,settled
SET-LIVE-001180,2026-09-26T16:15:10,MRC_005,CUST-0111,PROC_A,card,US,5232,USD,2026-09-26,PAY-151180,settled
SET-LIVE-001181,2026-09-26T16:31:23,MRC_003,CUST-0041,PROC_C,card,GB,3851,USD,2026-09-27,PAY-151181,settled
SET-LIVE-001182,2026-09-26T16:15:31,MRC_001,CUST-0246,PROC_B,wire,US,12317,USD,2026-09-26,PAY-151182,settled
SET-LIVE-001183,2026-09-26T16:50:02,MRC_004,CUST-0398,PROC_C,card,US,22177,EUR,2026-09-27,PAY-151183,settled
SET-LIVE-001184,2026-09-26T16:53:21,MRC_005,CUST-0349,PROC_B,wire,US,4092,USD,2026-09-26,PAY-151184,settled
SET-LIVE-001185,2026-09-26T16:42:42,MRC_002,CUST-0131,PROC_B,card,US,15735,EUR,2026-09-26,PAY151185,settled
SET-LIVE-001186,2026-09-26T16:55:14,MRC_003,CUST-0244,PROC_C,card,US,13226,USD,2026-09-26,PAY-151186,settled
SET-LIVE-001187,2026-09-26T16:28:36,MRC_001,CUST-0065,PROC_A,ach,GB,16508,USD,2026-09-26,PAY-151187,settled
SET-LIVE-001188,2026-09-26T16:31:02,MRC_005,CUST-0168,PROC_C,wire,US,2399,USD,2026-09-26,PAY-151188,settled
SET-LIVE-001189,2026-09-26T17:06:36,MRC_004,CUST-0400,PROC_A,ach,US,8940,USD,2026-09-26,pay-151189,settled
SET-LIVE-001190,2026-09-26T16:11:04,MRC_003,CUST-0273,PROC_C,card,GB,5480,USD,2026-09-26,PAY-151190,settled
SET-LIVE-001191,2026-09-26T16:44:33,MRC_005,CUST-0295,PROC_C,card,US,1845,USD,2026-09-27,PAY-151191,settled
SET-LIVE-001192,2026-09-26T16:11:55,MRC_001,CUST-0222,PROC_A,ach,US,9299,USD,2026-09-26,PAY-151192,settled
SET-LIVE-001193,2026-09-26T16:33:14,MRC_002,CUST-0263,PROC_A,wire,GB,11589,EUR,2026-09-26,PAY-151193,settled
SET-LIVE-001194,2026-09-26T16:10:39,MRC_001,CUST-0142,PROC_B,wallet,CA,16016,GBP,2026-09-26,PAY-151194,settled
SET-LIVE-001195,2026-09-26T16:28:07,MRC_001,CUST-0081,PROC_C,ach,CA,10825,USD,2026-09-27,PAY-151195,settled
SET-LIVE-001196,2026-09-26T16:27:22,MRC_002,CUST-0368,PROC_A,ach,US,4827,GBP,2026-09-26,PAY-151196,settled
SET-LIVE-001197,2026-09-26T17:05:35,MRC_002,CUST-0073,PROC_C,ach,DE,33371,USD,2026-09-26,PAY-151197,settled
SET-LIVE-001198,2026-09-26T16:44:51,MRC_003,CUST-0018,PROC_C,wallet,CA,10081,GBP,2026-09-27,PAY-151198,settled
SET-LIVE-001199,2026-09-26T16:46:59,MRC_004,CUST-0195,PROC_B,card,GB,6226,USD,2026-09-26,PAY-151199-SETTLED,settled
SET-LIVE-001200,2026-09-26T16:53:27,MRC_002,CUST-0251,PROC_C,wallet,US,13577,EUR,2026-09-26,PAY-151200,settled
SET-LIVE-001201,2026-09-26T17:05:48,MRC_004,CUST-0282,PROC_B,wallet,US,9564,EUR,2026-09-26,PAY-151201,settled
SET-LIVE-001202,2026-09-26T17:03:15,MRC_003,CUST-0144,PROC_C,card,GB,15440,USD,2026-09-26,PAY-151202,settled
SET-LIVE-001203,2026-09-26T16:32:30,MRC_001,CUST-0058,PROC_A,card,US,10622,GBP,2026-09-26,PAY-151203,settled
SET-LIVE-001204,2026-09-26T17:02:41,MRC_002,CUST-0371,PROC_A,wallet,US,10040,EUR,2026-09-26,PAY-151204,settled
SET-LIVE-001205,2026-09-26T16:44:05,MRC_005,CUST-0029,PROC_B,card,DE,8991,USD,2026-09-26,PAY-151205,settled
SET-LIVE-001206,2026-09-26T16:23:13,MRC_002,CUST-0247,PROC_C,card,US,32258,USD,2026-09-26,PAY-151206,settled
SET-LIVE-001207,2026-09-26T16:24:43,MRC_004,CUST-0396,PROC_C,wire,US,6661,USD,2026-09-26,PAY-151207,settled
SET-LIVE-001208,2026-09-26T16:17:59,MRC_005,CUST-0032,PROC_C,wire,US,33753,USD,2026-09-27,PAY-151208,settled
SET-LIVE-001209,2026-09-26T16:49:34,MRC_003,CUST-0374,PROC_C,ach,US,24186,USD,2026-09-26,PAY-151209,settled
SET-LIVE-001210,2026-09-26T16:54:53,MRC_002,CUST-0150,PROC_C,wallet,US,17573,GBP,2026-09-26,PAY-151210,settled
SET-LIVE-001211,2026-09-26T16:24:18,MRC_005,CUST-0281,PROC_B,card,US,10902,USD,2026-09-26,PAY-151211,settled
SET-LIVE-001212,2026-09-26T17:07:33,MRC_002,CUST-0057,PROC_C,card,CA,30318,USD,2026-09-27,PAY-151212,settled
SET-LIVE-001213,2026-09-26T16:52:05,MRC_005,CUST-0367,PROC_C,wallet,DE,15781,USD,2026-09-26,PAY-151213,settled
SET-LIVE-001214,2026-09-26T16:57:20,MRC_001,CUST-0126,PROC_A,wire,GB,18997,EUR,2026-09-26,PAY-151214,settled
SET-LIVE-001215,2026-09-26T16:56:37,MRC_002,CUST-0044,PROC_A,wallet,GB,3655,GBP,2026-09-26,PAY-151215,settled
SET-LIVE-001216,2026-09-26T16:42:03,MRC_004,CUST-0246,PROC_C,card,US,28180,USD,2026-09-27,PAY-151216,settled
SET-LIVE-001217,2026-09-26T17:01:37,MRC_005,CUST-0301,PROC_B,card,GB,11066,GBP,2026-09-26,PAY-151217,settled
SET-LIVE-001218,2026-09-26T16:45:01,MRC_001,CUST-0399,PROC_C,wire,DE,8281,GBP,2026-09-27,PAY-151218,settled
SET-LIVE-001219,2026-09-26T16:54:10,MRC_004,CUST-0282,PROC_C,card,DE,27562,USD,2026-09-26,PAY-151219,settled
SET-LIVE-001220,2026-09-26T16:20:21,MRC_002,CUST-0018,PROC_A,wire,US,8242,USD,2026-09-26,PAY-151220,settled
SET-LIVE-001221,2026-09-26T16:48:45,MRC_002,CUST-0120,PROC_B,card,US,6007,USD,2026-09-26,PAY-151221,settled
SET-LIVE-001222,2026-09-26T17:11:55,MRC_001,CUST-0082,PROC_B,ach,US,9594,USD,2026-09-26,PAY-151222,settled
SET-LIVE-001223,2026-09-26T16:57:15,MRC_003,CUST-0326,PROC_B,ach,GB,14076,USD,2026-09-26,PAY-151223,settled
SET-LIVE-001224,2026-09-26T16:53:42,MRC_004,CUST-0287,PROC_C,wallet,US,9744,USD,2026-09-26,PAY-151224,settled
SET-LIVE-001225,2026-09-26T17:08:14,MRC_002,CUST-0367,PROC_B,wire,GB,5338,USD,2026-09-26,PAY-151225,settled
SET-LIVE-001226,2026-09-26T17:04:42,MRC_002,CUST-0224,PROC_B,ach,US,12949,USD,2026-09-26,PAY-151226,settled
SET-LIVE-001227,2026-09-26T16:32:14,MRC_002,CUST-0276,PROC_A,wire,CA,6649,USD,2026-09-26,PAY-151227,settled
SET-LIVE-001228,2026-09-26T17:09:35,MRC_005,CUST-0051,PROC_A,wallet,US,17093,USD,2026-09-26,PAY-151228,settled
SET-LIVE-001229,2026-09-26T16:36:56,MRC_005,CUST-0354,PROC_A,ach,DE,42848,USD,2026-09-26,PAY-151229,settled
SET-LIVE-001230,2026-09-26T17:10:28,MRC_001,CUST-0215,PROC_C,wallet,GB,9134,USD,2026-09-26,PAY-151230,settled
SET-LIVE-001231,2026-09-26T17:00:49,MRC_005,CUST-0222,PROC_C,wallet,US,17769,USD,2026-09-26,PAY-151231,settled
SET-LIVE-001232,2026-09-26T16:50:13,MRC_002,CUST-0293,PROC_C,wallet,US,4630,USD,2026-09-27,PAY-151232,settled
SET-LIVE-001233,2026-09-26T16:23:39,MRC_001,CUST-0219,PROC_A,ach,DE,23242,USD,2026-09-26,PAY-151233,settled
SET-LIVE-001234,2026-09-26T16:32:59,MRC_005,CUST-0008,PROC_A,wallet,US,1052,GBP,2026-09-26,PAY-151234,settled
SET-LIVE-001235,2026-09-26T16:40:15,MRC_003,CUST-0366,PROC_B,wire,US,37877,USD,2026-09-26,PAY-151235,settled
SET-LIVE-001236,2026-09-26T16:42:36,MRC_004,CUST-0076,PROC_A,wire,US,12742,USD,2026-09-26,PAY-151236,settled
SET-LIVE-001237,2026-09-26T16:33:06,MRC_003,CUST-0194,PROC_B,ach,CA,19630,USD,2026-09-26,PAY-151237,settled
SET-LIVE-001238,2026-09-26T16:50:31,MRC_002,CUST-0012,PROC_C,ach,US,25133,USD,2026-09-26,PAY-151238,settled
SET-LIVE-001239,2026-09-26T16:57:00,MRC_001,CUST-0331,PROC_C,card,DE,52448,GBP,2026-09-27,PAY-151239,settled
SET-LIVE-001240,2026-09-26T17:03:14,MRC_002,CUST-0141,PROC_C,wallet,US,6275,USD,2026-09-26,PAY-151240,settled
SET-LIVE-001241,2026-09-26T17:02:40,MRC_005,CUST-0318,PROC_C,wallet,DE,6357,GBP,2026-09-27,PAY-151241,settled
SET-LIVE-001242,2026-09-26T17:13:55,MRC_003,CUST-0056,PROC_C,card,US,7292,GBP,2026-09-27,PAY-151242,settled
SET-LIVE-001243,2026-09-26T16:48:26,MRC_003,CUST-0348,PROC_C,card,US,2575,GBP,2026-09-27,PAY-151243,settled
SET-LIVE-001244,2026-09-26T16:35:48,MRC_001,CUST-0173,PROC_A,wire,US,11024,USD,2026-09-26,PAY-151244,settled
SET-LIVE-001245,2026-09-26T17:04:14,MRC_005,CUST-0353,PROC_C,wallet,CA,5139,USD,2026-09-26,PAY-151245,settled
SET-LIVE-001246,2026-09-26T17:11:47,MRC_001,CUST-0238,PROC_C,wire,GB,55858,EUR,2026-09-27,PAY-151246,settled
SET-LIVE-001247,2026-09-26T17:11:14,MRC_001,CUST-0357,PROC_C,wallet,US,1793,USD,2026-09-26,PAY-151247-SETTLED,settled
SET-LIVE-001248,2026-09-26T16:28:44,MRC_005,CUST-0091,PROC_A,ach,US,12717,USD,2026-09-26,PAY-151248,settled
SET-LIVE-001249,2026-09-26T16:47:07,MRC_005,CUST-0167,PROC_A,wire,GB,3163,USD,2026-09-26,PAY-151249,settled
SET-LIVE-001250,2026-09-26T17:01:33,MRC_002,CUST-0223,PROC_B,ach,US,2012,GBP,2026-09-26,PAY-151250,settled
SET-LIVE-001251,2026-09-26T17:09:48,MRC_001,CUST-0215,PROC_A,wallet,US,10845,GBP,2026-09-26,PAY-151251,settled
SET-LIVE-001252,2026-09-26T17:15:16,MRC_001,CUST-0019,PROC_B,card,DE,7584,EUR,2026-09-26,PAY-151252,settled
SET-LIVE-001253,2026-09-26T16:36:37,MRC_005,CUST-0075,PROC_B,card,US,13422,USD,2026-09-26,PAY-151253,settled
SET-LIVE-001254,2026-09-26T16:47:48,MRC_001,CUST-0296,PROC_A,wire,GB,49033,EUR,2026-09-26,PAY-151254,settled
SET-LIVE-001255,2026-09-26T17:10:56,MRC_005,CUST-0055,PROC_C,card,US,6931,USD,2026-09-26,PAY-151255,settled
SET-LIVE-001256,2026-09-26T16:52:22,MRC_005,CUST-0325,PROC_A,wallet,US,1858,GBP,2026-09-26,PAY-151256,settled
SET-LIVE-001257,2026-09-26T16:58:34,MRC_002,CUST-0271,PROC_A,ach,US,8602,USD,2026-09-26,PAY-151257,settled
SET-LIVE-001258,2026-09-26T16:39:46,MRC_003,CUST-0197,PROC_B,wallet,US,11264,USD,2026-09-26,PAY-151258,settled
SET-LIVE-001259,2026-09-26T16:54:59,MRC_003,CUST-0385,PROC_A,wire,GB,2625,GBP,2026-09-26,PAY-151259,settled
SET-LIVE-001260,2026-09-26T16:32:27,MRC_003,CUST-0241,PROC_C,wire,DE,58176,USD,2026-09-27,PAY-151260,settled
SET-LIVE-001261,2026-09-26T17:30:47,MRC_003,CUST-0026,PROC_C,wire,US,15691,USD,2026-09-26,P/151261,settled
SET-LIVE-001262,2026-09-26T16:38:04,MRC_003,CUST-0387,PROC_C,ach,US,2573,USD,2026-09-26,PAY-151262,settled
SET-LIVE-001263,2026-09-26T16:34:19,MRC_004,CUST-0009,PROC_C,ach,GB,11532,EUR,2026-09-27,PAY-151263,settled
SET-LIVE-001264,2026-09-26T17:17:42,MRC_003,CUST-0178,PROC_C,wire,CA,10325,GBP,2026-09-26,PAY-151264,settled
SET-LIVE-001265,2026-09-26T17:20:03,MRC_001,CUST-0205,PROC_C,wire,GB,13701,GBP,2026-09-26,PAY-151265,settled
SET-LIVE-001266,2026-09-26T17:17:16,MRC_004,CUST-0349,PROC_B,wire,US,6713,USD,2026-09-26,PAY-151266,settled
SET-LIVE-001267,2026-09-26T16:58:49,MRC_004,CUST-0070,PROC_C,ach,US,40299,USD,2026-09-26,PAY-151267,settled
SET-LIVE-001268,2026-09-26T17:30:59,MRC_001,CUST-0175,PROC_B,wallet,DE,6279,USD,2026-09-26,PAY-151268,settled
SET-LIVE-001269,2026-09-26T16:44:21,MRC_003,CUST-0248,PROC_C,ach,US,5830,USD,2026-09-26,P/151269,settled
SET-LIVE-001270,2026-09-26T16:46:31,MRC_005,CUST-0319,PROC_B,card,GB,22887,USD,2026-09-26,PAY-151270,settled
SET-LIVE-001271,2026-09-26T16:42:05,MRC_005,CUST-0053,PROC_B,wire,CA,7444,GBP,2026-09-26,PAY-151271,settled
SET-LIVE-001272,2026-09-26T16:38:32,MRC_005,CUST-0197,PROC_C,wire,CA,3188,USD,2026-09-26,PAY-151272,settled
SET-LIVE-001273,2026-09-26T17:33:55,MRC_002,CUST-0075,PROC_C,card,CA,7872,EUR,2026-09-27,PAY-151273,settled
SET-LIVE-001274,2026-09-26T16:50:22,MRC_004,CUST-0159,PROC_A,wire,CA,9652,EUR,2026-09-26,PAY-151274,settled
SET-LIVE-001275,2026-09-26T16:40:56,MRC_001,CUST-0172,PROC_C,wire,GB,3828,USD,2026-09-27,PAY-151275,settled
SET-LIVE-001276,2026-09-26T17:25:27,MRC_003,CUST-0349,PROC_A,wire,US,3435,USD,2026-09-26,PAY-151276,settled
SET-LIVE-001277,2026-09-26T16:55:43,MRC_002,CUST-0129,PROC_C,card,US,13145,USD,2026-09-26,PAY-151277,settled
SET-LIVE-001278,2026-09-26T17:13:17,MRC_002,CUST-0283,PROC_A,card,CA,23804,GBP,2026-09-26,PAY-151278,settled
SET-LIVE-001279,2026-09-26T16:48:46,MRC_002,CUST-0370,PROC_B,wire,US,6438,GBP,2026-09-26,PAY-151279,settled
SET-LIVE-001280,2026-09-26T17:17:15,MRC_005,CUST-0268,PROC_C,ach,DE,13324,USD,2026-09-27,PAY-151280,settled
SET-LIVE-001281,2026-09-26T17:36:37,MRC_005,CUST-0020,PROC_A,wire,US,46645,USD,2026-09-26,PAY-151281,settled
SET-LIVE-001282,2026-09-26T17:17:05,MRC_003,CUST-0064,PROC_B,card,US,2614,USD,2026-09-26,PAY-151282-SETTLED,settled
SET-LIVE-001283,2026-09-26T17:41:22,MRC_005,CUST-0117,PROC_B,wire,DE,5791,USD,2026-09-26,PAY-151283,settled
SET-LIVE-001284,2026-09-26T16:52:41,MRC_003,CUST-0202,PROC_B,card,US,3596,USD,2026-09-26,PAY-151284,settled
SET-LIVE-001285,2026-09-26T17:35:10,MRC_002,CUST-0126,PROC_C,wallet,CA,9773,USD,2026-09-26,PAY-151285,settled
SET-LIVE-001286,2026-09-26T16:56:27,MRC_002,CUST-0400,PROC_C,wire,US,7352,USD,2026-09-27,PAY-151286,settled
SET-LIVE-001287,2026-09-26T17:37:45,MRC_003,CUST-0352,PROC_C,card,US,7896,USD,2026-09-27,PAY-151287,settled
SET-LIVE-001288,2026-09-26T17:30:15,MRC_003,CUST-0290,PROC_C,wire,DE,17363,USD,2026-09-26,PAY-151288,settled
SET-LIVE-001289,2026-09-26T16:59:24,MRC_004,CUST-0072,PROC_C,wallet,US,11049,USD,2026-09-26,PAY-151289,settled
SET-LIVE-001290,2026-09-26T16:51:41,MRC_001,CUST-0127,PROC_A,ach,US,28167,EUR,2026-09-26,PAY-151290,settled
SET-LIVE-001291,2026-09-26T16:54:52,MRC_003,CUST-0043,PROC_C,card,CA,60566,GBP,2026-09-26,PAY-151291,settled
SET-LIVE-001292,2026-09-26T16:45:07,MRC_002,CUST-0270,PROC_C,card,US,11263,USD,2026-09-27,PAY-151292,settled
SET-LIVE-001293,2026-09-26T17:18:16,MRC_001,CUST-0127,PROC_B,card,US,8792,EUR,2026-09-26,PAY-151293,settled
SET-LIVE-001294,2026-09-26T17:04:40,MRC_005,CUST-0370,PROC_A,wallet,DE,29886,EUR,2026-09-26,PAY-151294,settled
SET-LIVE-001295,2026-09-26T17:26:08,MRC_004,CUST-0091,PROC_A,wallet,CA,11538,USD,2026-09-26,PAY-151295,settled
SET-LIVE-001296,2026-09-26T16:59:31,MRC_004,CUST-0377,PROC_C,wire,US,8755,USD,2026-09-26,PAY-151296,settled
SET-LIVE-001297,2026-09-26T17:34:06,MRC_001,CUST-0318,PROC_B,wallet,CA,9736,USD,2026-09-26,PAY-151297,settled
SET-LIVE-001298,2026-09-26T17:02:40,MRC_004,CUST-0261,PROC_C,ach,GB,2998,EUR,2026-09-26,PAY-151298,settled
SET-LIVE-001299,2026-09-26T16:49:51,MRC_005,CUST-0034,PROC_A,wallet,US,8245,USD,2026-09-26,PAY-151299,settled
SET-LIVE-001300,2026-09-26T17:32:15,MRC_004,CUST-0197,PROC_B,card,GB,21920,USD,2026-09-26,PAY-151300,settled
SET-LIVE-001301,2026-09-26T16:55:34,MRC_005,CUST-0194,PROC_B,card,DE,283045,USD,2026-09-26,PAY-151301,settled
SET-LIVE-001302,2026-09-26T17:27:05,MRC_001,CUST-0167,PROC_C,wallet,CA,9286,USD,2026-09-27,PAY-151302,settled
SET-LIVE-001303,2026-09-26T17:32:16,MRC_002,CUST-0237,PROC_B,ach,CA,12974,EUR,2026-09-26,PAY-151303,settled
SET-LIVE-001304,2026-09-26T17:37:32,MRC_001,CUST-0006,PROC_C,card,US,22303,USD,2026-09-27,PAY-151304,settled
SET-LIVE-001305,2026-09-26T17:06:03,MRC_005,CUST-0394,PROC_C,card,US,4392,USD,2026-09-26,PAY-151305,settled
SET-LIVE-001306,2026-09-26T16:55:38,MRC_001,CUST-0285,PROC_C,card,US,39149,USD,2026-09-27,PAY-151306,settled
SET-LIVE-001307,2026-09-26T17:40:03,MRC_003,CUST-0393,PROC_C,wire,DE,14547,EUR,2026-09-26,PAY-151307,settled
SET-LIVE-001308,2026-09-26T17:26:35,MRC_005,CUST-0110,PROC_C,wallet,US,10112,EUR,2026-09-27,PAY-151308,settled
SET-LIVE-001309,2026-09-26T17:46:45,MRC_001,CUST-0391,PROC_A,wire,US,25138,USD,2026-09-26,PAY-151309,settled
SET-LIVE-001310,2026-09-26T17:33:54,MRC_004,CUST-0395,PROC_A,ach,US,8666,USD,2026-09-26,PAY-151310,settled
SET-LIVE-001311,2026-09-26T16:54:24,MRC_001,CUST-0223,PROC_B,wire,GB,15028,USD,2026-09-26,PAY-151311,settled
SET-LIVE-001312,2026-09-26T16:58:57,MRC_005,CUST-0333,PROC_C,wire,US,33051,USD,2026-09-26,PAY-151312,settled
SET-LIVE-001313,2026-09-26T17:23:25,MRC_001,CUST-0372,PROC_B,wire,CA,15053,USD,2026-09-26,PAY-151313,settled
SET-LIVE-001314,2026-09-26T17:25:39,MRC_002,CUST-0062,PROC_A,card,GB,75586,USD,2026-09-26,PAY-151314,settled
SET-LIVE-001315,2026-09-26T17:44:05,MRC_005,CUST-0142,PROC_B,ach,CA,18783,USD,2026-09-26,PAY-151315,settled
SET-LIVE-001316,2026-09-26T17:09:14,MRC_003,CUST-0394,PROC_B,ach,US,39839,USD,2026-09-26,PAY-151316,settled
SET-LIVE-001317,2026-09-26T17:01:34,MRC_003,CUST-0102,PROC_B,ach,CA,69598,GBP,2026-09-26,PAY-151317,settled
SET-LIVE-001318,2026-09-26T17:24:59,MRC_003,CUST-0240,PROC_A,ach,US,13069,USD,2026-09-26,PAY-151318,settled
SET-LIVE-001319,2026-09-26T17:33:33,MRC_001,CUST-0049,PROC_A,wire,US,10435,USD,2026-09-26,PAY-151319,settled
SET-LIVE-001320,2026-09-26T17:21:01,MRC_001,CUST-0085,PROC_C,wallet,US,17351,USD,2026-09-26,PAY-151320,settled
SET-LIVE-001321,2026-09-26T17:14:17,MRC_005,CUST-0012,PROC_A,ach,DE,9278,GBP,2026-09-26,PAY-151321,settled
SET-LIVE-001322,2026-09-26T17:51:52,MRC_001,CUST-0060,PROC_C,card,US,9010,USD,2026-09-26,PAY-151322,settled
SET-LIVE-001323,2026-09-26T17:02:14,MRC_003,CUST-0227,PROC_C,ach,CA,13873,EUR,2026-09-26,PAY-151323,settled
SET-LIVE-001324,2026-09-26T17:00:35,MRC_003,CUST-0235,PROC_C,ach,US,20705,GBP,2026-09-26,PAY-151324,settled
SET-LIVE-001325,2026-09-26T17:25:44,MRC_002,CUST-0042,PROC_B,wallet,DE,19984,USD,2026-09-26,PAY-151325,settled
SET-LIVE-001326,2026-09-26T17:23:56,MRC_001,CUST-0184,PROC_C,card,GB,30939,GBP,2026-09-26,PAY-151326,settled
SET-LIVE-001327,2026-09-26T17:56:15,MRC_003,CUST-0226,PROC_A,wire,US,13223,USD,2026-09-26,PAY-151327,settled
SET-LIVE-001328,2026-09-26T17:10:36,MRC_003,CUST-0258,PROC_A,wallet,CA,8620,USD,2026-09-26,pay-151328,settled
SET-LIVE-001329,2026-09-26T17:39:55,MRC_003,CUST-0338,PROC_A,wire,DE,3055,USD,2026-09-26,PAY-151329,settled
SET-LIVE-001330,2026-09-26T17:10:10,MRC_002,CUST-0083,PROC_B,ach,DE,13082,USD,2026-09-26,PAY-151330,settled
SET-LIVE-001331,2026-09-26T16:58:37,MRC_004,CUST-0319,PROC_B,ach,US,6259,USD,2026-09-26,PAY-151331-SETTLED,settled
SET-LIVE-001332,2026-09-26T17:15:01,MRC_005,CUST-0032,PROC_B,wire,US,27780,USD,2026-09-26,PAY-151332,settled
SET-LIVE-001333,2026-09-26T17:22:19,MRC_002,CUST-0149,PROC_C,card,US,13514,USD,2026-09-26,PAY-151333,settled
SET-LIVE-001334,2026-09-26T17:53:42,MRC_002,CUST-0283,PROC_B,wallet,US,17051,USD,2026-09-26,PAY-151334,settled
SET-LIVE-001335,2026-09-26T17:42:53,MRC_002,CUST-0358,PROC_A,wallet,US,2044,EUR,2026-09-26,PAY-151335,settled
SET-LIVE-001336,2026-09-26T17:22:13,MRC_001,CUST-0227,PROC_A,card,US,123693,USD,2026-09-26,PAY-151336,settled
SET-LIVE-001337,2026-09-26T17:05:23,MRC_005,CUST-0024,PROC_C,wire,GB,1324,USD,2026-09-26,PAY-151337,settled
SET-LIVE-001338,2026-09-26T18:00:40,MRC_003,CUST-0322,PROC_A,wire,DE,16359,USD,2026-09-26,PAY151338,settled
SET-LIVE-001339,2026-09-26T17:01:06,MRC_003,CUST-0031,PROC_A,card,DE,6186,USD,2026-09-26,PAY-151339,settled
SET-LIVE-001340,2026-09-26T17:53:17,MRC_002,CUST-0240,PROC_A,ach,CA,19313,USD,2026-09-26,PAY-151340-SETTLED,settled
SET-LIVE-001341,2026-09-26T17:49:26,MRC_002,CUST-0388,PROC_C,ach,DE,16906,EUR,2026-09-26,PAY151341,settled
SET-LIVE-001342,2026-09-26T17:52:40,MRC_003,CUST-0249,PROC_C,ach,CA,9625,USD,2026-09-26,PAY-151342,settled
SET-LIVE-001343,2026-09-26T17:56:52,MRC_001,CUST-0338,PROC_C,card,CA,7319,USD,2026-09-26,PAY-151343,settled
SET-LIVE-001344,2026-09-26T17:05:02,MRC_001,CUST-0307,PROC_C,wire,US,27828,EUR,2026-09-27,PAY-151344,settled
SET-LIVE-001345,2026-09-26T18:01:33,MRC_005,CUST-0098,PROC_B,ach,DE,9386,EUR,2026-09-26,PAY-151345,settled
SET-LIVE-001346,2026-09-26T17:46:46,MRC_003,CUST-0123,PROC_B,ach,US,20471,USD,2026-09-26,PAY-151346,settled
SET-LIVE-001347,2026-09-26T17:40:55,MRC_005,CUST-0188,PROC_B,wallet,US,52667,USD,2026-09-26,PAY-151347,settled
SET-LIVE-001348,2026-09-26T17:21:09,MRC_003,CUST-0102,PROC_B,wallet,CA,60873,EUR,2026-09-26,PAY-151348,settled
SET-LIVE-001349,2026-09-26T17:38:17,MRC_005,CUST-0175,PROC_A,card,GB,6693,EUR,2026-09-26,PAY-151349,settled
SET-LIVE-001350,2026-09-26T17:11:37,MRC_005,CUST-0206,PROC_B,ach,US,36840,USD,2026-09-26,PAY-151350,settled
SET-LIVE-001351,2026-09-26T17:58:56,MRC_001,CUST-0388,PROC_C,ach,CA,9748,USD,2026-09-27,PAY-151351,settled
SET-LIVE-001352,2026-09-26T17:45:16,MRC_001,CUST-0231,PROC_B,wallet,GB,4453,USD,2026-09-26,PAY-151352,settled
SET-LIVE-001353,2026-09-26T17:21:33,MRC_004,CUST-0053,PROC_A,ach,US,3287,USD,2026-09-26,PAY-151353,settled
SET-LIVE-001354,2026-09-26T17:58:48,MRC_004,CUST-0263,PROC_C,ach,US,42467,USD,2026-09-27,PAY-151354,settled
SET-LIVE-001355,2026-09-26T17:38:10,MRC_005,CUST-0135,PROC_A,wire,US,12434,GBP,2026-09-26,PAY-151355,settled
SET-LIVE-001356,2026-09-26T17:41:31,MRC_002,CUST-0065,PROC_C,ach,GB,5939,USD,2026-09-26,P/151356,settled
SET-LIVE-001357,2026-09-26T17:30:04,MRC_005,CUST-0202,PROC_C,wire,US,16818,EUR,2026-09-26,PAY151357,settled
SET-LIVE-001358,2026-09-26T17:55:27,MRC_004,CUST-0121,PROC_A,wallet,GB,58606,USD,2026-09-26,PAY-151358,settled
SET-LIVE-001359,2026-09-26T17:51:00,MRC_001,CUST-0028,PROC_B,ach,CA,5884,EUR,2026-09-26,PAY-151359,settled
SET-LIVE-001360,2026-09-26T18:07:09,MRC_005,CUST-0063,PROC_C,ach,DE,15482,USD,2026-09-27,PAY-151360,settled
SET-LIVE-001361,2026-09-26T17:56:28,MRC_003,CUST-0293,PROC_C,ach,DE,4509,USD,2026-09-26,PAY-151361,settled
SET-LIVE-001362,2026-09-26T17:11:02,MRC_005,CUST-0332,PROC_A,card,GB,18259,USD,2026-09-26,PAY-151362,settled
SET-LIVE-001363,2026-09-26T17:52:19,MRC_004,CUST-0130,PROC_C,wallet,US,61360,USD,2026-09-26,PAY-151363,settled
SET-LIVE-001364,2026-09-26T18:01:44,MRC_003,CUST-0178,PROC_A,wallet,DE,12811,GBP,2026-09-26,PAY-151364,settled
SET-LIVE-001365,2026-09-26T17:12:09,MRC_002,CUST-0085,PROC_C,wire,CA,6057,GBP,2026-09-27,PAY-151365,settled
SET-LIVE-001366,2026-09-26T17:33:17,MRC_004,CUST-0142,PROC_B,ach,US,18604,USD,2026-09-26,PAY-151366,settled
SET-LIVE-001367,2026-09-26T17:55:42,MRC_005,CUST-0164,PROC_A,card,GB,5882,USD,2026-09-26,PAY-151367,settled
SET-LIVE-001368,2026-09-26T17:43:52,MRC_003,CUST-0328,PROC_C,ach,US,4003,USD,2026-09-27,PAY-151368,settled
SET-LIVE-001369,2026-09-26T17:57:00,MRC_001,CUST-0165,PROC_A,card,US,12022,USD,2026-09-26,PAY-151369,settled
SET-LIVE-001370,2026-09-26T17:45:33,MRC_005,CUST-0029,PROC_B,ach,CA,18016,USD,2026-09-26,PAY-151370,settled
SET-LIVE-001371,2026-09-26T17:16:04,MRC_005,CUST-0327,PROC_A,wire,CA,5472,USD,2026-09-26,PAY-151371,settled
SET-LIVE-001372,2026-09-26T17:53:30,MRC_001,CUST-0182,PROC_C,ach,US,21284,USD,2026-09-26,PAY-151372,settled
SET-LIVE-001373,2026-09-26T17:45:02,MRC_002,CUST-0304,PROC_A,ach,CA,5574,USD,2026-09-26,PAY-151373,settled
SET-LIVE-001374,2026-09-26T17:22:35,MRC_005,CUST-0119,PROC_B,card,CA,30199,USD,2026-09-26,PAY-151374,settled
SET-LIVE-001375,2026-09-26T17:23:58,MRC_003,CUST-0377,PROC_B,card,US,2397,USD,2026-09-26,PAY-151375,settled
SET-LIVE-001376,2026-09-26T17:13:30,MRC_003,CUST-0065,PROC_B,card,GB,11274,USD,2026-09-26,PAY-151376,settled
SET-LIVE-001377,2026-09-26T18:04:41,MRC_002,CUST-0171,PROC_B,wire,DE,33965,GBP,2026-09-26,PAY-151377,settled
SET-LIVE-001378,2026-09-26T18:01:59,MRC_001,CUST-0258,PROC_B,wire,CA,5856,GBP,2026-09-26,pay-151378,settled
SET-LIVE-001379,2026-09-26T18:03:10,MRC_004,CUST-0243,PROC_A,ach,US,15217,USD,2026-09-26,PAY-151379,settled
SET-LIVE-001380,2026-09-26T18:01:22,MRC_001,CUST-0308,PROC_B,card,US,35669,USD,2026-09-26,PAY-151380,settled
SET-LIVE-001381,2026-09-26T18:01:54,MRC_005,CUST-0148,PROC_B,wallet,US,9941,EUR,2026-09-26,pay-151381,settled
SET-LIVE-001382,2026-09-26T17:54:26,MRC_005,CUST-0352,PROC_A,ach,US,11902,EUR,2026-09-26,PAY-151382,settled
SET-LIVE-001383,2026-09-26T17:23:44,MRC_004,CUST-0207,PROC_B,card,DE,6274,USD,2026-09-26,PAY-151383,settled
SET-LIVE-001384,2026-09-26T18:13:58,MRC_004,CUST-0124,PROC_C,ach,US,20448,USD,2026-09-27,PAY-151384,settled
SET-LIVE-001385,2026-09-26T17:20:20,MRC_003,CUST-0147,PROC_C,wallet,DE,12561,EUR,2026-09-27,PAY-151385,settled
SET-LIVE-001386,2026-09-26T17:30:49,MRC_005,CUST-0131,PROC_C,wire,GB,24679,GBP,2026-09-26,PAY-151386,settled
SET-LIVE-001387,2026-09-26T18:12:15,MRC_005,CUST-0065,PROC_B,wallet,US,12713,USD,2026-09-26,PAY-151387,settled
SET-LIVE-001388,2026-09-26T17:20:23,MRC_004,CUST-0347,PROC_B,card,US,9961,USD,2026-09-26,PAY-151388,settled
SET-LIVE-001389,2026-09-26T18:08:56,MRC_004,CUST-0051,PROC_B,ach,DE,24297,USD,2026-09-26,PAY-151389,settled
SET-LIVE-001390,2026-09-26T18:14:20,MRC_002,CUST-0091,PROC_C,card,GB,24340,EUR,2026-09-26,PAY-151390,settled
SET-LIVE-001391,2026-09-26T17:50:51,MRC_004,CUST-0141,PROC_B,wire,CA,27756,GBP,2026-09-26,PAY-151391,settled
SET-LIVE-001392,2026-09-26T17:37:16,MRC_004,CUST-0362,PROC_C,ach,US,21311,USD,2026-09-27,PAY-151392,settled
SET-LIVE-001393,2026-09-26T18:14:25,MRC_003,CUST-0223,PROC_A,wire,US,8986,USD,2026-09-26,PAY-151393,settled
SET-LIVE-001394,2026-09-26T17:23:51,MRC_002,CUST-0102,PROC_B,wallet,DE,30525,GBP,2026-09-26,PAY-151394,settled
SET-LIVE-001395,2026-09-26T17:23:05,MRC_005,CUST-0303,PROC_C,wallet,CA,16725,GBP,2026-09-26,PAY-151395,settled
SET-LIVE-001396,2026-09-26T17:33:39,MRC_005,CUST-0022,PROC_C,wallet,DE,2408,USD,2026-09-27,PAY-151396,settled
SET-LIVE-001397,2026-09-26T17:24:59,MRC_002,CUST-0021,PROC_B,card,US,2807,USD,2026-09-26,PAY-151397,settled
SET-LIVE-001398,2026-09-26T18:17:10,MRC_004,CUST-0070,PROC_B,wallet,US,28393,USD,2026-09-26,PAY-151398,settled
SET-LIVE-001399,2026-09-26T17:57:21,MRC_005,CUST-0089,PROC_B,ach,GB,45313,USD,2026-09-26,PAY-151399,settled
SET-LIVE-001400,2026-09-26T17:42:33,MRC_004,CUST-0184,PROC_B,card,US,2460,USD,2026-09-26,PAY-151400,settled
SET-LIVE-001401,2026-09-26T17:42:08,MRC_005,CUST-0138,PROC_A,wire,US,4243,EUR,2026-09-26,PAY-151401-SETTLED,settled
SET-LIVE-001402,2026-09-26T17:27:35,MRC_002,CUST-0175,PROC_B,card,US,12189,USD,2026-09-26,PAY-151402,settled
SET-LIVE-001403,2026-09-26T17:43:44,MRC_002,CUST-0186,PROC_C,wire,DE,33648,USD,2026-09-26,PAY-151403,settled
SET-LIVE-001404,2026-09-26T18:19:15,MRC_005,CUST-0356,PROC_C,card,US,7857,USD,2026-09-27,PAY-151404,settled
SET-LIVE-001405,2026-09-26T18:14:39,MRC_001,CUST-0023,PROC_A,wire,US,19475,GBP,2026-09-26,PAY-151405,settled
SET-LIVE-001406,2026-09-26T18:09:04,MRC_003,CUST-0120,PROC_A,wallet,GB,6862,EUR,2026-09-26,PAY-151406,settled
SET-LIVE-001407,2026-09-26T17:52:35,MRC_003,CUST-0287,PROC_B,card,DE,23139,USD,2026-09-26,PAY-151407,settled
SET-LIVE-001408,2026-09-26T17:41:03,MRC_004,CUST-0384,PROC_C,card,US,18523,USD,2026-09-26,PAY-151408,settled
SET-LIVE-001409,2026-09-26T18:21:18,MRC_002,CUST-0338,PROC_A,wire,GB,11412,USD,2026-09-26,PAY-151409,settled
SET-LIVE-001410,2026-09-26T18:14:53,MRC_003,CUST-0384,PROC_C,card,DE,11792,USD,2026-09-27,PAY-151410,settled
SET-LIVE-001411,2026-09-26T18:21:10,MRC_003,CUST-0310,PROC_C,wire,US,35901,GBP,2026-09-26,PAY-151411,settled
SET-LIVE-001412,2026-09-26T17:42:22,MRC_003,CUST-0113,PROC_A,card,US,31985,USD,2026-09-26,PAY-151412,settled
SET-LIVE-001413,2026-09-26T17:37:53,MRC_002,CUST-0256,PROC_B,card,US,9572,USD,2026-09-26,PAY-151413,settled
SET-LIVE-001414,2026-09-26T17:55:02,MRC_001,CUST-0308,PROC_A,ach,US,3170,USD,2026-09-26,PAY-151414,settled
SET-LIVE-001415,2026-09-26T18:07:37,MRC_001,CUST-0390,PROC_C,card,US,60870,GBP,2026-09-26,PAY-151415,settled
SET-LIVE-001416,2026-09-26T18:01:46,MRC_002,CUST-0200,PROC_C,wallet,US,8832,USD,2026-09-27,PAY-151416,settled
SET-LIVE-001417,2026-09-26T18:07:16,MRC_002,CUST-0116,PROC_C,wallet,US,22580,USD,2026-09-26,PAY-151417,settled
SET-LIVE-001418,2026-09-26T18:19:37,MRC_003,CUST-0344,PROC_C,card,GB,2768,EUR,2026-09-26,PAY-151418,settled
SET-LIVE-001419,2026-09-26T17:54:08,MRC_004,CUST-0186,PROC_B,wallet,US,9407,USD,2026-09-26,PAY-151419,settled
SET-LIVE-001420,2026-09-26T17:48:39,MRC_005,CUST-0240,PROC_A,wire,US,2867,USD,2026-09-26,PAY-151420,settled
SET-LIVE-001421,2026-09-26T18:03:57,MRC_003,CUST-0243,PROC_C,wire,DE,12562,USD,2026-09-27,PAY-151421,settled
SET-LIVE-001422,2026-09-26T18:19:05,MRC_001,CUST-0232,PROC_A,ach,US,46748,USD,2026-09-26,PAY-151422,settled
SET-LIVE-001423,2026-09-26T18:21:39,MRC_002,CUST-0148,PROC_C,ach,US,41615,EUR,2026-09-27,PAY-151423,settled
SET-LIVE-001424,2026-09-26T18:30:08,MRC_004,CUST-0312,PROC_C,wire,DE,4317,USD,2026-09-27,PAY-151424,settled
SET-LIVE-001425,2026-09-26T17:58:32,MRC_004,CUST-0349,PROC_B,card,DE,7256,EUR,2026-09-26,PAY-151425,settled
SET-LIVE-001426,2026-09-26T17:56:04,MRC_001,CUST-0277,PROC_C,ach,US,21025,USD,2026-09-27,PAY-151426,settled
SET-LIVE-001427,2026-09-26T18:24:28,MRC_001,CUST-0350,PROC_B,ach,US,20667,USD,2026-09-26,PAY-151427,settled
SET-LIVE-001428,2026-09-26T17:49:40,MRC_004,CUST-0072,PROC_A,wire,US,29515,USD,2026-09-26,PAY-151428,settled
SET-LIVE-001429,2026-09-26T18:24:13,MRC_005,CUST-0280,PROC_C,ach,DE,4463,GBP,2026-09-26,PAY-151429,settled
SET-LIVE-001430,2026-09-26T18:07:39,MRC_003,CUST-0127,PROC_B,wallet,US,10576,USD,2026-09-26,PAY-151430,settled
SET-LIVE-001431,2026-09-26T18:19:14,MRC_005,CUST-0299,PROC_C,wire,US,12514,USD,2026-09-26,pay-151431,settled
SET-LIVE-001432,2026-09-26T18:18:29,MRC_002,CUST-0307,PROC_C,card,DE,3081,USD,2026-09-26,PAY-151432,settled
SET-LIVE-001433,2026-09-26T18:07:04,MRC_004,CUST-0226,PROC_C,wire,CA,5330,USD,2026-09-26,PAY-151433,settled
SET-LIVE-001434,2026-09-26T18:01:36,MRC_004,CUST-0094,PROC_A,wire,US,5580,USD,2026-09-26,PAY-151434,settled
SET-LIVE-001435,2026-09-26T18:15:50,MRC_004,CUST-0045,PROC_A,wallet,US,35295,GBP,2026-09-26,pay-151435,settled
SET-LIVE-001436,2026-09-26T17:37:58,MRC_001,CUST-0057,PROC_A,ach,US,18178,USD,2026-09-26,PAY-151436,settled
SET-LIVE-001437,2026-09-26T17:37:31,MRC_002,CUST-0326,PROC_C,ach,GB,11064,EUR,2026-09-27,PAY-151437,settled
SET-LIVE-001438,2026-09-26T18:09:46,MRC_001,CUST-0293,PROC_C,wire,US,13449,GBP,2026-09-27,PAY-151438,settled
SET-LIVE-001439,2026-09-26T18:15:03,MRC_003,CUST-0206,PROC_C,wallet,CA,38467,GBP,2026-09-27,PAY-151439,settled
SET-LIVE-001440,2026-09-26T17:58:19,MRC_003,CUST-0152,PROC_C,wire,GB,27945,USD,2026-09-27,PAY-151440,settled
SET-LIVE-001441,2026-09-26T18:05:41,MRC_005,CUST-0318,PROC_B,card,US,20469,EUR,2026-09-26,PAY-151441,settled
SET-LIVE-001442,2026-09-26T18:06:04,MRC_002,CUST-0088,PROC_C,wallet,US,4336,USD,2026-09-26,PAY-151442,settled
SET-LIVE-001443,2026-09-26T18:34:14,MRC_002,CUST-0214,PROC_C,wire,GB,11177,EUR,2026-09-26,PAY-151443,settled
SET-LIVE-001444,2026-09-26T18:38:35,MRC_001,CUST-0316,PROC_C,wire,US,9623,EUR,2026-09-27,PAY-151444,settled
SET-LIVE-001445,2026-09-26T18:17:10,MRC_003,CUST-0298,PROC_B,card,CA,27110,EUR,2026-09-26,PAY-151445,settled
SET-LIVE-001446,2026-09-26T18:29:39,MRC_004,CUST-0194,PROC_B,ach,DE,13311,EUR,2026-09-26,PAY-151446,settled
SET-LIVE-001447,2026-09-26T17:57:05,MRC_005,CUST-0137,PROC_B,wallet,US,13951,USD,2026-09-26,P/151447,settled
SET-LIVE-001448,2026-09-26T17:46:15,MRC_005,CUST-0260,PROC_C,wallet,CA,40270,EUR,2026-09-26,PAY-151448,settled
SET-LIVE-001449,2026-09-26T18:01:35,MRC_004,CUST-0283,PROC_C,wire,US,18476,USD,2026-09-27,PAY-151449,settled
SET-LIVE-001450,2026-09-26T17:59:54,MRC_002,CUST-0292,PROC_C,wallet,CA,12560,EUR,2026-09-27,PAY-151450,settled
SET-LIVE-001451,2026-09-26T18:21:08,MRC_001,CUST-0015,PROC_C,card,US,15011,EUR,2026-09-26,PAY-151451,settled
SET-LIVE-001452,2026-09-26T17:42:40,MRC_004,CUST-0288,PROC_C,wire,US,116125,USD,2026-09-26,PAY-151452,settled
SET-LIVE-001453,2026-09-26T17:53:55,MRC_002,CUST-0210,PROC_B,wire,US,2011,USD,2026-09-26,PAY-151453,settled
SET-LIVE-001454,2026-09-26T18:14:24,MRC_001,CUST-0324,PROC_B,wire,US,15782,EUR,2026-09-26,PAY-151454,settled
SET-LIVE-001455,2026-09-26T18:41:57,MRC_001,CUST-0276,PROC_C,card,CA,11459,USD,2026-09-27,PAY-151455,settled
SET-LIVE-001456,2026-09-26T18:03:10,MRC_005,CUST-0232,PROC_C,wallet,GB,17884,USD,2026-09-27,PAY-151456,settled
SET-LIVE-001457,2026-09-26T18:35:38,MRC_004,CUST-0060,PROC_C,card,DE,4793,USD,2026-09-26,PAY-151457,settled
SET-LIVE-001458,2026-09-26T17:55:01,MRC_004,CUST-0050,PROC_B,ach,US,43761,USD,2026-09-26,PAY-151458,settled
SET-LIVE-001459,2026-09-26T18:40:26,MRC_003,CUST-0135,PROC_A,card,US,2594,GBP,2026-09-26,PAY-151459,settled
SET-LIVE-001460,2026-09-26T18:19:56,MRC_004,CUST-0165,PROC_B,ach,US,8478,EUR,2026-09-26,PAY-151460,settled
SET-LIVE-001461,2026-09-26T18:20:08,MRC_002,CUST-0355,PROC_A,card,US,12710,GBP,2026-09-26,PAY-151461,settled
SET-LIVE-001462,2026-09-26T18:10:25,MRC_004,CUST-0114,PROC_C,wire,US,105921,GBP,2026-09-26,PAY-151462,settled
SET-LIVE-001463,2026-09-26T18:17:53,MRC_002,CUST-0220,PROC_B,card,GB,7439,USD,2026-09-26,PAY-151463,settled
SET-LIVE-001464,2026-09-26T18:19:11,MRC_004,CUST-0197,PROC_A,wire,US,22869,USD,2026-09-26,PAY-151464,settled
SET-LIVE-001465,2026-09-26T18:15:28,MRC_003,CUST-0387,PROC_A,wire,GB,21907,GBP,2026-09-26,PAY-151465,settled
SET-LIVE-001466,2026-09-26T17:55:38,MRC_005,CUST-0378,PROC_C,card,US,15723,GBP,2026-09-26,PAY-151466,settled
SET-LIVE-001467,2026-09-26T18:18:08,MRC_003,CUST-0196,PROC_B,wire,GB,7895,USD,2026-09-26,PAY-151467,settled
SET-LIVE-001468,2026-09-26T18:07:23,MRC_005,CUST-0305,PROC_C,wallet,CA,18366,USD,2026-09-26,PAY-151468,settled
SET-LIVE-001469,2026-09-26T18:11:31,MRC_005,CUST-0023,PROC_C,card,GB,14853,USD,2026-09-26,PAY-151469,settled
SET-LIVE-001470,2026-09-26T17:49:53,MRC_004,CUST-0093,PROC_A,card,US,84437,USD,2026-09-26,PAY-151470,settled
SET-LIVE-001471,2026-09-26T18:04:03,MRC_001,CUST-0212,PROC_B,card,GB,18088,GBP,2026-09-26,PAY-151471,settled
SET-LIVE-001472,2026-09-26T17:59:12,MRC_002,CUST-0251,PROC_A,card,US,25343,USD,2026-09-26,PAY-151472,settled
SET-LIVE-001473,2026-09-26T18:27:43,MRC_002,CUST-0222,PROC_A,wallet,DE,12861,USD,2026-09-26,PAY-151473,settled
SET-LIVE-001474,2026-09-26T17:58:04,MRC_003,CUST-0308,PROC_A,wallet,CA,65020,USD,2026-09-26,PAY-151474,settled
SET-LIVE-001475,2026-09-26T18:25:27,MRC_003,CUST-0044,PROC_B,wallet,GB,20378,GBP,2026-09-26,PAY-151475,settled
SET-LIVE-001476,2026-09-26T18:38:43,MRC_005,CUST-0022,PROC_C,wallet,US,7607,USD,2026-09-26,PAY-151476,settled
SET-LIVE-001477,2026-09-26T18:32:59,MRC_003,CUST-0061,PROC_C,card,US,40890,USD,2026-09-26,PAY-151477,settled
SET-LIVE-001478,2026-09-26T18:03:30,MRC_004,CUST-0387,PROC_B,card,US,17482,USD,2026-09-26,PAY-151478,settled
SET-LIVE-001479,2026-09-26T18:50:44,MRC_001,CUST-0120,PROC_A,wallet,US,3592,USD,2026-09-26,PAY-151479,settled
SET-LIVE-001480,2026-09-26T18:42:12,MRC_004,CUST-0359,PROC_A,wallet,US,8883,EUR,2026-09-26,PAY-151480,settled
SET-LIVE-001481,2026-09-26T18:37:24,MRC_004,CUST-0357,PROC_B,ach,DE,55392,GBP,2026-09-26,PAY-151481,settled
SET-LIVE-001482,2026-09-26T17:54:37,MRC_003,CUST-0283,PROC_A,ach,DE,20988,USD,2026-09-26,PAY-151482,settled
SET-LIVE-001483,2026-09-26T18:15:04,MRC_004,CUST-0249,PROC_B,wallet,US,11868,USD,2026-09-26,PAY-151483,settled
SET-LIVE-001484,2026-09-26T18:50:39,MRC_005,CUST-0108,PROC_B,wallet,US,5582,EUR,2026-09-26,PAY-151484-SETTLED,settled
SET-LIVE-001485,2026-09-26T18:17:55,MRC_005,CUST-0146,PROC_C,wire,US,20020,GBP,2026-09-26,pay-151485,settled
SET-LIVE-001486,2026-09-26T18:51:08,MRC_004,CUST-0166,PROC_C,wallet,CA,30896,EUR,2026-09-26,PAY-151486,settled
SET-LIVE-001487,2026-09-26T18:14:39,MRC_003,CUST-0321,PROC_C,card,CA,8517,USD,2026-09-26,PAY-151487,settled
SET-LIVE-001488,2026-09-26T18:26:01,MRC_002,CUST-0355,PROC_A,wire,DE,23330,EUR,2026-09-26,PAY-151488,settled
SET-LIVE-001489,2026-09-26T17:59:25,MRC_005,CUST-0037,PROC_C,ach,CA,11901,USD,2026-09-27,PAY-151489,settled
SET-LIVE-001490,2026-09-26T18:36:41,MRC_001,CUST-0364,PROC_C,ach,GB,11911,USD,2026-09-26,PAY-151490,settled
SET-LIVE-001491,2026-09-26T18:25:08,MRC_004,CUST-0221,PROC_B,wire,US,8390,USD,2026-09-26,PAY-151491,settled
SET-LIVE-001492,2026-09-26T18:35:40,MRC_001,CUST-0191,PROC_C,ach,US,4456,GBP,2026-09-26,PAY-151492,settled
SET-LIVE-001493,2026-09-26T18:40:57,MRC_003,CUST-0181,PROC_C,ach,DE,5678,USD,2026-09-26,PAY-151493,settled
SET-LIVE-001494,2026-09-26T18:50:27,MRC_004,CUST-0010,PROC_C,wallet,US,4640,USD,2026-09-27,PAY-151494,settled
SET-LIVE-001495,2026-09-26T18:29:50,MRC_004,CUST-0397,PROC_B,wallet,US,34446,USD,2026-09-26,PAY-151495,settled
SET-LIVE-001496,2026-09-26T17:59:17,MRC_003,CUST-0259,PROC_C,wallet,US,16849,GBP,2026-09-26,PAY-151496,settled
SET-LIVE-001497,2026-09-26T18:09:39,MRC_004,CUST-0281,PROC_C,wire,CA,110781,USD,2026-09-26,PAY-151497,settled
SET-LIVE-001498,2026-09-26T18:01:54,MRC_004,CUST-0124,PROC_B,wire,CA,4132,USD,2026-09-26,PAY-151498,settled
SET-LIVE-001499,2026-09-26T18:30:12,MRC_003,CUST-0366,PROC_C,ach,CA,7153,USD,2026-09-26,PAY-151499,settled
