label_group_id,dataset_split,live_phase,pattern,is_true_match,anomaly_reason,expected_rule,fee_cents,delay_days,expected_internal_record_id,expected_processor_record_id
LBL-LIVE-000000,live,baseline,rounding_difference,1,rounding,amount_tolerance,0,0,INT-LIVE-000000,SET-LIVE-000000
LBL-LIVE-000001,live,baseline,exact_match,1,none,exact,0,0,INT-LIVE-000001,SET-LIVE-000001
LBL-LIVE-000002,live,baseline,exact_match,1,none,exact,0,0,INT-LIVE-000002,SET-LIVE-000002
LBL-LIVE-000003,live,baseline,settlement_delay,1,t_plus_delay,date_tolerance,0,1,INT-LIVE-000003,SET-LIVE-000003
LBL-LIVE-000004,live,baseline,exact_match,1,none,exact,0,0,INT-LIVE-000004,SET-LIVE-000004
LBL-LIVE-000005,live,baseline,exact_match,1,none,exact,0,0,INT-LIVE-000005,SET-LIVE-000005
LBL-LIVE-000006,live,baseline,exact_match,1,none,exact,0,0,INT-LIVE-000006,SET-LIVE-000006
LBL-LIVE-000007,live,baseline,settlement_delay,1,t_plus_delay,date_tolerance,0,1,INT-LIVE-000007,SET-LIVE-000007
LBL-LIVE-000008,live,baseline,exact_match,1,none,exact,0,0,INT-LIVE-000008,SET-LIVE-000008
LBL-LIVE-000009,live,baseline,exact_match,1,none,exact,0,0,INT-LIVE-000009,SET-LIVE-000009
LBL-LIVE-000010,live,baseline,exact_match,1,none,exact,0,0,INT-LIVE-000010,SET-LIVE-000010
LBL-LIVE-000011,live,baseline,exact_match,1,none,exact,0,0,INT-LIVE-000011,SET-LIVE-000011
LBL-LIVE-000012,live,baseline,exact_match,1,none,exact,0,0,INT-LIVE-000012,SET-LIVE-000012
LBL-LIVE-000013,live,baseline,exact_match,1,none,exact,0,0,INT-LIVE-000013,SET-LIVE-000013
LBL-LIVE-000014,live,baseline,exact_match,1,none,exact,0,0,INT-LIVE-000014,SET-LIVE-000014
LBL-LIVE-000015,live,baseline,exact_match,1,none,exact,0,0,INT-LIVE-000015,SET-LIVE-000015
LBL-LIVE-000016,live,baseline,exact_match,1,none,exact,0,0,INT-LIVE-000016,SET-LIVE-000016
LBL-LIVE-000017,live,baseline,exact_match,1,none,exact,0,0,INT-LIVE-000017,SET-LIVE-000017
LBL-LIVE-000018,live,baseline,exact_match,1,none,exact,0,0,INT-LIVE-000018,SET-LIVE-000018
LBL-LIVE-000019,live,baseline,exact_match,1,none,exact,0,0,INT-LIVE-000019,SET-LIVE-000019
LBL-LIVE-000020,live,baseline,exact_match,1,none,exact,0,0,INT-LIVE-000020,SET-LIVE-000020
LBL-LIVE-000021,live,baseline,exact_match,1,none,exact,0,0,INT-LIVE-000021,SET-LIVE-000021
LBL-LIVE-000022,live,baseline,exact_match,1,none,exact,0,0,INT-LIVE-000022,SET-LIVE-000022
LBL-LIVE-000023,live,baseline,exact_match,1,none,exact,0,0,INT-LIVE-000023,SET-LIVE-000023
LBL-LIVE-000024,live,baseline,exact_match,1,none,exact,0,0,INT-LIVE-000024,SET-LIVE-000024
LBL-LIVE-000025,live,baseline,processing_fee,1,processor_fee,amount_tolerance,1,0,INT-LIVE-000025,SET-LIVE-000025
LBL-LIVE-000026,live,baseline,exact_match,1,none,exact,0,0,INT-LIVE-000026,SET-LIVE-000026
LBL-LIVE-000027,live,baseline,exact_match,1,none,exact,0,0,INT-LIVE-000027,SET-LIVE-000027
LBL-LIVE-000028,live,baseline,exact_match,1,none,exact,0,0,INT-LIVE-000028,SET-LIVE-000028
LBL-LIVE-000029,live,baseline,exact_match,1,none,exact,0,0,INT-LIVE-000029,SET-LIVE-000029
LBL-LIVE-000030,live,baseline,exact_match,1,none,exact,0,0,INT-LIVE-000030,SET-LIVE-000030
LBL-LIVE-000031,live,baseline,exact_match,1,none,exact,0,0,INT-LIVE-000031,SET-LIVE-000031
LBL-LIVE-000032,live,baseline,exact_match,1,none,exact,0,0,INT-LIVE-000032,SET-LIVE-000032
LBL-LIVE-000033,live,baseline,exact_match,1,none,exact,0,0,INT-LIVE-000033,SET-LIVE-000033
LBL-LIVE-000034,live,baseline,exact_match,1,none,exact,0,0,INT-LIVE-000034,SET-LIVE-000034
LBL-LIVE-000035,live,baseline,exact_match,1,none,exact,0,0,INT-LIVE-000035,SET-LIVE-000035
LBL-LIVE-000036,live,baseline,exact_match,1,none,exact,0,0,INT-LIVE-000036,SET-LIVE-000036
LBL-LIVE-000037,live,baseline,exact_match,1,none,exact,0,0,INT-LIVE-000037,SET-LIVE-000037
LBL-LIVE-000038,live,baseline,exact_match,1,none,exact,0,0,INT-LIVE-000038,SET-LIVE-000038
LBL-LIVE-000039,live,baseline,settlement_delay,1,t_plus_delay,date_tolerance,0,1,INT-LIVE-000039,SET-LIVE-000039
LBL-LIVE-000040,live,baseline,exact_match,1,none,exact,0,0,INT-LIVE-000040,SET-LIVE-000040
LBL-LIVE-000041,live,baseline,rounding_difference,1,rounding,amount_tolerance,0,0,INT-LIVE-000041,SET-LIVE-000041
LBL-LIVE-000042,live,baseline,exact_match,1,none,exact,0,0,INT-LIVE-000042,SET-LIVE-000042
LBL-LIVE-000043,live,baseline,exact_match,1,none,exact,0,0,INT-LIVE-000043,SET-LIVE-000043
LBL-LIVE-000044,live,baseline,exact_match,1,none,exact,0,0,INT-LIVE-000044,SET-LIVE-000044
LBL-LIVE-000045,live,baseline,exact_match,1,none,exact,0,0,INT-LIVE-000045,SET-LIVE-000045
LBL-LIVE-000046,live,baseline,exact_match,1,none,exact,0,0,INT-LIVE-000046,SET-LIVE-000046
LBL-LIVE-000047,live,baseline,exact_match,1,none,exact,0,0,INT-LIVE-000047,SET-LIVE-000047
LBL-LIVE-000048,live,baseline,exact_match,1,none,exact,0,0,INT-LIVE-000048,SET-LIVE-000048
LBL-LIVE-000049,live,baseline,exact_match,1,none,exact,0,0,INT-LIVE-000049,SET-LIVE-000049
LBL-LIVE-000050,live,baseline,exact_match,1,none,exact,0,0,INT-LIVE-000050,SET-LIVE-000050
LBL-LIVE-000051,live,baseline,exact_match,1,none,exact,0,0,INT-LIVE-000051,SET-LIVE-000051
LBL-LIVE-000052,live,baseline,exact_match,1,none,exact,0,0,INT-LIVE-000052,SET-LIVE-000052
LBL-LIVE-000053,live,baseline,exact_match,1,none,exact,0,0,INT-LIVE-000053,SET-LIVE-000053
LBL-LIVE-000054,live,baseline,exact_match,1,none,exact,0,0,INT-LIVE-000054,SET-LIVE-000054
LBL-LIVE-000055,live,baseline,exact_match,1,none,exact,0,0,INT-LIVE-000055,SET-LIVE-000055
LBL-LIVE-000056,live,baseline,reference_format,1,reference_normalization,reference_normalization,0,0,INT-LIVE-000056,SET-LIVE-000056
LBL-LIVE-000057,live,baseline,exact_match,1,none,exact,0,0,INT-LIVE-000057,SET-LIVE-000057
LBL-LIVE-000058,live,baseline,exact_match,1,none,exact,0,0,INT-LIVE-000058,SET-LIVE-000058
LBL-LIVE-000059,live,baseline,exact_match,1,none,exact,0,0,INT-LIVE-000059,SET-LIVE-000059
LBL-LIVE-000060,live,baseline,exact_match,1,none,exact,0,0,INT-LIVE-000060,SET-LIVE-000060
LBL-LIVE-000061,live,baseline,exact_match,1,none,exact,0,0,INT-LIVE-000061,SET-LIVE-000061
LBL-LIVE-000062,live,baseline,processing_fee,1,processor_fee,amount_tolerance,1,0,INT-LIVE-000062,SET-LIVE-000062
LBL-LIVE-000063,live,baseline,exact_match,1,none,exact,0,0,INT-LIVE-000063,SET-LIVE-000063
LBL-LIVE-000064,live,baseline,exact_match,1,none,exact,0,0,INT-LIVE-000064,SET-LIVE-000064
LBL-LIVE-000065,live,baseline,exact_match,1,none,exact,0,0,INT-LIVE-000065,SET-LIVE-000065
LBL-LIVE-000066,live,baseline,exact_match,1,none,exact,0,0,INT-LIVE-000066,SET-LIVE-000066
LBL-LIVE-000067,live,baseline,exact_match,1,none,exact,0,0,INT-LIVE-000067,SET-LIVE-000067
LBL-LIVE-000068,live,baseline,exact_match,1,none,exact,0,0,INT-LIVE-000068,SET-LIVE-000068
LBL-LIVE-000069,live,baseline,exact_match,1,none,exact,0,0,INT-LIVE-000069,SET-LIVE-000069
LBL-LIVE-000070,live,baseline,exact_match,1,none,exact,0,0,INT-LIVE-000070,SET-LIVE-000070
LBL-LIVE-000071,live,baseline,exact_match,1,none,exact,0,0,INT-LIVE-000071,SET-LIVE-000071
LBL-LIVE-000072,live,baseline,exact_match,1,none,exact,0,0,INT-LIVE-000072,SET-LIVE-000072
LBL-LIVE-000073,live,baseline,exact_match,1,none,exact,0,0,INT-LIVE-000073,SET-LIVE-000073
LBL-LIVE-000074,live,baseline,exact_match,1,none,exact,0,0,INT-LIVE-000074,SET-LIVE-000074
LBL-LIVE-000075,live,baseline,exact_match,1,none,exact,0,0,INT-LIVE-000075,SET-LIVE-000075
LBL-LIVE-000076,live,baseline,exact_match,1,none,exact,0,0,INT-LIVE-000076,SET-LIVE-000076
LBL-LIVE-000077,live,baseline,processing_fee,1,processor_fee,amount_tolerance,3,0,INT-LIVE-000077,SET-LIVE-000077
LBL-LIVE-000078,live,baseline,exact_match,1,none,exact,0,0,INT-LIVE-000078,SET-LIVE-000078
LBL-LIVE-000079,live,baseline,exact_match,1,none,exact,0,0,INT-LIVE-000079,SET-LIVE-000079
LBL-LIVE-000080,live,baseline,exact_match,1,none,exact,0,0,INT-LIVE-000080,SET-LIVE-000080
LBL-LIVE-000081,live,baseline,exact_match,1,none,exact,0,0,INT-LIVE-000081,SET-LIVE-000081
LBL-LIVE-000082,live,baseline,settlement_delay,1,t_plus_delay,date_tolerance,0,1,INT-LIVE-000082,SET-LIVE-000082
LBL-LIVE-000083,live,baseline,exact_match,1,none,exact,0,0,INT-LIVE-000083,SET-LIVE-000083
LBL-LIVE-000084,live,baseline,exact_match,1,none,exact,0,0,INT-LIVE-000084,SET-LIVE-000084
LBL-LIVE-000085,live,baseline,processing_fee,1,processor_fee,amount_tolerance,3,0,INT-LIVE-000085,SET-LIVE-000085
LBL-LIVE-000086,live,baseline,exact_match,1,none,exact,0,0,INT-LIVE-000086,SET-LIVE-000086
LBL-LIVE-000087,live,baseline,exact_match,1,none,exact,0,0,INT-LIVE-000087,SET-LIVE-000087
LBL-LIVE-000088,live,baseline,exact_match,1,none,exact,0,0,INT-LIVE-000088,SET-LIVE-000088
LBL-LIVE-000089,live,baseline,exact_match,1,none,exact,0,0,INT-LIVE-000089,SET-LIVE-000089
LBL-LIVE-000090,live,baseline,rounding_difference,1,rounding,amount_tolerance,0,0,INT-LIVE-000090,SET-LIVE-000090
LBL-LIVE-000091,live,baseline,exact_match,1,none,exact,0,0,INT-LIVE-000091,SET-LIVE-000091
LBL-LIVE-000092,live,baseline,processing_fee,1,processor_fee,amount_tolerance,1,0,INT-LIVE-000092,SET-LIVE-000092
LBL-LIVE-000093,live,baseline,exact_match,1,none,exact,0,0,INT-LIVE-000093,SET-LIVE-000093
LBL-LIVE-000094,live,baseline,exact_match,1,none,exact,0,0,INT-LIVE-000094,SET-LIVE-000094
LBL-LIVE-000095,live,baseline,exact_match,1,none,exact,0,0,INT-LIVE-000095,SET-LIVE-000095
LBL-LIVE-000096,live,baseline,exact_match,1,none,exact,0,0,INT-LIVE-000096,SET-LIVE-000096
LBL-LIVE-000097,live,baseline,exact_match,1,none,exact,0,0,INT-LIVE-000097,SET-LIVE-000097
LBL-LIVE-000098,live,baseline,exact_match,1,none,exact,0,0,INT-LIVE-000098,SET-LIVE-000098
LBL-LIVE-000099,live,baseline,exact_match,1,none,exact,0,0,INT-LIVE-000099,SET-LIVE-000099
LBL-LIVE-000100,live,baseline,exact_match,1,none,exact,0,0,INT-LIVE-000100,SET-LIVE-000100
LBL-LIVE-000101,live,baseline,reference_format,1,reference_normalization,reference_normalization,0,0,INT-LIVE-000101,SET-LIVE-000101
LBL-LIVE-000102,live,baseline,exact_match,1,none,exact,0,0,INT-LIVE-000102,SET-LIVE-000102
LBL-LIVE-000103,live,baseline,exact_match,1,none,exact,0,0,INT-LIVE-000103,SET-LIVE-000103
LBL-LIVE-000104,live,baseline,exact_match,1,none,exact,0,0,INT-LIVE-000104,SET-LIVE-000104
LBL-LIVE-000105,live,baseline,processing_fee,1,processor_fee,amount_tolerance,3,0,INT-LIVE-000105,SET-LIVE-000105
LBL-LIVE-000106,live,baseline,reference_format,1,reference_normalization,reference_normalization,0,0,INT-LIVE-000106,SET-LIVE-000106
LBL-LIVE-000107,live,baseline,exact_match,1,none,exact,0,0,INT-LIVE-000107,SET-LIVE-000107
LBL-LIVE-000108,live,baseline,exact_match,1,none,exact,0,0,INT-LIVE-000108,SET-LIVE-000108
LBL-LIVE-000109,live,baseline,exact_match,1,none,exact,0,0,INT-LIVE-000109,SET-LIVE-000109
LBL-LIVE-000110,live,baseline,exact_match,1,none,exact,0,0,INT-LIVE-000110,SET-LIVE-000110
LBL-LIVE-000111,live,baseline,exact_match,1,none,exact,0,0,INT-LIVE-000111,SET-LIVE-000111
LBL-LIVE-000112,live,baseline,exact_match,1,none,exact,0,0,INT-LIVE-000112,SET-LIVE-000112
LBL-LIVE-000113,live,baseline,exact_match,1,none,exact,0,0,INT-LIVE-000113,SET-LIVE-000113
LBL-LIVE-000114,live,baseline,exact_match,1,none,exact,0,0,INT-LIVE-000114,SET-LIVE-000114
LBL-LIVE-000115,live,baseline,exact_match,1,none,exact,0,0,INT-LIVE-000115,SET-LIVE-000115
LBL-LIVE-000116,live,baseline,exact_match,1,none,exact,0,0,INT-LIVE-000116,SET-LIVE-000116
LBL-LIVE-000117,live,baseline,exact_match,1,none,exact,0,0,INT-LIVE-000117,SET-LIVE-000117
LBL-LIVE-000118,live,baseline,reference_format,1,reference_normalization,reference_normalization,0,0,INT-LIVE-000118,SET-LIVE-000118
LBL-LIVE-000119,live,baseline,exact_match,1,none,exact,0,0,INT-LIVE-000119,SET-LIVE-000119
LBL-LIVE-000120,live,baseline,exact_match,1,none,exact,0,0,INT-LIVE-000120,SET-LIVE-000120
LBL-LIVE-000121,live,baseline,exact_match,1,none,exact,0,0,INT-LIVE-000121,SET-LIVE-000121
LBL-LIVE-000122,live,baseline,exact_match,1,none,exact,0,0,INT-LIVE-000122,SET-LIVE-000122
LBL-LIVE-000123,live,baseline,exact_match,1,none,exact,0,0,INT-LIVE-000123,SET-LIVE-000123
LBL-LIVE-000124,live,baseline,exact_match,1,none,exact,0,0,INT-LIVE-000124,SET-LIVE-000124
LBL-LIVE-000125,live,baseline,exact_match,1,none,exact,0,0,INT-LIVE-000125,SET-LIVE-000125
LBL-LIVE-000126,live,baseline,exact_match,1,none,exact,0,0,INT-LIVE-000126,SET-LIVE-000126
LBL-LIVE-000127,live,baseline,exact_match,1,none,exact,0,0,INT-LIVE-000127,SET-LIVE-000127
LBL-LIVE-000128,live,baseline,exact_match,1,none,exact,0,0,INT-LIVE-000128,SET-LIVE-000128
LBL-LIVE-000129,live,baseline,exact_match,1,none,exact,0,0,INT-LIVE-000129,SET-LIVE-000129
LBL-LIVE-000130,live,baseline,exact_match,1,none,exact,0,0,INT-LIVE-000130,SET-LIVE-000130
LBL-LIVE-000131,live,baseline,processing_fee,1,processor_fee,amount_tolerance,3,0,INT-LIVE-000131,SET-LIVE-000131
LBL-LIVE-000132,live,baseline,true_amount_mismatch,0,true_amount_mismatch,do_not_match,0,0,INT-LIVE-000132,SET-LIVE-000132
LBL-LIVE-000133,live,baseline,exact_match,1,none,exact,0,0,INT-LIVE-000133,SET-LIVE-000133
LBL-LIVE-000134,live,baseline,exact_match,1,none,exact,0,0,INT-LIVE-000134,SET-LIVE-000134
LBL-LIVE-000135,live,baseline,processing_fee,1,processor_fee,amount_tolerance,5,0,INT-LIVE-000135,SET-LIVE-000135
LBL-LIVE-000136,live,baseline,exact_match,1,none,exact,0,0,INT-LIVE-000136,SET-LIVE-000136
LBL-LIVE-000137,live,baseline,exact_match,1,none,exact,0,0,INT-LIVE-000137,SET-LIVE-000137
LBL-LIVE-000138,live,baseline,exact_match,1,none,exact,0,0,INT-LIVE-000138,SET-LIVE-000138
LBL-LIVE-000139,live,baseline,settlement_delay,1,t_plus_delay,date_tolerance,0,1,INT-LIVE-000139,SET-LIVE-000139
LBL-LIVE-000140,live,baseline,exact_match,1,none,exact,0,0,INT-LIVE-000140,SET-LIVE-000140
LBL-LIVE-000141,live,baseline,exact_match,1,none,exact,0,0,INT-LIVE-000141,SET-LIVE-000141
LBL-LIVE-000142,live,baseline,exact_match,1,none,exact,0,0,INT-LIVE-000142,SET-LIVE-000142
LBL-LIVE-000143,live,baseline,exact_match,1,none,exact,0,0,INT-LIVE-000143,SET-LIVE-000143
LBL-LIVE-000144,live,baseline,exact_match,1,none,exact,0,0,INT-LIVE-000144,SET-LIVE-000144
LBL-LIVE-000145,live,baseline,exact_match,1,none,exact,0,0,INT-LIVE-000145,SET-LIVE-000145
LBL-LIVE-000146,live,baseline,exact_match,1,none,exact,0,0,INT-LIVE-000146,SET-LIVE-000146
LBL-LIVE-000147,live,baseline,exact_match,1,none,exact,0,0,INT-LIVE-000147,SET-LIVE-000147
LBL-LIVE-000148,live,baseline,exact_match,1,none,exact,0,0,INT-LIVE-000148,SET-LIVE-000148
LBL-LIVE-000149,live,baseline,exact_match,1,none,exact,0,0,INT-LIVE-000149,SET-LIVE-000149
LBL-LIVE-000150,live,baseline,exact_match,1,none,exact,0,0,INT-LIVE-000150,SET-LIVE-000150
LBL-LIVE-000151,live,baseline,exact_match,1,none,exact,0,0,INT-LIVE-000151,SET-LIVE-000151
LBL-LIVE-000152,live,baseline,rounding_difference,1,rounding,amount_tolerance,0,0,INT-LIVE-000152,SET-LIVE-000152
LBL-LIVE-000153,live,baseline,true_amount_mismatch,0,true_amount_mismatch,do_not_match,0,0,INT-LIVE-000153,SET-LIVE-000153
LBL-LIVE-000154,live,baseline,exact_match,1,none,exact,0,0,INT-LIVE-000154,SET-LIVE-000154
LBL-LIVE-000155,live,baseline,currency_mismatch,0,currency_mismatch,do_not_match,0,0,INT-LIVE-000155,SET-LIVE-000155
LBL-LIVE-000156,live,baseline,exact_match,1,none,exact,0,0,INT-LIVE-000156,SET-LIVE-000156
LBL-LIVE-000157,live,baseline,exact_match,1,none,exact,0,0,INT-LIVE-000157,SET-LIVE-000157
LBL-LIVE-000158,live,baseline,exact_match,1,none,exact,0,0,INT-LIVE-000158,SET-LIVE-000158
LBL-LIVE-000159,live,baseline,exact_match,1,none,exact,0,0,INT-LIVE-000159,SET-LIVE-000159
LBL-LIVE-000160,live,baseline,exact_match,1,none,exact,0,0,INT-LIVE-000160,SET-LIVE-000160
LBL-LIVE-000161,live,baseline,exact_match,1,none,exact,0,0,INT-LIVE-000161,SET-LIVE-000161
LBL-LIVE-000162,live,baseline,exact_match,1,none,exact,0,0,INT-LIVE-000162,SET-LIVE-000162
LBL-LIVE-000163,live,baseline,exact_match,1,none,exact,0,0,INT-LIVE-000163,SET-LIVE-000163
LBL-LIVE-000164,live,baseline,reference_format,1,reference_normalization,reference_normalization,0,0,INT-LIVE-000164,SET-LIVE-000164
LBL-LIVE-000165,live,baseline,exact_match,1,none,exact,0,0,INT-LIVE-000165,SET-LIVE-000165
LBL-LIVE-000166,live,baseline,exact_match,1,none,exact,0,0,INT-LIVE-000166,SET-LIVE-000166
LBL-LIVE-000167,live,baseline,exact_match,1,none,exact,0,0,INT-LIVE-000167,SET-LIVE-000167
LBL-LIVE-000168,live,baseline,exact_match,1,none,exact,0,0,INT-LIVE-000168,SET-LIVE-000168
LBL-LIVE-000169,live,baseline,exact_match,1,none,exact,0,0,INT-LIVE-000169,SET-LIVE-000169
LBL-LIVE-000170,live,baseline,exact_match,1,none,exact,0,0,INT-LIVE-000170,SET-LIVE-000170
LBL-LIVE-000171,live,baseline,exact_match,1,none,exact,0,0,INT-LIVE-000171,SET-LIVE-000171
LBL-LIVE-000172,live,baseline,exact_match,1,none,exact,0,0,INT-LIVE-000172,SET-LIVE-000172
LBL-LIVE-000173,live,baseline,reference_format,1,reference_normalization,reference_normalization,0,0,INT-LIVE-000173,SET-LIVE-000173
LBL-LIVE-000174,live,baseline,exact_match,1,none,exact,0,0,INT-LIVE-000174,SET-LIVE-000174
LBL-LIVE-000175,live,baseline,processing_fee,1,processor_fee,amount_tolerance,5,0,INT-LIVE-000175,SET-LIVE-000175
LBL-LIVE-000176,live,baseline,exact_match,1,none,exact,0,0,INT-LIVE-000176,SET-LIVE-000176
LBL-LIVE-000177,live,baseline,exact_match,1,none,exact,0,0,INT-LIVE-000177,SET-LIVE-000177
LBL-LIVE-000178,live,baseline,exact_match,1,none,exact,0,0,INT-LIVE-000178,SET-LIVE-000178
LBL-LIVE-000179,live,baseline,exact_match,1,none,exact,0,0,INT-LIVE-000179,SET-LIVE-000179
LBL-LIVE-000180,live,baseline,exact_match,1,none,exact,0,0,INT-LIVE-000180,SET-LIVE-000180
LBL-LIVE-000181,live,baseline,exact_match,1,none,exact,0,0,INT-LIVE-000181,SET-LIVE-000181
LBL-LIVE-000182,live,baseline,exact_match,1,none,exact,0,0,INT-LIVE-000182,SET-LIVE-000182
LBL-LIVE-000183,live,baseline,exact_match,1,none,exact,0,0,INT-LIVE-000183,SET-LIVE-000183
LBL-LIVE-000184,live,baseline,exact_match,1,none,exact,0,0,INT-LIVE-000184,SET-LIVE-000184
LBL-LIVE-000185,live,baseline,exact_match,1,none,exact,0,0,INT-LIVE-000185,SET-LIVE-000185
LBL-LIVE-000186,live,baseline,exact_match,1,none,exact,0,0,INT-LIVE-000186,SET-LIVE-000186
LBL-LIVE-000187,live,baseline,exact_match,1,none,exact,0,0,INT-LIVE-000187,SET-LIVE-000187
LBL-LIVE-000188,live,baseline,exact_match,1,none,exact,0,0,INT-LIVE-000188,SET-LIVE-000188
LBL-LIVE-000189,live,baseline,exact_match,1,none,exact,0,0,INT-LIVE-000189,SET-LIVE-000189
LBL-LIVE-000190,live,baseline,exact_match,1,none,exact,0,0,INT-LIVE-000190,SET-LIVE-000190
LBL-LIVE-000191,live,baseline,exact_match,1,none,exact,0,0,INT-LIVE-000191,SET-LIVE-000191
LBL-LIVE-000192,live,baseline,exact_match,1,none,exact,0,0,INT-LIVE-000192,SET-LIVE-000192
LBL-LIVE-000193,live,baseline,reference_format,1,reference_normalization,reference_normalization,0,0,INT-LIVE-000193,SET-LIVE-000193
LBL-LIVE-000194,live,baseline,exact_match,1,none,exact,0,0,INT-LIVE-000194,SET-LIVE-000194
LBL-LIVE-000195,live,baseline,exact_match,1,none,exact,0,0,INT-LIVE-000195,SET-LIVE-000195
LBL-LIVE-000196,live,baseline,exact_match,1,none,exact,0,0,INT-LIVE-000196,SET-LIVE-000196
LBL-LIVE-000197,live,baseline,exact_match,1,none,exact,0,0,INT-LIVE-000197,SET-LIVE-000197
LBL-LIVE-000198,live,baseline,exact_match,1,none,exact,0,0,INT-LIVE-000198,SET-LIVE-000198
LBL-LIVE-000199,live,baseline,exact_match,1,none,exact,0,0,INT-LIVE-000199,SET-LIVE-000199
LBL-LIVE-000200,live,baseline,exact_match,1,none,exact,0,0,INT-LIVE-000200,SET-LIVE-000200
LBL-LIVE-000201,live,baseline,reference_format,1,reference_normalization,reference_normalization,0,0,INT-LIVE-000201,SET-LIVE-000201
LBL-LIVE-000202,live,baseline,reference_format,1,reference_normalization,reference_normalization,0,0,INT-LIVE-000202,SET-LIVE-000202
LBL-LIVE-000203,live,baseline,exact_match,1,none,exact,0,0,INT-LIVE-000203,SET-LIVE-000203
LBL-LIVE-000204,live,baseline,exact_match,1,none,exact,0,0,INT-LIVE-000204,SET-LIVE-000204
LBL-LIVE-000205,live,baseline,rounding_difference,1,rounding,amount_tolerance,0,0,INT-LIVE-000205,SET-LIVE-000205
LBL-LIVE-000206,live,baseline,processing_fee,1,processor_fee,amount_tolerance,3,0,INT-LIVE-000206,SET-LIVE-000206
LBL-LIVE-000207,live,baseline,exact_match,1,none,exact,0,0,INT-LIVE-000207,SET-LIVE-000207
LBL-LIVE-000208,live,baseline,processing_fee,1,processor_fee,amount_tolerance,2,0,INT-LIVE-000208,SET-LIVE-000208
LBL-LIVE-000209,live,baseline,exact_match,1,none,exact,0,0,INT-LIVE-000209,SET-LIVE-000209
LBL-LIVE-000210,live,baseline,exact_match,1,none,exact,0,0,INT-LIVE-000210,SET-LIVE-000210
LBL-LIVE-000211,live,baseline,exact_match,1,none,exact,0,0,INT-LIVE-000211,SET-LIVE-000211
LBL-LIVE-000212,live,baseline,exact_match,1,none,exact,0,0,INT-LIVE-000212,SET-LIVE-000212
LBL-LIVE-000213,live,baseline,exact_match,1,none,exact,0,0,INT-LIVE-000213,SET-LIVE-000213
LBL-LIVE-000214,live,baseline,exact_match,1,none,exact,0,0,INT-LIVE-000214,SET-LIVE-000214
LBL-LIVE-000215,live,baseline,exact_match,1,none,exact,0,0,INT-LIVE-000215,SET-LIVE-000215
LBL-LIVE-000216,live,baseline,exact_match,1,none,exact,0,0,INT-LIVE-000216,SET-LIVE-000216
LBL-LIVE-000217,live,baseline,reference_format,1,reference_normalization,reference_normalization,0,0,INT-LIVE-000217,SET-LIVE-000217
LBL-LIVE-000218,live,baseline,settlement_delay,1,t_plus_delay,date_tolerance,0,1,INT-LIVE-000218,SET-LIVE-000218
LBL-LIVE-000219,live,baseline,exact_match,1,none,exact,0,0,INT-LIVE-000219,SET-LIVE-000219
LBL-LIVE-000220,live,baseline,exact_match,1,none,exact,0,0,INT-LIVE-000220,SET-LIVE-000220
LBL-LIVE-000221,live,baseline,exact_match,1,none,exact,0,0,INT-LIVE-000221,SET-LIVE-000221
LBL-LIVE-000222,live,baseline,exact_match,1,none,exact,0,0,INT-LIVE-000222,SET-LIVE-000222
LBL-LIVE-000223,live,baseline,processing_fee,1,processor_fee,amount_tolerance,3,0,INT-LIVE-000223,SET-LIVE-000223
LBL-LIVE-000224,live,baseline,exact_match,1,none,exact,0,0,INT-LIVE-000224,SET-LIVE-000224
LBL-LIVE-000225,live,baseline,exact_match,1,none,exact,0,0,INT-LIVE-000225,SET-LIVE-000225
LBL-LIVE-000226,live,baseline,exact_match,1,none,exact,0,0,INT-LIVE-000226,SET-LIVE-000226
LBL-LIVE-000227,live,baseline,exact_match,1,none,exact,0,0,INT-LIVE-000227,SET-LIVE-000227
LBL-LIVE-000228,live,baseline,exact_match,1,none,exact,0,0,INT-LIVE-000228,SET-LIVE-000228
LBL-LIVE-000229,live,baseline,exact_match,1,none,exact,0,0,INT-LIVE-000229,SET-LIVE-000229
LBL-LIVE-000230,live,baseline,exact_match,1,none,exact,0,0,INT-LIVE-000230,SET-LIVE-000230
LBL-LIVE-000231,live,baseline,rounding_difference,1,rounding,amount_tolerance,0,0,INT-LIVE-000231,SET-LIVE-000231
LBL-LIVE-000232,live,baseline,exact_match,1,none,exact,0,0,INT-LIVE-000232,SET-LIVE-000232
LBL-LIVE-000233,live,baseline,exact_match,1,none,exact,0,0,INT-LIVE-000233,SET-LIVE-000233
LBL-LIVE-000234,live,baseline,exact_match,1,none,exact,0,0,INT-LIVE-000234,SET-LIVE-000234
LBL-LIVE-000235,live,baseline,exact_match,1,none,exact,0,0,INT-LIVE-000235,SET-LIVE-000235
LBL-LIVE-000236,live,baseline,exact_match,1,none,exact,0,0,INT-LIVE-000236,SET-LIVE-000236
LBL-LIVE-000237,live,baseline,exact_match,1,none,exact,0,0,INT-LIVE-000237,SET-LIVE-000237
LBL-LIVE-000238,live,baseline,exact_match,1,none,exact,0,0,INT-LIVE-000238,SET-LIVE-000238
LBL-LIVE-000239,live,baseline,exact_match,1,none,exact,0,0,INT-LIVE-000239,SET-LIVE-000239
LBL-LIVE-000240,live,baseline,exact_match,1,none,exact,0,0,INT-LIVE-000240,SET-LIVE-000240
LBL-LIVE-000241,live,baseline,exact_match,1,none,exact,0,0,INT-LIVE-000241,SET-LIVE-000241
LBL-LIVE-000242,live,baseline,exact_match,1,none,exact,0,0,INT-LIVE-000242,SET-LIVE-000242
LBL-LIVE-000243,live,baseline,exact_match,1,none,exact,0,0,INT-LIVE-000243,SET-LIVE-000243
LBL-LIVE-000244,live,baseline,exact_match,1,none,exact,0,0,INT-LIVE-000244,SET-LIVE-000244
LBL-LIVE-000245,live,baseline,exact_match,1,none,exact,0,0,INT-LIVE-000245,SET-LIVE-000245
LBL-LIVE-000246,live,baseline,exact_match,1,none,exact,0,0,INT-LIVE-000246,SET-LIVE-000246
LBL-LIVE-000247,live,baseline,exact_match,1,none,exact,0,0,INT-LIVE-000247,SET-LIVE-000247
LBL-LIVE-000248,live,baseline,exact_match,1,none,exact,0,0,INT-LIVE-000248,SET-LIVE-000248
LBL-LIVE-000249,live,baseline,exact_match,1,none,exact,0,0,INT-LIVE-000249,SET-LIVE-000249
LBL-LIVE-000250,live,baseline,rounding_difference,1,rounding,amount_tolerance,0,0,INT-LIVE-000250,SET-LIVE-000250
LBL-LIVE-000251,live,baseline,exact_match,1,none,exact,0,0,INT-LIVE-000251,SET-LIVE-000251
LBL-LIVE-000252,live,baseline,exact_match,1,none,exact,0,0,INT-LIVE-000252,SET-LIVE-000252
LBL-LIVE-000253,live,baseline,reference_format,1,reference_normalization,reference_normalization,0,0,INT-LIVE-000253,SET-LIVE-000253
LBL-LIVE-000254,live,baseline,exact_match,1,none,exact,0,0,INT-LIVE-000254,SET-LIVE-000254
LBL-LIVE-000255,live,baseline,exact_match,1,none,exact,0,0,INT-LIVE-000255,SET-LIVE-000255
LBL-LIVE-000256,live,baseline,exact_match,1,none,exact,0,0,INT-LIVE-000256,SET-LIVE-000256
LBL-LIVE-000257,live,baseline,exact_match,1,none,exact,0,0,INT-LIVE-000257,SET-LIVE-000257
LBL-LIVE-000258,live,baseline,exact_match,1,none,exact,0,0,INT-LIVE-000258,SET-LIVE-000258
LBL-LIVE-000259,live,baseline,exact_match,1,none,exact,0,0,INT-LIVE-000259,SET-LIVE-000259
LBL-LIVE-000260,live,baseline,exact_match,1,none,exact,0,0,INT-LIVE-000260,SET-LIVE-000260
LBL-LIVE-000261,live,baseline,exact_match,1,none,exact,0,0,INT-LIVE-000261,SET-LIVE-000261
LBL-LIVE-000262,live,baseline,exact_match,1,none,exact,0,0,INT-LIVE-000262,SET-LIVE-000262
LBL-LIVE-000263,live,baseline,exact_match,1,none,exact,0,0,INT-LIVE-000263,SET-LIVE-000263
LBL-LIVE-000264,live,baseline,exact_match,1,none,exact,0,0,INT-LIVE-000264,SET-LIVE-000264
LBL-LIVE-000265,live,baseline,rounding_difference,1,rounding,amount_tolerance,0,0,INT-LIVE-000265,SET-LIVE-000265
LBL-LIVE-000266,live,baseline,settlement_delay,1,t_plus_delay,date_tolerance,0,1,INT-LIVE-000266,SET-LIVE-000266
LBL-LIVE-000267,live,baseline,exact_match,1,none,exact,0,0,INT-LIVE-000267,SET-LIVE-000267
LBL-LIVE-000268,live,baseline,exact_match,1,none,exact,0,0,INT-LIVE-000268,SET-LIVE-000268
LBL-LIVE-000269,live,baseline,exact_match,1,none,exact,0,0,INT-LIVE-000269,SET-LIVE-000269
LBL-LIVE-000270,live,baseline,exact_match,1,none,exact,0,0,INT-LIVE-000270,SET-LIVE-000270
LBL-LIVE-000271,live,baseline,reference_format,1,reference_normalization,reference_normalization,0,0,INT-LIVE-000271,SET-LIVE-000271
LBL-LIVE-000272,live,baseline,exact_match,1,none,exact,0,0,INT-LIVE-000272,SET-LIVE-000272
LBL-LIVE-000273,live,baseline,processing_fee,1,processor_fee,amount_tolerance,1,0,INT-LIVE-000273,SET-LIVE-000273
LBL-LIVE-000274,live,baseline,exact_match,1,none,exact,0,0,INT-LIVE-000274,SET-LIVE-000274
LBL-LIVE-000275,live,baseline,exact_match,1,none,exact,0,0,INT-LIVE-000275,SET-LIVE-000275
LBL-LIVE-000276,live,baseline,exact_match,1,none,exact,0,0,INT-LIVE-000276,SET-LIVE-000276
LBL-LIVE-000277,live,baseline,exact_match,1,none,exact,0,0,INT-LIVE-000277,SET-LIVE-000277
LBL-LIVE-000278,live,baseline,exact_match,1,none,exact,0,0,INT-LIVE-000278,SET-LIVE-000278
LBL-LIVE-000279,live,baseline,exact_match,1,none,exact,0,0,INT-LIVE-000279,SET-LIVE-000279
LBL-LIVE-000280,live,baseline,exact_match,1,none,exact,0,0,INT-LIVE-000280,SET-LIVE-000280
LBL-LIVE-000281,live,baseline,exact_match,1,none,exact,0,0,INT-LIVE-000281,SET-LIVE-000281
LBL-LIVE-000282,live,baseline,exact_match,1,none,exact,0,0,INT-LIVE-000282,SET-LIVE-000282
LBL-LIVE-000283,live,baseline,exact_match,1,none,exact,0,0,INT-LIVE-000283,SET-LIVE-000283
LBL-LIVE-000284,live,baseline,exact_match,1,none,exact,0,0,INT-LIVE-000284,SET-LIVE-000284
LBL-LIVE-000285,live,baseline,exact_match,1,none,exact,0,0,INT-LIVE-000285,SET-LIVE-000285
LBL-LIVE-000286,live,baseline,exact_match,1,none,exact,0,0,INT-LIVE-000286,SET-LIVE-000286
LBL-LIVE-000287,live,baseline,reference_format,1,reference_normalization,reference_normalization,0,0,INT-LIVE-000287,SET-LIVE-000287
LBL-LIVE-000288,live,baseline,exact_match,1,none,exact,0,0,INT-LIVE-000288,SET-LIVE-000288
LBL-LIVE-000289,live,baseline,processing_fee,1,processor_fee,amount_tolerance,2,0,INT-LIVE-000289,SET-LIVE-000289
LBL-LIVE-000290,live,baseline,exact_match,1,none,exact,0,0,INT-LIVE-000290,SET-LIVE-000290
LBL-LIVE-000291,live,baseline,exact_match,1,none,exact,0,0,INT-LIVE-000291,SET-LIVE-000291
LBL-LIVE-000292,live,baseline,exact_match,1,none,exact,0,0,INT-LIVE-000292,SET-LIVE-000292
LBL-LIVE-000293,live,baseline,exact_match,1,none,exact,0,0,INT-LIVE-000293,SET-LIVE-000293
LBL-LIVE-000294,live,baseline,exact_match,1,none,exact,0,0,INT-LIVE-000294,SET-LIVE-000294
LBL-LIVE-000295,live,baseline,exact_match,1,none,exact,0,0,INT-LIVE-000295,SET-LIVE-000295
LBL-LIVE-000296,live,baseline,exact_match,1,none,exact,0,0,INT-LIVE-000296,SET-LIVE-000296
LBL-LIVE-000297,live,baseline,exact_match,1,none,exact,0,0,INT-LIVE-000297,SET-LIVE-000297
LBL-LIVE-000298,live,baseline,exact_match,1,none,exact,0,0,INT-LIVE-000298,SET-LIVE-000298
LBL-LIVE-000299,live,baseline,exact_match,1,none,exact,0,0,INT-LIVE-000299,SET-LIVE-000299
LBL-LIVE-000300,live,baseline,exact_match,1,none,exact,0,0,INT-LIVE-000300,SET-LIVE-000300
LBL-LIVE-000301,live,baseline,exact_match,1,none,exact,0,0,INT-LIVE-000301,SET-LIVE-000301
LBL-LIVE-000302,live,baseline,exact_match,1,none,exact,0,0,INT-LIVE-000302,SET-LIVE-000302
LBL-LIVE-000303,live,baseline,exact_match,1,none,exact,0,0,INT-LIVE-000303,SET-LIVE-000303
LBL-LIVE-000304,live,baseline,exact_match,1,none,exact,0,0,INT-LIVE-000304,SET-LIVE-000304
LBL-LIVE-000305,live,baseline,processing_fee,1,processor_fee,amount_tolerance,1,0,INT-LIVE-000305,SET-LIVE-000305
LBL-LIVE-000306,live,baseline,rounding_difference,1,rounding,amount_tolerance,0,0,INT-LIVE-000306,SET-LIVE-000306
LBL-LIVE-000307,live,baseline,reference_format,1,reference_normalization,reference_normalization,0,0,INT-LIVE-000307,SET-LIVE-000307
LBL-LIVE-000308,live,baseline,exact_match,1,none,exact,0,0,INT-LIVE-000308,SET-LIVE-000308
LBL-LIVE-000309,live,baseline,exact_match,1,none,exact,0,0,INT-LIVE-000309,SET-LIVE-000309
LBL-LIVE-000310,live,baseline,settlement_delay,1,t_plus_delay,date_tolerance,0,1,INT-LIVE-000310,SET-LIVE-000310
LBL-LIVE-000311,live,baseline,exact_match,1,none,exact,0,0,INT-LIVE-000311,SET-LIVE-000311
LBL-LIVE-000312,live,baseline,exact_match,1,none,exact,0,0,INT-LIVE-000312,SET-LIVE-000312
LBL-LIVE-000313,live,baseline,exact_match,1,none,exact,0,0,INT-LIVE-000313,SET-LIVE-000313
LBL-LIVE-000314,live,baseline,exact_match,1,none,exact,0,0,INT-LIVE-000314,SET-LIVE-000314
LBL-LIVE-000315,live,baseline,exact_match,1,none,exact,0,0,INT-LIVE-000315,SET-LIVE-000315
LBL-LIVE-000316,live,baseline,exact_match,1,none,exact,0,0,INT-LIVE-000316,SET-LIVE-000316
LBL-LIVE-000317,live,baseline,rounding_difference,1,rounding,amount_tolerance,0,0,INT-LIVE-000317,SET-LIVE-000317
LBL-LIVE-000318,live,baseline,exact_match,1,none,exact,0,0,INT-LIVE-000318,SET-LIVE-000318
LBL-LIVE-000319,live,baseline,exact_match,1,none,exact,0,0,INT-LIVE-000319,SET-LIVE-000319
LBL-LIVE-000320,live,baseline,exact_match,1,none,exact,0,0,INT-LIVE-000320,SET-LIVE-000320
LBL-LIVE-000321,live,baseline,exact_match,1,none,exact,0,0,INT-LIVE-000321,SET-LIVE-000321
LBL-LIVE-000322,live,baseline,currency_mismatch,0,currency_mismatch,do_not_match,0,0,INT-LIVE-000322,SET-LIVE-000322
LBL-LIVE-000323,live,baseline,exact_match,1,none,exact,0,0,INT-LIVE-000323,SET-LIVE-000323
LBL-LIVE-000324,live,baseline,exact_match,1,none,exact,0,0,INT-LIVE-000324,SET-LIVE-000324
LBL-LIVE-000325,live,baseline,processing_fee,1,processor_fee,amount_tolerance,3,0,INT-LIVE-000325,SET-LIVE-000325
LBL-LIVE-000326,live,baseline,exact_match,1,none,exact,0,0,INT-LIVE-000326,SET-LIVE-000326
LBL-LIVE-000327,live,baseline,exact_match,1,none,exact,0,0,INT-LIVE-000327,SET-LIVE-000327
LBL-LIVE-000328,live,baseline,settlement_delay,1,t_plus_delay,date_tolerance,0,1,INT-LIVE-000328,SET-LIVE-000328
LBL-LIVE-000329,live,baseline,processing_fee,1,processor_fee,amount_tolerance,5,0,INT-LIVE-000329,SET-LIVE-000329
LBL-LIVE-000330,live,baseline,exact_match,1,none,exact,0,0,INT-LIVE-000330,SET-LIVE-000330
LBL-LIVE-000331,live,baseline,exact_match,1,none,exact,0,0,INT-LIVE-000331,SET-LIVE-000331
LBL-LIVE-000332,live,baseline,exact_match,1,none,exact,0,0,INT-LIVE-000332,SET-LIVE-000332
LBL-LIVE-000333,live,baseline,exact_match,1,none,exact,0,0,INT-LIVE-000333,SET-LIVE-000333
LBL-LIVE-000334,live,baseline,exact_match,1,none,exact,0,0,INT-LIVE-000334,SET-LIVE-000334
LBL-LIVE-000335,live,baseline,exact_match,1,none,exact,0,0,INT-LIVE-000335,SET-LIVE-000335
LBL-LIVE-000336,live,baseline,exact_match,1,none,exact,0,0,INT-LIVE-000336,SET-LIVE-000336
LBL-LIVE-000337,live,baseline,rounding_difference,1,rounding,amount_tolerance,0,0,INT-LIVE-000337,SET-LIVE-000337
LBL-LIVE-000338,live,baseline,exact_match,1,none,exact,0,0,INT-LIVE-000338,SET-LIVE-000338
LBL-LIVE-000339,live,baseline,exact_match,1,none,exact,0,0,INT-LIVE-000339,SET-LIVE-000339
LBL-LIVE-000340,live,baseline,exact_match,1,none,exact,0,0,INT-LIVE-000340,SET-LIVE-000340
LBL-LIVE-000341,live,baseline,currency_mismatch,0,currency_mismatch,do_not_match,0,0,INT-LIVE-000341,SET-LIVE-000341
LBL-LIVE-000342,live,baseline,exact_match,1,none,exact,0,0,INT-LIVE-000342,SET-LIVE-000342
LBL-LIVE-000343,live,baseline,exact_match,1,none,exact,0,0,INT-LIVE-000343,SET-LIVE-000343
LBL-LIVE-000344,live,baseline,reference_format,1,reference_normalization,reference_normalization,0,0,INT-LIVE-000344,SET-LIVE-000344
LBL-LIVE-000345,live,baseline,exact_match,1,none,exact,0,0,INT-LIVE-000345,SET-LIVE-000345
LBL-LIVE-000346,live,baseline,exact_match,1,none,exact,0,0,INT-LIVE-000346,SET-LIVE-000346
LBL-LIVE-000347,live,baseline,exact_match,1,none,exact,0,0,INT-LIVE-000347,SET-LIVE-000347
LBL-LIVE-000348,live,baseline,currency_mismatch,0,currency_mismatch,do_not_match,0,0,INT-LIVE-000348,SET-LIVE-000348
LBL-LIVE-000349,live,baseline,exact_match,1,none,exact,0,0,INT-LIVE-000349,SET-LIVE-000349
LBL-LIVE-000350,live,baseline,settlement_delay,1,t_plus_delay,date_tolerance,0,1,INT-LIVE-000350,SET-LIVE-000350
LBL-LIVE-000351,live,baseline,exact_match,1,none,exact,0,0,INT-LIVE-000351,SET-LIVE-000351
LBL-LIVE-000352,live,baseline,exact_match,1,none,exact,0,0,INT-LIVE-000352,SET-LIVE-000352
LBL-LIVE-000353,live,baseline,exact_match,1,none,exact,0,0,INT-LIVE-000353,SET-LIVE-000353
LBL-LIVE-000354,live,baseline,exact_match,1,none,exact,0,0,INT-LIVE-000354,SET-LIVE-000354
LBL-LIVE-000355,live,baseline,exact_match,1,none,exact,0,0,INT-LIVE-000355,SET-LIVE-000355
LBL-LIVE-000356,live,baseline,exact_match,1,none,exact,0,0,INT-LIVE-000356,SET-LIVE-000356
LBL-LIVE-000357,live,baseline,exact_match,1,none,exact,0,0,INT-LIVE-000357,SET-LIVE-000357
LBL-LIVE-000358,live,baseline,exact_match,1,none,exact,0,0,INT-LIVE-000358,SET-LIVE-000358
LBL-LIVE-000359,live,baseline,exact_match,1,none,exact,0,0,INT-LIVE-000359,SET-LIVE-000359
LBL-LIVE-000360,live,baseline,exact_match,1,none,exact,0,0,INT-LIVE-000360,SET-LIVE-000360
LBL-LIVE-000361,live,baseline,exact_match,1,none,exact,0,0,INT-LIVE-000361,SET-LIVE-000361
LBL-LIVE-000362,live,baseline,exact_match,1,none,exact,0,0,INT-LIVE-000362,SET-LIVE-000362
LBL-LIVE-000363,live,baseline,exact_match,1,none,exact,0,0,INT-LIVE-000363,SET-LIVE-000363
LBL-LIVE-000364,live,baseline,exact_match,1,none,exact,0,0,INT-LIVE-000364,SET-LIVE-000364
LBL-LIVE-000365,live,baseline,exact_match,1,none,exact,0,0,INT-LIVE-000365,SET-LIVE-000365
LBL-LIVE-000366,live,baseline,rounding_difference,1,rounding,amount_tolerance,0,0,INT-LIVE-000366,SET-LIVE-000366
LBL-LIVE-000367,live,baseline,exact_match,1,none,exact,0,0,INT-LIVE-000367,SET-LIVE-000367
LBL-LIVE-000368,live,baseline,exact_match,1,none,exact,0,0,INT-LIVE-000368,SET-LIVE-000368
LBL-LIVE-000369,live,baseline,exact_match,1,none,exact,0,0,INT-LIVE-000369,SET-LIVE-000369
LBL-LIVE-000370,live,baseline,exact_match,1,none,exact,0,0,INT-LIVE-000370,SET-LIVE-000370
LBL-LIVE-000371,live,baseline,settlement_delay,1,t_plus_delay,date_tolerance,0,1,INT-LIVE-000371,SET-LIVE-000371
LBL-LIVE-000372,live,baseline,exact_match,1,none,exact,0,0,INT-LIVE-000372,SET-LIVE-000372
LBL-LIVE-000373,live,baseline,settlement_delay,1,t_plus_delay,date_tolerance,0,1,INT-LIVE-000373,SET-LIVE-000373
LBL-LIVE-000374,live,baseline,exact_match,1,none,exact,0,0,INT-LIVE-000374,SET-LIVE-000374
LBL-LIVE-000375,live,baseline,exact_match,1,none,exact,0,0,INT-LIVE-000375,SET-LIVE-000375
LBL-LIVE-000376,live,baseline,settlement_delay,1,t_plus_delay,date_tolerance,0,1,INT-LIVE-000376,SET-LIVE-000376
LBL-LIVE-000377,live,baseline,exact_match,1,none,exact,0,0,INT-LIVE-000377,SET-LIVE-000377
LBL-LIVE-000378,live,baseline,exact_match,1,none,exact,0,0,INT-LIVE-000378,SET-LIVE-000378
LBL-LIVE-000379,live,baseline,exact_match,1,none,exact,0,0,INT-LIVE-000379,SET-LIVE-000379
LBL-LIVE-000380,live,baseline,exact_match,1,none,exact,0,0,INT-LIVE-000380,SET-LIVE-000380
LBL-LIVE-000381,live,baseline,exact_match,1,none,exact,0,0,INT-LIVE-000381,SET-LIVE-000381
LBL-LIVE-000382,live,baseline,exact_match,1,none,exact,0,0,INT-LIVE-000382,SET-LIVE-000382
LBL-LIVE-000383,live,baseline,exact_match,1,none,exact,0,0,INT-LIVE-000383,SET-LIVE-000383
LBL-LIVE-000384,live,baseline,rounding_difference,1,rounding,amount_tolerance,0,0,INT-LIVE-000384,SET-LIVE-000384
LBL-LIVE-000385,live,baseline,currency_mismatch,0,currency_mismatch,do_not_match,0,0,INT-LIVE-000385,SET-LIVE-000385
LBL-LIVE-000386,live,baseline,exact_match,1,none,exact,0,0,INT-LIVE-000386,SET-LIVE-000386
LBL-LIVE-000387,live,baseline,exact_match,1,none,exact,0,0,INT-LIVE-000387,SET-LIVE-000387
LBL-LIVE-000388,live,baseline,exact_match,1,none,exact,0,0,INT-LIVE-000388,SET-LIVE-000388
LBL-LIVE-000389,live,baseline,exact_match,1,none,exact,0,0,INT-LIVE-000389,SET-LIVE-000389
LBL-LIVE-000390,live,baseline,exact_match,1,none,exact,0,0,INT-LIVE-000390,SET-LIVE-000390
LBL-LIVE-000391,live,baseline,exact_match,1,none,exact,0,0,INT-LIVE-000391,SET-LIVE-000391
LBL-LIVE-000392,live,baseline,exact_match,1,none,exact,0,0,INT-LIVE-000392,SET-LIVE-000392
LBL-LIVE-000393,live,baseline,exact_match,1,none,exact,0,0,INT-LIVE-000393,SET-LIVE-000393
LBL-LIVE-000394,live,baseline,exact_match,1,none,exact,0,0,INT-LIVE-000394,SET-LIVE-000394
LBL-LIVE-000395,live,baseline,settlement_delay,1,t_plus_delay,date_tolerance,0,1,INT-LIVE-000395,SET-LIVE-000395
LBL-LIVE-000396,live,baseline,exact_match,1,none,exact,0,0,INT-LIVE-000396,SET-LIVE-000396
LBL-LIVE-000397,live,baseline,settlement_delay,1,t_plus_delay,date_tolerance,0,1,INT-LIVE-000397,SET-LIVE-000397
LBL-LIVE-000398,live,baseline,exact_match,1,none,exact,0,0,INT-LIVE-000398,SET-LIVE-000398
LBL-LIVE-000399,live,baseline,exact_match,1,none,exact,0,0,INT-LIVE-000399,SET-LIVE-000399
LBL-LIVE-000400,live,fee_drift,currency_mismatch,0,currency_mismatch,do_not_match,0,0,INT-LIVE-000400,SET-LIVE-000400
LBL-LIVE-000401,live,fee_drift,processing_fee,1,processor_fee,amount_tolerance,3,0,INT-LIVE-000401,SET-LIVE-000401
LBL-LIVE-000402,live,fee_drift,processing_fee,1,processor_fee,amount_tolerance,3,0,INT-LIVE-000402,SET-LIVE-000402
LBL-LIVE-000403,live,fee_drift,exact_match,1,none,exact,0,0,INT-LIVE-000403,SET-LIVE-000403
LBL-LIVE-000404,live,fee_drift,exact_match,1,none,exact,0,0,INT-LIVE-000404,SET-LIVE-000404
LBL-LIVE-000405,live,fee_drift,exact_match,1,none,exact,0,0,INT-LIVE-000405,SET-LIVE-000405
LBL-LIVE-000406,live,fee_drift,exact_match,1,none,exact,0,0,INT-LIVE-000406,SET-LIVE-000406
LBL-LIVE-000407,live,fee_drift,exact_match,1,none,exact,0,0,INT-LIVE-000407,SET-LIVE-000407
LBL-LIVE-000408,live,fee_drift,exact_match,1,none,exact,0,0,INT-LIVE-000408,SET-LIVE-000408
LBL-LIVE-000409,live,fee_drift,processing_fee,1,processor_fee,amount_tolerance,3,0,INT-LIVE-000409,SET-LIVE-000409
LBL-LIVE-000410,live,fee_drift,processing_fee,1,processor_fee,amount_tolerance,3,0,INT-LIVE-000410,SET-LIVE-000410
LBL-LIVE-000411,live,fee_drift,exact_match,1,none,exact,0,0,INT-LIVE-000411,SET-LIVE-000411
LBL-LIVE-000412,live,fee_drift,exact_match,1,none,exact,0,0,INT-LIVE-000412,SET-LIVE-000412
LBL-LIVE-000413,live,fee_drift,exact_match,1,none,exact,0,0,INT-LIVE-000413,SET-LIVE-000413
LBL-LIVE-000414,live,fee_drift,settlement_delay,1,t_plus_delay,date_tolerance,0,2,INT-LIVE-000414,SET-LIVE-000414
LBL-LIVE-000415,live,fee_drift,exact_match,1,none,exact,0,0,INT-LIVE-000415,SET-LIVE-000415
LBL-LIVE-000416,live,fee_drift,exact_match,1,none,exact,0,0,INT-LIVE-000416,SET-LIVE-000416
LBL-LIVE-000417,live,fee_drift,exact_match,1,none,exact,0,0,INT-LIVE-000417,SET-LIVE-000417
LBL-LIVE-000418,live,fee_drift,exact_match,1,none,exact,0,0,INT-LIVE-000418,SET-LIVE-000418
LBL-LIVE-000419,live,fee_drift,processing_fee,1,processor_fee,amount_tolerance,3,0,INT-LIVE-000419,SET-LIVE-000419
LBL-LIVE-000420,live,fee_drift,processing_fee,1,processor_fee,amount_tolerance,3,0,INT-LIVE-000420,SET-LIVE-000420
LBL-LIVE-000421,live,fee_drift,processing_fee,1,processor_fee,amount_tolerance,3,0,INT-LIVE-000421,SET-LIVE-000421
LBL-LIVE-000422,live,fee_drift,exact_match,1,none,exact,0,0,INT-LIVE-000422,SET-LIVE-000422
LBL-LIVE-000423,live,fee_drift,processing_fee,1,processor_fee,amount_tolerance,3,0,INT-LIVE-000423,SET-LIVE-000423
LBL-LIVE-000424,live,fee_drift,exact_match,1,none,exact,0,0,INT-LIVE-000424,SET-LIVE-000424
LBL-LIVE-000425,live,fee_drift,settlement_delay,1,t_plus_delay,date_tolerance,0,1,INT-LIVE-000425,SET-LIVE-000425
LBL-LIVE-000426,live,fee_drift,processing_fee,1,processor_fee,amount_tolerance,3,0,INT-LIVE-000426,SET-LIVE-000426
LBL-LIVE-000427,live,fee_drift,reference_format,1,reference_normalization,reference_normalization,0,0,INT-LIVE-000427,SET-LIVE-000427
LBL-LIVE-000428,live,fee_drift,reference_format,1,reference_normalization,reference_normalization,0,0,INT-LIVE-000428,SET-LIVE-000428
LBL-LIVE-000429,live,fee_drift,processing_fee,1,processor_fee,amount_tolerance,3,0,INT-LIVE-000429,SET-LIVE-000429
LBL-LIVE-000430,live,fee_drift,processing_fee,1,processor_fee,amount_tolerance,3,0,INT-LIVE-000430,SET-LIVE-000430
LBL-LIVE-000431,live,fee_drift,exact_match,1,none,exact,0,0,INT-LIVE-000431,SET-LIVE-000431
LBL-LIVE-000432,live,fee_drift,exact_match,1,none,exact,0,0,INT-LIVE-000432,SET-LIVE-000432
LBL-LIVE-000433,live,fee_drift,processing_fee,1,processor_fee,amount_tolerance,3,0,INT-LIVE-000433,SET-LIVE-000433
LBL-LIVE-000434,live,fee_drift,processing_fee,1,processor_fee,amount_tolerance,3,0,INT-LIVE-000434,SET-LIVE-000434
LBL-LIVE-000435,live,fee_drift,settlement_delay,1,t_plus_delay,date_tolerance,0,2,INT-LIVE-000435,SET-LIVE-000435
LBL-LIVE-000436,live,fee_drift,exact_match,1,none,exact,0,0,INT-LIVE-000436,SET-LIVE-000436
LBL-LIVE-000437,live,fee_drift,exact_match,1,none,exact,0,0,INT-LIVE-000437,SET-LIVE-000437
LBL-LIVE-000438,live,fee_drift,processing_fee,1,processor_fee,amount_tolerance,3,0,INT-LIVE-000438,SET-LIVE-000438
LBL-LIVE-000439,live,fee_drift,exact_match,1,none,exact,0,0,INT-LIVE-000439,SET-LIVE-000439
LBL-LIVE-000440,live,fee_drift,processing_fee,1,processor_fee,amount_tolerance,3,0,INT-LIVE-000440,SET-LIVE-000440
LBL-LIVE-000441,live,fee_drift,exact_match,1,none,exact,0,0,INT-LIVE-000441,SET-LIVE-000441
LBL-LIVE-000442,live,fee_drift,exact_match,1,none,exact,0,0,INT-LIVE-000442,SET-LIVE-000442
LBL-LIVE-000443,live,fee_drift,processing_fee,1,processor_fee,amount_tolerance,3,0,INT-LIVE-000443,SET-LIVE-000443
LBL-LIVE-000444,live,fee_drift,true_amount_mismatch,0,true_amount_mismatch,do_not_match,0,0,INT-LIVE-000444,SET-LIVE-000444
LBL-LIVE-000445,live,fee_drift,exact_match,1,none,exact,0,0,INT-LIVE-000445,SET-LIVE-000445
LBL-LIVE-000446,live,fee_drift,currency_mismatch,0,currency_mismatch,do_not_match,0,0,INT-LIVE-000446,SET-LIVE-000446
LBL-LIVE-000447,live,fee_drift,exact_match,1,none,exact,0,0,INT-LIVE-000447,SET-LIVE-000447
LBL-LIVE-000448,live,fee_drift,true_amount_mismatch,0,true_amount_mismatch,do_not_match,0,0,INT-LIVE-000448,SET-LIVE-000448
LBL-LIVE-000449,live,fee_drift,currency_mismatch,0,currency_mismatch,do_not_match,0,0,INT-LIVE-000449,SET-LIVE-000449
LBL-LIVE-000450,live,fee_drift,rounding_difference,1,rounding,amount_tolerance,0,0,INT-LIVE-000450,SET-LIVE-000450
LBL-LIVE-000451,live,fee_drift,exact_match,1,none,exact,0,0,INT-LIVE-000451,SET-LIVE-000451
LBL-LIVE-000452,live,fee_drift,processing_fee,1,processor_fee,amount_tolerance,3,0,INT-LIVE-000452,SET-LIVE-000452
LBL-LIVE-000453,live,fee_drift,processing_fee,1,processor_fee,amount_tolerance,3,0,INT-LIVE-000453,SET-LIVE-000453
LBL-LIVE-000454,live,fee_drift,true_amount_mismatch,0,true_amount_mismatch,do_not_match,0,0,INT-LIVE-000454,SET-LIVE-000454
LBL-LIVE-000455,live,fee_drift,exact_match,1,none,exact,0,0,INT-LIVE-000455,SET-LIVE-000455
LBL-LIVE-000456,live,fee_drift,processing_fee,1,processor_fee,amount_tolerance,3,0,INT-LIVE-000456,SET-LIVE-000456
LBL-LIVE-000457,live,fee_drift,processing_fee,1,processor_fee,amount_tolerance,3,0,INT-LIVE-000457,SET-LIVE-000457
LBL-LIVE-000458,live,fee_drift,exact_match,1,none,exact,0,0,INT-LIVE-000458,SET-LIVE-000458
LBL-LIVE-000459,live,fee_drift,exact_match,1,none,exact,0,0,INT-LIVE-000459,SET-LIVE-000459
LBL-LIVE-000460,live,fee_drift,exact_match,1,none,exact,0,0,INT-LIVE-000460,SET-LIVE-000460
LBL-LIVE-000461,live,fee_drift,processing_fee,1,processor_fee,amount_tolerance,3,0,INT-LIVE-000461,SET-LIVE-000461
LBL-LIVE-000462,live,fee_drift,processing_fee,1,processor_fee,amount_tolerance,3,0,INT-LIVE-000462,SET-LIVE-000462
LBL-LIVE-000463,live,fee_drift,processing_fee,1,processor_fee,amount_tolerance,3,0,INT-LIVE-000463,SET-LIVE-000463
LBL-LIVE-000464,live,fee_drift,processing_fee,1,processor_fee,amount_tolerance,3,0,INT-LIVE-000464,SET-LIVE-000464
LBL-LIVE-000465,live,fee_drift,reference_format,1,reference_normalization,reference_normalization,0,0,INT-LIVE-000465,SET-LIVE-000465
LBL-LIVE-000466,live,fee_drift,processing_fee,1,processor_fee,amount_tolerance,3,0,INT-LIVE-000466,SET-LIVE-000466
LBL-LIVE-000467,live,fee_drift,processing_fee,1,processor_fee,amount_tolerance,3,0,INT-LIVE-000467,SET-LIVE-000467
LBL-LIVE-000468,live,fee_drift,exact_match,1,none,exact,0,0,INT-LIVE-000468,SET-LIVE-000468
LBL-LIVE-000469,live,fee_drift,exact_match,1,none,exact,0,0,INT-LIVE-000469,SET-LIVE-000469
LBL-LIVE-000470,live,fee_drift,exact_match,1,none,exact,0,0,INT-LIVE-000470,SET-LIVE-000470
LBL-LIVE-000471,live,fee_drift,exact_match,1,none,exact,0,0,INT-LIVE-000471,SET-LIVE-000471
LBL-LIVE-000472,live,fee_drift,exact_match,1,none,exact,0,0,INT-LIVE-000472,SET-LIVE-000472
LBL-LIVE-000473,live,fee_drift,exact_match,1,none,exact,0,0,INT-LIVE-000473,SET-LIVE-000473
LBL-LIVE-000474,live,fee_drift,exact_match,1,none,exact,0,0,INT-LIVE-000474,SET-LIVE-000474
LBL-LIVE-000475,live,fee_drift,exact_match,1,none,exact,0,0,INT-LIVE-000475,SET-LIVE-000475
LBL-LIVE-000476,live,fee_drift,exact_match,1,none,exact,0,0,INT-LIVE-000476,SET-LIVE-000476
LBL-LIVE-000477,live,fee_drift,exact_match,1,none,exact,0,0,INT-LIVE-000477,SET-LIVE-000477
LBL-LIVE-000478,live,fee_drift,processing_fee,1,processor_fee,amount_tolerance,3,0,INT-LIVE-000478,SET-LIVE-000478
LBL-LIVE-000479,live,fee_drift,exact_match,1,none,exact,0,0,INT-LIVE-000479,SET-LIVE-000479
LBL-LIVE-000480,live,fee_drift,processing_fee,1,processor_fee,amount_tolerance,3,0,INT-LIVE-000480,SET-LIVE-000480
LBL-LIVE-000481,live,fee_drift,processing_fee,1,processor_fee,amount_tolerance,3,0,INT-LIVE-000481,SET-LIVE-000481
LBL-LIVE-000482,live,fee_drift,exact_match,1,none,exact,0,0,INT-LIVE-000482,SET-LIVE-000482
LBL-LIVE-000483,live,fee_drift,exact_match,1,none,exact,0,0,INT-LIVE-000483,SET-LIVE-000483
LBL-LIVE-000484,live,fee_drift,processing_fee,1,processor_fee,amount_tolerance,3,0,INT-LIVE-000484,SET-LIVE-000484
LBL-LIVE-000485,live,fee_drift,exact_match,1,none,exact,0,0,INT-LIVE-000485,SET-LIVE-000485
LBL-LIVE-000486,live,fee_drift,exact_match,1,none,exact,0,0,INT-LIVE-000486,SET-LIVE-000486
LBL-LIVE-000487,live,fee_drift,processing_fee,1,processor_fee,amount_tolerance,3,0,INT-LIVE-000487,SET-LIVE-000487
LBL-LIVE-000488,live,fee_drift,exact_match,1,none,exact,0,0,INT-LIVE-000488,SET-LIVE-000488
LBL-LIVE-000489,live,fee_drift,exact_match,1,none,exact,0,0,INT-LIVE-000489,SET-LIVE-000489
LBL-LIVE-000490,live,fee_drift,exact_match,1,none,exact,0,0,INT-LIVE-000490,SET-LIVE-000490
LBL-LIVE-000491,live,fee_drift,exact_match,1,none,exact,0,0,INT-LIVE-000491,SET-LIVE-000491
LBL-LIVE-000492,live,fee_drift,exact_match,1,none,exact,0,0,INT-LIVE-000492,SET-LIVE-000492
LBL-LIVE-000493,live,fee_drift,exact_match,1,none,exact,0,0,INT-LIVE-000493,SET-LIVE-000493
LBL-LIVE-000494,live,fee_drift,exact_match,1,none,exact,0,0,INT-LIVE-000494,SET-LIVE-000494
LBL-LIVE-000495,live,fee_drift,exact_match,1,none,exact,0,0,INT-LIVE-000495,SET-LIVE-000495
LBL-LIVE-000496,live,fee_drift,true_amount_mismatch,0,true_amount_mismatch,do_not_match,0,0,INT-LIVE-000496,SET-LIVE-000496
LBL-LIVE-000497,live,fee_drift,processing_fee,1,processor_fee,amount_tolerance,3,0,INT-LIVE-000497,SET-LIVE-000497
LBL-LIVE-000498,live,fee_drift,processing_fee,1,processor_fee,amount_tolerance,3,0,INT-LIVE-000498,SET-LIVE-000498
LBL-LIVE-000499,live,fee_drift,rounding_difference,1,rounding,amount_tolerance,0,0,INT-LIVE-000499,SET-LIVE-000499
LBL-LIVE-000500,live,fee_drift,processing_fee,1,processor_fee,amount_tolerance,3,0,INT-LIVE-000500,SET-LIVE-000500
LBL-LIVE-000501,live,fee_drift,exact_match,1,none,exact,0,0,INT-LIVE-000501,SET-LIVE-000501
LBL-LIVE-000502,live,fee_drift,exact_match,1,none,exact,0,0,INT-LIVE-000502,SET-LIVE-000502
LBL-LIVE-000503,live,fee_drift,processing_fee,1,processor_fee,amount_tolerance,3,0,INT-LIVE-000503,SET-LIVE-000503
LBL-LIVE-000504,live,fee_drift,rounding_difference,1,rounding,amount_tolerance,0,0,INT-LIVE-000504,SET-LIVE-000504
LBL-LIVE-000505,live,fee_drift,exact_match,1,none,exact,0,0,INT-LIVE-000505,SET-LIVE-000505
LBL-LIVE-000506,live,fee_drift,rounding_difference,1,rounding,amount_tolerance,0,0,INT-LIVE-000506,SET-LIVE-000506
LBL-LIVE-000507,live,fee_drift,exact_match,1,none,exact,0,0,INT-LIVE-000507,SET-LIVE-000507
LBL-LIVE-000508,live,fee_drift,exact_match,1,none,exact,0,0,INT-LIVE-000508,SET-LIVE-000508
LBL-LIVE-000509,live,fee_drift,exact_match,1,none,exact,0,0,INT-LIVE-000509,SET-LIVE-000509
LBL-LIVE-000510,live,fee_drift,exact_match,1,none,exact,0,0,INT-LIVE-000510,SET-LIVE-000510
LBL-LIVE-000511,live,fee_drift,processing_fee,1,processor_fee,amount_tolerance,3,0,INT-LIVE-000511,SET-LIVE-000511
LBL-LIVE-000512,live,fee_drift,exact_match,1,none,exact,0,0,INT-LIVE-000512,SET-LIVE-000512
LBL-LIVE-000513,live,fee_drift,processing_fee,1,processor_fee,amount_tolerance,3,0,INT-LIVE-000513,SET-LIVE-000513
LBL-LIVE-000514,live,fee_drift,exact_match,1,none,exact,0,0,INT-LIVE-000514,SET-LIVE-000514
LBL-LIVE-000515,live,fee_drift,processing_fee,1,processor_fee,amount_tolerance,3,0,INT-LIVE-000515,SET-LIVE-000515
LBL-LIVE-000516,live,fee_drift,exact_match,1,none,exact,0,0,INT-LIVE-000516,SET-LIVE-000516
LBL-LIVE-000517,live,fee_drift,exact_match,1,none,exact,0,0,INT-LIVE-000517,SET-LIVE-000517
LBL-LIVE-000518,live,fee_drift,settlement_delay,1,t_plus_delay,date_tolerance,0,1,INT-LIVE-000518,SET-LIVE-000518
LBL-LIVE-000519,live,fee_drift,reference_format,1,reference_normalization,reference_normalization,0,0,INT-LIVE-000519,SET-LIVE-000519
LBL-LIVE-000520,live,fee_drift,exact_match,1,none,exact,0,0,INT-LIVE-000520,SET-LIVE-000520
LBL-LIVE-000521,live,fee_drift,exact_match,1,none,exact,0,0,INT-LIVE-000521,SET-LIVE-000521
LBL-LIVE-000522,live,fee_drift,exact_match,1,none,exact,0,0,INT-LIVE-000522,SET-LIVE-000522
LBL-LIVE-000523,live,fee_drift,exact_match,1,none,exact,0,0,INT-LIVE-000523,SET-LIVE-000523
LBL-LIVE-000524,live,fee_drift,exact_match,1,none,exact,0,0,INT-LIVE-000524,SET-LIVE-000524
LBL-LIVE-000525,live,fee_drift,processing_fee,1,processor_fee,amount_tolerance,3,0,INT-LIVE-000525,SET-LIVE-000525
LBL-LIVE-000526,live,fee_drift,exact_match,1,none,exact,0,0,INT-LIVE-000526,SET-LIVE-000526
LBL-LIVE-000527,live,fee_drift,processing_fee,1,processor_fee,amount_tolerance,3,0,INT-LIVE-000527,SET-LIVE-000527
LBL-LIVE-000528,live,fee_drift,processing_fee,1,processor_fee,amount_tolerance,3,0,INT-LIVE-000528,SET-LIVE-000528
LBL-LIVE-000529,live,fee_drift,exact_match,1,none,exact,0,0,INT-LIVE-000529,SET-LIVE-000529
LBL-LIVE-000530,live,fee_drift,exact_match,1,none,exact,0,0,INT-LIVE-000530,SET-LIVE-000530
LBL-LIVE-000531,live,fee_drift,exact_match,1,none,exact,0,0,INT-LIVE-000531,SET-LIVE-000531
LBL-LIVE-000532,live,fee_drift,processing_fee,1,processor_fee,amount_tolerance,3,0,INT-LIVE-000532,SET-LIVE-000532
LBL-LIVE-000533,live,fee_drift,exact_match,1,none,exact,0,0,INT-LIVE-000533,SET-LIVE-000533
LBL-LIVE-000534,live,fee_drift,exact_match,1,none,exact,0,0,INT-LIVE-000534,SET-LIVE-000534
LBL-LIVE-000535,live,fee_drift,processing_fee,1,processor_fee,amount_tolerance,3,0,INT-LIVE-000535,SET-LIVE-000535
LBL-LIVE-000536,live,fee_drift,processing_fee,1,processor_fee,amount_tolerance,3,0,INT-LIVE-000536,SET-LIVE-000536
LBL-LIVE-000537,live,fee_drift,processing_fee,1,processor_fee,amount_tolerance,3,0,INT-LIVE-000537,SET-LIVE-000537
LBL-LIVE-000538,live,fee_drift,processing_fee,1,processor_fee,amount_tolerance,3,0,INT-LIVE-000538,SET-LIVE-000538
LBL-LIVE-000539,live,fee_drift,exact_match,1,none,exact,0,0,INT-LIVE-000539,SET-LIVE-000539
LBL-LIVE-000540,live,fee_drift,processing_fee,1,processor_fee,amount_tolerance,3,0,INT-LIVE-000540,SET-LIVE-000540
LBL-LIVE-000541,live,fee_drift,settlement_delay,1,t_plus_delay,date_tolerance,0,2,INT-LIVE-000541,SET-LIVE-000541
LBL-LIVE-000542,live,fee_drift,exact_match,1,none,exact,0,0,INT-LIVE-000542,SET-LIVE-000542
LBL-LIVE-000543,live,fee_drift,exact_match,1,none,exact,0,0,INT-LIVE-000543,SET-LIVE-000543
LBL-LIVE-000544,live,fee_drift,settlement_delay,1,t_plus_delay,date_tolerance,0,1,INT-LIVE-000544,SET-LIVE-000544
LBL-LIVE-000545,live,fee_drift,reference_format,1,reference_normalization,reference_normalization,0,0,INT-LIVE-000545,SET-LIVE-000545
LBL-LIVE-000546,live,fee_drift,exact_match,1,none,exact,0,0,INT-LIVE-000546,SET-LIVE-000546
LBL-LIVE-000547,live,fee_drift,currency_mismatch,0,currency_mismatch,do_not_match,0,0,INT-LIVE-000547,SET-LIVE-000547
LBL-LIVE-000548,live,fee_drift,processing_fee,1,processor_fee,amount_tolerance,3,0,INT-LIVE-000548,SET-LIVE-000548
LBL-LIVE-000549,live,fee_drift,exact_match,1,none,exact,0,0,INT-LIVE-000549,SET-LIVE-000549
LBL-LIVE-000550,live,fee_drift,processing_fee,1,processor_fee,amount_tolerance,3,0,INT-LIVE-000550,SET-LIVE-000550
LBL-LIVE-000551,live,fee_drift,exact_match,1,none,exact,0,0,INT-LIVE-000551,SET-LIVE-000551
LBL-LIVE-000552,live,fee_drift,processing_fee,1,processor_fee,amount_tolerance,3,0,INT-LIVE-000552,SET-LIVE-000552
LBL-LIVE-000553,live,fee_drift,exact_match,1,none,exact,0,0,INT-LIVE-000553,SET-LIVE-000553
LBL-LIVE-000554,live,fee_drift,exact_match,1,none,exact,0,0,INT-LIVE-000554,SET-LIVE-000554
LBL-LIVE-000555,live,fee_drift,processing_fee,1,processor_fee,amount_tolerance,3,0,INT-LIVE-000555,SET-LIVE-000555
LBL-LIVE-000556,live,fee_drift,exact_match,1,none,exact,0,0,INT-LIVE-000556,SET-LIVE-000556
LBL-LIVE-000557,live,fee_drift,reference_format,1,reference_normalization,reference_normalization,0,0,INT-LIVE-000557,SET-LIVE-000557
LBL-LIVE-000558,live,fee_drift,processing_fee,1,processor_fee,amount_tolerance,3,0,INT-LIVE-000558,SET-LIVE-000558
LBL-LIVE-000559,live,fee_drift,settlement_delay,1,t_plus_delay,date_tolerance,0,1,INT-LIVE-000559,SET-LIVE-000559
LBL-LIVE-000560,live,fee_drift,exact_match,1,none,exact,0,0,INT-LIVE-000560,SET-LIVE-000560
LBL-LIVE-000561,live,fee_drift,processing_fee,1,processor_fee,amount_tolerance,3,0,INT-LIVE-000561,SET-LIVE-000561
LBL-LIVE-000562,live,fee_drift,processing_fee,1,processor_fee,amount_tolerance,3,0,INT-LIVE-000562,SET-LIVE-000562
LBL-LIVE-000563,live,fee_drift,exact_match,1,none,exact,0,0,INT-LIVE-000563,SET-LIVE-000563
LBL-LIVE-000564,live,fee_drift,exact_match,1,none,exact,0,0,INT-LIVE-000564,SET-LIVE-000564
LBL-LIVE-000565,live,fee_drift,processing_fee,1,processor_fee,amount_tolerance,3,0,INT-LIVE-000565,SET-LIVE-000565
LBL-LIVE-000566,live,fee_drift,processing_fee,1,processor_fee,amount_tolerance,3,0,INT-LIVE-000566,SET-LIVE-000566
LBL-LIVE-000567,live,fee_drift,exact_match,1,none,exact,0,0,INT-LIVE-000567,SET-LIVE-000567
LBL-LIVE-000568,live,fee_drift,processing_fee,1,processor_fee,amount_tolerance,3,0,INT-LIVE-000568,SET-LIVE-000568
LBL-LIVE-000569,live,fee_drift,reference_format,1,reference_normalization,reference_normalization,0,0,INT-LIVE-000569,SET-LIVE-000569
LBL-LIVE-000570,live,fee_drift,processing_fee,1,processor_fee,amount_tolerance,3,0,INT-LIVE-000570,SET-LIVE-000570
LBL-LIVE-000571,live,fee_drift,true_amount_mismatch,0,true_amount_mismatch,do_not_match,0,0,INT-LIVE-000571,SET-LIVE-000571
LBL-LIVE-000572,live,fee_drift,processing_fee,1,processor_fee,amount_tolerance,3,0,INT-LIVE-000572,SET-LIVE-000572
LBL-LIVE-000573,live,fee_drift,exact_match,1,none,exact,0,0,INT-LIVE-000573,SET-LIVE-000573
LBL-LIVE-000574,live,fee_drift,exact_match,1,none,exact,0,0,INT-LIVE-000574,SET-LIVE-000574
LBL-LIVE-000575,live,fee_drift,exact_match,1,none,exact,0,0,INT-LIVE-000575,SET-LIVE-000575
LBL-LIVE-000576,live,fee_drift,exact_match,1,none,exact,0,0,INT-LIVE-000576,SET-LIVE-000576
LBL-LIVE-000577,live,fee_drift,processing_fee,1,processor_fee,amount_tolerance,3,0,INT-LIVE-000577,SET-LIVE-000577
LBL-LIVE-000578,live,fee_drift,exact_match,1,none,exact,0,0,INT-LIVE-000578,SET-LIVE-000578
LBL-LIVE-000579,live,fee_drift,processing_fee,1,processor_fee,amount_tolerance,3,0,INT-LIVE-000579,SET-LIVE-000579
LBL-LIVE-000580,live,fee_drift,processing_fee,1,processor_fee,amount_tolerance,3,0,INT-LIVE-000580,SET-LIVE-000580
LBL-LIVE-000581,live,fee_drift,exact_match,1,none,exact,0,0,INT-LIVE-000581,SET-LIVE-000581
LBL-LIVE-000582,live,fee_drift,exact_match,1,none,exact,0,0,INT-LIVE-000582,SET-LIVE-000582
LBL-LIVE-000583,live,fee_drift,exact_match,1,none,exact,0,0,INT-LIVE-000583,SET-LIVE-000583
LBL-LIVE-000584,live,fee_drift,processing_fee,1,processor_fee,amount_tolerance,3,0,INT-LIVE-000584,SET-LIVE-000584
LBL-LIVE-000585,live,fee_drift,processing_fee,1,processor_fee,amount_tolerance,3,0,INT-LIVE-000585,SET-LIVE-000585
LBL-LIVE-000586,live,fee_drift,exact_match,1,none,exact,0,0,INT-LIVE-000586,SET-LIVE-000586
LBL-LIVE-000587,live,fee_drift,exact_match,1,none,exact,0,0,INT-LIVE-000587,SET-LIVE-000587
LBL-LIVE-000588,live,fee_drift,exact_match,1,none,exact,0,0,INT-LIVE-000588,SET-LIVE-000588
LBL-LIVE-000589,live,fee_drift,rounding_difference,1,rounding,amount_tolerance,0,0,INT-LIVE-000589,SET-LIVE-000589
LBL-LIVE-000590,live,fee_drift,exact_match,1,none,exact,0,0,INT-LIVE-000590,SET-LIVE-000590
LBL-LIVE-000591,live,fee_drift,processing_fee,1,processor_fee,amount_tolerance,3,0,INT-LIVE-000591,SET-LIVE-000591
LBL-LIVE-000592,live,fee_drift,settlement_delay,1,t_plus_delay,date_tolerance,0,1,INT-LIVE-000592,SET-LIVE-000592
LBL-LIVE-000593,live,fee_drift,processing_fee,1,processor_fee,amount_tolerance,3,0,INT-LIVE-000593,SET-LIVE-000593
LBL-LIVE-000594,live,fee_drift,rounding_difference,1,rounding,amount_tolerance,0,0,INT-LIVE-000594,SET-LIVE-000594
LBL-LIVE-000595,live,fee_drift,exact_match,1,none,exact,0,0,INT-LIVE-000595,SET-LIVE-000595
LBL-LIVE-000596,live,fee_drift,exact_match,1,none,exact,0,0,INT-LIVE-000596,SET-LIVE-000596
LBL-LIVE-000597,live,fee_drift,processing_fee,1,processor_fee,amount_tolerance,3,0,INT-LIVE-000597,SET-LIVE-000597
LBL-LIVE-000598,live,fee_drift,exact_match,1,none,exact,0,0,INT-LIVE-000598,SET-LIVE-000598
LBL-LIVE-000599,live,fee_drift,exact_match,1,none,exact,0,0,INT-LIVE-000599,SET-LIVE-000599
LBL-LIVE-000600,live,fee_drift,true_amount_mismatch,0,true_amount_mismatch,do_not_match,0,0,INT-LIVE-000600,SET-LIVE-000600
LBL-LIVE-000601,live,fee_drift,exact_match,1,none,exact,0,0,INT-LIVE-000601,SET-LIVE-000601
LBL-LIVE-000602,live,fee_drift,exact_match,1,none,exact,0,0,INT-LIVE-000602,SET-LIVE-000602
LBL-LIVE-000603,live,fee_drift,currency_mismatch,0,currency_mismatch,do_not_match,0,0,INT-LIVE-000603,SET-LIVE-000603
LBL-LIVE-000604,live,fee_drift,exact_match,1,none,exact,0,0,INT-LIVE-000604,SET-LIVE-000604
LBL-LIVE-000605,live,fee_drift,processing_fee,1,processor_fee,amount_tolerance,3,0,INT-LIVE-000605,SET-LIVE-000605
LBL-LIVE-000606,live,fee_drift,exact_match,1,none,exact,0,0,INT-LIVE-000606,SET-LIVE-000606
LBL-LIVE-000607,live,fee_drift,processing_fee,1,processor_fee,amount_tolerance,3,0,INT-LIVE-000607,SET-LIVE-000607
LBL-LIVE-000608,live,fee_drift,exact_match,1,none,exact,0,0,INT-LIVE-000608,SET-LIVE-000608
LBL-LIVE-000609,live,fee_drift,processing_fee,1,processor_fee,amount_tolerance,3,0,INT-LIVE-000609,SET-LIVE-000609
LBL-LIVE-000610,live,fee_drift,exact_match,1,none,exact,0,0,INT-LIVE-000610,SET-LIVE-000610
LBL-LIVE-000611,live,fee_drift,processing_fee,1,processor_fee,amount_tolerance,3,0,INT-LIVE-000611,SET-LIVE-000611
LBL-LIVE-000612,live,fee_drift,exact_match,1,none,exact,0,0,INT-LIVE-000612,SET-LIVE-000612
LBL-LIVE-000613,live,fee_drift,processing_fee,1,processor_fee,amount_tolerance,3,0,INT-LIVE-000613,SET-LIVE-000613
LBL-LIVE-000614,live,fee_drift,processing_fee,1,processor_fee,amount_tolerance,3,0,INT-LIVE-000614,SET-LIVE-000614
LBL-LIVE-000615,live,fee_drift,exact_match,1,none,exact,0,0,INT-LIVE-000615,SET-LIVE-000615
LBL-LIVE-000616,live,fee_drift,exact_match,1,none,exact,0,0,INT-LIVE-000616,SET-LIVE-000616
LBL-LIVE-000617,live,fee_drift,exact_match,1,none,exact,0,0,INT-LIVE-000617,SET-LIVE-000617
LBL-LIVE-000618,live,fee_drift,exact_match,1,none,exact,0,0,INT-LIVE-000618,SET-LIVE-000618
LBL-LIVE-000619,live,fee_drift,exact_match,1,none,exact,0,0,INT-LIVE-000619,SET-LIVE-000619
LBL-LIVE-000620,live,fee_drift,exact_match,1,none,exact,0,0,INT-LIVE-000620,SET-LIVE-000620
LBL-LIVE-000621,live,fee_drift,exact_match,1,none,exact,0,0,INT-LIVE-000621,SET-LIVE-000621
LBL-LIVE-000622,live,fee_drift,processing_fee,1,processor_fee,amount_tolerance,3,0,INT-LIVE-000622,SET-LIVE-000622
LBL-LIVE-000623,live,fee_drift,exact_match,1,none,exact,0,0,INT-LIVE-000623,SET-LIVE-000623
LBL-LIVE-000624,live,fee_drift,processing_fee,1,processor_fee,amount_tolerance,3,0,INT-LIVE-000624,SET-LIVE-000624
LBL-LIVE-000625,live,fee_drift,exact_match,1,none,exact,0,0,INT-LIVE-000625,SET-LIVE-000625
LBL-LIVE-000626,live,fee_drift,true_amount_mismatch,0,true_amount_mismatch,do_not_match,0,0,INT-LIVE-000626,SET-LIVE-000626
LBL-LIVE-000627,live,fee_drift,settlement_delay,1,t_plus_delay,date_tolerance,0,1,INT-LIVE-000627,SET-LIVE-000627
LBL-LIVE-000628,live,fee_drift,processing_fee,1,processor_fee,amount_tolerance,3,0,INT-LIVE-000628,SET-LIVE-000628
LBL-LIVE-000629,live,fee_drift,processing_fee,1,processor_fee,amount_tolerance,3,0,INT-LIVE-000629,SET-LIVE-000629
LBL-LIVE-000630,live,fee_drift,exact_match,1,none,exact,0,0,INT-LIVE-000630,SET-LIVE-000630
LBL-LIVE-000631,live,fee_drift,currency_mismatch,0,currency_mismatch,do_not_match,0,0,INT-LIVE-000631,SET-LIVE-000631
LBL-LIVE-000632,live,fee_drift,processing_fee,1,processor_fee,amount_tolerance,3,0,INT-LIVE-000632,SET-LIVE-000632
LBL-LIVE-000633,live,fee_drift,exact_match,1,none,exact,0,0,INT-LIVE-000633,SET-LIVE-000633
LBL-LIVE-000634,live,fee_drift,exact_match,1,none,exact,0,0,INT-LIVE-000634,SET-LIVE-000634
LBL-LIVE-000635,live,fee_drift,processing_fee,1,processor_fee,amount_tolerance,3,0,INT-LIVE-000635,SET-LIVE-000635
LBL-LIVE-000636,live,fee_drift,exact_match,1,none,exact,0,0,INT-LIVE-000636,SET-LIVE-000636
LBL-LIVE-000637,live,fee_drift,exact_match,1,none,exact,0,0,INT-LIVE-000637,SET-LIVE-000637
LBL-LIVE-000638,live,fee_drift,processing_fee,1,processor_fee,amount_tolerance,3,0,INT-LIVE-000638,SET-LIVE-000638
LBL-LIVE-000639,live,fee_drift,settlement_delay,1,t_plus_delay,date_tolerance,0,1,INT-LIVE-000639,SET-LIVE-000639
LBL-LIVE-000640,live,fee_drift,exact_match,1,none,exact,0,0,INT-LIVE-000640,SET-LIVE-000640
LBL-LIVE-000641,live,fee_drift,processing_fee,1,processor_fee,amount_tolerance,3,0,INT-LIVE-000641,SET-LIVE-000641
LBL-LIVE-000642,live,fee_drift,processing_fee,1,processor_fee,amount_tolerance,3,0,INT-LIVE-000642,SET-LIVE-000642
LBL-LIVE-000643,live,fee_drift,processing_fee,1,processor_fee,amount_tolerance,3,0,INT-LIVE-000643,SET-LIVE-000643
LBL-LIVE-000644,live,fee_drift,exact_match,1,none,exact,0,0,INT-LIVE-000644,SET-LIVE-000644
LBL-LIVE-000645,live,fee_drift,true_amount_mismatch,0,true_amount_mismatch,do_not_match,0,0,INT-LIVE-000645,SET-LIVE-000645
LBL-LIVE-000646,live,fee_drift,exact_match,1,none,exact,0,0,INT-LIVE-000646,SET-LIVE-000646
LBL-LIVE-000647,live,fee_drift,exact_match,1,none,exact,0,0,INT-LIVE-000647,SET-LIVE-000647
LBL-LIVE-000648,live,fee_drift,settlement_delay,1,t_plus_delay,date_tolerance,0,1,INT-LIVE-000648,SET-LIVE-000648
LBL-LIVE-000649,live,fee_drift,exact_match,1,none,exact,0,0,INT-LIVE-000649,SET-LIVE-000649
LBL-LIVE-000650,live,fee_drift,exact_match,1,none,exact,0,0,INT-LIVE-000650,SET-LIVE-000650
LBL-LIVE-000651,live,fee_drift,exact_match,1,none,exact,0,0,INT-LIVE-000651,SET-LIVE-000651
LBL-LIVE-000652,live,fee_drift,exact_match,1,none,exact,0,0,INT-LIVE-000652,SET-LIVE-000652
LBL-LIVE-000653,live,fee_drift,exact_match,1,none,exact,0,0,INT-LIVE-000653,SET-LIVE-000653
LBL-LIVE-000654,live,fee_drift,processing_fee,1,processor_fee,amount_tolerance,3,0,INT-LIVE-000654,SET-LIVE-000654
LBL-LIVE-000655,live,fee_drift,exact_match,1,none,exact,0,0,INT-LIVE-000655,SET-LIVE-000655
LBL-LIVE-000656,live,fee_drift,exact_match,1,none,exact,0,0,INT-LIVE-000656,SET-LIVE-000656
LBL-LIVE-000657,live,fee_drift,processing_fee,1,processor_fee,amount_tolerance,3,0,INT-LIVE-000657,SET-LIVE-000657
LBL-LIVE-000658,live,fee_drift,exact_match,1,none,exact,0,0,INT-LIVE-000658,SET-LIVE-000658
LBL-LIVE-000659,live,fee_drift,processing_fee,1,processor_fee,amount_tolerance,3,0,INT-LIVE-000659,SET-LIVE-000659
LBL-LIVE-000660,live,fee_drift,settlement_delay,1,t_plus_delay,date_tolerance,0,2,INT-LIVE-000660,SET-LIVE-000660
LBL-LIVE-000661,live,fee_drift,processing_fee,1,processor_fee,amount_tolerance,3,0,INT-LIVE-000661,SET-LIVE-000661
LBL-LIVE-000662,live,fee_drift,exact_match,1,none,exact,0,0,INT-LIVE-000662,SET-LIVE-000662
LBL-LIVE-000663,live,fee_drift,exact_match,1,none,exact,0,0,INT-LIVE-000663,SET-LIVE-000663
LBL-LIVE-000664,live,fee_drift,exact_match,1,none,exact,0,0,INT-LIVE-000664,SET-LIVE-000664
LBL-LIVE-000665,live,fee_drift,reference_format,1,reference_normalization,reference_normalization,0,0,INT-LIVE-000665,SET-LIVE-000665
LBL-LIVE-000666,live,fee_drift,exact_match,1,none,exact,0,0,INT-LIVE-000666,SET-LIVE-000666
LBL-LIVE-000667,live,fee_drift,exact_match,1,none,exact,0,0,INT-LIVE-000667,SET-LIVE-000667
LBL-LIVE-000668,live,fee_drift,exact_match,1,none,exact,0,0,INT-LIVE-000668,SET-LIVE-000668
LBL-LIVE-000669,live,fee_drift,processing_fee,1,processor_fee,amount_tolerance,3,0,INT-LIVE-000669,SET-LIVE-000669
LBL-LIVE-000670,live,fee_drift,exact_match,1,none,exact,0,0,INT-LIVE-000670,SET-LIVE-000670
LBL-LIVE-000671,live,fee_drift,processing_fee,1,processor_fee,amount_tolerance,3,0,INT-LIVE-000671,SET-LIVE-000671
LBL-LIVE-000672,live,fee_drift,exact_match,1,none,exact,0,0,INT-LIVE-000672,SET-LIVE-000672
LBL-LIVE-000673,live,fee_drift,processing_fee,1,processor_fee,amount_tolerance,3,0,INT-LIVE-000673,SET-LIVE-000673
LBL-LIVE-000674,live,fee_drift,exact_match,1,none,exact,0,0,INT-LIVE-000674,SET-LIVE-000674
LBL-LIVE-000675,live,fee_drift,exact_match,1,none,exact,0,0,INT-LIVE-000675,SET-LIVE-000675
LBL-LIVE-000676,live,fee_drift,processing_fee,1,processor_fee,amount_tolerance,3,0,INT-LIVE-000676,SET-LIVE-000676
LBL-LIVE-000677,live,fee_drift,exact_match,1,none,exact,0,0,INT-LIVE-000677,SET-LIVE-000677
LBL-LIVE-000678,live,fee_drift,exact_match,1,none,exact,0,0,INT-LIVE-000678,SET-LIVE-000678
LBL-LIVE-000679,live,fee_drift,exact_match,1,none,exact,0,0,INT-LIVE-000679,SET-LIVE-000679
LBL-LIVE-000680,live,fee_drift,processing_fee,1,processor_fee,amount_tolerance,3,0,INT-LIVE-000680,SET-LIVE-000680
LBL-LIVE-000681,live,fee_drift,exact_match,1,none,exact,0,0,INT-LIVE-000681,SET-LIVE-000681
LBL-LIVE-000682,live,fee_drift,exact_match,1,none,exact,0,0,INT-LIVE-000682,SET-LIVE-000682
LBL-LIVE-000683,live,fee_drift,exact_match,1,none,exact,0,0,INT-LIVE-000683,SET-LIVE-000683
LBL-LIVE-000684,live,fee_drift,processing_fee,1,processor_fee,amount_tolerance,3,0,INT-LIVE-000684,SET-LIVE-000684
LBL-LIVE-000685,live,fee_drift,processing_fee,1,processor_fee,amount_tolerance,3,0,INT-LIVE-000685,SET-LIVE-000685
LBL-LIVE-000686,live,fee_drift,exact_match,1,none,exact,0,0,INT-LIVE-000686,SET-LIVE-000686
LBL-LIVE-000687,live,fee_drift,exact_match,1,none,exact,0,0,INT-LIVE-000687,SET-LIVE-000687
LBL-LIVE-000688,live,fee_drift,processing_fee,1,processor_fee,amount_tolerance,3,0,INT-LIVE-000688,SET-LIVE-000688
LBL-LIVE-000689,live,fee_drift,processing_fee,1,processor_fee,amount_tolerance,3,0,INT-LIVE-000689,SET-LIVE-000689
LBL-LIVE-000690,live,fee_drift,processing_fee,1,processor_fee,amount_tolerance,3,0,INT-LIVE-000690,SET-LIVE-000690
LBL-LIVE-000691,live,fee_drift,true_amount_mismatch,0,true_amount_mismatch,do_not_match,0,0,INT-LIVE-000691,SET-LIVE-000691
LBL-LIVE-000692,live,fee_drift,exact_match,1,none,exact,0,0,INT-LIVE-000692,SET-LIVE-000692
LBL-LIVE-000693,live,fee_drift,exact_match,1,none,exact,0,0,INT-LIVE-000693,SET-LIVE-000693
LBL-LIVE-000694,live,fee_drift,exact_match,1,none,exact,0,0,INT-LIVE-000694,SET-LIVE-000694
LBL-LIVE-000695,live,fee_drift,exact_match,1,none,exact,0,0,INT-LIVE-000695,SET-LIVE-000695
LBL-LIVE-000696,live,fee_drift,true_amount_mismatch,0,true_amount_mismatch,do_not_match,0,0,INT-LIVE-000696,SET-LIVE-000696
LBL-LIVE-000697,live,fee_drift,true_amount_mismatch,0,true_amount_mismatch,do_not_match,0,0,INT-LIVE-000697,SET-LIVE-000697
LBL-LIVE-000698,live,fee_drift,processing_fee,1,processor_fee,amount_tolerance,3,0,INT-LIVE-000698,SET-LIVE-000698
LBL-LIVE-000699,live,fee_drift,exact_match,1,none,exact,0,0,INT-LIVE-000699,SET-LIVE-000699
LBL-LIVE-000700,live,fee_drift,reference_format,1,reference_normalization,reference_normalization,0,0,INT-LIVE-000700,SET-LIVE-000700
LBL-LIVE-000701,live,fee_drift,processing_fee,1,processor_fee,amount_tolerance,3,0,INT-LIVE-000701,SET-LIVE-000701
LBL-LIVE-000702,live,fee_drift,true_amount_mismatch,0,true_amount_mismatch,do_not_match,0,0,INT-LIVE-000702,SET-LIVE-000702
LBL-LIVE-000703,live,fee_drift,exact_match,1,none,exact,0,0,INT-LIVE-000703,SET-LIVE-000703
LBL-LIVE-000704,live,fee_drift,exact_match,1,none,exact,0,0,INT-LIVE-000704,SET-LIVE-000704
LBL-LIVE-000705,live,fee_drift,processing_fee,1,processor_fee,amount_tolerance,3,0,INT-LIVE-000705,SET-LIVE-000705
LBL-LIVE-000706,live,fee_drift,processing_fee,1,processor_fee,amount_tolerance,3,0,INT-LIVE-000706,SET-LIVE-000706
LBL-LIVE-000707,live,fee_drift,exact_match,1,none,exact,0,0,INT-LIVE-000707,SET-LIVE-000707
LBL-LIVE-000708,live,fee_drift,processing_fee,1,processor_fee,amount_tolerance,3,0,INT-LIVE-000708,SET-LIVE-000708
LBL-LIVE-000709,live,fee_drift,processing_fee,1,processor_fee,amount_tolerance,3,0,INT-LIVE-000709,SET-LIVE-000709
LBL-LIVE-000710,live,fee_drift,processing_fee,1,processor_fee,amount_tolerance,3,0,INT-LIVE-000710,SET-LIVE-000710
LBL-LIVE-000711,live,fee_drift,processing_fee,1,processor_fee,amount_tolerance,3,0,INT-LIVE-000711,SET-LIVE-000711
LBL-LIVE-000712,live,fee_drift,exact_match,1,none,exact,0,0,INT-LIVE-000712,SET-LIVE-000712
LBL-LIVE-000713,live,fee_drift,processing_fee,1,processor_fee,amount_tolerance,3,0,INT-LIVE-000713,SET-LIVE-000713
LBL-LIVE-000714,live,fee_drift,processing_fee,1,processor_fee,amount_tolerance,3,0,INT-LIVE-000714,SET-LIVE-000714
LBL-LIVE-000715,live,fee_drift,exact_match,1,none,exact,0,0,INT-LIVE-000715,SET-LIVE-000715
LBL-LIVE-000716,live,fee_drift,reference_format,1,reference_normalization,reference_normalization,0,0,INT-LIVE-000716,SET-LIVE-000716
LBL-LIVE-000717,live,fee_drift,processing_fee,1,processor_fee,amount_tolerance,3,0,INT-LIVE-000717,SET-LIVE-000717
LBL-LIVE-000718,live,fee_drift,processing_fee,1,processor_fee,amount_tolerance,3,0,INT-LIVE-000718,SET-LIVE-000718
LBL-LIVE-000719,live,fee_drift,exact_match,1,none,exact,0,0,INT-LIVE-000719,SET-LIVE-000719
LBL-LIVE-000720,live,fee_drift,exact_match,1,none,exact,0,0,INT-LIVE-000720,SET-LIVE-000720
LBL-LIVE-000721,live,fee_drift,processing_fee,1,processor_fee,amount_tolerance,3,0,INT-LIVE-000721,SET-LIVE-000721
LBL-LIVE-000722,live,fee_drift,processing_fee,1,processor_fee,amount_tolerance,3,0,INT-LIVE-000722,SET-LIVE-000722
LBL-LIVE-000723,live,fee_drift,exact_match,1,none,exact,0,0,INT-LIVE-000723,SET-LIVE-000723
LBL-LIVE-000724,live,fee_drift,exact_match,1,none,exact,0,0,INT-LIVE-000724,SET-LIVE-000724
LBL-LIVE-000725,live,fee_drift,rounding_difference,1,rounding,amount_tolerance,0,0,INT-LIVE-000725,SET-LIVE-000725
LBL-LIVE-000726,live,fee_drift,processing_fee,1,processor_fee,amount_tolerance,3,0,INT-LIVE-000726,SET-LIVE-000726
LBL-LIVE-000727,live,fee_drift,processing_fee,1,processor_fee,amount_tolerance,3,0,INT-LIVE-000727,SET-LIVE-000727
LBL-LIVE-000728,live,fee_drift,processing_fee,1,processor_fee,amount_tolerance,3,0,INT-LIVE-000728,SET-LIVE-000728
LBL-LIVE-000729,live,fee_drift,processing_fee,1,processor_fee,amount_tolerance,3,0,INT-LIVE-000729,SET-LIVE-000729
LBL-LIVE-000730,live,fee_drift,processing_fee,1,processor_fee,amount_tolerance,3,0,INT-LIVE-000730,SET-LIVE-000730
LBL-LIVE-000731,live,fee_drift,exact_match,1,none,exact,0,0,INT-LIVE-000731,SET-LIVE-000731
LBL-LIVE-000732,live,fee_drift,exact_match,1,none,exact,0,0,INT-LIVE-000732,SET-LIVE-000732
LBL-LIVE-000733,live,fee_drift,exact_match,1,none,exact,0,0,INT-LIVE-000733,SET-LIVE-000733
LBL-LIVE-000734,live,fee_drift,processing_fee,1,processor_fee,amount_tolerance,3,0,INT-LIVE-000734,SET-LIVE-000734
LBL-LIVE-000735,live,fee_drift,exact_match,1,none,exact,0,0,INT-LIVE-000735,SET-LIVE-000735
LBL-LIVE-000736,live,fee_drift,processing_fee,1,processor_fee,amount_tolerance,3,0,INT-LIVE-000736,SET-LIVE-000736
LBL-LIVE-000737,live,fee_drift,processing_fee,1,processor_fee,amount_tolerance,3,0,INT-LIVE-000737,SET-LIVE-000737
LBL-LIVE-000738,live,fee_drift,exact_match,1,none,exact,0,0,INT-LIVE-000738,SET-LIVE-000738
LBL-LIVE-000739,live,fee_drift,exact_match,1,none,exact,0,0,INT-LIVE-000739,SET-LIVE-000739
LBL-LIVE-000740,live,fee_drift,exact_match,1,none,exact,0,0,INT-LIVE-000740,SET-LIVE-000740
LBL-LIVE-000741,live,fee_drift,exact_match,1,none,exact,0,0,INT-LIVE-000741,SET-LIVE-000741
LBL-LIVE-000742,live,fee_drift,processing_fee,1,processor_fee,amount_tolerance,3,0,INT-LIVE-000742,SET-LIVE-000742
LBL-LIVE-000743,live,fee_drift,exact_match,1,none,exact,0,0,INT-LIVE-000743,SET-LIVE-000743
LBL-LIVE-000744,live,fee_drift,exact_match,1,none,exact,0,0,INT-LIVE-000744,SET-LIVE-000744
LBL-LIVE-000745,live,fee_drift,processing_fee,1,processor_fee,amount_tolerance,3,0,INT-LIVE-000745,SET-LIVE-000745
LBL-LIVE-000746,live,fee_drift,exact_match,1,none,exact,0,0,INT-LIVE-000746,SET-LIVE-000746
LBL-LIVE-000747,live,fee_drift,processing_fee,1,processor_fee,amount_tolerance,3,0,INT-LIVE-000747,SET-LIVE-000747
LBL-LIVE-000748,live,fee_drift,processing_fee,1,processor_fee,amount_tolerance,3,0,INT-LIVE-000748,SET-LIVE-000748
LBL-LIVE-000749,live,fee_drift,processing_fee,1,processor_fee,amount_tolerance,3,0,INT-LIVE-000749,SET-LIVE-000749
LBL-LIVE-000750,live,fee_drift,true_amount_mismatch,0,true_amount_mismatch,do_not_match,0,0,INT-LIVE-000750,SET-LIVE-000750
LBL-LIVE-000751,live,fee_drift,processing_fee,1,processor_fee,amount_tolerance,3,0,INT-LIVE-000751,SET-LIVE-000751
LBL-LIVE-000752,live,fee_drift,processing_fee,1,processor_fee,amount_tolerance,3,0,INT-LIVE-000752,SET-LIVE-000752
LBL-LIVE-000753,live,fee_drift,processing_fee,1,processor_fee,amount_tolerance,3,0,INT-LIVE-000753,SET-LIVE-000753
LBL-LIVE-000754,live,fee_drift,processing_fee,1,processor_fee,amount_tolerance,3,0,INT-LIVE-000754,SET-LIVE-000754
LBL-LIVE-000755,live,fee_drift,rounding_difference,1,rounding,amount_tolerance,0,0,INT-LIVE-000755,SET-LIVE-000755
LBL-LIVE-000756,live,fee_drift,exact_match,1,none,exact,0,0,INT-LIVE-000756,SET-LIVE-000756
LBL-LIVE-000757,live,fee_drift,exact_match,1,none,exact,0,0,INT-LIVE-000757,SET-LIVE-000757
LBL-LIVE-000758,live,fee_drift,processing_fee,1,processor_fee,amount_tolerance,3,0,INT-LIVE-000758,SET-LIVE-000758
LBL-LIVE-000759,live,fee_drift,true_amount_mismatch,0,true_amount_mismatch,do_not_match,0,0,INT-LIVE-000759,SET-LIVE-000759
LBL-LIVE-000760,live,fee_drift,exact_match,1,none,exact,0,0,INT-LIVE-000760,SET-LIVE-000760
LBL-LIVE-000761,live,fee_drift,exact_match,1,none,exact,0,0,INT-LIVE-000761,SET-LIVE-000761
LBL-LIVE-000762,live,fee_drift,exact_match,1,none,exact,0,0,INT-LIVE-000762,SET-LIVE-000762
LBL-LIVE-000763,live,fee_drift,exact_match,1,none,exact,0,0,INT-LIVE-000763,SET-LIVE-000763
LBL-LIVE-000764,live,fee_drift,processing_fee,1,processor_fee,amount_tolerance,3,0,INT-LIVE-000764,SET-LIVE-000764
LBL-LIVE-000765,live,fee_drift,exact_match,1,none,exact,0,0,INT-LIVE-000765,SET-LIVE-000765
LBL-LIVE-000766,live,fee_drift,processing_fee,1,processor_fee,amount_tolerance,3,0,INT-LIVE-000766,SET-LIVE-000766
LBL-LIVE-000767,live,fee_drift,processing_fee,1,processor_fee,amount_tolerance,3,0,INT-LIVE-000767,SET-LIVE-000767
LBL-LIVE-000768,live,fee_drift,exact_match,1,none,exact,0,0,INT-LIVE-000768,SET-LIVE-000768
LBL-LIVE-000769,live,fee_drift,exact_match,1,none,exact,0,0,INT-LIVE-000769,SET-LIVE-000769
LBL-LIVE-000770,live,fee_drift,processing_fee,1,processor_fee,amount_tolerance,3,0,INT-LIVE-000770,SET-LIVE-000770
LBL-LIVE-000771,live,fee_drift,currency_mismatch,0,currency_mismatch,do_not_match,0,0,INT-LIVE-000771,SET-LIVE-000771
LBL-LIVE-000772,live,fee_drift,exact_match,1,none,exact,0,0,INT-LIVE-000772,SET-LIVE-000772
LBL-LIVE-000773,live,fee_drift,processing_fee,1,processor_fee,amount_tolerance,3,0,INT-LIVE-000773,SET-LIVE-000773
LBL-LIVE-000774,live,fee_drift,processing_fee,1,processor_fee,amount_tolerance,3,0,INT-LIVE-000774,SET-LIVE-000774
LBL-LIVE-000775,live,fee_drift,exact_match,1,none,exact,0,0,INT-LIVE-000775,SET-LIVE-000775
LBL-LIVE-000776,live,fee_drift,exact_match,1,none,exact,0,0,INT-LIVE-000776,SET-LIVE-000776
LBL-LIVE-000777,live,fee_drift,rounding_difference,1,rounding,amount_tolerance,0,0,INT-LIVE-000777,SET-LIVE-000777
LBL-LIVE-000778,live,fee_drift,exact_match,1,none,exact,0,0,INT-LIVE-000778,SET-LIVE-000778
LBL-LIVE-000779,live,fee_drift,processing_fee,1,processor_fee,amount_tolerance,3,0,INT-LIVE-000779,SET-LIVE-000779
LBL-LIVE-000780,live,fee_drift,true_amount_mismatch,0,true_amount_mismatch,do_not_match,0,0,INT-LIVE-000780,SET-LIVE-000780
LBL-LIVE-000781,live,fee_drift,exact_match,1,none,exact,0,0,INT-LIVE-000781,SET-LIVE-000781
LBL-LIVE-000782,live,fee_drift,processing_fee,1,processor_fee,amount_tolerance,3,0,INT-LIVE-000782,SET-LIVE-000782
LBL-LIVE-000783,live,fee_drift,processing_fee,1,processor_fee,amount_tolerance,3,0,INT-LIVE-000783,SET-LIVE-000783
LBL-LIVE-000784,live,fee_drift,processing_fee,1,processor_fee,amount_tolerance,3,0,INT-LIVE-000784,SET-LIVE-000784
LBL-LIVE-000785,live,fee_drift,processing_fee,1,processor_fee,amount_tolerance,3,0,INT-LIVE-000785,SET-LIVE-000785
LBL-LIVE-000786,live,fee_drift,processing_fee,1,processor_fee,amount_tolerance,3,0,INT-LIVE-000786,SET-LIVE-000786
LBL-LIVE-000787,live,fee_drift,settlement_delay,1,t_plus_delay,date_tolerance,0,1,INT-LIVE-000787,SET-LIVE-000787
LBL-LIVE-000788,live,fee_drift,exact_match,1,none,exact,0,0,INT-LIVE-000788,SET-LIVE-000788
LBL-LIVE-000789,live,fee_drift,rounding_difference,1,rounding,amount_tolerance,0,0,INT-LIVE-000789,SET-LIVE-000789
LBL-LIVE-000790,live,fee_drift,processing_fee,1,processor_fee,amount_tolerance,3,0,INT-LIVE-000790,SET-LIVE-000790
LBL-LIVE-000791,live,fee_drift,exact_match,1,none,exact,0,0,INT-LIVE-000791,SET-LIVE-000791
LBL-LIVE-000792,live,fee_drift,exact_match,1,none,exact,0,0,INT-LIVE-000792,SET-LIVE-000792
LBL-LIVE-000793,live,fee_drift,exact_match,1,none,exact,0,0,INT-LIVE-000793,SET-LIVE-000793
LBL-LIVE-000794,live,fee_drift,settlement_delay,1,t_plus_delay,date_tolerance,0,1,INT-LIVE-000794,SET-LIVE-000794
LBL-LIVE-000795,live,fee_drift,exact_match,1,none,exact,0,0,INT-LIVE-000795,SET-LIVE-000795
LBL-LIVE-000796,live,fee_drift,exact_match,1,none,exact,0,0,INT-LIVE-000796,SET-LIVE-000796
LBL-LIVE-000797,live,fee_drift,processing_fee,1,processor_fee,amount_tolerance,3,0,INT-LIVE-000797,SET-LIVE-000797
LBL-LIVE-000798,live,fee_drift,processing_fee,1,processor_fee,amount_tolerance,3,0,INT-LIVE-000798,SET-LIVE-000798
LBL-LIVE-000799,live,fee_drift,exact_match,1,none,exact,0,0,INT-LIVE-000799,SET-LIVE-000799
LBL-LIVE-000800,live,fee_drift,processing_fee,1,processor_fee,amount_tolerance,3,0,INT-LIVE-000800,SET-LIVE-000800
LBL-LIVE-000801,live,fee_drift,rounding_difference,1,rounding,amount_tolerance,0,0,INT-LIVE-000801,SET-LIVE-000801
LBL-LIVE-000802,live,fee_drift,processing_fee,1,processor_fee,amount_tolerance,3,0,INT-LIVE-000802,SET-LIVE-000802
LBL-LIVE-000803,live,fee_drift,processing_fee,1,processor_fee,amount_tolerance,3,0,INT-LIVE-000803,SET-LIVE-000803
LBL-LIVE-000804,live,fee_drift,exact_match,1,none,exact,0,0,INT-LIVE-000804,SET-LIVE-000804
LBL-LIVE-000805,live,fee_drift,processing_fee,1,processor_fee,amount_tolerance,3,0,INT-LIVE-000805,SET-LIVE-000805
LBL-LIVE-000806,live,fee_drift,rounding_difference,1,rounding,amount_tolerance,0,0,INT-LIVE-000806,SET-LIVE-000806
LBL-LIVE-000807,live,fee_drift,true_amount_mismatch,0,true_amount_mismatch,do_not_match,0,0,INT-LIVE-000807,SET-LIVE-000807
LBL-LIVE-000808,live,fee_drift,true_amount_mismatch,0,true_amount_mismatch,do_not_match,0,0,INT-LIVE-000808,SET-LIVE-000808
LBL-LIVE-000809,live,fee_drift,reference_format,1,reference_normalization,reference_normalization,0,0,INT-LIVE-000809,SET-LIVE-000809
LBL-LIVE-000810,live,fee_drift,processing_fee,1,processor_fee,amount_tolerance,3,0,INT-LIVE-000810,SET-LIVE-000810
LBL-LIVE-000811,live,fee_drift,settlement_delay,1,t_plus_delay,date_tolerance,0,1,INT-LIVE-000811,SET-LIVE-000811
LBL-LIVE-000812,live,fee_drift,processing_fee,1,processor_fee,amount_tolerance,3,0,INT-LIVE-000812,SET-LIVE-000812
LBL-LIVE-000813,live,fee_drift,exact_match,1,none,exact,0,0,INT-LIVE-000813,SET-LIVE-000813
LBL-LIVE-000814,live,fee_drift,exact_match,1,none,exact,0,0,INT-LIVE-000814,SET-LIVE-000814
LBL-LIVE-000815,live,fee_drift,exact_match,1,none,exact,0,0,INT-LIVE-000815,SET-LIVE-000815
LBL-LIVE-000816,live,fee_drift,processing_fee,1,processor_fee,amount_tolerance,3,0,INT-LIVE-000816,SET-LIVE-000816
LBL-LIVE-000817,live,fee_drift,exact_match,1,none,exact,0,0,INT-LIVE-000817,SET-LIVE-000817
LBL-LIVE-000818,live,fee_drift,exact_match,1,none,exact,0,0,INT-LIVE-000818,SET-LIVE-000818
LBL-LIVE-000819,live,fee_drift,exact_match,1,none,exact,0,0,INT-LIVE-000819,SET-LIVE-000819
LBL-LIVE-000820,live,fee_drift,exact_match,1,none,exact,0,0,INT-LIVE-000820,SET-LIVE-000820
LBL-LIVE-000821,live,fee_drift,exact_match,1,none,exact,0,0,INT-LIVE-000821,SET-LIVE-000821
LBL-LIVE-000822,live,fee_drift,exact_match,1,none,exact,0,0,INT-LIVE-000822,SET-LIVE-000822
LBL-LIVE-000823,live,fee_drift,currency_mismatch,0,currency_mismatch,do_not_match,0,0,INT-LIVE-000823,SET-LIVE-000823
LBL-LIVE-000824,live,fee_drift,exact_match,1,none,exact,0,0,INT-LIVE-000824,SET-LIVE-000824
LBL-LIVE-000825,live,fee_drift,exact_match,1,none,exact,0,0,INT-LIVE-000825,SET-LIVE-000825
LBL-LIVE-000826,live,fee_drift,processing_fee,1,processor_fee,amount_tolerance,3,0,INT-LIVE-000826,SET-LIVE-000826
LBL-LIVE-000827,live,fee_drift,processing_fee,1,processor_fee,amount_tolerance,3,0,INT-LIVE-000827,SET-LIVE-000827
LBL-LIVE-000828,live,fee_drift,exact_match,1,none,exact,0,0,INT-LIVE-000828,SET-LIVE-000828
LBL-LIVE-000829,live,fee_drift,exact_match,1,none,exact,0,0,INT-LIVE-000829,SET-LIVE-000829
LBL-LIVE-000830,live,fee_drift,processing_fee,1,processor_fee,amount_tolerance,3,0,INT-LIVE-000830,SET-LIVE-000830
LBL-LIVE-000831,live,fee_drift,exact_match,1,none,exact,0,0,INT-LIVE-000831,SET-LIVE-000831
LBL-LIVE-000832,live,fee_drift,processing_fee,1,processor_fee,amount_tolerance,3,0,INT-LIVE-000832,SET-LIVE-000832
LBL-LIVE-000833,live,fee_drift,processing_fee,1,processor_fee,amount_tolerance,3,0,INT-LIVE-000833,SET-LIVE-000833
LBL-LIVE-000834,live,fee_drift,rounding_difference,1,rounding,amount_tolerance,0,0,INT-LIVE-000834,SET-LIVE-000834
LBL-LIVE-000835,live,fee_drift,processing_fee,1,processor_fee,amount_tolerance,3,0,INT-LIVE-000835,SET-LIVE-000835
LBL-LIVE-000836,live,fee_drift,processing_fee,1,processor_fee,amount_tolerance,3,0,INT-LIVE-000836,SET-LIVE-000836
LBL-LIVE-000837,live,fee_drift,processing_fee,1,processor_fee,amount_tolerance,3,0,INT-LIVE-000837,SET-LIVE-000837
LBL-LIVE-000838,live,fee_drift,processing_fee,1,processor_fee,amount_tolerance,3,0,INT-LIVE-000838,SET-LIVE-000838
LBL-LIVE-000839,live,fee_drift,processing_fee,1,processor_fee,amount_tolerance,3,0,INT-LIVE-000839,SET-LIVE-000839
LBL-LIVE-000840,live,fee_drift,exact_match,1,none,exact,0,0,INT-LIVE-000840,SET-LIVE-000840
LBL-LIVE-000841,live,fee_drift,reference_format,1,reference_normalization,reference_normalization,0,0,INT-LIVE-000841,SET-LIVE-000841
LBL-LIVE-000842,live,fee_drift,exact_match,1,none,exact,0,0,INT-LIVE-000842,SET-LIVE-000842
LBL-LIVE-000843,live,fee_drift,reference_format,1,reference_normalization,reference_normalization,0,0,INT-LIVE-000843,SET-LIVE-000843
LBL-LIVE-000844,live,fee_drift,true_amount_mismatch,0,true_amount_mismatch,do_not_match,0,0,INT-LIVE-000844,SET-LIVE-000844
LBL-LIVE-000845,live,fee_drift,processing_fee,1,processor_fee,amount_tolerance,3,0,INT-LIVE-000845,SET-LIVE-000845
LBL-LIVE-000846,live,fee_drift,processing_fee,1,processor_fee,amount_tolerance,3,0,INT-LIVE-000846,SET-LIVE-000846
LBL-LIVE-000847,live,fee_drift,exact_match,1,none,exact,0,0,INT-LIVE-000847,SET-LIVE-000847
LBL-LIVE-000848,live,fee_drift,processing_fee,1,processor_fee,amount_tolerance,3,0,INT-LIVE-000848,SET-LIVE-000848
LBL-LIVE-000849,live,fee_drift,exact_match,1,none,exact,0,0,INT-LIVE-000849,SET-LIVE-000849
LBL-LIVE-000850,live,fee_drift,exact_match,1,none,exact,0,0,INT-LIVE-000850,SET-LIVE-000850
LBL-LIVE-000851,live,fee_drift,exact_match,1,none,exact,0,0,INT-LIVE-000851,SET-LIVE-000851
LBL-LIVE-000852,live,fee_drift,exact_match,1,none,exact,0,0,INT-LIVE-000852,SET-LIVE-000852
LBL-LIVE-000853,live,fee_drift,processing_fee,1,processor_fee,amount_tolerance,3,0,INT-LIVE-000853,SET-LIVE-000853
LBL-LIVE-000854,live,fee_drift,processing_fee,1,processor_fee,amount_tolerance,3,0,INT-LIVE-000854,SET-LIVE-000854
LBL-LIVE-000855,live,fee_drift,exact_match,1,none,exact,0,0,INT-LIVE-000855,SET-LIVE-000855
LBL-LIVE-000856,live,fee_drift,exact_match,1,none,exact,0,0,INT-LIVE-000856,SET-LIVE-000856
LBL-LIVE-000857,live,fee_drift,processing_fee,1,processor_fee,amount_tolerance,3,0,INT-LIVE-000857,SET-LIVE-000857
LBL-LIVE-000858,live,fee_drift,exact_match,1,none,exact,0,0,INT-LIVE-000858,SET-LIVE-000858
LBL-LIVE-000859,live,fee_drift,exact_match,1,none,exact,0,0,INT-LIVE-000859,SET-LIVE-000859
LBL-LIVE-000860,live,fee_drift,true_amount_mismatch,0,true_amount_mismatch,do_not_match,0,0,INT-LIVE-000860,SET-LIVE-000860
LBL-LIVE-000861,live,fee_drift,settlement_delay,1,t_plus_delay,date_tolerance,0,1,INT-LIVE-000861,SET-LIVE-000861
LBL-LIVE-000862,live,fee_drift,processing_fee,1,processor_fee,amount_tolerance,3,0,INT-LIVE-000862,SET-LIVE-000862
LBL-LIVE-000863,live,fee_drift,exact_match,1,none,exact,0,0,INT-LIVE-000863,SET-LIVE-000863
LBL-LIVE-000864,live,fee_drift,processing_fee,1,processor_fee,amount_tolerance,3,0,INT-LIVE-000864,SET-LIVE-000864
LBL-LIVE-000865,live,fee_drift,processing_fee,1,processor_fee,amount_tolerance,3,0,INT-LIVE-000865,SET-LIVE-000865
LBL-LIVE-000866,live,fee_drift,true_amount_mismatch,0,true_amount_mismatch,do_not_match,0,0,INT-LIVE-000866,SET-LIVE-000866
LBL-LIVE-000867,live,fee_drift,exact_match,1,none,exact,0,0,INT-LIVE-000867,SET-LIVE-000867
LBL-LIVE-000868,live,fee_drift,processing_fee,1,processor_fee,amount_tolerance,3,0,INT-LIVE-000868,SET-LIVE-000868
LBL-LIVE-000869,live,fee_drift,processing_fee,1,processor_fee,amount_tolerance,3,0,INT-LIVE-000869,SET-LIVE-000869
LBL-LIVE-000870,live,fee_drift,processing_fee,1,processor_fee,amount_tolerance,3,0,INT-LIVE-000870,SET-LIVE-000870
LBL-LIVE-000871,live,fee_drift,processing_fee,1,processor_fee,amount_tolerance,3,0,INT-LIVE-000871,SET-LIVE-000871
LBL-LIVE-000872,live,fee_drift,processing_fee,1,processor_fee,amount_tolerance,3,0,INT-LIVE-000872,SET-LIVE-000872
LBL-LIVE-000873,live,fee_drift,processing_fee,1,processor_fee,amount_tolerance,3,0,INT-LIVE-000873,SET-LIVE-000873
LBL-LIVE-000874,live,fee_drift,exact_match,1,none,exact,0,0,INT-LIVE-000874,SET-LIVE-000874
LBL-LIVE-000875,live,fee_drift,exact_match,1,none,exact,0,0,INT-LIVE-000875,SET-LIVE-000875
LBL-LIVE-000876,live,fee_drift,rounding_difference,1,rounding,amount_tolerance,0,0,INT-LIVE-000876,SET-LIVE-000876
LBL-LIVE-000877,live,fee_drift,exact_match,1,none,exact,0,0,INT-LIVE-000877,SET-LIVE-000877
LBL-LIVE-000878,live,fee_drift,exact_match,1,none,exact,0,0,INT-LIVE-000878,SET-LIVE-000878
LBL-LIVE-000879,live,fee_drift,processing_fee,1,processor_fee,amount_tolerance,3,0,INT-LIVE-000879,SET-LIVE-000879
LBL-LIVE-000880,live,fee_drift,true_amount_mismatch,0,true_amount_mismatch,do_not_match,0,0,INT-LIVE-000880,SET-LIVE-000880
LBL-LIVE-000881,live,fee_drift,exact_match,1,none,exact,0,0,INT-LIVE-000881,SET-LIVE-000881
LBL-LIVE-000882,live,fee_drift,exact_match,1,none,exact,0,0,INT-LIVE-000882,SET-LIVE-000882
LBL-LIVE-000883,live,fee_drift,exact_match,1,none,exact,0,0,INT-LIVE-000883,SET-LIVE-000883
LBL-LIVE-000884,live,fee_drift,true_amount_mismatch,0,true_amount_mismatch,do_not_match,0,0,INT-LIVE-000884,SET-LIVE-000884
LBL-LIVE-000885,live,fee_drift,exact_match,1,none,exact,0,0,INT-LIVE-000885,SET-LIVE-000885
LBL-LIVE-000886,live,fee_drift,exact_match,1,none,exact,0,0,INT-LIVE-000886,SET-LIVE-000886
LBL-LIVE-000887,live,fee_drift,processing_fee,1,processor_fee,amount_tolerance,3,0,INT-LIVE-000887,SET-LIVE-000887
LBL-LIVE-000888,live,fee_drift,exact_match,1,none,exact,0,0,INT-LIVE-000888,SET-LIVE-000888
LBL-LIVE-000889,live,fee_drift,processing_fee,1,processor_fee,amount_tolerance,3,0,INT-LIVE-000889,SET-LIVE-000889
LBL-LIVE-000890,live,fee_drift,exact_match,1,none,exact,0,0,INT-LIVE-000890,SET-LIVE-000890
LBL-LIVE-000891,live,fee_drift,processing_fee,1,processor_fee,amount_tolerance,3,0,INT-LIVE-000891,SET-LIVE-000891
LBL-LIVE-000892,live,fee_drift,processing_fee,1,processor_fee,amount_tolerance,3,0,INT-LIVE-000892,SET-LIVE-000892
LBL-LIVE-000893,live,fee_drift,processing_fee,1,processor_fee,amount_tolerance,3,0,INT-LIVE-000893,SET-LIVE-000893
LBL-LIVE-000894,live,fee_drift,exact_match,1,none,exact,0,0,INT-LIVE-000894,SET-LIVE-000894
LBL-LIVE-000895,live,fee_drift,exact_match,1,none,exact,0,0,INT-LIVE-000895,SET-LIVE-000895
LBL-LIVE-000896,live,fee_drift,exact_match,1,none,exact,0,0,INT-LIVE-000896,SET-LIVE-000896
LBL-LIVE-000897,live,fee_drift,exact_match,1,none,exact,0,0,INT-LIVE-000897,SET-LIVE-000897
LBL-LIVE-000898,live,fee_drift,exact_match,1,none,exact,0,0,INT-LIVE-000898,SET-LIVE-000898
LBL-LIVE-000899,live,fee_drift,exact_match,1,none,exact,0,0,INT-LIVE-000899,SET-LIVE-000899
LBL-LIVE-000900,live,fee_drift,exact_match,1,none,exact,0,0,INT-LIVE-000900,SET-LIVE-000900
LBL-LIVE-000901,live,fee_drift,processing_fee,1,processor_fee,amount_tolerance,3,0,INT-LIVE-000901,SET-LIVE-000901
LBL-LIVE-000902,live,fee_drift,exact_match,1,none,exact,0,0,INT-LIVE-000902,SET-LIVE-000902
LBL-LIVE-000903,live,fee_drift,processing_fee,1,processor_fee,amount_tolerance,3,0,INT-LIVE-000903,SET-LIVE-000903
LBL-LIVE-000904,live,fee_drift,exact_match,1,none,exact,0,0,INT-LIVE-000904,SET-LIVE-000904
LBL-LIVE-000905,live,fee_drift,processing_fee,1,processor_fee,amount_tolerance,3,0,INT-LIVE-000905,SET-LIVE-000905
LBL-LIVE-000906,live,fee_drift,exact_match,1,none,exact,0,0,INT-LIVE-000906,SET-LIVE-000906
LBL-LIVE-000907,live,fee_drift,exact_match,1,none,exact,0,0,INT-LIVE-000907,SET-LIVE-000907
LBL-LIVE-000908,live,fee_drift,processing_fee,1,processor_fee,amount_tolerance,3,0,INT-LIVE-000908,SET-LIVE-000908
LBL-LIVE-000909,live,fee_drift,exact_match,1,none,exact,0,0,INT-LIVE-000909,SET-LIVE-000909
LBL-LIVE-000910,live,fee_drift,processing_fee,1,processor_fee,amount_tolerance,3,0,INT-LIVE-000910,SET-LIVE-000910
LBL-LIVE-000911,live,fee_drift,settlement_delay,1,t_plus_delay,date_tolerance,0,1,INT-LIVE-000911,SET-LIVE-000911
LBL-LIVE-000912,live,fee_drift,true_amount_mismatch,0,true_amount_mismatch,do_not_match,0,0,INT-LIVE-000912,SET-LIVE-000912
LBL-LIVE-000913,live,fee_drift,exact_match,1,none,exact,0,0,INT-LIVE-000913,SET-LIVE-000913
LBL-LIVE-000914,live,fee_drift,exact_match,1,none,exact,0,0,INT-LIVE-000914,SET-LIVE-000914
LBL-LIVE-000915,live,fee_drift,processing_fee,1,processor_fee,amount_tolerance,3,0,INT-LIVE-000915,SET-LIVE-000915
LBL-LIVE-000916,live,fee_drift,processing_fee,1,processor_fee,amount_tolerance,3,0,INT-LIVE-000916,SET-LIVE-000916
LBL-LIVE-000917,live,fee_drift,exact_match,1,none,exact,0,0,INT-LIVE-000917,SET-LIVE-000917
LBL-LIVE-000918,live,fee_drift,exact_match,1,none,exact,0,0,INT-LIVE-000918,SET-LIVE-000918
LBL-LIVE-000919,live,fee_drift,exact_match,1,none,exact,0,0,INT-LIVE-000919,SET-LIVE-000919
LBL-LIVE-000920,live,fee_drift,reference_format,1,reference_normalization,reference_normalization,0,0,INT-LIVE-000920,SET-LIVE-000920
LBL-LIVE-000921,live,fee_drift,processing_fee,1,processor_fee,amount_tolerance,3,0,INT-LIVE-000921,SET-LIVE-000921
LBL-LIVE-000922,live,fee_drift,exact_match,1,none,exact,0,0,INT-LIVE-000922,SET-LIVE-000922
LBL-LIVE-000923,live,fee_drift,exact_match,1,none,exact,0,0,INT-LIVE-000923,SET-LIVE-000923
LBL-LIVE-000924,live,fee_drift,processing_fee,1,processor_fee,amount_tolerance,3,0,INT-LIVE-000924,SET-LIVE-000924
LBL-LIVE-000925,live,fee_drift,exact_match,1,none,exact,0,0,INT-LIVE-000925,SET-LIVE-000925
LBL-LIVE-000926,live,fee_drift,processing_fee,1,processor_fee,amount_tolerance,3,0,INT-LIVE-000926,SET-LIVE-000926
LBL-LIVE-000927,live,fee_drift,processing_fee,1,processor_fee,amount_tolerance,3,0,INT-LIVE-000927,SET-LIVE-000927
LBL-LIVE-000928,live,fee_drift,exact_match,1,none,exact,0,0,INT-LIVE-000928,SET-LIVE-000928
LBL-LIVE-000929,live,fee_drift,exact_match,1,none,exact,0,0,INT-LIVE-000929,SET-LIVE-000929
LBL-LIVE-000930,live,fee_drift,processing_fee,1,processor_fee,amount_tolerance,3,0,INT-LIVE-000930,SET-LIVE-000930
LBL-LIVE-000931,live,fee_drift,exact_match,1,none,exact,0,0,INT-LIVE-000931,SET-LIVE-000931
LBL-LIVE-000932,live,fee_drift,exact_match,1,none,exact,0,0,INT-LIVE-000932,SET-LIVE-000932
LBL-LIVE-000933,live,fee_drift,exact_match,1,none,exact,0,0,INT-LIVE-000933,SET-LIVE-000933
LBL-LIVE-000934,live,fee_drift,exact_match,1,none,exact,0,0,INT-LIVE-000934,SET-LIVE-000934
LBL-LIVE-000935,live,fee_drift,true_amount_mismatch,0,true_amount_mismatch,do_not_match,0,0,INT-LIVE-000935,SET-LIVE-000935
LBL-LIVE-000936,live,fee_drift,exact_match,1,none,exact,0,0,INT-LIVE-000936,SET-LIVE-000936
LBL-LIVE-000937,live,fee_drift,settlement_delay,1,t_plus_delay,date_tolerance,0,1,INT-LIVE-000937,SET-LIVE-000937
LBL-LIVE-000938,live,fee_drift,processing_fee,1,processor_fee,amount_tolerance,3,0,INT-LIVE-000938,SET-LIVE-000938
LBL-LIVE-000939,live,fee_drift,reference_format,1,reference_normalization,reference_normalization,0,0,INT-LIVE-000939,SET-LIVE-000939
LBL-LIVE-000940,live,fee_drift,reference_format,1,reference_normalization,reference_normalization,0,0,INT-LIVE-000940,SET-LIVE-000940
LBL-LIVE-000941,live,fee_drift,exact_match,1,none,exact,0,0,INT-LIVE-000941,SET-LIVE-000941
LBL-LIVE-000942,live,fee_drift,reference_format,1,reference_normalization,reference_normalization,0,0,INT-LIVE-000942,SET-LIVE-000942
LBL-LIVE-000943,live,fee_drift,exact_match,1,none,exact,0,0,INT-LIVE-000943,SET-LIVE-000943
LBL-LIVE-000944,live,fee_drift,processing_fee,1,processor_fee,amount_tolerance,3,0,INT-LIVE-000944,SET-LIVE-000944
LBL-LIVE-000945,live,fee_drift,processing_fee,1,processor_fee,amount_tolerance,3,0,INT-LIVE-000945,SET-LIVE-000945
LBL-LIVE-000946,live,fee_drift,exact_match,1,none,exact,0,0,INT-LIVE-000946,SET-LIVE-000946
LBL-LIVE-000947,live,fee_drift,processing_fee,1,processor_fee,amount_tolerance,3,0,INT-LIVE-000947,SET-LIVE-000947
LBL-LIVE-000948,live,fee_drift,exact_match,1,none,exact,0,0,INT-LIVE-000948,SET-LIVE-000948
LBL-LIVE-000949,live,fee_drift,processing_fee,1,processor_fee,amount_tolerance,3,0,INT-LIVE-000949,SET-LIVE-000949
LBL-LIVE-000950,live,fee_drift,processing_fee,1,processor_fee,amount_tolerance,3,0,INT-LIVE-000950,SET-LIVE-000950
LBL-LIVE-000951,live,fee_drift,exact_match,1,none,exact,0,0,INT-LIVE-000951,SET-LIVE-000951
LBL-LIVE-000952,live,fee_drift,exact_match,1,none,exact,0,0,INT-LIVE-000952,SET-LIVE-000952
LBL-LIVE-000953,live,fee_drift,currency_mismatch,0,currency_mismatch,do_not_match,0,0,INT-LIVE-000953,SET-LIVE-000953
LBL-LIVE-000954,live,fee_drift,exact_match,1,none,exact,0,0,INT-LIVE-000954,SET-LIVE-000954
LBL-LIVE-000955,live,fee_drift,processing_fee,1,processor_fee,amount_tolerance,3,0,INT-LIVE-000955,SET-LIVE-000955
LBL-LIVE-000956,live,fee_drift,settlement_delay,1,t_plus_delay,date_tolerance,0,2,INT-LIVE-000956,SET-LIVE-000956
LBL-LIVE-000957,live,fee_drift,processing_fee,1,processor_fee,amount_tolerance,3,0,INT-LIVE-000957,SET-LIVE-000957
LBL-LIVE-000958,live,fee_drift,processing_fee,1,processor_fee,amount_tolerance,3,0,INT-LIVE-000958,SET-LIVE-000958
LBL-LIVE-000959,live,fee_drift,processing_fee,1,processor_fee,amount_tolerance,3,0,INT-LIVE-000959,SET-LIVE-000959
LBL-LIVE-000960,live,fee_drift,processing_fee,1,processor_fee,amount_tolerance,3,0,INT-LIVE-000960,SET-LIVE-000960
LBL-LIVE-000961,live,fee_drift,processing_fee,1,processor_fee,amount_tolerance,3,0,INT-LIVE-000961,SET-LIVE-000961
LBL-LIVE-000962,live,fee_drift,processing_fee,1,processor_fee,amount_tolerance,3,0,INT-LIVE-000962,SET-LIVE-000962
LBL-LIVE-000963,live,fee_drift,processing_fee,1,processor_fee,amount_tolerance,3,0,INT-LIVE-000963,SET-LIVE-000963
LBL-LIVE-000964,live,fee_drift,exact_match,1,none,exact,0,0,INT-LIVE-000964,SET-LIVE-000964
LBL-LIVE-000965,live,fee_drift,exact_match,1,none,exact,0,0,INT-LIVE-000965,SET-LIVE-000965
LBL-LIVE-000966,live,fee_drift,processing_fee,1,processor_fee,amount_tolerance,3,0,INT-LIVE-000966,SET-LIVE-000966
LBL-LIVE-000967,live,fee_drift,processing_fee,1,processor_fee,amount_tolerance,3,0,INT-LIVE-000967,SET-LIVE-000967
LBL-LIVE-000968,live,fee_drift,exact_match,1,none,exact,0,0,INT-LIVE-000968,SET-LIVE-000968
LBL-LIVE-000969,live,fee_drift,exact_match,1,none,exact,0,0,INT-LIVE-000969,SET-LIVE-000969
LBL-LIVE-000970,live,fee_drift,exact_match,1,none,exact,0,0,INT-LIVE-000970,SET-LIVE-000970
LBL-LIVE-000971,live,fee_drift,exact_match,1,none,exact,0,0,INT-LIVE-000971,SET-LIVE-000971
LBL-LIVE-000972,live,fee_drift,exact_match,1,none,exact,0,0,INT-LIVE-000972,SET-LIVE-000972
LBL-LIVE-000973,live,fee_drift,processing_fee,1,processor_fee,amount_tolerance,3,0,INT-LIVE-000973,SET-LIVE-000973
LBL-LIVE-000974,live,fee_drift,exact_match,1,none,exact,0,0,INT-LIVE-000974,SET-LIVE-000974
LBL-LIVE-000975,live,fee_drift,exact_match,1,none,exact,0,0,INT-LIVE-000975,SET-LIVE-000975
LBL-LIVE-000976,live,fee_drift,exact_match,1,none,exact,0,0,INT-LIVE-000976,SET-LIVE-000976
LBL-LIVE-000977,live,fee_drift,exact_match,1,none,exact,0,0,INT-LIVE-000977,SET-LIVE-000977
LBL-LIVE-000978,live,fee_drift,exact_match,1,none,exact,0,0,INT-LIVE-000978,SET-LIVE-000978
LBL-LIVE-000979,live,fee_drift,processing_fee,1,processor_fee,amount_tolerance,3,0,INT-LIVE-000979,SET-LIVE-000979
LBL-LIVE-000980,live,fee_drift,true_amount_mismatch,0,true_amount_mismatch,do_not_match,0,0,INT-LIVE-000980,SET-LIVE-000980
LBL-LIVE-000981,live,fee_drift,exact_match,1,none,exact,0,0,INT-LIVE-000981,SET-LIVE-000981
LBL-LIVE-000982,live,fee_drift,reference_format,1,reference_normalization,reference_normalization,0,0,INT-LIVE-000982,SET-LIVE-000982
LBL-LIVE-000983,live,fee_drift,exact_match,1,none,exact,0,0,INT-LIVE-000983,SET-LIVE-000983
LBL-LIVE-000984,live,fee_drift,exact_match,1,none,exact,0,0,INT-LIVE-000984,SET-LIVE-000984
LBL-LIVE-000985,live,fee_drift,exact_match,1,none,exact,0,0,INT-LIVE-000985,SET-LIVE-000985
LBL-LIVE-000986,live,fee_drift,processing_fee,1,processor_fee,amount_tolerance,3,0,INT-LIVE-000986,SET-LIVE-000986
LBL-LIVE-000987,live,fee_drift,processing_fee,1,processor_fee,amount_tolerance,3,0,INT-LIVE-000987,SET-LIVE-000987
LBL-LIVE-000988,live,fee_drift,exact_match,1,none,exact,0,0,INT-LIVE-000988,SET-LIVE-000988
LBL-LIVE-000989,live,fee_drift,rounding_difference,1,rounding,amount_tolerance,0,0,INT-LIVE-000989,SET-LIVE-000989
LBL-LIVE-000990,live,fee_drift,exact_match,1,none,exact,0,0,INT-LIVE-000990,SET-LIVE-000990
LBL-LIVE-000991,live,fee_drift,processing_fee,1,processor_fee,amount_tolerance,3,0,INT-LIVE-000991,SET-LIVE-000991
LBL-LIVE-000992,live,fee_drift,processing_fee,1,processor_fee,amount_tolerance,3,0,INT-LIVE-000992,SET-LIVE-000992
LBL-LIVE-000993,live,fee_drift,exact_match,1,none,exact,0,0,INT-LIVE-000993,SET-LIVE-000993
LBL-LIVE-000994,live,fee_drift,exact_match,1,none,exact,0,0,INT-LIVE-000994,SET-LIVE-000994
LBL-LIVE-000995,live,fee_drift,exact_match,1,none,exact,0,0,INT-LIVE-000995,SET-LIVE-000995
LBL-LIVE-000996,live,fee_drift,exact_match,1,none,exact,0,0,INT-LIVE-000996,SET-LIVE-000996
LBL-LIVE-000997,live,fee_drift,exact_match,1,none,exact,0,0,INT-LIVE-000997,SET-LIVE-000997
LBL-LIVE-000998,live,fee_drift,processing_fee,1,processor_fee,amount_tolerance,3,0,INT-LIVE-000998,SET-LIVE-000998
LBL-LIVE-000999,live,fee_drift,processing_fee,1,processor_fee,amount_tolerance,3,0,INT-LIVE-000999,SET-LIVE-000999
LBL-LIVE-001000,live,settlement_drift,currency_mismatch,0,currency_mismatch,do_not_match,0,0,INT-LIVE-001000,SET-LIVE-001000
LBL-LIVE-001001,live,settlement_drift,exact_match,1,none,exact,0,0,INT-LIVE-001001,SET-LIVE-001001
LBL-LIVE-001002,live,settlement_drift,exact_match,1,none,exact,0,0,INT-LIVE-001002,SET-LIVE-001002
LBL-LIVE-001003,live,settlement_drift,exact_match,1,none,exact,0,0,INT-LIVE-001003,SET-LIVE-001003
LBL-LIVE-001004,live,settlement_drift,settlement_delay,1,t_plus_delay,date_tolerance,0,1,INT-LIVE-001004,SET-LIVE-001004
LBL-LIVE-001005,live,settlement_drift,exact_match,1,none,exact,0,0,INT-LIVE-001005,SET-LIVE-001005
LBL-LIVE-001006,live,settlement_drift,settlement_delay,1,t_plus_delay,date_tolerance,0,1,INT-LIVE-001006,SET-LIVE-001006
LBL-LIVE-001007,live,settlement_drift,exact_match,1,none,exact,0,0,INT-LIVE-001007,SET-LIVE-001007
LBL-LIVE-001008,live,settlement_drift,settlement_delay,1,t_plus_delay,date_tolerance,0,1,INT-LIVE-001008,SET-LIVE-001008
LBL-LIVE-001009,live,settlement_drift,exact_match,1,none,exact,0,0,INT-LIVE-001009,SET-LIVE-001009
LBL-LIVE-001010,live,settlement_drift,exact_match,1,none,exact,0,0,INT-LIVE-001010,SET-LIVE-001010
LBL-LIVE-001011,live,settlement_drift,exact_match,1,none,exact,0,0,INT-LIVE-001011,SET-LIVE-001011
LBL-LIVE-001012,live,settlement_drift,exact_match,1,none,exact,0,0,INT-LIVE-001012,SET-LIVE-001012
LBL-LIVE-001013,live,settlement_drift,true_amount_mismatch,0,true_amount_mismatch,do_not_match,0,0,INT-LIVE-001013,SET-LIVE-001013
LBL-LIVE-001014,live,settlement_drift,exact_match,1,none,exact,0,0,INT-LIVE-001014,SET-LIVE-001014
LBL-LIVE-001015,live,settlement_drift,settlement_delay,1,t_plus_delay,date_tolerance,0,1,INT-LIVE-001015,SET-LIVE-001015
LBL-LIVE-001016,live,settlement_drift,settlement_delay,1,t_plus_delay,date_tolerance,0,1,INT-LIVE-001016,SET-LIVE-001016
LBL-LIVE-001017,live,settlement_drift,exact_match,1,none,exact,0,0,INT-LIVE-001017,SET-LIVE-001017
LBL-LIVE-001018,live,settlement_drift,true_amount_mismatch,0,true_amount_mismatch,do_not_match,0,0,INT-LIVE-001018,SET-LIVE-001018
LBL-LIVE-001019,live,settlement_drift,exact_match,1,none,exact,0,0,INT-LIVE-001019,SET-LIVE-001019
LBL-LIVE-001020,live,settlement_drift,exact_match,1,none,exact,0,0,INT-LIVE-001020,SET-LIVE-001020
LBL-LIVE-001021,live,settlement_drift,exact_match,1,none,exact,0,0,INT-LIVE-001021,SET-LIVE-001021
LBL-LIVE-001022,live,settlement_drift,exact_match,1,none,exact,0,0,INT-LIVE-001022,SET-LIVE-001022
LBL-LIVE-001023,live,settlement_drift,exact_match,1,none,exact,0,0,INT-LIVE-001023,SET-LIVE-001023
LBL-LIVE-001024,live,settlement_drift,exact_match,1,none,exact,0,0,INT-LIVE-001024,SET-LIVE-001024
LBL-LIVE-001025,live,settlement_drift,rounding_difference,1,rounding,amount_tolerance,0,0,INT-LIVE-001025,SET-LIVE-001025
LBL-LIVE-001026,live,settlement_drift,exact_match,1,none,exact,0,0,INT-LIVE-001026,SET-LIVE-001026
LBL-LIVE-001027,live,settlement_drift,processing_fee,1,processor_fee,amount_tolerance,5,0,INT-LIVE-001027,SET-LIVE-001027
LBL-LIVE-001028,live,settlement_drift,exact_match,1,none,exact,0,0,INT-LIVE-001028,SET-LIVE-001028
LBL-LIVE-001029,live,settlement_drift,exact_match,1,none,exact,0,0,INT-LIVE-001029,SET-LIVE-001029
LBL-LIVE-001030,live,settlement_drift,settlement_delay,1,t_plus_delay,date_tolerance,0,1,INT-LIVE-001030,SET-LIVE-001030
LBL-LIVE-001031,live,settlement_drift,exact_match,1,none,exact,0,0,INT-LIVE-001031,SET-LIVE-001031
LBL-LIVE-001032,live,settlement_drift,exact_match,1,none,exact,0,0,INT-LIVE-001032,SET-LIVE-001032
LBL-LIVE-001033,live,settlement_drift,processing_fee,1,processor_fee,amount_tolerance,5,0,INT-LIVE-001033,SET-LIVE-001033
LBL-LIVE-001034,live,settlement_drift,exact_match,1,none,exact,0,0,INT-LIVE-001034,SET-LIVE-001034
LBL-LIVE-001035,live,settlement_drift,exact_match,1,none,exact,0,0,INT-LIVE-001035,SET-LIVE-001035
LBL-LIVE-001036,live,settlement_drift,true_amount_mismatch,0,true_amount_mismatch,do_not_match,0,0,INT-LIVE-001036,SET-LIVE-001036
LBL-LIVE-001037,live,settlement_drift,settlement_delay,1,t_plus_delay,date_tolerance,0,1,INT-LIVE-001037,SET-LIVE-001037
LBL-LIVE-001038,live,settlement_drift,exact_match,1,none,exact,0,0,INT-LIVE-001038,SET-LIVE-001038
LBL-LIVE-001039,live,settlement_drift,exact_match,1,none,exact,0,0,INT-LIVE-001039,SET-LIVE-001039
LBL-LIVE-001040,live,settlement_drift,settlement_delay,1,t_plus_delay,date_tolerance,0,1,INT-LIVE-001040,SET-LIVE-001040
LBL-LIVE-001041,live,settlement_drift,exact_match,1,none,exact,0,0,INT-LIVE-001041,SET-LIVE-001041
LBL-LIVE-001042,live,settlement_drift,settlement_delay,1,t_plus_delay,date_tolerance,0,1,INT-LIVE-001042,SET-LIVE-001042
LBL-LIVE-001043,live,settlement_drift,exact_match,1,none,exact,0,0,INT-LIVE-001043,SET-LIVE-001043
LBL-LIVE-001044,live,settlement_drift,exact_match,1,none,exact,0,0,INT-LIVE-001044,SET-LIVE-001044
LBL-LIVE-001045,live,settlement_drift,exact_match,1,none,exact,0,0,INT-LIVE-001045,SET-LIVE-001045
LBL-LIVE-001046,live,settlement_drift,exact_match,1,none,exact,0,0,INT-LIVE-001046,SET-LIVE-001046
LBL-LIVE-001047,live,settlement_drift,settlement_delay,1,t_plus_delay,date_tolerance,0,1,INT-LIVE-001047,SET-LIVE-001047
LBL-LIVE-001048,live,settlement_drift,exact_match,1,none,exact,0,0,INT-LIVE-001048,SET-LIVE-001048
LBL-LIVE-001049,live,settlement_drift,exact_match,1,none,exact,0,0,INT-LIVE-001049,SET-LIVE-001049
LBL-LIVE-001050,live,settlement_drift,processing_fee,1,processor_fee,amount_tolerance,5,0,INT-LIVE-001050,SET-LIVE-001050
LBL-LIVE-001051,live,settlement_drift,settlement_delay,1,t_plus_delay,date_tolerance,0,1,INT-LIVE-001051,SET-LIVE-001051
LBL-LIVE-001052,live,settlement_drift,settlement_delay,1,t_plus_delay,date_tolerance,0,1,INT-LIVE-001052,SET-LIVE-001052
LBL-LIVE-001053,live,settlement_drift,true_amount_mismatch,0,true_amount_mismatch,do_not_match,0,0,INT-LIVE-001053,SET-LIVE-001053
LBL-LIVE-001054,live,settlement_drift,processing_fee,1,processor_fee,amount_tolerance,1,0,INT-LIVE-001054,SET-LIVE-001054
LBL-LIVE-001055,live,settlement_drift,settlement_delay,1,t_plus_delay,date_tolerance,0,1,INT-LIVE-001055,SET-LIVE-001055
LBL-LIVE-001056,live,settlement_drift,settlement_delay,1,t_plus_delay,date_tolerance,0,1,INT-LIVE-001056,SET-LIVE-001056
LBL-LIVE-001057,live,settlement_drift,exact_match,1,none,exact,0,0,INT-LIVE-001057,SET-LIVE-001057
LBL-LIVE-001058,live,settlement_drift,settlement_delay,1,t_plus_delay,date_tolerance,0,1,INT-LIVE-001058,SET-LIVE-001058
LBL-LIVE-001059,live,settlement_drift,settlement_delay,1,t_plus_delay,date_tolerance,0,1,INT-LIVE-001059,SET-LIVE-001059
LBL-LIVE-001060,live,settlement_drift,exact_match,1,none,exact,0,0,INT-LIVE-001060,SET-LIVE-001060
LBL-LIVE-001061,live,settlement_drift,exact_match,1,none,exact,0,0,INT-LIVE-001061,SET-LIVE-001061
LBL-LIVE-001062,live,settlement_drift,exact_match,1,none,exact,0,0,INT-LIVE-001062,SET-LIVE-001062
LBL-LIVE-001063,live,settlement_drift,exact_match,1,none,exact,0,0,INT-LIVE-001063,SET-LIVE-001063
LBL-LIVE-001064,live,settlement_drift,exact_match,1,none,exact,0,0,INT-LIVE-001064,SET-LIVE-001064
LBL-LIVE-001065,live,settlement_drift,exact_match,1,none,exact,0,0,INT-LIVE-001065,SET-LIVE-001065
LBL-LIVE-001066,live,settlement_drift,exact_match,1,none,exact,0,0,INT-LIVE-001066,SET-LIVE-001066
LBL-LIVE-001067,live,settlement_drift,exact_match,1,none,exact,0,0,INT-LIVE-001067,SET-LIVE-001067
LBL-LIVE-001068,live,settlement_drift,exact_match,1,none,exact,0,0,INT-LIVE-001068,SET-LIVE-001068
LBL-LIVE-001069,live,settlement_drift,settlement_delay,1,t_plus_delay,date_tolerance,0,1,INT-LIVE-001069,SET-LIVE-001069
LBL-LIVE-001070,live,settlement_drift,processing_fee,1,processor_fee,amount_tolerance,1,0,INT-LIVE-001070,SET-LIVE-001070
LBL-LIVE-001071,live,settlement_drift,exact_match,1,none,exact,0,0,INT-LIVE-001071,SET-LIVE-001071
LBL-LIVE-001072,live,settlement_drift,settlement_delay,1,t_plus_delay,date_tolerance,0,1,INT-LIVE-001072,SET-LIVE-001072
LBL-LIVE-001073,live,settlement_drift,settlement_delay,1,t_plus_delay,date_tolerance,0,1,INT-LIVE-001073,SET-LIVE-001073
LBL-LIVE-001074,live,settlement_drift,exact_match,1,none,exact,0,0,INT-LIVE-001074,SET-LIVE-001074
LBL-LIVE-001075,live,settlement_drift,exact_match,1,none,exact,0,0,INT-LIVE-001075,SET-LIVE-001075
LBL-LIVE-001076,live,settlement_drift,settlement_delay,1,t_plus_delay,date_tolerance,0,1,INT-LIVE-001076,SET-LIVE-001076
LBL-LIVE-001077,live,settlement_drift,exact_match,1,none,exact,0,0,INT-LIVE-001077,SET-LIVE-001077
LBL-LIVE-001078,live,settlement_drift,exact_match,1,none,exact,0,0,INT-LIVE-001078,SET-LIVE-001078
LBL-LIVE-001079,live,settlement_drift,settlement_delay,1,t_plus_delay,date_tolerance,0,1,INT-LIVE-001079,SET-LIVE-001079
LBL-LIVE-001080,live,settlement_drift,reference_format,1,reference_normalization,reference_normalization,0,0,INT-LIVE-001080,SET-LIVE-001080
LBL-LIVE-001081,live,settlement_drift,true_amount_mismatch,0,true_amount_mismatch,do_not_match,0,0,INT-LIVE-001081,SET-LIVE-001081
LBL-LIVE-001082,live,settlement_drift,exact_match,1,none,exact,0,0,INT-LIVE-001082,SET-LIVE-001082
LBL-LIVE-001083,live,settlement_drift,settlement_delay,1,t_plus_delay,date_tolerance,0,1,INT-LIVE-001083,SET-LIVE-001083
LBL-LIVE-001084,live,settlement_drift,exact_match,1,none,exact,0,0,INT-LIVE-001084,SET-LIVE-001084
LBL-LIVE-001085,live,settlement_drift,exact_match,1,none,exact,0,0,INT-LIVE-001085,SET-LIVE-001085
LBL-LIVE-001086,live,settlement_drift,exact_match,1,none,exact,0,0,INT-LIVE-001086,SET-LIVE-001086
LBL-LIVE-001087,live,settlement_drift,exact_match,1,none,exact,0,0,INT-LIVE-001087,SET-LIVE-001087
LBL-LIVE-001088,live,settlement_drift,exact_match,1,none,exact,0,0,INT-LIVE-001088,SET-LIVE-001088
LBL-LIVE-001089,live,settlement_drift,exact_match,1,none,exact,0,0,INT-LIVE-001089,SET-LIVE-001089
LBL-LIVE-001090,live,settlement_drift,exact_match,1,none,exact,0,0,INT-LIVE-001090,SET-LIVE-001090
LBL-LIVE-001091,live,settlement_drift,exact_match,1,none,exact,0,0,INT-LIVE-001091,SET-LIVE-001091
LBL-LIVE-001092,live,settlement_drift,exact_match,1,none,exact,0,0,INT-LIVE-001092,SET-LIVE-001092
LBL-LIVE-001093,live,settlement_drift,exact_match,1,none,exact,0,0,INT-LIVE-001093,SET-LIVE-001093
LBL-LIVE-001094,live,settlement_drift,settlement_delay,1,t_plus_delay,date_tolerance,0,1,INT-LIVE-001094,SET-LIVE-001094
LBL-LIVE-001095,live,settlement_drift,currency_mismatch,0,currency_mismatch,do_not_match,0,0,INT-LIVE-001095,SET-LIVE-001095
LBL-LIVE-001096,live,settlement_drift,processing_fee,1,processor_fee,amount_tolerance,2,0,INT-LIVE-001096,SET-LIVE-001096
LBL-LIVE-001097,live,settlement_drift,exact_match,1,none,exact,0,0,INT-LIVE-001097,SET-LIVE-001097
LBL-LIVE-001098,live,settlement_drift,exact_match,1,none,exact,0,0,INT-LIVE-001098,SET-LIVE-001098
LBL-LIVE-001099,live,settlement_drift,exact_match,1,none,exact,0,0,INT-LIVE-001099,SET-LIVE-001099
LBL-LIVE-001100,live,settlement_drift,settlement_delay,1,t_plus_delay,date_tolerance,0,1,INT-LIVE-001100,SET-LIVE-001100
LBL-LIVE-001101,live,settlement_drift,settlement_delay,1,t_plus_delay,date_tolerance,0,1,INT-LIVE-001101,SET-LIVE-001101
LBL-LIVE-001102,live,settlement_drift,exact_match,1,none,exact,0,0,INT-LIVE-001102,SET-LIVE-001102
LBL-LIVE-001103,live,settlement_drift,settlement_delay,1,t_plus_delay,date_tolerance,0,1,INT-LIVE-001103,SET-LIVE-001103
LBL-LIVE-001104,live,settlement_drift,exact_match,1,none,exact,0,0,INT-LIVE-001104,SET-LIVE-001104
LBL-LIVE-001105,live,settlement_drift,processing_fee,1,processor_fee,amount_tolerance,3,0,INT-LIVE-001105,SET-LIVE-001105
LBL-LIVE-001106,live,settlement_drift,processing_fee,1,processor_fee,amount_tolerance,3,0,INT-LIVE-001106,SET-LIVE-001106
LBL-LIVE-001107,live,settlement_drift,exact_match,1,none,exact,0,0,INT-LIVE-001107,SET-LIVE-001107
LBL-LIVE-001108,live,settlement_drift,settlement_delay,1,t_plus_delay,date_tolerance,0,1,INT-LIVE-001108,SET-LIVE-001108
LBL-LIVE-001109,live,settlement_drift,exact_match,1,none,exact,0,0,INT-LIVE-001109,SET-LIVE-001109
LBL-LIVE-001110,live,settlement_drift,processing_fee,1,processor_fee,amount_tolerance,2,0,INT-LIVE-001110,SET-LIVE-001110
LBL-LIVE-001111,live,settlement_drift,settlement_delay,1,t_plus_delay,date_tolerance,0,1,INT-LIVE-001111,SET-LIVE-001111
LBL-LIVE-001112,live,settlement_drift,exact_match,1,none,exact,0,0,INT-LIVE-001112,SET-LIVE-001112
LBL-LIVE-001113,live,settlement_drift,currency_mismatch,0,currency_mismatch,do_not_match,0,0,INT-LIVE-001113,SET-LIVE-001113
LBL-LIVE-001114,live,settlement_drift,exact_match,1,none,exact,0,0,INT-LIVE-001114,SET-LIVE-001114
LBL-LIVE-001115,live,settlement_drift,exact_match,1,none,exact,0,0,INT-LIVE-001115,SET-LIVE-001115
LBL-LIVE-001116,live,settlement_drift,processing_fee,1,processor_fee,amount_tolerance,1,0,INT-LIVE-001116,SET-LIVE-001116
LBL-LIVE-001117,live,settlement_drift,settlement_delay,1,t_plus_delay,date_tolerance,0,1,INT-LIVE-001117,SET-LIVE-001117
LBL-LIVE-001118,live,settlement_drift,true_amount_mismatch,0,true_amount_mismatch,do_not_match,0,0,INT-LIVE-001118,SET-LIVE-001118
LBL-LIVE-001119,live,settlement_drift,settlement_delay,1,t_plus_delay,date_tolerance,0,1,INT-LIVE-001119,SET-LIVE-001119
LBL-LIVE-001120,live,settlement_drift,exact_match,1,none,exact,0,0,INT-LIVE-001120,SET-LIVE-001120
LBL-LIVE-001121,live,settlement_drift,exact_match,1,none,exact,0,0,INT-LIVE-001121,SET-LIVE-001121
LBL-LIVE-001122,live,settlement_drift,settlement_delay,1,t_plus_delay,date_tolerance,0,1,INT-LIVE-001122,SET-LIVE-001122
LBL-LIVE-001123,live,settlement_drift,exact_match,1,none,exact,0,0,INT-LIVE-001123,SET-LIVE-001123
LBL-LIVE-001124,live,settlement_drift,settlement_delay,1,t_plus_delay,date_tolerance,0,1,INT-LIVE-001124,SET-LIVE-001124
LBL-LIVE-001125,live,settlement_drift,settlement_delay,1,t_plus_delay,date_tolerance,0,1,INT-LIVE-001125,SET-LIVE-001125
LBL-LIVE-001126,live,settlement_drift,settlement_delay,1,t_plus_delay,date_tolerance,0,1,INT-LIVE-001126,SET-LIVE-001126
LBL-LIVE-001127,live,settlement_drift,settlement_delay,1,t_plus_delay,date_tolerance,0,1,INT-LIVE-001127,SET-LIVE-001127
LBL-LIVE-001128,live,settlement_drift,settlement_delay,1,t_plus_delay,date_tolerance,0,1,INT-LIVE-001128,SET-LIVE-001128
LBL-LIVE-001129,live,settlement_drift,settlement_delay,1,t_plus_delay,date_tolerance,0,1,INT-LIVE-001129,SET-LIVE-001129
LBL-LIVE-001130,live,settlement_drift,settlement_delay,1,t_plus_delay,date_tolerance,0,1,INT-LIVE-001130,SET-LIVE-001130
LBL-LIVE-001131,live,settlement_drift,settlement_delay,1,t_plus_delay,date_tolerance,0,1,INT-LIVE-001131,SET-LIVE-001131
LBL-LIVE-001132,live,settlement_drift,exact_match,1,none,exact,0,0,INT-LIVE-001132,SET-LIVE-001132
LBL-LIVE-001133,live,settlement_drift,rounding_difference,1,rounding,amount_tolerance,0,0,INT-LIVE-001133,SET-LIVE-001133
LBL-LIVE-001134,live,settlement_drift,exact_match,1,none,exact,0,0,INT-LIVE-001134,SET-LIVE-001134
LBL-LIVE-001135,live,settlement_drift,exact_match,1,none,exact,0,0,INT-LIVE-001135,SET-LIVE-001135
LBL-LIVE-001136,live,settlement_drift,rounding_difference,1,rounding,amount_tolerance,0,0,INT-LIVE-001136,SET-LIVE-001136
LBL-LIVE-001137,live,settlement_drift,exact_match,1,none,exact,0,0,INT-LIVE-001137,SET-LIVE-001137
LBL-LIVE-001138,live,settlement_drift,currency_mismatch,0,currency_mismatch,do_not_match,0,0,INT-LIVE-001138,SET-LIVE-001138
LBL-LIVE-001139,live,settlement_drift,exact_match,1,none,exact,0,0,INT-LIVE-001139,SET-LIVE-001139
LBL-LIVE-001140,live,settlement_drift,reference_format,1,reference_normalization,reference_normalization,0,0,INT-LIVE-001140,SET-LIVE-001140
LBL-LIVE-001141,live,settlement_drift,settlement_delay,1,t_plus_delay,date_tolerance,0,1,INT-LIVE-001141,SET-LIVE-001141
LBL-LIVE-001142,live,settlement_drift,exact_match,1,none,exact,0,0,INT-LIVE-001142,SET-LIVE-001142
LBL-LIVE-001143,live,settlement_drift,processing_fee,1,processor_fee,amount_tolerance,5,0,INT-LIVE-001143,SET-LIVE-001143
LBL-LIVE-001144,live,settlement_drift,settlement_delay,1,t_plus_delay,date_tolerance,0,1,INT-LIVE-001144,SET-LIVE-001144
LBL-LIVE-001145,live,settlement_drift,exact_match,1,none,exact,0,0,INT-LIVE-001145,SET-LIVE-001145
LBL-LIVE-001146,live,settlement_drift,processing_fee,1,processor_fee,amount_tolerance,5,0,INT-LIVE-001146,SET-LIVE-001146
LBL-LIVE-001147,live,settlement_drift,exact_match,1,none,exact,0,0,INT-LIVE-001147,SET-LIVE-001147
LBL-LIVE-001148,live,settlement_drift,processing_fee,1,processor_fee,amount_tolerance,2,0,INT-LIVE-001148,SET-LIVE-001148
LBL-LIVE-001149,live,settlement_drift,exact_match,1,none,exact,0,0,INT-LIVE-001149,SET-LIVE-001149
LBL-LIVE-001150,live,settlement_drift,exact_match,1,none,exact,0,0,INT-LIVE-001150,SET-LIVE-001150
LBL-LIVE-001151,live,settlement_drift,settlement_delay,1,t_plus_delay,date_tolerance,0,1,INT-LIVE-001151,SET-LIVE-001151
LBL-LIVE-001152,live,settlement_drift,processing_fee,1,processor_fee,amount_tolerance,2,0,INT-LIVE-001152,SET-LIVE-001152
LBL-LIVE-001153,live,settlement_drift,exact_match,1,none,exact,0,0,INT-LIVE-001153,SET-LIVE-001153
LBL-LIVE-001154,live,settlement_drift,processing_fee,1,processor_fee,amount_tolerance,3,0,INT-LIVE-001154,SET-LIVE-001154
LBL-LIVE-001155,live,settlement_drift,exact_match,1,none,exact,0,0,INT-LIVE-001155,SET-LIVE-001155
LBL-LIVE-001156,live,settlement_drift,settlement_delay,1,t_plus_delay,date_tolerance,0,1,INT-LIVE-001156,SET-LIVE-001156
LBL-LIVE-001157,live,settlement_drift,true_amount_mismatch,0,true_amount_mismatch,do_not_match,0,0,INT-LIVE-001157,SET-LIVE-001157
LBL-LIVE-001158,live,settlement_drift,settlement_delay,1,t_plus_delay,date_tolerance,0,1,INT-LIVE-001158,SET-LIVE-001158
LBL-LIVE-001159,live,settlement_drift,settlement_delay,1,t_plus_delay,date_tolerance,0,1,INT-LIVE-001159,SET-LIVE-001159
LBL-LIVE-001160,live,settlement_drift,processing_fee,1,processor_fee,amount_tolerance,3,0,INT-LIVE-001160,SET-LIVE-001160
LBL-LIVE-001161,live,settlement_drift,settlement_delay,1,t_plus_delay,date_tolerance,0,1,INT-LIVE-001161,SET-LIVE-001161
LBL-LIVE-001162,live,settlement_drift,exact_match,1,none,exact,0,0,INT-LIVE-001162,SET-LIVE-001162
LBL-LIVE-001163,live,settlement_drift,reference_format,1,reference_normalization,reference_normalization,0,0,INT-LIVE-001163,SET-LIVE-001163
LBL-LIVE-001164,live,settlement_drift,settlement_delay,1,t_plus_delay,date_tolerance,0,1,INT-LIVE-001164,SET-LIVE-001164
LBL-LIVE-001165,live,settlement_drift,processing_fee,1,processor_fee,amount_tolerance,2,0,INT-LIVE-001165,SET-LIVE-001165
LBL-LIVE-001166,live,settlement_drift,exact_match,1,none,exact,0,0,INT-LIVE-001166,SET-LIVE-001166
LBL-LIVE-001167,live,settlement_drift,exact_match,1,none,exact,0,0,INT-LIVE-001167,SET-LIVE-001167
LBL-LIVE-001168,live,settlement_drift,exact_match,1,none,exact,0,0,INT-LIVE-001168,SET-LIVE-001168
LBL-LIVE-001169,live,settlement_drift,settlement_delay,1,t_plus_delay,date_tolerance,0,1,INT-LIVE-001169,SET-LIVE-001169
LBL-LIVE-001170,live,settlement_drift,reference_format,1,reference_normalization,reference_normalization,0,0,INT-LIVE-001170,SET-LIVE-001170
LBL-LIVE-001171,live,settlement_drift,exact_match,1,none,exact,0,0,INT-LIVE-001171,SET-LIVE-001171
LBL-LIVE-001172,live,settlement_drift,processing_fee,1,processor_fee,amount_tolerance,3,0,INT-LIVE-001172,SET-LIVE-001172
LBL-LIVE-001173,live,settlement_drift,rounding_difference,1,rounding,amount_tolerance,0,0,INT-LIVE-001173,SET-LIVE-001173
LBL-LIVE-001174,live,settlement_drift,exact_match,1,none,exact,0,0,INT-LIVE-001174,SET-LIVE-001174
LBL-LIVE-001175,live,settlement_drift,exact_match,1,none,exact,0,0,INT-LIVE-001175,SET-LIVE-001175
LBL-LIVE-001176,live,settlement_drift,exact_match,1,none,exact,0,0,INT-LIVE-001176,SET-LIVE-001176
LBL-LIVE-001177,live,settlement_drift,exact_match,1,none,exact,0,0,INT-LIVE-001177,SET-LIVE-001177
LBL-LIVE-001178,live,settlement_drift,exact_match,1,none,exact,0,0,INT-LIVE-001178,SET-LIVE-001178
LBL-LIVE-001179,live,settlement_drift,true_amount_mismatch,0,true_amount_mismatch,do_not_match,0,0,INT-LIVE-001179,SET-LIVE-001179
LBL-LIVE-001180,live,settlement_drift,exact_match,1,none,exact,0,0,INT-LIVE-001180,SET-LIVE-001180
LBL-LIVE-001181,live,settlement_drift,settlement_delay,1,t_plus_delay,date_tolerance,0,1,INT-LIVE-001181,SET-LIVE-001181
LBL-LIVE-001182,live,settlement_drift,exact_match,1,none,exact,0,0,INT-LIVE-001182,SET-LIVE-001182
LBL-LIVE-001183,live,settlement_drift,settlement_delay,1,t_plus_delay,date_tolerance,0,1,INT-LIVE-001183,SET-LIVE-001183
LBL-LIVE-001184,live,settlement_drift,processing_fee,1,processor_fee,amount_tolerance,5,0,INT-LIVE-001184,SET-LIVE-001184
LBL-LIVE-001185,live,settlement_drift,reference_format,1,reference_normalization,reference_normalization,0,0,INT-LIVE-001185,SET-LIVE-001185
LBL-LIVE-001186,live,settlement_drift,processing_fee,1,processor_fee,amount_tolerance,1,0,INT-LIVE-001186,SET-LIVE-001186
LBL-LIVE-001187,live,settlement_drift,processing_fee,1,processor_fee,amount_tolerance,2,0,INT-LIVE-001187,SET-LIVE-001187
LBL-LIVE-001188,live,settlement_drift,exact_match,1,none,exact,0,0,INT-LIVE-001188,SET-LIVE-001188
LBL-LIVE-001189,live,settlement_drift,reference_format,1,reference_normalization,reference_normalization,0,0,INT-LIVE-001189,SET-LIVE-001189
LBL-LIVE-001190,live,settlement_drift,exact_match,1,none,exact,0,0,INT-LIVE-001190,SET-LIVE-001190
LBL-LIVE-001191,live,settlement_drift,settlement_delay,1,t_plus_delay,date_tolerance,0,1,INT-LIVE-001191,SET-LIVE-001191
LBL-LIVE-001192,live,settlement_drift,exact_match,1,none,exact,0,0,INT-LIVE-001192,SET-LIVE-001192
LBL-LIVE-001193,live,settlement_drift,currency_mismatch,0,currency_mismatch,do_not_match,0,0,INT-LIVE-001193,SET-LIVE-001193
LBL-LIVE-001194,live,settlement_drift,exact_match,1,none,exact,0,0,INT-LIVE-001194,SET-LIVE-001194
LBL-LIVE-001195,live,settlement_drift,settlement_delay,1,t_plus_delay,date_tolerance,0,1,INT-LIVE-001195,SET-LIVE-001195
LBL-LIVE-001196,live,settlement_drift,exact_match,1,none,exact,0,0,INT-LIVE-001196,SET-LIVE-001196
LBL-LIVE-001197,live,settlement_drift,exact_match,1,none,exact,0,0,INT-LIVE-001197,SET-LIVE-001197
LBL-LIVE-001198,live,settlement_drift,settlement_delay,1,t_plus_delay,date_tolerance,0,1,INT-LIVE-001198,SET-LIVE-001198
LBL-LIVE-001199,live,settlement_drift,reference_format,1,reference_normalization,reference_normalization,0,0,INT-LIVE-001199,SET-LIVE-001199
LBL-LIVE-001200,live,settlement_drift,exact_match,1,none,exact,0,0,INT-LIVE-001200,SET-LIVE-001200
LBL-LIVE-001201,live,settlement_drift,exact_match,1,none,exact,0,0,INT-LIVE-001201,SET-LIVE-001201
LBL-LIVE-001202,live,settlement_drift,processing_fee,1,processor_fee,amount_tolerance,3,0,INT-LIVE-001202,SET-LIVE-001202
LBL-LIVE-001203,live,settlement_drift,exact_match,1,none,exact,0,0,INT-LIVE-001203,SET-LIVE-001203
LBL-LIVE-001204,live,settlement_drift,exact_match,1,none,exact,0,0,INT-LIVE-001204,SET-LIVE-001204
LBL-LIVE-001205,live,settlement_drift,true_amount_mismatch,0,true_amount_mismatch,do_not_match,0,0,INT-LIVE-001205,SET-LIVE-001205
LBL-LIVE-001206,live,settlement_drift,exact_match,1,none,exact,0,0,INT-LIVE-001206,SET-LIVE-001206
LBL-LIVE-001207,live,settlement_drift,exact_match,1,none,exact,0,0,INT-LIVE-001207,SET-LIVE-001207
LBL-LIVE-001208,live,settlement_drift,settlement_delay,1,t_plus_delay,date_tolerance,0,1,INT-LIVE-001208,SET-LIVE-001208
LBL-LIVE-001209,live,settlement_drift,processing_fee,1,processor_fee,amount_tolerance,5,0,INT-LIVE-001209,SET-LIVE-001209
LBL-LIVE-001210,live,settlement_drift,exact_match,1,none,exact,0,0,INT-LIVE-001210,SET-LIVE-001210
LBL-LIVE-001211,live,settlement_drift,exact_match,1,none,exact,0,0,INT-LIVE-001211,SET-LIVE-001211
LBL-LIVE-001212,live,settlement_drift,settlement_delay,1,t_plus_delay,date_tolerance,0,1,INT-LIVE-001212,SET-LIVE-001212
LBL-LIVE-001213,live,settlement_drift,exact_match,1,none,exact,0,0,INT-LIVE-001213,SET-LIVE-001213
LBL-LIVE-001214,live,settlement_drift,exact_match,1,none,exact,0,0,INT-LIVE-001214,SET-LIVE-001214
LBL-LIVE-001215,live,settlement_drift,exact_match,1,none,exact,0,0,INT-LIVE-001215,SET-LIVE-001215
LBL-LIVE-001216,live,settlement_drift,settlement_delay,1,t_plus_delay,date_tolerance,0,1,INT-LIVE-001216,SET-LIVE-001216
LBL-LIVE-001217,live,settlement_drift,exact_match,1,none,exact,0,0,INT-LIVE-001217,SET-LIVE-001217
LBL-LIVE-001218,live,settlement_drift,settlement_delay,1,t_plus_delay,date_tolerance,0,1,INT-LIVE-001218,SET-LIVE-001218
LBL-LIVE-001219,live,settlement_drift,exact_match,1,none,exact,0,0,INT-LIVE-001219,SET-LIVE-001219
LBL-LIVE-001220,live,settlement_drift,processing_fee,1,processor_fee,amount_tolerance,1,0,INT-LIVE-001220,SET-LIVE-001220
LBL-LIVE-001221,live,settlement_drift,exact_match,1,none,exact,0,0,INT-LIVE-001221,SET-LIVE-001221
LBL-LIVE-001222,live,settlement_drift,exact_match,1,none,exact,0,0,INT-LIVE-001222,SET-LIVE-001222
LBL-LIVE-001223,live,settlement_drift,rounding_difference,1,rounding,amount_tolerance,0,0,INT-LIVE-001223,SET-LIVE-001223
LBL-LIVE-001224,live,settlement_drift,exact_match,1,none,exact,0,0,INT-LIVE-001224,SET-LIVE-001224
LBL-LIVE-001225,live,settlement_drift,processing_fee,1,processor_fee,amount_tolerance,2,0,INT-LIVE-001225,SET-LIVE-001225
LBL-LIVE-001226,live,settlement_drift,processing_fee,1,processor_fee,amount_tolerance,5,0,INT-LIVE-001226,SET-LIVE-001226
LBL-LIVE-001227,live,settlement_drift,processing_fee,1,processor_fee,amount_tolerance,3,0,INT-LIVE-001227,SET-LIVE-001227
LBL-LIVE-001228,live,settlement_drift,exact_match,1,none,exact,0,0,INT-LIVE-001228,SET-LIVE-001228
LBL-LIVE-001229,live,settlement_drift,processing_fee,1,processor_fee,amount_tolerance,3,0,INT-LIVE-001229,SET-LIVE-001229
LBL-LIVE-001230,live,settlement_drift,exact_match,1,none,exact,0,0,INT-LIVE-001230,SET-LIVE-001230
LBL-LIVE-001231,live,settlement_drift,rounding_difference,1,rounding,amount_tolerance,0,0,INT-LIVE-001231,SET-LIVE-001231
LBL-LIVE-001232,live,settlement_drift,settlement_delay,1,t_plus_delay,date_tolerance,0,1,INT-LIVE-001232,SET-LIVE-001232
LBL-LIVE-001233,live,settlement_drift,processing_fee,1,processor_fee,amount_tolerance,2,0,INT-LIVE-001233,SET-LIVE-001233
LBL-LIVE-001234,live,settlement_drift,exact_match,1,none,exact,0,0,INT-LIVE-001234,SET-LIVE-001234
LBL-LIVE-001235,live,settlement_drift,processing_fee,1,processor_fee,amount_tolerance,1,0,INT-LIVE-001235,SET-LIVE-001235
LBL-LIVE-001236,live,settlement_drift,processing_fee,1,processor_fee,amount_tolerance,1,0,INT-LIVE-001236,SET-LIVE-001236
LBL-LIVE-001237,live,settlement_drift,exact_match,1,none,exact,0,0,INT-LIVE-001237,SET-LIVE-001237
LBL-LIVE-001238,live,settlement_drift,exact_match,1,none,exact,0,0,INT-LIVE-001238,SET-LIVE-001238
LBL-LIVE-001239,live,settlement_drift,settlement_delay,1,t_plus_delay,date_tolerance,0,1,INT-LIVE-001239,SET-LIVE-001239
LBL-LIVE-001240,live,settlement_drift,processing_fee,1,processor_fee,amount_tolerance,5,0,INT-LIVE-001240,SET-LIVE-001240
LBL-LIVE-001241,live,settlement_drift,settlement_delay,1,t_plus_delay,date_tolerance,0,1,INT-LIVE-001241,SET-LIVE-001241
LBL-LIVE-001242,live,settlement_drift,settlement_delay,1,t_plus_delay,date_tolerance,0,1,INT-LIVE-001242,SET-LIVE-001242
LBL-LIVE-001243,live,settlement_drift,settlement_delay,1,t_plus_delay,date_tolerance,0,1,INT-LIVE-001243,SET-LIVE-001243
LBL-LIVE-001244,live,settlement_drift,exact_match,1,none,exact,0,0,INT-LIVE-001244,SET-LIVE-001244
LBL-LIVE-001245,live,settlement_drift,exact_match,1,none,exact,0,0,INT-LIVE-001245,SET-LIVE-001245
LBL-LIVE-001246,live,settlement_drift,settlement_delay,1,t_plus_delay,date_tolerance,0,1,INT-LIVE-001246,SET-LIVE-001246
LBL-LIVE-001247,live,settlement_drift,reference_format,1,reference_normalization,reference_normalization,0,0,INT-LIVE-001247,SET-LIVE-001247
LBL-LIVE-001248,live,settlement_drift,exact_match,1,none,exact,0,0,INT-LIVE-001248,SET-LIVE-001248
LBL-LIVE-001249,live,settlement_drift,exact_match,1,none,exact,0,0,INT-LIVE-001249,SET-LIVE-001249
LBL-LIVE-001250,live,settlement_drift,exact_match,1,none,exact,0,0,INT-LIVE-001250,SET-LIVE-001250
LBL-LIVE-001251,live,settlement_drift,exact_match,1,none,exact,0,0,INT-LIVE-001251,SET-LIVE-001251
LBL-LIVE-001252,live,settlement_drift,exact_match,1,none,exact,0,0,INT-LIVE-001252,SET-LIVE-001252
LBL-LIVE-001253,live,settlement_drift,exact_match,1,none,exact,0,0,INT-LIVE-001253,SET-LIVE-001253
LBL-LIVE-001254,live,settlement_drift,processing_fee,1,processor_fee,amount_tolerance,5,0,INT-LIVE-001254,SET-LIVE-001254
LBL-LIVE-001255,live,settlement_drift,exact_match,1,none,exact,0,0,INT-LIVE-001255,SET-LIVE-001255
LBL-LIVE-001256,live,settlement_drift,exact_match,1,none,exact,0,0,INT-LIVE-001256,SET-LIVE-001256
LBL-LIVE-001257,live,settlement_drift,exact_match,1,none,exact,0,0,INT-LIVE-001257,SET-LIVE-001257
LBL-LIVE-001258,live,settlement_drift,exact_match,1,none,exact,0,0,INT-LIVE-001258,SET-LIVE-001258
LBL-LIVE-001259,live,settlement_drift,processing_fee,1,processor_fee,amount_tolerance,1,0,INT-LIVE-001259,SET-LIVE-001259
LBL-LIVE-001260,live,settlement_drift,settlement_delay,1,t_plus_delay,date_tolerance,0,1,INT-LIVE-001260,SET-LIVE-001260
LBL-LIVE-001261,live,settlement_drift,reference_format,1,reference_normalization,reference_normalization,0,0,INT-LIVE-001261,SET-LIVE-001261
LBL-LIVE-001262,live,settlement_drift,exact_match,1,none,exact,0,0,INT-LIVE-001262,SET-LIVE-001262
LBL-LIVE-001263,live,settlement_drift,settlement_delay,1,t_plus_delay,date_tolerance,0,1,INT-LIVE-001263,SET-LIVE-001263
LBL-LIVE-001264,live,settlement_drift,exact_match,1,none,exact,0,0,INT-LIVE-001264,SET-LIVE-001264
LBL-LIVE-001265,live,settlement_drift,exact_match,1,none,exact,0,0,INT-LIVE-001265,SET-LIVE-001265
LBL-LIVE-001266,live,settlement_drift,exact_match,1,none,exact,0,0,INT-LIVE-001266,SET-LIVE-001266
LBL-LIVE-001267,live,settlement_drift,exact_match,1,none,exact,0,0,INT-LIVE-001267,SET-LIVE-001267
LBL-LIVE-001268,live,settlement_drift,exact_match,1,none,exact,0,0,INT-LIVE-001268,SET-LIVE-001268
LBL-LIVE-001269,live,settlement_drift,reference_format,1,reference_normalization,reference_normalization,0,0,INT-LIVE-001269,SET-LIVE-001269
LBL-LIVE-001270,live,settlement_drift,exact_match,1,none,exact,0,0,INT-LIVE-001270,SET-LIVE-001270
LBL-LIVE-001271,live,settlement_drift,processing_fee,1,processor_fee,amount_tolerance,1,0,INT-LIVE-001271,SET-LIVE-001271
LBL-LIVE-001272,live,settlement_drift,exact_match,1,none,exact,0,0,INT-LIVE-001272,SET-LIVE-001272
LBL-LIVE-001273,live,settlement_drift,settlement_delay,1,t_plus_delay,date_tolerance,0,1,INT-LIVE-001273,SET-LIVE-001273
LBL-LIVE-001274,live,settlement_drift,exact_match,1,none,exact,0,0,INT-LIVE-001274,SET-LIVE-001274
LBL-LIVE-001275,live,settlement_drift,settlement_delay,1,t_plus_delay,date_tolerance,0,1,INT-LIVE-001275,SET-LIVE-001275
LBL-LIVE-001276,live,settlement_drift,exact_match,1,none,exact,0,0,INT-LIVE-001276,SET-LIVE-001276
LBL-LIVE-001277,live,settlement_drift,exact_match,1,none,exact,0,0,INT-LIVE-001277,SET-LIVE-001277
LBL-LIVE-001278,live,settlement_drift,exact_match,1,none,exact,0,0,INT-LIVE-001278,SET-LIVE-001278
LBL-LIVE-001279,live,settlement_drift,rounding_difference,1,rounding,amount_tolerance,0,0,INT-LIVE-001279,SET-LIVE-001279
LBL-LIVE-001280,live,settlement_drift,settlement_delay,1,t_plus_delay,date_tolerance,0,1,INT-LIVE-001280,SET-LIVE-001280
LBL-LIVE-001281,live,settlement_drift,exact_match,1,none,exact,0,0,INT-LIVE-001281,SET-LIVE-001281
LBL-LIVE-001282,live,settlement_drift,reference_format,1,reference_normalization,reference_normalization,0,0,INT-LIVE-001282,SET-LIVE-001282
LBL-LIVE-001283,live,settlement_drift,exact_match,1,none,exact,0,0,INT-LIVE-001283,SET-LIVE-001283
LBL-LIVE-001284,live,settlement_drift,exact_match,1,none,exact,0,0,INT-LIVE-001284,SET-LIVE-001284
LBL-LIVE-001285,live,settlement_drift,exact_match,1,none,exact,0,0,INT-LIVE-001285,SET-LIVE-001285
LBL-LIVE-001286,live,settlement_drift,settlement_delay,1,t_plus_delay,date_tolerance,0,1,INT-LIVE-001286,SET-LIVE-001286
LBL-LIVE-001287,live,settlement_drift,settlement_delay,1,t_plus_delay,date_tolerance,0,1,INT-LIVE-001287,SET-LIVE-001287
LBL-LIVE-001288,live,settlement_drift,exact_match,1,none,exact,0,0,INT-LIVE-001288,SET-LIVE-001288
LBL-LIVE-001289,live,settlement_drift,processing_fee,1,processor_fee,amount_tolerance,3,0,INT-LIVE-001289,SET-LIVE-001289
LBL-LIVE-001290,live,settlement_drift,exact_match,1,none,exact,0,0,INT-LIVE-001290,SET-LIVE-001290
LBL-LIVE-001291,live,settlement_drift,exact_match,1,none,exact,0,0,INT-LIVE-001291,SET-LIVE-001291
LBL-LIVE-001292,live,settlement_drift,settlement_delay,1,t_plus_delay,date_tolerance,0,1,INT-LIVE-001292,SET-LIVE-001292
LBL-LIVE-001293,live,settlement_drift,exact_match,1,none,exact,0,0,INT-LIVE-001293,SET-LIVE-001293
LBL-LIVE-001294,live,settlement_drift,processing_fee,1,processor_fee,amount_tolerance,5,0,INT-LIVE-001294,SET-LIVE-001294
LBL-LIVE-001295,live,settlement_drift,exact_match,1,none,exact,0,0,INT-LIVE-001295,SET-LIVE-001295
LBL-LIVE-001296,live,settlement_drift,processing_fee,1,processor_fee,amount_tolerance,3,0,INT-LIVE-001296,SET-LIVE-001296
LBL-LIVE-001297,live,settlement_drift,exact_match,1,none,exact,0,0,INT-LIVE-001297,SET-LIVE-001297
LBL-LIVE-001298,live,settlement_drift,processing_fee,1,processor_fee,amount_tolerance,3,0,INT-LIVE-001298,SET-LIVE-001298
LBL-LIVE-001299,live,settlement_drift,exact_match,1,none,exact,0,0,INT-LIVE-001299,SET-LIVE-001299
LBL-LIVE-001300,live,settlement_drift,processing_fee,1,processor_fee,amount_tolerance,3,0,INT-LIVE-001300,SET-LIVE-001300
LBL-LIVE-001301,live,settlement_drift,exact_match,1,none,exact,0,0,INT-LIVE-001301,SET-LIVE-001301
LBL-LIVE-001302,live,settlement_drift,settlement_delay,1,t_plus_delay,date_tolerance,0,1,INT-LIVE-001302,SET-LIVE-001302
LBL-LIVE-001303,live,settlement_drift,exact_match,1,none,exact,0,0,INT-LIVE-001303,SET-LIVE-001303
LBL-LIVE-001304,live,settlement_drift,settlement_delay,1,t_plus_delay,date_tolerance,0,1,INT-LIVE-001304,SET-LIVE-001304
LBL-LIVE-001305,live,settlement_drift,exact_match,1,none,exact,0,0,INT-LIVE-001305,SET-LIVE-001305
LBL-LIVE-001306,live,settlement_drift,settlement_delay,1,t_plus_delay,date_tolerance,0,1,INT-LIVE-001306,SET-LIVE-001306
LBL-LIVE-001307,live,settlement_drift,exact_match,1,none,exact,0,0,INT-LIVE-001307,SET-LIVE-001307
LBL-LIVE-001308,live,settlement_drift,settlement_delay,1,t_plus_delay,date_tolerance,0,1,INT-LIVE-001308,SET-LIVE-001308
LBL-LIVE-001309,live,settlement_drift,exact_match,1,none,exact,0,0,INT-LIVE-001309,SET-LIVE-001309
LBL-LIVE-001310,live,settlement_drift,exact_match,1,none,exact,0,0,INT-LIVE-001310,SET-LIVE-001310
LBL-LIVE-001311,live,settlement_drift,exact_match,1,none,exact,0,0,INT-LIVE-001311,SET-LIVE-001311
LBL-LIVE-001312,live,settlement_drift,exact_match,1,none,exact,0,0,INT-LIVE-001312,SET-LIVE-001312
LBL-LIVE-001313,live,settlement_drift,exact_match,1,none,exact,0,0,INT-LIVE-001313,SET-LIVE-001313
LBL-LIVE-001314,live,settlement_drift,true_amount_mismatch,0,true_amount_mismatch,do_not_match,0,0,INT-LIVE-001314,SET-LIVE-001314
LBL-LIVE-001315,live,settlement_drift,processing_fee,1,processor_fee,amount_tolerance,5,0,INT-LIVE-001315,SET-LIVE-001315
LBL-LIVE-001316,live,settlement_drift,rounding_difference,1,rounding,amount_tolerance,0,0,INT-LIVE-001316,SET-LIVE-001316
LBL-LIVE-001317,live,settlement_drift,currency_mismatch,0,currency_mismatch,do_not_match,0,0,INT-LIVE-001317,SET-LIVE-001317
LBL-LIVE-001318,live,settlement_drift,exact_match,1,none,exact,0,0,INT-LIVE-001318,SET-LIVE-001318
LBL-LIVE-001319,live,settlement_drift,exact_match,1,none,exact,0,0,INT-LIVE-001319,SET-LIVE-001319
LBL-LIVE-001320,live,settlement_drift,exact_match,1,none,exact,0,0,INT-LIVE-001320,SET-LIVE-001320
LBL-LIVE-001321,live,settlement_drift,exact_match,1,none,exact,0,0,INT-LIVE-001321,SET-LIVE-001321
LBL-LIVE-001322,live,settlement_drift,rounding_difference,1,rounding,amount_tolerance,0,0,INT-LIVE-001322,SET-LIVE-001322
LBL-LIVE-001323,live,settlement_drift,currency_mismatch,0,currency_mismatch,do_not_match,0,0,INT-LIVE-001323,SET-LIVE-001323
LBL-LIVE-001324,live,settlement_drift,exact_match,1,none,exact,0,0,INT-LIVE-001324,SET-LIVE-001324
LBL-LIVE-001325,live,settlement_drift,exact_match,1,none,exact,0,0,INT-LIVE-001325,SET-LIVE-001325
LBL-LIVE-001326,live,settlement_drift,exact_match,1,none,exact,0,0,INT-LIVE-001326,SET-LIVE-001326
LBL-LIVE-001327,live,settlement_drift,processing_fee,1,processor_fee,amount_tolerance,2,0,INT-LIVE-001327,SET-LIVE-001327
LBL-LIVE-001328,live,settlement_drift,reference_format,1,reference_normalization,reference_normalization,0,0,INT-LIVE-001328,SET-LIVE-001328
LBL-LIVE-001329,live,settlement_drift,exact_match,1,none,exact,0,0,INT-LIVE-001329,SET-LIVE-001329
LBL-LIVE-001330,live,settlement_drift,exact_match,1,none,exact,0,0,INT-LIVE-001330,SET-LIVE-001330
LBL-LIVE-001331,live,settlement_drift,reference_format,1,reference_normalization,reference_normalization,0,0,INT-LIVE-001331,SET-LIVE-001331
LBL-LIVE-001332,live,settlement_drift,exact_match,1,none,exact,0,0,INT-LIVE-001332,SET-LIVE-001332
LBL-LIVE-001333,live,settlement_drift,exact_match,1,none,exact,0,0,INT-LIVE-001333,SET-LIVE-001333
LBL-LIVE-001334,live,settlement_drift,exact_match,1,none,exact,0,0,INT-LIVE-001334,SET-LIVE-001334
LBL-LIVE-001335,live,settlement_drift,currency_mismatch,0,currency_mismatch,do_not_match,0,0,INT-LIVE-001335,SET-LIVE-001335
LBL-LIVE-001336,live,settlement_drift,exact_match,1,none,exact,0,0,INT-LIVE-001336,SET-LIVE-001336
LBL-LIVE-001337,live,settlement_drift,exact_match,1,none,exact,0,0,INT-LIVE-001337,SET-LIVE-001337
LBL-LIVE-001338,live,settlement_drift,reference_format,1,reference_normalization,reference_normalization,0,0,INT-LIVE-001338,SET-LIVE-001338
LBL-LIVE-001339,live,settlement_drift,exact_match,1,none,exact,0,0,INT-LIVE-001339,SET-LIVE-001339
LBL-LIVE-001340,live,settlement_drift,reference_format,1,reference_normalization,reference_normalization,0,0,INT-LIVE-001340,SET-LIVE-001340
LBL-LIVE-001341,live,settlement_drift,reference_format,1,reference_normalization,reference_normalization,0,0,INT-LIVE-001341,SET-LIVE-001341
LBL-LIVE-001342,live,settlement_drift,processing_fee,1,processor_fee,amount_tolerance,3,0,INT-LIVE-001342,SET-LIVE-001342
LBL-LIVE-001343,live,settlement_drift,exact_match,1,none,exact,0,0,INT-LIVE-001343,SET-LIVE-001343
LBL-LIVE-001344,live,settlement_drift,settlement_delay,1,t_plus_delay,date_tolerance,0,1,INT-LIVE-001344,SET-LIVE-001344
LBL-LIVE-001345,live,settlement_drift,true_amount_mismatch,0,true_amount_mismatch,do_not_match,0,0,INT-LIVE-001345,SET-LIVE-001345
LBL-LIVE-001346,live,settlement_drift,exact_match,1,none,exact,0,0,INT-LIVE-001346,SET-LIVE-001346
LBL-LIVE-001347,live,settlement_drift,exact_match,1,none,exact,0,0,INT-LIVE-001347,SET-LIVE-001347
LBL-LIVE-001348,live,settlement_drift,exact_match,1,none,exact,0,0,INT-LIVE-001348,SET-LIVE-001348
LBL-LIVE-001349,live,settlement_drift,exact_match,1,none,exact,0,0,INT-LIVE-001349,SET-LIVE-001349
LBL-LIVE-001350,live,settlement_drift,exact_match,1,none,exact,0,0,INT-LIVE-001350,SET-LIVE-001350
LBL-LIVE-001351,live,settlement_drift,settlement_delay,1,t_plus_delay,date_tolerance,0,1,INT-LIVE-001351,SET-LIVE-001351
LBL-LIVE-001352,live,settlement_drift,exact_match,1,none,exact,0,0,INT-LIVE-001352,SET-LIVE-001352
LBL-LIVE-001353,live,settlement_drift,exact_match,1,none,exact,0,0,INT-LIVE-001353,SET-LIVE-001353
LBL-LIVE-001354,live,settlement_drift,settlement_delay,1,t_plus_delay,date_tolerance,0,1,INT-LIVE-001354,SET-LIVE-001354
LBL-LIVE-001355,live,settlement_drift,exact_match,1,none,exact,0,0,INT-LIVE-001355,SET-LIVE-001355
LBL-LIVE-001356,live,settlement_drift,reference_format,1,reference_normalization,reference_normalization,0,0,INT-LIVE-001356,SET-LIVE-001356
LBL-LIVE-001357,live,settlement_drift,reference_format,1,reference_normalization,reference_normalization,0,0,INT-LIVE-001357,SET-LIVE-001357
LBL-LIVE-001358,live,settlement_drift,exact_match,1,none,exact,0,0,INT-LIVE-001358,SET-LIVE-001358
LBL-LIVE-001359,live,settlement_drift,processing_fee,1,processor_fee,amount_tolerance,3,0,INT-LIVE-001359,SET-LIVE-001359
LBL-LIVE-001360,live,settlement_drift,settlement_delay,1,t_plus_delay,date_tolerance,0,1,INT-LIVE-001360,SET-LIVE-001360
LBL-LIVE-001361,live,settlement_drift,processing_fee,1,processor_fee,amount_tolerance,1,0,INT-LIVE-001361,SET-LIVE-001361
LBL-LIVE-001362,live,settlement_drift,processing_fee,1,processor_fee,amount_tolerance,1,0,INT-LIVE-001362,SET-LIVE-001362
LBL-LIVE-001363,live,settlement_drift,exact_match,1,none,exact,0,0,INT-LIVE-001363,SET-LIVE-001363
LBL-LIVE-001364,live,settlement_drift,exact_match,1,none,exact,0,0,INT-LIVE-001364,SET-LIVE-001364
LBL-LIVE-001365,live,settlement_drift,settlement_delay,1,t_plus_delay,date_tolerance,0,1,INT-LIVE-001365,SET-LIVE-001365
LBL-LIVE-001366,live,settlement_drift,exact_match,1,none,exact,0,0,INT-LIVE-001366,SET-LIVE-001366
LBL-LIVE-001367,live,settlement_drift,exact_match,1,none,exact,0,0,INT-LIVE-001367,SET-LIVE-001367
LBL-LIVE-001368,live,settlement_drift,settlement_delay,1,t_plus_delay,date_tolerance,0,1,INT-LIVE-001368,SET-LIVE-001368
LBL-LIVE-001369,live,settlement_drift,processing_fee,1,processor_fee,amount_tolerance,5,0,INT-LIVE-001369,SET-LIVE-001369
LBL-LIVE-001370,live,settlement_drift,processing_fee,1,processor_fee,amount_tolerance,5,0,INT-LIVE-001370,SET-LIVE-001370
LBL-LIVE-001371,live,settlement_drift,exact_match,1,none,exact,0,0,INT-LIVE-001371,SET-LIVE-001371
LBL-LIVE-001372,live,settlement_drift,rounding_difference,1,rounding,amount_tolerance,0,0,INT-LIVE-001372,SET-LIVE-001372
LBL-LIVE-001373,live,settlement_drift,exact_match,1,none,exact,0,0,INT-LIVE-001373,SET-LIVE-001373
LBL-LIVE-001374,live,settlement_drift,exact_match,1,none,exact,0,0,INT-LIVE-001374,SET-LIVE-001374
LBL-LIVE-001375,live,settlement_drift,exact_match,1,none,exact,0,0,INT-LIVE-001375,SET-LIVE-001375
LBL-LIVE-001376,live,settlement_drift,exact_match,1,none,exact,0,0,INT-LIVE-001376,SET-LIVE-001376
LBL-LIVE-001377,live,settlement_drift,rounding_difference,1,rounding,amount_tolerance,0,0,INT-LIVE-001377,SET-LIVE-001377
LBL-LIVE-001378,live,settlement_drift,reference_format,1,reference_normalization,reference_normalization,0,0,INT-LIVE-001378,SET-LIVE-001378
LBL-LIVE-001379,live,settlement_drift,exact_match,1,none,exact,0,0,INT-LIVE-001379,SET-LIVE-001379
LBL-LIVE-001380,live,settlement_drift,true_amount_mismatch,0,true_amount_mismatch,do_not_match,0,0,INT-LIVE-001380,SET-LIVE-001380
LBL-LIVE-001381,live,settlement_drift,reference_format,1,reference_normalization,reference_normalization,0,0,INT-LIVE-001381,SET-LIVE-001381
LBL-LIVE-001382,live,settlement_drift,exact_match,1,none,exact,0,0,INT-LIVE-001382,SET-LIVE-001382
LBL-LIVE-001383,live,settlement_drift,exact_match,1,none,exact,0,0,INT-LIVE-001383,SET-LIVE-001383
LBL-LIVE-001384,live,settlement_drift,settlement_delay,1,t_plus_delay,date_tolerance,0,1,INT-LIVE-001384,SET-LIVE-001384
LBL-LIVE-001385,live,settlement_drift,settlement_delay,1,t_plus_delay,date_tolerance,0,1,INT-LIVE-001385,SET-LIVE-001385
LBL-LIVE-001386,live,settlement_drift,exact_match,1,none,exact,0,0,INT-LIVE-001386,SET-LIVE-001386
LBL-LIVE-001387,live,settlement_drift,rounding_difference,1,rounding,amount_tolerance,0,0,INT-LIVE-001387,SET-LIVE-001387
LBL-LIVE-001388,live,settlement_drift,exact_match,1,none,exact,0,0,INT-LIVE-001388,SET-LIVE-001388
LBL-LIVE-001389,live,settlement_drift,exact_match,1,none,exact,0,0,INT-LIVE-001389,SET-LIVE-001389
LBL-LIVE-001390,live,settlement_drift,exact_match,1,none,exact,0,0,INT-LIVE-001390,SET-LIVE-001390
LBL-LIVE-001391,live,settlement_drift,exact_match,1,none,exact,0,0,INT-LIVE-001391,SET-LIVE-001391
LBL-LIVE-001392,live,settlement_drift,settlement_delay,1,t_plus_delay,date_tolerance,0,1,INT-LIVE-001392,SET-LIVE-001392
LBL-LIVE-001393,live,settlement_drift,exact_match,1,none,exact,0,0,INT-LIVE-001393,SET-LIVE-001393
LBL-LIVE-001394,live,settlement_drift,exact_match,1,none,exact,0,0,INT-LIVE-001394,SET-LIVE-001394
LBL-LIVE-001395,live,settlement_drift,processing_fee,1,processor_fee,amount_tolerance,1,0,INT-LIVE-001395,SET-LIVE-001395
LBL-LIVE-001396,live,settlement_drift,settlement_delay,1,t_plus_delay,date_tolerance,0,1,INT-LIVE-001396,SET-LIVE-001396
LBL-LIVE-001397,live,settlement_drift,exact_match,1,none,exact,0,0,INT-LIVE-001397,SET-LIVE-001397
LBL-LIVE-001398,live,settlement_drift,processing_fee,1,processor_fee,amount_tolerance,3,0,INT-LIVE-001398,SET-LIVE-001398
LBL-LIVE-001399,live,settlement_drift,exact_match,1,none,exact,0,0,INT-LIVE-001399,SET-LIVE-001399
LBL-LIVE-001400,live,settlement_drift,exact_match,1,none,exact,0,0,INT-LIVE-001400,SET-LIVE-001400
LBL-LIVE-001401,live,settlement_drift,reference_format,1,reference_normalization,reference_normalization,0,0,INT-LIVE-001401,SET-LIVE-001401
LBL-LIVE-001402,live,settlement_drift,true_amount_mismatch,0,true_amount_mismatch,do_not_match,0,0,INT-LIVE-001402,SET-LIVE-001402
LBL-LIVE-001403,live,settlement_drift,processing_fee,1,processor_fee,amount_tolerance,5,0,INT-LIVE-001403,SET-LIVE-001403
LBL-LIVE-001404,live,settlement_drift,settlement_delay,1,t_plus_delay,date_tolerance,0,1,INT-LIVE-001404,SET-LIVE-001404
LBL-LIVE-001405,live,settlement_drift,exact_match,1,none,exact,0,0,INT-LIVE-001405,SET-LIVE-001405
LBL-LIVE-001406,live,settlement_drift,exact_match,1,none,exact,0,0,INT-LIVE-001406,SET-LIVE-001406
LBL-LIVE-001407,live,settlement_drift,exact_match,1,none,exact,0,0,INT-LIVE-001407,SET-LIVE-001407
LBL-LIVE-001408,live,settlement_drift,true_amount_mismatch,0,true_amount_mismatch,do_not_match,0,0,INT-LIVE-001408,SET-LIVE-001408
LBL-LIVE-001409,live,settlement_drift,true_amount_mismatch,0,true_amount_mismatch,do_not_match,0,0,INT-LIVE-001409,SET-LIVE-001409
LBL-LIVE-001410,live,settlement_drift,settlement_delay,1,t_plus_delay,date_tolerance,0,1,INT-LIVE-001410,SET-LIVE-001410
LBL-LIVE-001411,live,settlement_drift,exact_match,1,none,exact,0,0,INT-LIVE-001411,SET-LIVE-001411
LBL-LIVE-001412,live,settlement_drift,exact_match,1,none,exact,0,0,INT-LIVE-001412,SET-LIVE-001412
LBL-LIVE-001413,live,settlement_drift,processing_fee,1,processor_fee,amount_tolerance,2,0,INT-LIVE-001413,SET-LIVE-001413
LBL-LIVE-001414,live,settlement_drift,exact_match,1,none,exact,0,0,INT-LIVE-001414,SET-LIVE-001414
LBL-LIVE-001415,live,settlement_drift,exact_match,1,none,exact,0,0,INT-LIVE-001415,SET-LIVE-001415
LBL-LIVE-001416,live,settlement_drift,settlement_delay,1,t_plus_delay,date_tolerance,0,1,INT-LIVE-001416,SET-LIVE-001416
LBL-LIVE-001417,live,settlement_drift,rounding_difference,1,rounding,amount_tolerance,0,0,INT-LIVE-001417,SET-LIVE-001417
LBL-LIVE-001418,live,settlement_drift,exact_match,1,none,exact,0,0,INT-LIVE-001418,SET-LIVE-001418
LBL-LIVE-001419,live,settlement_drift,exact_match,1,none,exact,0,0,INT-LIVE-001419,SET-LIVE-001419
LBL-LIVE-001420,live,settlement_drift,exact_match,1,none,exact,0,0,INT-LIVE-001420,SET-LIVE-001420
LBL-LIVE-001421,live,settlement_drift,settlement_delay,1,t_plus_delay,date_tolerance,0,1,INT-LIVE-001421,SET-LIVE-001421
LBL-LIVE-001422,live,settlement_drift,exact_match,1,none,exact,0,0,INT-LIVE-001422,SET-LIVE-001422
LBL-LIVE-001423,live,settlement_drift,settlement_delay,1,t_plus_delay,date_tolerance,0,1,INT-LIVE-001423,SET-LIVE-001423
LBL-LIVE-001424,live,settlement_drift,settlement_delay,1,t_plus_delay,date_tolerance,0,1,INT-LIVE-001424,SET-LIVE-001424
LBL-LIVE-001425,live,settlement_drift,exact_match,1,none,exact,0,0,INT-LIVE-001425,SET-LIVE-001425
LBL-LIVE-001426,live,settlement_drift,settlement_delay,1,t_plus_delay,date_tolerance,0,1,INT-LIVE-001426,SET-LIVE-001426
LBL-LIVE-001427,live,settlement_drift,processing_fee,1,processor_fee,amount_tolerance,5,0,INT-LIVE-001427,SET-LIVE-001427
LBL-LIVE-001428,live,settlement_drift,true_amount_mismatch,0,true_amount_mismatch,do_not_match,0,0,INT-LIVE-001428,SET-LIVE-001428
LBL-LIVE-001429,live,settlement_drift,processing_fee,1,processor_fee,amount_tolerance,2,0,INT-LIVE-001429,SET-LIVE-001429
LBL-LIVE-001430,live,settlement_drift,exact_match,1,none,exact,0,0,INT-LIVE-001430,SET-LIVE-001430
LBL-LIVE-001431,live,settlement_drift,reference_format,1,reference_normalization,reference_normalization,0,0,INT-LIVE-001431,SET-LIVE-001431
LBL-LIVE-001432,live,settlement_drift,true_amount_mismatch,0,true_amount_mismatch,do_not_match,0,0,INT-LIVE-001432,SET-LIVE-001432
LBL-LIVE-001433,live,settlement_drift,exact_match,1,none,exact,0,0,INT-LIVE-001433,SET-LIVE-001433
LBL-LIVE-001434,live,settlement_drift,processing_fee,1,processor_fee,amount_tolerance,2,0,INT-LIVE-001434,SET-LIVE-001434
LBL-LIVE-001435,live,settlement_drift,reference_format,1,reference_normalization,reference_normalization,0,0,INT-LIVE-001435,SET-LIVE-001435
LBL-LIVE-001436,live,settlement_drift,exact_match,1,none,exact,0,0,INT-LIVE-001436,SET-LIVE-001436
LBL-LIVE-001437,live,settlement_drift,settlement_delay,1,t_plus_delay,date_tolerance,0,1,INT-LIVE-001437,SET-LIVE-001437
LBL-LIVE-001438,live,settlement_drift,settlement_delay,1,t_plus_delay,date_tolerance,0,1,INT-LIVE-001438,SET-LIVE-001438
LBL-LIVE-001439,live,settlement_drift,settlement_delay,1,t_plus_delay,date_tolerance,0,1,INT-LIVE-001439,SET-LIVE-001439
LBL-LIVE-001440,live,settlement_drift,settlement_delay,1,t_plus_delay,date_tolerance,0,1,INT-LIVE-001440,SET-LIVE-001440
LBL-LIVE-001441,live,settlement_drift,exact_match,1,none,exact,0,0,INT-LIVE-001441,SET-LIVE-001441
LBL-LIVE-001442,live,settlement_drift,exact_match,1,none,exact,0,0,INT-LIVE-001442,SET-LIVE-001442
LBL-LIVE-001443,live,settlement_drift,exact_match,1,none,exact,0,0,INT-LIVE-001443,SET-LIVE-001443
LBL-LIVE-001444,live,settlement_drift,settlement_delay,1,t_plus_delay,date_tolerance,0,1,INT-LIVE-001444,SET-LIVE-001444
LBL-LIVE-001445,live,settlement_drift,exact_match,1,none,exact,0,0,INT-LIVE-001445,SET-LIVE-001445
LBL-LIVE-001446,live,settlement_drift,exact_match,1,none,exact,0,0,INT-LIVE-001446,SET-LIVE-001446
LBL-LIVE-001447,live,settlement_drift,reference_format,1,reference_normalization,reference_normalization,0,0,INT-LIVE-001447,SET-LIVE-001447
LBL-LIVE-001448,live,settlement_drift,exact_match,1,none,exact,0,0,INT-LIVE-001448,SET-LIVE-001448
LBL-LIVE-001449,live,settlement_drift,settlement_delay,1,t_plus_delay,date_tolerance,0,1,INT-LIVE-001449,SET-LIVE-001449
LBL-LIVE-001450,live,settlement_drift,settlement_delay,1,t_plus_delay,date_tolerance,0,1,INT-LIVE-001450,SET-LIVE-001450
LBL-LIVE-001451,live,settlement_drift,exact_match,1,none,exact,0,0,INT-LIVE-001451,SET-LIVE-001451
LBL-LIVE-001452,live,settlement_drift,true_amount_mismatch,0,true_amount_mismatch,do_not_match,0,0,INT-LIVE-001452,SET-LIVE-001452
LBL-LIVE-001453,live,settlement_drift,exact_match,1,none,exact,0,0,INT-LIVE-001453,SET-LIVE-001453
LBL-LIVE-001454,live,settlement_drift,processing_fee,1,processor_fee,amount_tolerance,1,0,INT-LIVE-001454,SET-LIVE-001454
LBL-LIVE-001455,live,settlement_drift,settlement_delay,1,t_plus_delay,date_tolerance,0,1,INT-LIVE-001455,SET-LIVE-001455
LBL-LIVE-001456,live,settlement_drift,settlement_delay,1,t_plus_delay,date_tolerance,0,1,INT-LIVE-001456,SET-LIVE-001456
LBL-LIVE-001457,live,settlement_drift,processing_fee,1,processor_fee,amount_tolerance,3,0,INT-LIVE-001457,SET-LIVE-001457
LBL-LIVE-001458,live,settlement_drift,rounding_difference,1,rounding,amount_tolerance,0,0,INT-LIVE-001458,SET-LIVE-001458
LBL-LIVE-001459,live,settlement_drift,exact_match,1,none,exact,0,0,INT-LIVE-001459,SET-LIVE-001459
LBL-LIVE-001460,live,settlement_drift,exact_match,1,none,exact,0,0,INT-LIVE-001460,SET-LIVE-001460
LBL-LIVE-001461,live,settlement_drift,exact_match,1,none,exact,0,0,INT-LIVE-001461,SET-LIVE-001461
LBL-LIVE-001462,live,settlement_drift,processing_fee,1,processor_fee,amount_tolerance,5,0,INT-LIVE-001462,SET-LIVE-001462
LBL-LIVE-001463,live,settlement_drift,exact_match,1,none,exact,0,0,INT-LIVE-001463,SET-LIVE-001463
LBL-LIVE-001464,live,settlement_drift,exact_match,1,none,exact,0,0,INT-LIVE-001464,SET-LIVE-001464
LBL-LIVE-001465,live,settlement_drift,exact_match,1,none,exact,0,0,INT-LIVE-001465,SET-LIVE-001465
LBL-LIVE-001466,live,settlement_drift,exact_match,1,none,exact,0,0,INT-LIVE-001466,SET-LIVE-001466
LBL-LIVE-001467,live,settlement_drift,exact_match,1,none,exact,0,0,INT-LIVE-001467,SET-LIVE-001467
LBL-LIVE-001468,live,settlement_drift,processing_fee,1,processor_fee,amount_tolerance,2,0,INT-LIVE-001468,SET-LIVE-001468
LBL-LIVE-001469,live,settlement_drift,exact_match,1,none,exact,0,0,INT-LIVE-001469,SET-LIVE-001469
LBL-LIVE-001470,live,settlement_drift,exact_match,1,none,exact,0,0,INT-LIVE-001470,SET-LIVE-001470
LBL-LIVE-001471,live,settlement_drift,processing_fee,1,processor_fee,amount_tolerance,5,0,INT-LIVE-001471,SET-LIVE-001471
LBL-LIVE-001472,live,settlement_drift,exact_match,1,none,exact,0,0,INT-LIVE-001472,SET-LIVE-001472
LBL-LIVE-001473,live,settlement_drift,rounding_difference,1,rounding,amount_tolerance,0,0,INT-LIVE-001473,SET-LIVE-001473
LBL-LIVE-001474,live,settlement_drift,exact_match,1,none,exact,0,0,INT-LIVE-001474,SET-LIVE-001474
LBL-LIVE-001475,live,settlement_drift,exact_match,1,none,exact,0,0,INT-LIVE-001475,SET-LIVE-001475
LBL-LIVE-001476,live,settlement_drift,processing_fee,1,processor_fee,amount_tolerance,2,0,INT-LIVE-001476,SET-LIVE-001476
LBL-LIVE-001477,live,settlement_drift,exact_match,1,none,exact,0,0,INT-LIVE-001477,SET-LIVE-001477
LBL-LIVE-001478,live,settlement_drift,exact_match,1,none,exact,0,0,INT-LIVE-001478,SET-LIVE-001478
LBL-LIVE-001479,live,settlement_drift,exact_match,1,none,exact,0,0,INT-LIVE-001479,SET-LIVE-001479
LBL-LIVE-001480,live,settlement_drift,processing_fee,1,processor_fee,amount_tolerance,2,0,INT-LIVE-001480,SET-LIVE-001480
LBL-LIVE-001481,live,settlement_drift,exact_match,1,none,exact,0,0,INT-LIVE-001481,SET-LIVE-001481
LBL-LIVE-001482,live,settlement_drift,exact_match,1,none,exact,0,0,INT-LIVE-001482,SET-LIVE-001482
LBL-LIVE-001483,live,settlement_drift,exact_match,1,none,exact,0,0,INT-LIVE-001483,SET-LIVE-001483
LBL-LIVE-001484,live,settlement_drift,reference_format,1,reference_normalization,reference_normalization,0,0,INT-LIVE-001484,SET-LIVE-001484
LBL-LIVE-001485,live,settlement_drift,reference_format,1,reference_normalization,reference_normalization,0,0,INT-LIVE-001485,SET-LIVE-001485
LBL-LIVE-001486,live,settlement_drift,processing_fee,1,processor_fee,amount_tolerance,5,0,INT-LIVE-001486,SET-LIVE-001486
LBL-LIVE-001487,live,settlement_drift,processing_fee,1,processor_fee,amount_tolerance,3,0,INT-LIVE-001487,SET-LIVE-001487
LBL-LIVE-001488,live,settlement_drift,exact_match,1,none,exact,0,0,INT-LIVE-001488,SET-LIVE-001488
LBL-LIVE-001489,live,settlement_drift,settlement_delay,1,t_plus_delay,date_tolerance,0,1,INT-LIVE-001489,SET-LIVE-001489
LBL-LIVE-001490,live,settlement_drift,exact_match,1,none,exact,0,0,INT-LIVE-001490,SET-LIVE-001490
LBL-LIVE-001491,live,settlement_drift,exact_match,1,none,exact,0,0,INT-LIVE-001491,SET-LIVE-001491
LBL-LIVE-001492,live,settlement_drift,exact_match,1,none,exact,0,0,INT-LIVE-001492,SET-LIVE-001492
LBL-LIVE-001493,live,settlement_drift,true_amount_mismatch,0,true_amount_mismatch,do_not_match,0,0,INT-LIVE-001493,SET-LIVE-001493
LBL-LIVE-001494,live,settlement_drift,settlement_delay,1,t_plus_delay,date_tolerance,0,1,INT-LIVE-001494,SET-LIVE-001494
LBL-LIVE-001495,live,settlement_drift,true_amount_mismatch,0,true_amount_mismatch,do_not_match,0,0,INT-LIVE-001495,SET-LIVE-001495
LBL-LIVE-001496,live,settlement_drift,exact_match,1,none,exact,0,0,INT-LIVE-001496,SET-LIVE-001496
LBL-LIVE-001497,live,settlement_drift,exact_match,1,none,exact,0,0,INT-LIVE-001497,SET-LIVE-001497
LBL-LIVE-001498,live,settlement_drift,exact_match,1,none,exact,0,0,INT-LIVE-001498,SET-LIVE-001498
LBL-LIVE-001499,live,settlement_drift,true_amount_mismatch,0,true_amount_mismatch,do_not_match,0,0,INT-LIVE-001499,SET-LIVE-001499
